TimeQuest Timing Analyzer report for UART_SRAM
Fri May 22 09:07:44 2026
Quartus II 64-Bit Version 13.0.1 Build 232 06/12/2013 Service Pack 1 SJ Web Edition


---------------------
; Table of Contents ;
---------------------
  1. Legal Notice
  2. TimeQuest Timing Analyzer Summary
  3. Parallel Compilation
  4. Clocks
  5. Slow Model Fmax Summary
  6. Slow Model Setup Summary
  7. Slow Model Hold Summary
  8. Slow Model Recovery Summary
  9. Slow Model Removal Summary
 10. Slow Model Minimum Pulse Width Summary
 11. Slow Model Setup: 'CLOCK_50'
 12. Slow Model Setup: 'uart_controller:uart_ctrl_inst|baud_rate_gen:brg_inst|ov_tick'
 13. Slow Model Setup: 'uart_controller:uart_ctrl_inst|baud_rate_gen:brg_inst|uart_tick'
 14. Slow Model Hold: 'CLOCK_50'
 15. Slow Model Hold: 'uart_controller:uart_ctrl_inst|baud_rate_gen:brg_inst|ov_tick'
 16. Slow Model Hold: 'uart_controller:uart_ctrl_inst|baud_rate_gen:brg_inst|uart_tick'
 17. Slow Model Recovery: 'uart_controller:uart_ctrl_inst|baud_rate_gen:brg_inst|ov_tick'
 18. Slow Model Removal: 'uart_controller:uart_ctrl_inst|baud_rate_gen:brg_inst|ov_tick'
 19. Slow Model Minimum Pulse Width: 'CLOCK_50'
 20. Slow Model Minimum Pulse Width: 'uart_controller:uart_ctrl_inst|baud_rate_gen:brg_inst|ov_tick'
 21. Slow Model Minimum Pulse Width: 'uart_controller:uart_ctrl_inst|baud_rate_gen:brg_inst|uart_tick'
 22. Setup Times
 23. Hold Times
 24. Clock to Output Times
 25. Minimum Clock to Output Times
 26. Output Enable Times
 27. Minimum Output Enable Times
 28. Output Disable Times
 29. Minimum Output Disable Times
 30. Fast Model Setup Summary
 31. Fast Model Hold Summary
 32. Fast Model Recovery Summary
 33. Fast Model Removal Summary
 34. Fast Model Minimum Pulse Width Summary
 35. Fast Model Setup: 'CLOCK_50'
 36. Fast Model Setup: 'uart_controller:uart_ctrl_inst|baud_rate_gen:brg_inst|ov_tick'
 37. Fast Model Setup: 'uart_controller:uart_ctrl_inst|baud_rate_gen:brg_inst|uart_tick'
 38. Fast Model Hold: 'CLOCK_50'
 39. Fast Model Hold: 'uart_controller:uart_ctrl_inst|baud_rate_gen:brg_inst|ov_tick'
 40. Fast Model Hold: 'uart_controller:uart_ctrl_inst|baud_rate_gen:brg_inst|uart_tick'
 41. Fast Model Recovery: 'uart_controller:uart_ctrl_inst|baud_rate_gen:brg_inst|ov_tick'
 42. Fast Model Removal: 'uart_controller:uart_ctrl_inst|baud_rate_gen:brg_inst|ov_tick'
 43. Fast Model Minimum Pulse Width: 'CLOCK_50'
 44. Fast Model Minimum Pulse Width: 'uart_controller:uart_ctrl_inst|baud_rate_gen:brg_inst|ov_tick'
 45. Fast Model Minimum Pulse Width: 'uart_controller:uart_ctrl_inst|baud_rate_gen:brg_inst|uart_tick'
 46. Setup Times
 47. Hold Times
 48. Clock to Output Times
 49. Minimum Clock to Output Times
 50. Output Enable Times
 51. Minimum Output Enable Times
 52. Output Disable Times
 53. Minimum Output Disable Times
 54. Multicorner Timing Analysis Summary
 55. Setup Times
 56. Hold Times
 57. Clock to Output Times
 58. Minimum Clock to Output Times
 59. Setup Transfers
 60. Hold Transfers
 61. Recovery Transfers
 62. Removal Transfers
 63. Report TCCS
 64. Report RSKM
 65. Unconstrained Paths
 66. TimeQuest Timing Analyzer Messages



----------------
; Legal Notice ;
----------------
Copyright (C) 1991-2013 Altera Corporation
Your use of Altera Corporation's design tools, logic functions 
and other software and tools, and its AMPP partner logic 
functions, and any output files from any of the foregoing 
(including device programming or simulation files), and any 
associated documentation or information are expressly subject 
to the terms and conditions of the Altera Program License 
Subscription Agreement, Altera MegaCore Function License 
Agreement, or other applicable license agreement, including, 
without limitation, that your use is for the sole purpose of 
programming logic devices manufactured by Altera and sold by 
Altera or its authorized distributors.  Please refer to the 
applicable agreement for further details.



+----------------------------------------------------------------------------------------+
; TimeQuest Timing Analyzer Summary                                                      ;
+--------------------+-------------------------------------------------------------------+
; Quartus II Version ; Version 13.0.1 Build 232 06/12/2013 Service Pack 1 SJ Web Edition ;
; Revision Name      ; UART_SRAM                                                         ;
; Device Family      ; Cyclone II                                                        ;
; Device Name        ; EP2C35F672C6                                                      ;
; Timing Models      ; Final                                                             ;
; Delay Model        ; Combined                                                          ;
; Rise/Fall Delays   ; Unavailable                                                       ;
+--------------------+-------------------------------------------------------------------+


Parallel compilation was disabled, but you have multiple processors available. Enable parallel compilation to reduce compilation time.
+-------------------------------------+
; Parallel Compilation                ;
+----------------------------+--------+
; Processors                 ; Number ;
+----------------------------+--------+
; Number detected on machine ; 8      ;
; Maximum allowed            ; 1      ;
+----------------------------+--------+


+--------------------------------------------------------------------------------------------------------------------------------------------------------------------------------------------------------------------------------------------------------------------------------------------------+
; Clocks                                                                                                                                                                                                                                                                                           ;
+-----------------------------------------------------------------+------+--------+------------+-------+-------+------------+-----------+-------------+-------+--------+-----------+------------+----------+--------+--------+---------------------------------------------------------------------+
; Clock Name                                                      ; Type ; Period ; Frequency  ; Rise  ; Fall  ; Duty Cycle ; Divide by ; Multiply by ; Phase ; Offset ; Edge List ; Edge Shift ; Inverted ; Master ; Source ; Targets                                                             ;
+-----------------------------------------------------------------+------+--------+------------+-------+-------+------------+-----------+-------------+-------+--------+-----------+------------+----------+--------+--------+---------------------------------------------------------------------+
; CLOCK_50                                                        ; Base ; 1.000  ; 1000.0 MHz ; 0.000 ; 0.500 ;            ;           ;             ;       ;        ;           ;            ;          ;        ;        ; { CLOCK_50 }                                                        ;
; uart_controller:uart_ctrl_inst|baud_rate_gen:brg_inst|ov_tick   ; Base ; 1.000  ; 1000.0 MHz ; 0.000 ; 0.500 ;            ;           ;             ;       ;        ;           ;            ;          ;        ;        ; { uart_controller:uart_ctrl_inst|baud_rate_gen:brg_inst|ov_tick }   ;
; uart_controller:uart_ctrl_inst|baud_rate_gen:brg_inst|uart_tick ; Base ; 1.000  ; 1000.0 MHz ; 0.000 ; 0.500 ;            ;           ;             ;       ;        ;           ;            ;          ;        ;        ; { uart_controller:uart_ctrl_inst|baud_rate_gen:brg_inst|uart_tick } ;
+-----------------------------------------------------------------+------+--------+------------+-------+-------+------------+-----------+-------------+-------+--------+-----------+------------+----------+--------+--------+---------------------------------------------------------------------+


+-------------------------------------------------------------------------------------------------------+
; Slow Model Fmax Summary                                                                               ;
+------------+-----------------+-----------------------------------------------------------------+------+
; Fmax       ; Restricted Fmax ; Clock Name                                                      ; Note ;
+------------+-----------------+-----------------------------------------------------------------+------+
; 192.57 MHz ; 192.57 MHz      ; CLOCK_50                                                        ;      ;
; 317.76 MHz ; 317.76 MHz      ; uart_controller:uart_ctrl_inst|baud_rate_gen:brg_inst|ov_tick   ;      ;
; 385.51 MHz ; 385.51 MHz      ; uart_controller:uart_ctrl_inst|baud_rate_gen:brg_inst|uart_tick ;      ;
+------------+-----------------+-----------------------------------------------------------------+------+
This panel reports FMAX for every clock in the design, regardless of the user-specified clock periods.  FMAX is only computed for paths where the source and destination registers or ports are driven by the same clock.  Paths of different clocks, including generated clocks, are ignored.  For paths between a clock and its inversion, FMAX is computed as if the rising and falling edges are scaled along with FMAX, such that the duty cycle (in terms of a percentage) is maintained. Altera recommends that you always use clock constraints and other slack reports for sign-off analysis.


+------------------------------------------------------------------------------------------+
; Slow Model Setup Summary                                                                 ;
+-----------------------------------------------------------------+--------+---------------+
; Clock                                                           ; Slack  ; End Point TNS ;
+-----------------------------------------------------------------+--------+---------------+
; CLOCK_50                                                        ; -4.193 ; -443.118      ;
; uart_controller:uart_ctrl_inst|baud_rate_gen:brg_inst|ov_tick   ; -2.147 ; -61.616       ;
; uart_controller:uart_ctrl_inst|baud_rate_gen:brg_inst|uart_tick ; -1.594 ; -17.941       ;
+-----------------------------------------------------------------+--------+---------------+


+-----------------------------------------------------------------------------------------+
; Slow Model Hold Summary                                                                 ;
+-----------------------------------------------------------------+-------+---------------+
; Clock                                                           ; Slack ; End Point TNS ;
+-----------------------------------------------------------------+-------+---------------+
; CLOCK_50                                                        ; 0.320 ; 0.000         ;
; uart_controller:uart_ctrl_inst|baud_rate_gen:brg_inst|ov_tick   ; 0.391 ; 0.000         ;
; uart_controller:uart_ctrl_inst|baud_rate_gen:brg_inst|uart_tick ; 0.391 ; 0.000         ;
+-----------------------------------------------------------------+-------+---------------+


+----------------------------------------------------------------------------------------+
; Slow Model Recovery Summary                                                            ;
+---------------------------------------------------------------+--------+---------------+
; Clock                                                         ; Slack  ; End Point TNS ;
+---------------------------------------------------------------+--------+---------------+
; uart_controller:uart_ctrl_inst|baud_rate_gen:brg_inst|ov_tick ; -1.218 ; -10.962       ;
+---------------------------------------------------------------+--------+---------------+


+---------------------------------------------------------------------------------------+
; Slow Model Removal Summary                                                            ;
+---------------------------------------------------------------+-------+---------------+
; Clock                                                         ; Slack ; End Point TNS ;
+---------------------------------------------------------------+-------+---------------+
; uart_controller:uart_ctrl_inst|baud_rate_gen:brg_inst|ov_tick ; 1.988 ; 0.000         ;
+---------------------------------------------------------------+-------+---------------+


+------------------------------------------------------------------------------------------+
; Slow Model Minimum Pulse Width Summary                                                   ;
+-----------------------------------------------------------------+--------+---------------+
; Clock                                                           ; Slack  ; End Point TNS ;
+-----------------------------------------------------------------+--------+---------------+
; CLOCK_50                                                        ; -1.627 ; -304.762      ;
; uart_controller:uart_ctrl_inst|baud_rate_gen:brg_inst|ov_tick   ; -0.500 ; -38.000       ;
; uart_controller:uart_ctrl_inst|baud_rate_gen:brg_inst|uart_tick ; -0.500 ; -21.000       ;
+-----------------------------------------------------------------+--------+---------------+


+--------------------------------------------------------------------------------------------------------------------------------------------------------------------------------------------------------------------------------------------------------+
; Slow Model Setup: 'CLOCK_50'                                                                                                                                                                                                                           ;
+--------+-----------------------------------------------------------------------------------------------------------------------+-------------------------------------------------+--------------+-------------+--------------+------------+------------+
; Slack  ; From Node                                                                                                             ; To Node                                         ; Launch Clock ; Latch Clock ; Relationship ; Clock Skew ; Data Delay ;
+--------+-----------------------------------------------------------------------------------------------------------------------+-------------------------------------------------+--------------+-------------+--------------+------------+------------+
; -4.193 ; uart_rx_packet_new:packet_inst|altsyncram:buffer_rtl_0|altsyncram_09c1:auto_generated|ram_block1a0~portb_address_reg0 ; sram_packet_writer:sram_writer_inst|data_low[4] ; CLOCK_50     ; CLOCK_50    ; 1.000        ; -0.085     ; 5.144      ;
; -4.193 ; uart_rx_packet_new:packet_inst|altsyncram:buffer_rtl_0|altsyncram_09c1:auto_generated|ram_block1a0~portb_address_reg1 ; sram_packet_writer:sram_writer_inst|data_low[4] ; CLOCK_50     ; CLOCK_50    ; 1.000        ; -0.085     ; 5.144      ;
; -4.193 ; uart_rx_packet_new:packet_inst|altsyncram:buffer_rtl_0|altsyncram_09c1:auto_generated|ram_block1a0~portb_address_reg2 ; sram_packet_writer:sram_writer_inst|data_low[4] ; CLOCK_50     ; CLOCK_50    ; 1.000        ; -0.085     ; 5.144      ;
; -4.193 ; uart_rx_packet_new:packet_inst|altsyncram:buffer_rtl_0|altsyncram_09c1:auto_generated|ram_block1a0~portb_address_reg3 ; sram_packet_writer:sram_writer_inst|data_low[4] ; CLOCK_50     ; CLOCK_50    ; 1.000        ; -0.085     ; 5.144      ;
; -4.193 ; uart_rx_packet_new:packet_inst|altsyncram:buffer_rtl_0|altsyncram_09c1:auto_generated|ram_block1a0~portb_address_reg4 ; sram_packet_writer:sram_writer_inst|data_low[4] ; CLOCK_50     ; CLOCK_50    ; 1.000        ; -0.085     ; 5.144      ;
; -4.193 ; uart_rx_packet_new:packet_inst|altsyncram:buffer_rtl_0|altsyncram_09c1:auto_generated|ram_block1a0~portb_address_reg5 ; sram_packet_writer:sram_writer_inst|data_low[4] ; CLOCK_50     ; CLOCK_50    ; 1.000        ; -0.085     ; 5.144      ;
; -4.193 ; uart_rx_packet_new:packet_inst|altsyncram:buffer_rtl_0|altsyncram_09c1:auto_generated|ram_block1a0~portb_address_reg6 ; sram_packet_writer:sram_writer_inst|data_low[4] ; CLOCK_50     ; CLOCK_50    ; 1.000        ; -0.085     ; 5.144      ;
; -4.193 ; uart_rx_packet_new:packet_inst|altsyncram:buffer_rtl_0|altsyncram_09c1:auto_generated|ram_block1a0~portb_address_reg7 ; sram_packet_writer:sram_writer_inst|data_low[4] ; CLOCK_50     ; CLOCK_50    ; 1.000        ; -0.085     ; 5.144      ;
; -4.097 ; uart_rx_packet_new:packet_inst|altsyncram:buffer_rtl_0|altsyncram_09c1:auto_generated|ram_block1a0~portb_address_reg0 ; sram_packet_writer:sram_writer_inst|data_low[0] ; CLOCK_50     ; CLOCK_50    ; 1.000        ; -0.085     ; 5.048      ;
; -4.097 ; uart_rx_packet_new:packet_inst|altsyncram:buffer_rtl_0|altsyncram_09c1:auto_generated|ram_block1a0~portb_address_reg1 ; sram_packet_writer:sram_writer_inst|data_low[0] ; CLOCK_50     ; CLOCK_50    ; 1.000        ; -0.085     ; 5.048      ;
; -4.097 ; uart_rx_packet_new:packet_inst|altsyncram:buffer_rtl_0|altsyncram_09c1:auto_generated|ram_block1a0~portb_address_reg2 ; sram_packet_writer:sram_writer_inst|data_low[0] ; CLOCK_50     ; CLOCK_50    ; 1.000        ; -0.085     ; 5.048      ;
; -4.097 ; uart_rx_packet_new:packet_inst|altsyncram:buffer_rtl_0|altsyncram_09c1:auto_generated|ram_block1a0~portb_address_reg3 ; sram_packet_writer:sram_writer_inst|data_low[0] ; CLOCK_50     ; CLOCK_50    ; 1.000        ; -0.085     ; 5.048      ;
; -4.097 ; uart_rx_packet_new:packet_inst|altsyncram:buffer_rtl_0|altsyncram_09c1:auto_generated|ram_block1a0~portb_address_reg4 ; sram_packet_writer:sram_writer_inst|data_low[0] ; CLOCK_50     ; CLOCK_50    ; 1.000        ; -0.085     ; 5.048      ;
; -4.097 ; uart_rx_packet_new:packet_inst|altsyncram:buffer_rtl_0|altsyncram_09c1:auto_generated|ram_block1a0~portb_address_reg5 ; sram_packet_writer:sram_writer_inst|data_low[0] ; CLOCK_50     ; CLOCK_50    ; 1.000        ; -0.085     ; 5.048      ;
; -4.097 ; uart_rx_packet_new:packet_inst|altsyncram:buffer_rtl_0|altsyncram_09c1:auto_generated|ram_block1a0~portb_address_reg6 ; sram_packet_writer:sram_writer_inst|data_low[0] ; CLOCK_50     ; CLOCK_50    ; 1.000        ; -0.085     ; 5.048      ;
; -4.097 ; uart_rx_packet_new:packet_inst|altsyncram:buffer_rtl_0|altsyncram_09c1:auto_generated|ram_block1a0~portb_address_reg7 ; sram_packet_writer:sram_writer_inst|data_low[0] ; CLOCK_50     ; CLOCK_50    ; 1.000        ; -0.085     ; 5.048      ;
; -4.086 ; uart_rx_packet_new:packet_inst|altsyncram:buffer_rtl_0|altsyncram_09c1:auto_generated|ram_block1a0~portb_address_reg0 ; sram_packet_writer:sram_writer_inst|data_low[2] ; CLOCK_50     ; CLOCK_50    ; 1.000        ; -0.085     ; 5.037      ;
; -4.086 ; uart_rx_packet_new:packet_inst|altsyncram:buffer_rtl_0|altsyncram_09c1:auto_generated|ram_block1a0~portb_address_reg1 ; sram_packet_writer:sram_writer_inst|data_low[2] ; CLOCK_50     ; CLOCK_50    ; 1.000        ; -0.085     ; 5.037      ;
; -4.086 ; uart_rx_packet_new:packet_inst|altsyncram:buffer_rtl_0|altsyncram_09c1:auto_generated|ram_block1a0~portb_address_reg2 ; sram_packet_writer:sram_writer_inst|data_low[2] ; CLOCK_50     ; CLOCK_50    ; 1.000        ; -0.085     ; 5.037      ;
; -4.086 ; uart_rx_packet_new:packet_inst|altsyncram:buffer_rtl_0|altsyncram_09c1:auto_generated|ram_block1a0~portb_address_reg3 ; sram_packet_writer:sram_writer_inst|data_low[2] ; CLOCK_50     ; CLOCK_50    ; 1.000        ; -0.085     ; 5.037      ;
; -4.086 ; uart_rx_packet_new:packet_inst|altsyncram:buffer_rtl_0|altsyncram_09c1:auto_generated|ram_block1a0~portb_address_reg4 ; sram_packet_writer:sram_writer_inst|data_low[2] ; CLOCK_50     ; CLOCK_50    ; 1.000        ; -0.085     ; 5.037      ;
; -4.086 ; uart_rx_packet_new:packet_inst|altsyncram:buffer_rtl_0|altsyncram_09c1:auto_generated|ram_block1a0~portb_address_reg5 ; sram_packet_writer:sram_writer_inst|data_low[2] ; CLOCK_50     ; CLOCK_50    ; 1.000        ; -0.085     ; 5.037      ;
; -4.086 ; uart_rx_packet_new:packet_inst|altsyncram:buffer_rtl_0|altsyncram_09c1:auto_generated|ram_block1a0~portb_address_reg6 ; sram_packet_writer:sram_writer_inst|data_low[2] ; CLOCK_50     ; CLOCK_50    ; 1.000        ; -0.085     ; 5.037      ;
; -4.086 ; uart_rx_packet_new:packet_inst|altsyncram:buffer_rtl_0|altsyncram_09c1:auto_generated|ram_block1a0~portb_address_reg7 ; sram_packet_writer:sram_writer_inst|data_low[2] ; CLOCK_50     ; CLOCK_50    ; 1.000        ; -0.085     ; 5.037      ;
; -4.054 ; uart_rx_packet_new:packet_inst|altsyncram:buffer_rtl_0|altsyncram_09c1:auto_generated|ram_block1a0~portb_address_reg0 ; sram_packet_writer:sram_writer_inst|data_low[7] ; CLOCK_50     ; CLOCK_50    ; 1.000        ; -0.085     ; 5.005      ;
; -4.054 ; uart_rx_packet_new:packet_inst|altsyncram:buffer_rtl_0|altsyncram_09c1:auto_generated|ram_block1a0~portb_address_reg1 ; sram_packet_writer:sram_writer_inst|data_low[7] ; CLOCK_50     ; CLOCK_50    ; 1.000        ; -0.085     ; 5.005      ;
; -4.054 ; uart_rx_packet_new:packet_inst|altsyncram:buffer_rtl_0|altsyncram_09c1:auto_generated|ram_block1a0~portb_address_reg2 ; sram_packet_writer:sram_writer_inst|data_low[7] ; CLOCK_50     ; CLOCK_50    ; 1.000        ; -0.085     ; 5.005      ;
; -4.054 ; uart_rx_packet_new:packet_inst|altsyncram:buffer_rtl_0|altsyncram_09c1:auto_generated|ram_block1a0~portb_address_reg3 ; sram_packet_writer:sram_writer_inst|data_low[7] ; CLOCK_50     ; CLOCK_50    ; 1.000        ; -0.085     ; 5.005      ;
; -4.054 ; uart_rx_packet_new:packet_inst|altsyncram:buffer_rtl_0|altsyncram_09c1:auto_generated|ram_block1a0~portb_address_reg4 ; sram_packet_writer:sram_writer_inst|data_low[7] ; CLOCK_50     ; CLOCK_50    ; 1.000        ; -0.085     ; 5.005      ;
; -4.054 ; uart_rx_packet_new:packet_inst|altsyncram:buffer_rtl_0|altsyncram_09c1:auto_generated|ram_block1a0~portb_address_reg5 ; sram_packet_writer:sram_writer_inst|data_low[7] ; CLOCK_50     ; CLOCK_50    ; 1.000        ; -0.085     ; 5.005      ;
; -4.054 ; uart_rx_packet_new:packet_inst|altsyncram:buffer_rtl_0|altsyncram_09c1:auto_generated|ram_block1a0~portb_address_reg6 ; sram_packet_writer:sram_writer_inst|data_low[7] ; CLOCK_50     ; CLOCK_50    ; 1.000        ; -0.085     ; 5.005      ;
; -4.054 ; uart_rx_packet_new:packet_inst|altsyncram:buffer_rtl_0|altsyncram_09c1:auto_generated|ram_block1a0~portb_address_reg7 ; sram_packet_writer:sram_writer_inst|data_low[7] ; CLOCK_50     ; CLOCK_50    ; 1.000        ; -0.085     ; 5.005      ;
; -4.023 ; uart_rx_packet_new:packet_inst|altsyncram:buffer_rtl_0|altsyncram_09c1:auto_generated|ram_block1a0~portb_address_reg0 ; sram_packet_writer:sram_writer_inst|data_low[1] ; CLOCK_50     ; CLOCK_50    ; 1.000        ; -0.085     ; 4.974      ;
; -4.023 ; uart_rx_packet_new:packet_inst|altsyncram:buffer_rtl_0|altsyncram_09c1:auto_generated|ram_block1a0~portb_address_reg1 ; sram_packet_writer:sram_writer_inst|data_low[1] ; CLOCK_50     ; CLOCK_50    ; 1.000        ; -0.085     ; 4.974      ;
; -4.023 ; uart_rx_packet_new:packet_inst|altsyncram:buffer_rtl_0|altsyncram_09c1:auto_generated|ram_block1a0~portb_address_reg2 ; sram_packet_writer:sram_writer_inst|data_low[1] ; CLOCK_50     ; CLOCK_50    ; 1.000        ; -0.085     ; 4.974      ;
; -4.023 ; uart_rx_packet_new:packet_inst|altsyncram:buffer_rtl_0|altsyncram_09c1:auto_generated|ram_block1a0~portb_address_reg3 ; sram_packet_writer:sram_writer_inst|data_low[1] ; CLOCK_50     ; CLOCK_50    ; 1.000        ; -0.085     ; 4.974      ;
; -4.023 ; uart_rx_packet_new:packet_inst|altsyncram:buffer_rtl_0|altsyncram_09c1:auto_generated|ram_block1a0~portb_address_reg4 ; sram_packet_writer:sram_writer_inst|data_low[1] ; CLOCK_50     ; CLOCK_50    ; 1.000        ; -0.085     ; 4.974      ;
; -4.023 ; uart_rx_packet_new:packet_inst|altsyncram:buffer_rtl_0|altsyncram_09c1:auto_generated|ram_block1a0~portb_address_reg5 ; sram_packet_writer:sram_writer_inst|data_low[1] ; CLOCK_50     ; CLOCK_50    ; 1.000        ; -0.085     ; 4.974      ;
; -4.023 ; uart_rx_packet_new:packet_inst|altsyncram:buffer_rtl_0|altsyncram_09c1:auto_generated|ram_block1a0~portb_address_reg6 ; sram_packet_writer:sram_writer_inst|data_low[1] ; CLOCK_50     ; CLOCK_50    ; 1.000        ; -0.085     ; 4.974      ;
; -4.023 ; uart_rx_packet_new:packet_inst|altsyncram:buffer_rtl_0|altsyncram_09c1:auto_generated|ram_block1a0~portb_address_reg7 ; sram_packet_writer:sram_writer_inst|data_low[1] ; CLOCK_50     ; CLOCK_50    ; 1.000        ; -0.085     ; 4.974      ;
; -4.011 ; uart_rx_packet_new:packet_inst|altsyncram:buffer_rtl_0|altsyncram_09c1:auto_generated|ram_block1a0~portb_address_reg0 ; sram_packet_writer:sram_writer_inst|w_data[13]  ; CLOCK_50     ; CLOCK_50    ; 1.000        ; -0.085     ; 4.962      ;
; -4.011 ; uart_rx_packet_new:packet_inst|altsyncram:buffer_rtl_0|altsyncram_09c1:auto_generated|ram_block1a0~portb_address_reg1 ; sram_packet_writer:sram_writer_inst|w_data[13]  ; CLOCK_50     ; CLOCK_50    ; 1.000        ; -0.085     ; 4.962      ;
; -4.011 ; uart_rx_packet_new:packet_inst|altsyncram:buffer_rtl_0|altsyncram_09c1:auto_generated|ram_block1a0~portb_address_reg2 ; sram_packet_writer:sram_writer_inst|w_data[13]  ; CLOCK_50     ; CLOCK_50    ; 1.000        ; -0.085     ; 4.962      ;
; -4.011 ; uart_rx_packet_new:packet_inst|altsyncram:buffer_rtl_0|altsyncram_09c1:auto_generated|ram_block1a0~portb_address_reg3 ; sram_packet_writer:sram_writer_inst|w_data[13]  ; CLOCK_50     ; CLOCK_50    ; 1.000        ; -0.085     ; 4.962      ;
; -4.011 ; uart_rx_packet_new:packet_inst|altsyncram:buffer_rtl_0|altsyncram_09c1:auto_generated|ram_block1a0~portb_address_reg4 ; sram_packet_writer:sram_writer_inst|w_data[13]  ; CLOCK_50     ; CLOCK_50    ; 1.000        ; -0.085     ; 4.962      ;
; -4.011 ; uart_rx_packet_new:packet_inst|altsyncram:buffer_rtl_0|altsyncram_09c1:auto_generated|ram_block1a0~portb_address_reg5 ; sram_packet_writer:sram_writer_inst|w_data[13]  ; CLOCK_50     ; CLOCK_50    ; 1.000        ; -0.085     ; 4.962      ;
; -4.011 ; uart_rx_packet_new:packet_inst|altsyncram:buffer_rtl_0|altsyncram_09c1:auto_generated|ram_block1a0~portb_address_reg6 ; sram_packet_writer:sram_writer_inst|w_data[13]  ; CLOCK_50     ; CLOCK_50    ; 1.000        ; -0.085     ; 4.962      ;
; -4.011 ; uart_rx_packet_new:packet_inst|altsyncram:buffer_rtl_0|altsyncram_09c1:auto_generated|ram_block1a0~portb_address_reg7 ; sram_packet_writer:sram_writer_inst|w_data[13]  ; CLOCK_50     ; CLOCK_50    ; 1.000        ; -0.085     ; 4.962      ;
; -3.988 ; uart_rx_packet_new:packet_inst|altsyncram:buffer_rtl_0|altsyncram_09c1:auto_generated|ram_block1a0~portb_address_reg0 ; sram_packet_writer:sram_writer_inst|w_data[11]  ; CLOCK_50     ; CLOCK_50    ; 1.000        ; -0.085     ; 4.939      ;
; -3.988 ; uart_rx_packet_new:packet_inst|altsyncram:buffer_rtl_0|altsyncram_09c1:auto_generated|ram_block1a0~portb_address_reg1 ; sram_packet_writer:sram_writer_inst|w_data[11]  ; CLOCK_50     ; CLOCK_50    ; 1.000        ; -0.085     ; 4.939      ;
; -3.988 ; uart_rx_packet_new:packet_inst|altsyncram:buffer_rtl_0|altsyncram_09c1:auto_generated|ram_block1a0~portb_address_reg2 ; sram_packet_writer:sram_writer_inst|w_data[11]  ; CLOCK_50     ; CLOCK_50    ; 1.000        ; -0.085     ; 4.939      ;
; -3.988 ; uart_rx_packet_new:packet_inst|altsyncram:buffer_rtl_0|altsyncram_09c1:auto_generated|ram_block1a0~portb_address_reg3 ; sram_packet_writer:sram_writer_inst|w_data[11]  ; CLOCK_50     ; CLOCK_50    ; 1.000        ; -0.085     ; 4.939      ;
; -3.988 ; uart_rx_packet_new:packet_inst|altsyncram:buffer_rtl_0|altsyncram_09c1:auto_generated|ram_block1a0~portb_address_reg4 ; sram_packet_writer:sram_writer_inst|w_data[11]  ; CLOCK_50     ; CLOCK_50    ; 1.000        ; -0.085     ; 4.939      ;
; -3.988 ; uart_rx_packet_new:packet_inst|altsyncram:buffer_rtl_0|altsyncram_09c1:auto_generated|ram_block1a0~portb_address_reg5 ; sram_packet_writer:sram_writer_inst|w_data[11]  ; CLOCK_50     ; CLOCK_50    ; 1.000        ; -0.085     ; 4.939      ;
; -3.988 ; uart_rx_packet_new:packet_inst|altsyncram:buffer_rtl_0|altsyncram_09c1:auto_generated|ram_block1a0~portb_address_reg6 ; sram_packet_writer:sram_writer_inst|w_data[11]  ; CLOCK_50     ; CLOCK_50    ; 1.000        ; -0.085     ; 4.939      ;
; -3.988 ; uart_rx_packet_new:packet_inst|altsyncram:buffer_rtl_0|altsyncram_09c1:auto_generated|ram_block1a0~portb_address_reg7 ; sram_packet_writer:sram_writer_inst|w_data[11]  ; CLOCK_50     ; CLOCK_50    ; 1.000        ; -0.085     ; 4.939      ;
; -3.954 ; uart_rx_packet_new:packet_inst|timeout_cnt[19]                                                                        ; uart_rx_packet_new:packet_inst|state.ACK        ; CLOCK_50     ; CLOCK_50    ; 1.000        ; 0.004      ; 4.994      ;
; -3.925 ; uart_rx_packet_new:packet_inst|timeout_cnt[19]                                                                        ; uart_rx_packet_new:packet_inst|state.WAIT_SEND  ; CLOCK_50     ; CLOCK_50    ; 1.000        ; 0.005      ; 4.966      ;
; -3.913 ; uart_rx_packet_new:packet_inst|timeout_cnt[16]                                                                        ; uart_rx_packet_new:packet_inst|state.ACK        ; CLOCK_50     ; CLOCK_50    ; 1.000        ; 0.004      ; 4.953      ;
; -3.901 ; uart_rx_packet_new:packet_inst|timeout_cnt[14]                                                                        ; uart_rx_packet_new:packet_inst|state.ACK        ; CLOCK_50     ; CLOCK_50    ; 1.000        ; 0.010      ; 4.947      ;
; -3.884 ; uart_rx_packet_new:packet_inst|timeout_cnt[16]                                                                        ; uart_rx_packet_new:packet_inst|state.WAIT_SEND  ; CLOCK_50     ; CLOCK_50    ; 1.000        ; 0.005      ; 4.925      ;
; -3.872 ; uart_rx_packet_new:packet_inst|timeout_cnt[17]                                                                        ; uart_rx_packet_new:packet_inst|state.ACK        ; CLOCK_50     ; CLOCK_50    ; 1.000        ; 0.004      ; 4.912      ;
; -3.872 ; uart_rx_packet_new:packet_inst|timeout_cnt[14]                                                                        ; uart_rx_packet_new:packet_inst|state.WAIT_SEND  ; CLOCK_50     ; CLOCK_50    ; 1.000        ; 0.011      ; 4.919      ;
; -3.851 ; uart_rx_packet_new:packet_inst|timeout_cnt[0]                                                                         ; uart_rx_packet_new:packet_inst|state.ACK        ; CLOCK_50     ; CLOCK_50    ; 1.000        ; 0.010      ; 4.897      ;
; -3.843 ; uart_rx_packet_new:packet_inst|timeout_cnt[17]                                                                        ; uart_rx_packet_new:packet_inst|state.WAIT_SEND  ; CLOCK_50     ; CLOCK_50    ; 1.000        ; 0.005      ; 4.884      ;
; -3.838 ; uart_rx_packet_new:packet_inst|altsyncram:buffer_rtl_0|altsyncram_09c1:auto_generated|ram_block1a0~portb_address_reg0 ; sram_packet_writer:sram_writer_inst|w_data[14]  ; CLOCK_50     ; CLOCK_50    ; 1.000        ; -0.085     ; 4.789      ;
; -3.838 ; uart_rx_packet_new:packet_inst|altsyncram:buffer_rtl_0|altsyncram_09c1:auto_generated|ram_block1a0~portb_address_reg1 ; sram_packet_writer:sram_writer_inst|w_data[14]  ; CLOCK_50     ; CLOCK_50    ; 1.000        ; -0.085     ; 4.789      ;
; -3.838 ; uart_rx_packet_new:packet_inst|altsyncram:buffer_rtl_0|altsyncram_09c1:auto_generated|ram_block1a0~portb_address_reg2 ; sram_packet_writer:sram_writer_inst|w_data[14]  ; CLOCK_50     ; CLOCK_50    ; 1.000        ; -0.085     ; 4.789      ;
; -3.838 ; uart_rx_packet_new:packet_inst|altsyncram:buffer_rtl_0|altsyncram_09c1:auto_generated|ram_block1a0~portb_address_reg3 ; sram_packet_writer:sram_writer_inst|w_data[14]  ; CLOCK_50     ; CLOCK_50    ; 1.000        ; -0.085     ; 4.789      ;
; -3.838 ; uart_rx_packet_new:packet_inst|altsyncram:buffer_rtl_0|altsyncram_09c1:auto_generated|ram_block1a0~portb_address_reg4 ; sram_packet_writer:sram_writer_inst|w_data[14]  ; CLOCK_50     ; CLOCK_50    ; 1.000        ; -0.085     ; 4.789      ;
; -3.838 ; uart_rx_packet_new:packet_inst|altsyncram:buffer_rtl_0|altsyncram_09c1:auto_generated|ram_block1a0~portb_address_reg5 ; sram_packet_writer:sram_writer_inst|w_data[14]  ; CLOCK_50     ; CLOCK_50    ; 1.000        ; -0.085     ; 4.789      ;
; -3.838 ; uart_rx_packet_new:packet_inst|altsyncram:buffer_rtl_0|altsyncram_09c1:auto_generated|ram_block1a0~portb_address_reg6 ; sram_packet_writer:sram_writer_inst|w_data[14]  ; CLOCK_50     ; CLOCK_50    ; 1.000        ; -0.085     ; 4.789      ;
; -3.838 ; uart_rx_packet_new:packet_inst|altsyncram:buffer_rtl_0|altsyncram_09c1:auto_generated|ram_block1a0~portb_address_reg7 ; sram_packet_writer:sram_writer_inst|w_data[14]  ; CLOCK_50     ; CLOCK_50    ; 1.000        ; -0.085     ; 4.789      ;
; -3.828 ; uart_rx_packet_new:packet_inst|timeout_cnt[15]                                                                        ; uart_rx_packet_new:packet_inst|state.ACK        ; CLOCK_50     ; CLOCK_50    ; 1.000        ; 0.010      ; 4.874      ;
; -3.822 ; uart_rx_packet_new:packet_inst|timeout_cnt[0]                                                                         ; uart_rx_packet_new:packet_inst|state.WAIT_SEND  ; CLOCK_50     ; CLOCK_50    ; 1.000        ; 0.011      ; 4.869      ;
; -3.818 ; uart_rx_packet_new:packet_inst|timeout_cnt[3]                                                                         ; uart_rx_packet_new:packet_inst|state.ACK        ; CLOCK_50     ; CLOCK_50    ; 1.000        ; 0.010      ; 4.864      ;
; -3.799 ; uart_rx_packet_new:packet_inst|timeout_cnt[15]                                                                        ; uart_rx_packet_new:packet_inst|state.WAIT_SEND  ; CLOCK_50     ; CLOCK_50    ; 1.000        ; 0.011      ; 4.846      ;
; -3.789 ; uart_rx_packet_new:packet_inst|timeout_cnt[3]                                                                         ; uart_rx_packet_new:packet_inst|state.WAIT_SEND  ; CLOCK_50     ; CLOCK_50    ; 1.000        ; 0.011      ; 4.836      ;
; -3.765 ; uart_rx_packet_new:packet_inst|timeout_cnt[21]                                                                        ; uart_rx_packet_new:packet_inst|state.ACK        ; CLOCK_50     ; CLOCK_50    ; 1.000        ; 0.004      ; 4.805      ;
; -3.763 ; uart_rx_packet_new:packet_inst|crc[5]                                                                                 ; uart_rx_packet_new:packet_inst|state.ACK        ; CLOCK_50     ; CLOCK_50    ; 1.000        ; -0.005     ; 4.794      ;
; -3.736 ; uart_rx_packet_new:packet_inst|timeout_cnt[21]                                                                        ; uart_rx_packet_new:packet_inst|state.WAIT_SEND  ; CLOCK_50     ; CLOCK_50    ; 1.000        ; 0.005      ; 4.777      ;
; -3.731 ; uart_rx_packet_new:packet_inst|byte_cnt[7]                                                                            ; uart_rx_packet_new:packet_inst|state.ACK        ; CLOCK_50     ; CLOCK_50    ; 1.000        ; 0.011      ; 4.778      ;
; -3.708 ; uart_rx_packet_new:packet_inst|altsyncram:buffer_rtl_0|altsyncram_09c1:auto_generated|ram_block1a0~portb_address_reg0 ; sram_packet_writer:sram_writer_inst|w_data[8]   ; CLOCK_50     ; CLOCK_50    ; 1.000        ; -0.085     ; 4.659      ;
; -3.708 ; uart_rx_packet_new:packet_inst|altsyncram:buffer_rtl_0|altsyncram_09c1:auto_generated|ram_block1a0~portb_address_reg1 ; sram_packet_writer:sram_writer_inst|w_data[8]   ; CLOCK_50     ; CLOCK_50    ; 1.000        ; -0.085     ; 4.659      ;
; -3.708 ; uart_rx_packet_new:packet_inst|altsyncram:buffer_rtl_0|altsyncram_09c1:auto_generated|ram_block1a0~portb_address_reg2 ; sram_packet_writer:sram_writer_inst|w_data[8]   ; CLOCK_50     ; CLOCK_50    ; 1.000        ; -0.085     ; 4.659      ;
; -3.708 ; uart_rx_packet_new:packet_inst|altsyncram:buffer_rtl_0|altsyncram_09c1:auto_generated|ram_block1a0~portb_address_reg3 ; sram_packet_writer:sram_writer_inst|w_data[8]   ; CLOCK_50     ; CLOCK_50    ; 1.000        ; -0.085     ; 4.659      ;
; -3.708 ; uart_rx_packet_new:packet_inst|altsyncram:buffer_rtl_0|altsyncram_09c1:auto_generated|ram_block1a0~portb_address_reg4 ; sram_packet_writer:sram_writer_inst|w_data[8]   ; CLOCK_50     ; CLOCK_50    ; 1.000        ; -0.085     ; 4.659      ;
; -3.708 ; uart_rx_packet_new:packet_inst|altsyncram:buffer_rtl_0|altsyncram_09c1:auto_generated|ram_block1a0~portb_address_reg5 ; sram_packet_writer:sram_writer_inst|w_data[8]   ; CLOCK_50     ; CLOCK_50    ; 1.000        ; -0.085     ; 4.659      ;
; -3.708 ; uart_rx_packet_new:packet_inst|altsyncram:buffer_rtl_0|altsyncram_09c1:auto_generated|ram_block1a0~portb_address_reg6 ; sram_packet_writer:sram_writer_inst|w_data[8]   ; CLOCK_50     ; CLOCK_50    ; 1.000        ; -0.085     ; 4.659      ;
; -3.708 ; uart_rx_packet_new:packet_inst|altsyncram:buffer_rtl_0|altsyncram_09c1:auto_generated|ram_block1a0~portb_address_reg7 ; sram_packet_writer:sram_writer_inst|w_data[8]   ; CLOCK_50     ; CLOCK_50    ; 1.000        ; -0.085     ; 4.659      ;
; -3.673 ; uart_rx_packet_new:packet_inst|byte_cnt[3]                                                                            ; uart_rx_packet_new:packet_inst|state.ACK        ; CLOCK_50     ; CLOCK_50    ; 1.000        ; 0.011      ; 4.720      ;
; -3.672 ; uart_rx_packet_new:packet_inst|timeout_cnt[19]                                                                        ; uart_rx_packet_new:packet_inst|state.RECOVERY   ; CLOCK_50     ; CLOCK_50    ; 1.000        ; 0.004      ; 4.712      ;
; -3.656 ; uart_rx_packet_new:packet_inst|altsyncram:buffer_rtl_0|altsyncram_09c1:auto_generated|ram_block1a0~portb_address_reg0 ; sram_packet_writer:sram_writer_inst|w_data[12]  ; CLOCK_50     ; CLOCK_50    ; 1.000        ; -0.085     ; 4.607      ;
; -3.656 ; uart_rx_packet_new:packet_inst|altsyncram:buffer_rtl_0|altsyncram_09c1:auto_generated|ram_block1a0~portb_address_reg1 ; sram_packet_writer:sram_writer_inst|w_data[12]  ; CLOCK_50     ; CLOCK_50    ; 1.000        ; -0.085     ; 4.607      ;
; -3.656 ; uart_rx_packet_new:packet_inst|altsyncram:buffer_rtl_0|altsyncram_09c1:auto_generated|ram_block1a0~portb_address_reg2 ; sram_packet_writer:sram_writer_inst|w_data[12]  ; CLOCK_50     ; CLOCK_50    ; 1.000        ; -0.085     ; 4.607      ;
; -3.656 ; uart_rx_packet_new:packet_inst|altsyncram:buffer_rtl_0|altsyncram_09c1:auto_generated|ram_block1a0~portb_address_reg3 ; sram_packet_writer:sram_writer_inst|w_data[12]  ; CLOCK_50     ; CLOCK_50    ; 1.000        ; -0.085     ; 4.607      ;
; -3.656 ; uart_rx_packet_new:packet_inst|altsyncram:buffer_rtl_0|altsyncram_09c1:auto_generated|ram_block1a0~portb_address_reg4 ; sram_packet_writer:sram_writer_inst|w_data[12]  ; CLOCK_50     ; CLOCK_50    ; 1.000        ; -0.085     ; 4.607      ;
; -3.656 ; uart_rx_packet_new:packet_inst|altsyncram:buffer_rtl_0|altsyncram_09c1:auto_generated|ram_block1a0~portb_address_reg5 ; sram_packet_writer:sram_writer_inst|w_data[12]  ; CLOCK_50     ; CLOCK_50    ; 1.000        ; -0.085     ; 4.607      ;
; -3.656 ; uart_rx_packet_new:packet_inst|altsyncram:buffer_rtl_0|altsyncram_09c1:auto_generated|ram_block1a0~portb_address_reg6 ; sram_packet_writer:sram_writer_inst|w_data[12]  ; CLOCK_50     ; CLOCK_50    ; 1.000        ; -0.085     ; 4.607      ;
; -3.656 ; uart_rx_packet_new:packet_inst|altsyncram:buffer_rtl_0|altsyncram_09c1:auto_generated|ram_block1a0~portb_address_reg7 ; sram_packet_writer:sram_writer_inst|w_data[12]  ; CLOCK_50     ; CLOCK_50    ; 1.000        ; -0.085     ; 4.607      ;
+--------+-----------------------------------------------------------------------------------------------------------------------+-------------------------------------------------+--------------+-------------+--------------+------------+------------+


+-----------------------------------------------------------------------------------------------------------------------------------------------------------------------------------------------------------------------------------------------------------------------------------------------------------+
; Slow Model Setup: 'uart_controller:uart_ctrl_inst|baud_rate_gen:brg_inst|ov_tick'                                                                                                                                                                                                                         ;
+--------+------------------------------------------------------------+------------------------------------------------------------+---------------------------------------------------------------+---------------------------------------------------------------+--------------+------------+------------+
; Slack  ; From Node                                                  ; To Node                                                    ; Launch Clock                                                  ; Latch Clock                                                   ; Relationship ; Clock Skew ; Data Delay ;
+--------+------------------------------------------------------------+------------------------------------------------------------+---------------------------------------------------------------+---------------------------------------------------------------+--------------+------------+------------+
; -2.147 ; uart_controller:uart_ctrl_inst|uart_rx:rx_inst|tick_cnt[2] ; uart_controller:uart_ctrl_inst|uart_rx:rx_inst|state.STOP  ; uart_controller:uart_ctrl_inst|baud_rate_gen:brg_inst|ov_tick ; uart_controller:uart_ctrl_inst|baud_rate_gen:brg_inst|ov_tick ; 1.000        ; -0.001     ; 3.182      ;
; -2.147 ; uart_controller:uart_ctrl_inst|uart_rx:rx_inst|tick_cnt[2] ; uart_controller:uart_ctrl_inst|uart_rx:rx_inst|state.START ; uart_controller:uart_ctrl_inst|baud_rate_gen:brg_inst|ov_tick ; uart_controller:uart_ctrl_inst|baud_rate_gen:brg_inst|ov_tick ; 1.000        ; -0.001     ; 3.182      ;
; -2.068 ; uart_controller:uart_ctrl_inst|uart_rx:rx_inst|tick_cnt[1] ; uart_controller:uart_ctrl_inst|uart_rx:rx_inst|data_out[7] ; uart_controller:uart_ctrl_inst|baud_rate_gen:brg_inst|ov_tick ; uart_controller:uart_ctrl_inst|baud_rate_gen:brg_inst|ov_tick ; 1.000        ; 0.002      ; 3.106      ;
; -2.068 ; uart_controller:uart_ctrl_inst|uart_rx:rx_inst|tick_cnt[1] ; uart_controller:uart_ctrl_inst|uart_rx:rx_inst|data_out[5] ; uart_controller:uart_ctrl_inst|baud_rate_gen:brg_inst|ov_tick ; uart_controller:uart_ctrl_inst|baud_rate_gen:brg_inst|ov_tick ; 1.000        ; 0.002      ; 3.106      ;
; -2.068 ; uart_controller:uart_ctrl_inst|uart_rx:rx_inst|tick_cnt[1] ; uart_controller:uart_ctrl_inst|uart_rx:rx_inst|data_out[1] ; uart_controller:uart_ctrl_inst|baud_rate_gen:brg_inst|ov_tick ; uart_controller:uart_ctrl_inst|baud_rate_gen:brg_inst|ov_tick ; 1.000        ; 0.002      ; 3.106      ;
; -2.068 ; uart_controller:uart_ctrl_inst|uart_rx:rx_inst|tick_cnt[1] ; uart_controller:uart_ctrl_inst|uart_rx:rx_inst|data_out[3] ; uart_controller:uart_ctrl_inst|baud_rate_gen:brg_inst|ov_tick ; uart_controller:uart_ctrl_inst|baud_rate_gen:brg_inst|ov_tick ; 1.000        ; 0.002      ; 3.106      ;
; -2.068 ; uart_controller:uart_ctrl_inst|uart_rx:rx_inst|tick_cnt[1] ; uart_controller:uart_ctrl_inst|uart_rx:rx_inst|data_out[4] ; uart_controller:uart_ctrl_inst|baud_rate_gen:brg_inst|ov_tick ; uart_controller:uart_ctrl_inst|baud_rate_gen:brg_inst|ov_tick ; 1.000        ; 0.002      ; 3.106      ;
; -2.068 ; uart_controller:uart_ctrl_inst|uart_rx:rx_inst|tick_cnt[1] ; uart_controller:uart_ctrl_inst|uart_rx:rx_inst|data_out[2] ; uart_controller:uart_ctrl_inst|baud_rate_gen:brg_inst|ov_tick ; uart_controller:uart_ctrl_inst|baud_rate_gen:brg_inst|ov_tick ; 1.000        ; 0.002      ; 3.106      ;
; -2.068 ; uart_controller:uart_ctrl_inst|uart_rx:rx_inst|tick_cnt[1] ; uart_controller:uart_ctrl_inst|uart_rx:rx_inst|data_out[0] ; uart_controller:uart_ctrl_inst|baud_rate_gen:brg_inst|ov_tick ; uart_controller:uart_ctrl_inst|baud_rate_gen:brg_inst|ov_tick ; 1.000        ; 0.002      ; 3.106      ;
; -2.068 ; uart_controller:uart_ctrl_inst|uart_rx:rx_inst|tick_cnt[1] ; uart_controller:uart_ctrl_inst|uart_rx:rx_inst|data_out[6] ; uart_controller:uart_ctrl_inst|baud_rate_gen:brg_inst|ov_tick ; uart_controller:uart_ctrl_inst|baud_rate_gen:brg_inst|ov_tick ; 1.000        ; 0.002      ; 3.106      ;
; -2.063 ; uart_controller:uart_ctrl_inst|uart_rx:rx_inst|bit_cnt[0]  ; uart_controller:uart_ctrl_inst|uart_rx:rx_inst|state.STOP  ; uart_controller:uart_ctrl_inst|baud_rate_gen:brg_inst|ov_tick ; uart_controller:uart_ctrl_inst|baud_rate_gen:brg_inst|ov_tick ; 1.000        ; -0.001     ; 3.098      ;
; -2.063 ; uart_controller:uart_ctrl_inst|uart_rx:rx_inst|bit_cnt[0]  ; uart_controller:uart_ctrl_inst|uart_rx:rx_inst|state.START ; uart_controller:uart_ctrl_inst|baud_rate_gen:brg_inst|ov_tick ; uart_controller:uart_ctrl_inst|baud_rate_gen:brg_inst|ov_tick ; 1.000        ; -0.001     ; 3.098      ;
; -2.036 ; uart_controller:uart_ctrl_inst|uart_rx:rx_inst|tick_cnt[2] ; uart_controller:uart_ctrl_inst|uart_rx:rx_inst|data_out[7] ; uart_controller:uart_ctrl_inst|baud_rate_gen:brg_inst|ov_tick ; uart_controller:uart_ctrl_inst|baud_rate_gen:brg_inst|ov_tick ; 1.000        ; 0.002      ; 3.074      ;
; -2.036 ; uart_controller:uart_ctrl_inst|uart_rx:rx_inst|tick_cnt[2] ; uart_controller:uart_ctrl_inst|uart_rx:rx_inst|data_out[5] ; uart_controller:uart_ctrl_inst|baud_rate_gen:brg_inst|ov_tick ; uart_controller:uart_ctrl_inst|baud_rate_gen:brg_inst|ov_tick ; 1.000        ; 0.002      ; 3.074      ;
; -2.036 ; uart_controller:uart_ctrl_inst|uart_rx:rx_inst|tick_cnt[2] ; uart_controller:uart_ctrl_inst|uart_rx:rx_inst|data_out[1] ; uart_controller:uart_ctrl_inst|baud_rate_gen:brg_inst|ov_tick ; uart_controller:uart_ctrl_inst|baud_rate_gen:brg_inst|ov_tick ; 1.000        ; 0.002      ; 3.074      ;
; -2.036 ; uart_controller:uart_ctrl_inst|uart_rx:rx_inst|tick_cnt[2] ; uart_controller:uart_ctrl_inst|uart_rx:rx_inst|data_out[3] ; uart_controller:uart_ctrl_inst|baud_rate_gen:brg_inst|ov_tick ; uart_controller:uart_ctrl_inst|baud_rate_gen:brg_inst|ov_tick ; 1.000        ; 0.002      ; 3.074      ;
; -2.036 ; uart_controller:uart_ctrl_inst|uart_rx:rx_inst|tick_cnt[2] ; uart_controller:uart_ctrl_inst|uart_rx:rx_inst|data_out[4] ; uart_controller:uart_ctrl_inst|baud_rate_gen:brg_inst|ov_tick ; uart_controller:uart_ctrl_inst|baud_rate_gen:brg_inst|ov_tick ; 1.000        ; 0.002      ; 3.074      ;
; -2.036 ; uart_controller:uart_ctrl_inst|uart_rx:rx_inst|tick_cnt[2] ; uart_controller:uart_ctrl_inst|uart_rx:rx_inst|data_out[2] ; uart_controller:uart_ctrl_inst|baud_rate_gen:brg_inst|ov_tick ; uart_controller:uart_ctrl_inst|baud_rate_gen:brg_inst|ov_tick ; 1.000        ; 0.002      ; 3.074      ;
; -2.036 ; uart_controller:uart_ctrl_inst|uart_rx:rx_inst|tick_cnt[2] ; uart_controller:uart_ctrl_inst|uart_rx:rx_inst|data_out[0] ; uart_controller:uart_ctrl_inst|baud_rate_gen:brg_inst|ov_tick ; uart_controller:uart_ctrl_inst|baud_rate_gen:brg_inst|ov_tick ; 1.000        ; 0.002      ; 3.074      ;
; -2.036 ; uart_controller:uart_ctrl_inst|uart_rx:rx_inst|tick_cnt[2] ; uart_controller:uart_ctrl_inst|uart_rx:rx_inst|data_out[6] ; uart_controller:uart_ctrl_inst|baud_rate_gen:brg_inst|ov_tick ; uart_controller:uart_ctrl_inst|baud_rate_gen:brg_inst|ov_tick ; 1.000        ; 0.002      ; 3.074      ;
; -1.967 ; uart_controller:uart_ctrl_inst|uart_rx:rx_inst|tick_cnt[0] ; uart_controller:uart_ctrl_inst|uart_rx:rx_inst|state.DATA  ; uart_controller:uart_ctrl_inst|baud_rate_gen:brg_inst|ov_tick ; uart_controller:uart_ctrl_inst|baud_rate_gen:brg_inst|ov_tick ; 1.000        ; 0.000      ; 3.003      ;
; -1.967 ; uart_controller:uart_ctrl_inst|uart_rx:rx_inst|tick_cnt[0] ; uart_controller:uart_ctrl_inst|uart_rx:rx_inst|state.IDLE  ; uart_controller:uart_ctrl_inst|baud_rate_gen:brg_inst|ov_tick ; uart_controller:uart_ctrl_inst|baud_rate_gen:brg_inst|ov_tick ; 1.000        ; 0.000      ; 3.003      ;
; -1.924 ; uart_controller:uart_ctrl_inst|uart_rx:rx_inst|bit_cnt[1]  ; uart_controller:uart_ctrl_inst|uart_rx:rx_inst|state.STOP  ; uart_controller:uart_ctrl_inst|baud_rate_gen:brg_inst|ov_tick ; uart_controller:uart_ctrl_inst|baud_rate_gen:brg_inst|ov_tick ; 1.000        ; -0.001     ; 2.959      ;
; -1.924 ; uart_controller:uart_ctrl_inst|uart_rx:rx_inst|bit_cnt[1]  ; uart_controller:uart_ctrl_inst|uart_rx:rx_inst|state.START ; uart_controller:uart_ctrl_inst|baud_rate_gen:brg_inst|ov_tick ; uart_controller:uart_ctrl_inst|baud_rate_gen:brg_inst|ov_tick ; 1.000        ; -0.001     ; 2.959      ;
; -1.892 ; uart_controller:uart_ctrl_inst|uart_rx:rx_inst|state.STOP  ; uart_controller:uart_ctrl_inst|uart_rx:rx_inst|data_out[7] ; uart_controller:uart_ctrl_inst|baud_rate_gen:brg_inst|ov_tick ; uart_controller:uart_ctrl_inst|baud_rate_gen:brg_inst|ov_tick ; 1.000        ; 0.003      ; 2.931      ;
; -1.892 ; uart_controller:uart_ctrl_inst|uart_rx:rx_inst|state.STOP  ; uart_controller:uart_ctrl_inst|uart_rx:rx_inst|data_out[5] ; uart_controller:uart_ctrl_inst|baud_rate_gen:brg_inst|ov_tick ; uart_controller:uart_ctrl_inst|baud_rate_gen:brg_inst|ov_tick ; 1.000        ; 0.003      ; 2.931      ;
; -1.892 ; uart_controller:uart_ctrl_inst|uart_rx:rx_inst|state.STOP  ; uart_controller:uart_ctrl_inst|uart_rx:rx_inst|data_out[1] ; uart_controller:uart_ctrl_inst|baud_rate_gen:brg_inst|ov_tick ; uart_controller:uart_ctrl_inst|baud_rate_gen:brg_inst|ov_tick ; 1.000        ; 0.003      ; 2.931      ;
; -1.892 ; uart_controller:uart_ctrl_inst|uart_rx:rx_inst|state.STOP  ; uart_controller:uart_ctrl_inst|uart_rx:rx_inst|data_out[3] ; uart_controller:uart_ctrl_inst|baud_rate_gen:brg_inst|ov_tick ; uart_controller:uart_ctrl_inst|baud_rate_gen:brg_inst|ov_tick ; 1.000        ; 0.003      ; 2.931      ;
; -1.892 ; uart_controller:uart_ctrl_inst|uart_rx:rx_inst|state.STOP  ; uart_controller:uart_ctrl_inst|uart_rx:rx_inst|data_out[4] ; uart_controller:uart_ctrl_inst|baud_rate_gen:brg_inst|ov_tick ; uart_controller:uart_ctrl_inst|baud_rate_gen:brg_inst|ov_tick ; 1.000        ; 0.003      ; 2.931      ;
; -1.892 ; uart_controller:uart_ctrl_inst|uart_rx:rx_inst|state.STOP  ; uart_controller:uart_ctrl_inst|uart_rx:rx_inst|data_out[2] ; uart_controller:uart_ctrl_inst|baud_rate_gen:brg_inst|ov_tick ; uart_controller:uart_ctrl_inst|baud_rate_gen:brg_inst|ov_tick ; 1.000        ; 0.003      ; 2.931      ;
; -1.892 ; uart_controller:uart_ctrl_inst|uart_rx:rx_inst|state.STOP  ; uart_controller:uart_ctrl_inst|uart_rx:rx_inst|data_out[0] ; uart_controller:uart_ctrl_inst|baud_rate_gen:brg_inst|ov_tick ; uart_controller:uart_ctrl_inst|baud_rate_gen:brg_inst|ov_tick ; 1.000        ; 0.003      ; 2.931      ;
; -1.892 ; uart_controller:uart_ctrl_inst|uart_rx:rx_inst|state.STOP  ; uart_controller:uart_ctrl_inst|uart_rx:rx_inst|data_out[6] ; uart_controller:uart_ctrl_inst|baud_rate_gen:brg_inst|ov_tick ; uart_controller:uart_ctrl_inst|baud_rate_gen:brg_inst|ov_tick ; 1.000        ; 0.003      ; 2.931      ;
; -1.877 ; uart_controller:uart_ctrl_inst|uart_rx:rx_inst|tick_cnt[0] ; uart_controller:uart_ctrl_inst|uart_rx:rx_inst|data_out[7] ; uart_controller:uart_ctrl_inst|baud_rate_gen:brg_inst|ov_tick ; uart_controller:uart_ctrl_inst|baud_rate_gen:brg_inst|ov_tick ; 1.000        ; 0.002      ; 2.915      ;
; -1.877 ; uart_controller:uart_ctrl_inst|uart_rx:rx_inst|tick_cnt[0] ; uart_controller:uart_ctrl_inst|uart_rx:rx_inst|data_out[5] ; uart_controller:uart_ctrl_inst|baud_rate_gen:brg_inst|ov_tick ; uart_controller:uart_ctrl_inst|baud_rate_gen:brg_inst|ov_tick ; 1.000        ; 0.002      ; 2.915      ;
; -1.877 ; uart_controller:uart_ctrl_inst|uart_rx:rx_inst|tick_cnt[0] ; uart_controller:uart_ctrl_inst|uart_rx:rx_inst|data_out[1] ; uart_controller:uart_ctrl_inst|baud_rate_gen:brg_inst|ov_tick ; uart_controller:uart_ctrl_inst|baud_rate_gen:brg_inst|ov_tick ; 1.000        ; 0.002      ; 2.915      ;
; -1.877 ; uart_controller:uart_ctrl_inst|uart_rx:rx_inst|tick_cnt[0] ; uart_controller:uart_ctrl_inst|uart_rx:rx_inst|data_out[3] ; uart_controller:uart_ctrl_inst|baud_rate_gen:brg_inst|ov_tick ; uart_controller:uart_ctrl_inst|baud_rate_gen:brg_inst|ov_tick ; 1.000        ; 0.002      ; 2.915      ;
; -1.877 ; uart_controller:uart_ctrl_inst|uart_rx:rx_inst|tick_cnt[0] ; uart_controller:uart_ctrl_inst|uart_rx:rx_inst|data_out[4] ; uart_controller:uart_ctrl_inst|baud_rate_gen:brg_inst|ov_tick ; uart_controller:uart_ctrl_inst|baud_rate_gen:brg_inst|ov_tick ; 1.000        ; 0.002      ; 2.915      ;
; -1.877 ; uart_controller:uart_ctrl_inst|uart_rx:rx_inst|tick_cnt[0] ; uart_controller:uart_ctrl_inst|uart_rx:rx_inst|data_out[2] ; uart_controller:uart_ctrl_inst|baud_rate_gen:brg_inst|ov_tick ; uart_controller:uart_ctrl_inst|baud_rate_gen:brg_inst|ov_tick ; 1.000        ; 0.002      ; 2.915      ;
; -1.877 ; uart_controller:uart_ctrl_inst|uart_rx:rx_inst|tick_cnt[0] ; uart_controller:uart_ctrl_inst|uart_rx:rx_inst|data_out[0] ; uart_controller:uart_ctrl_inst|baud_rate_gen:brg_inst|ov_tick ; uart_controller:uart_ctrl_inst|baud_rate_gen:brg_inst|ov_tick ; 1.000        ; 0.002      ; 2.915      ;
; -1.877 ; uart_controller:uart_ctrl_inst|uart_rx:rx_inst|tick_cnt[0] ; uart_controller:uart_ctrl_inst|uart_rx:rx_inst|data_out[6] ; uart_controller:uart_ctrl_inst|baud_rate_gen:brg_inst|ov_tick ; uart_controller:uart_ctrl_inst|baud_rate_gen:brg_inst|ov_tick ; 1.000        ; 0.002      ; 2.915      ;
; -1.868 ; uart_controller:uart_ctrl_inst|uart_rx:rx_inst|tick_cnt[2] ; uart_controller:uart_ctrl_inst|uart_rx:rx_inst|state.DATA  ; uart_controller:uart_ctrl_inst|baud_rate_gen:brg_inst|ov_tick ; uart_controller:uart_ctrl_inst|baud_rate_gen:brg_inst|ov_tick ; 1.000        ; 0.000      ; 2.904      ;
; -1.868 ; uart_controller:uart_ctrl_inst|uart_rx:rx_inst|tick_cnt[2] ; uart_controller:uart_ctrl_inst|uart_rx:rx_inst|state.IDLE  ; uart_controller:uart_ctrl_inst|baud_rate_gen:brg_inst|ov_tick ; uart_controller:uart_ctrl_inst|baud_rate_gen:brg_inst|ov_tick ; 1.000        ; 0.000      ; 2.904      ;
; -1.845 ; uart_controller:uart_ctrl_inst|uart_rx:rx_inst|tick_cnt[1] ; uart_controller:uart_ctrl_inst|uart_rx:rx_inst|state.DATA  ; uart_controller:uart_ctrl_inst|baud_rate_gen:brg_inst|ov_tick ; uart_controller:uart_ctrl_inst|baud_rate_gen:brg_inst|ov_tick ; 1.000        ; 0.000      ; 2.881      ;
; -1.845 ; uart_controller:uart_ctrl_inst|uart_rx:rx_inst|tick_cnt[1] ; uart_controller:uart_ctrl_inst|uart_rx:rx_inst|state.IDLE  ; uart_controller:uart_ctrl_inst|baud_rate_gen:brg_inst|ov_tick ; uart_controller:uart_ctrl_inst|baud_rate_gen:brg_inst|ov_tick ; 1.000        ; 0.000      ; 2.881      ;
; -1.843 ; uart_controller:uart_ctrl_inst|uart_rx:rx_inst|tick_cnt[0] ; uart_controller:uart_ctrl_inst|uart_rx:rx_inst|state.STOP  ; uart_controller:uart_ctrl_inst|baud_rate_gen:brg_inst|ov_tick ; uart_controller:uart_ctrl_inst|baud_rate_gen:brg_inst|ov_tick ; 1.000        ; -0.001     ; 2.878      ;
; -1.843 ; uart_controller:uart_ctrl_inst|uart_rx:rx_inst|tick_cnt[0] ; uart_controller:uart_ctrl_inst|uart_rx:rx_inst|state.START ; uart_controller:uart_ctrl_inst|baud_rate_gen:brg_inst|ov_tick ; uart_controller:uart_ctrl_inst|baud_rate_gen:brg_inst|ov_tick ; 1.000        ; -0.001     ; 2.878      ;
; -1.841 ; uart_controller:uart_ctrl_inst|uart_rx:rx_inst|tick_cnt[0] ; uart_controller:uart_ctrl_inst|uart_rx:rx_inst|bit_cnt[1]  ; uart_controller:uart_ctrl_inst|baud_rate_gen:brg_inst|ov_tick ; uart_controller:uart_ctrl_inst|baud_rate_gen:brg_inst|ov_tick ; 1.000        ; 0.000      ; 2.877      ;
; -1.837 ; uart_controller:uart_ctrl_inst|uart_rx:rx_inst|tick_cnt[1] ; uart_controller:uart_ctrl_inst|uart_rx:rx_inst|state.STOP  ; uart_controller:uart_ctrl_inst|baud_rate_gen:brg_inst|ov_tick ; uart_controller:uart_ctrl_inst|baud_rate_gen:brg_inst|ov_tick ; 1.000        ; -0.001     ; 2.872      ;
; -1.837 ; uart_controller:uart_ctrl_inst|uart_rx:rx_inst|tick_cnt[1] ; uart_controller:uart_ctrl_inst|uart_rx:rx_inst|state.START ; uart_controller:uart_ctrl_inst|baud_rate_gen:brg_inst|ov_tick ; uart_controller:uart_ctrl_inst|baud_rate_gen:brg_inst|ov_tick ; 1.000        ; -0.001     ; 2.872      ;
; -1.829 ; uart_controller:uart_ctrl_inst|uart_rx:rx_inst|state.DATA  ; uart_controller:uart_ctrl_inst|uart_rx:rx_inst|state.STOP  ; uart_controller:uart_ctrl_inst|baud_rate_gen:brg_inst|ov_tick ; uart_controller:uart_ctrl_inst|baud_rate_gen:brg_inst|ov_tick ; 1.000        ; -0.001     ; 2.864      ;
; -1.829 ; uart_controller:uart_ctrl_inst|uart_rx:rx_inst|state.DATA  ; uart_controller:uart_ctrl_inst|uart_rx:rx_inst|state.START ; uart_controller:uart_ctrl_inst|baud_rate_gen:brg_inst|ov_tick ; uart_controller:uart_ctrl_inst|baud_rate_gen:brg_inst|ov_tick ; 1.000        ; -0.001     ; 2.864      ;
; -1.799 ; uart_controller:uart_ctrl_inst|uart_rx:rx_inst|bit_cnt[2]  ; uart_controller:uart_ctrl_inst|uart_rx:rx_inst|state.STOP  ; uart_controller:uart_ctrl_inst|baud_rate_gen:brg_inst|ov_tick ; uart_controller:uart_ctrl_inst|baud_rate_gen:brg_inst|ov_tick ; 1.000        ; -0.001     ; 2.834      ;
; -1.799 ; uart_controller:uart_ctrl_inst|uart_rx:rx_inst|bit_cnt[2]  ; uart_controller:uart_ctrl_inst|uart_rx:rx_inst|state.START ; uart_controller:uart_ctrl_inst|baud_rate_gen:brg_inst|ov_tick ; uart_controller:uart_ctrl_inst|baud_rate_gen:brg_inst|ov_tick ; 1.000        ; -0.001     ; 2.834      ;
; -1.790 ; uart_controller:uart_ctrl_inst|uart_rx:rx_inst|bit_cnt[0]  ; uart_controller:uart_ctrl_inst|uart_rx:rx_inst|state.DATA  ; uart_controller:uart_ctrl_inst|baud_rate_gen:brg_inst|ov_tick ; uart_controller:uart_ctrl_inst|baud_rate_gen:brg_inst|ov_tick ; 1.000        ; 0.000      ; 2.826      ;
; -1.790 ; uart_controller:uart_ctrl_inst|uart_rx:rx_inst|bit_cnt[0]  ; uart_controller:uart_ctrl_inst|uart_rx:rx_inst|state.IDLE  ; uart_controller:uart_ctrl_inst|baud_rate_gen:brg_inst|ov_tick ; uart_controller:uart_ctrl_inst|baud_rate_gen:brg_inst|ov_tick ; 1.000        ; 0.000      ; 2.826      ;
; -1.752 ; uart_controller:uart_ctrl_inst|uart_rx:rx_inst|state.DATA  ; uart_controller:uart_ctrl_inst|uart_rx:rx_inst|rx_reg[7]   ; uart_controller:uart_ctrl_inst|baud_rate_gen:brg_inst|ov_tick ; uart_controller:uart_ctrl_inst|baud_rate_gen:brg_inst|ov_tick ; 1.000        ; 0.003      ; 2.791      ;
; -1.752 ; uart_controller:uart_ctrl_inst|uart_rx:rx_inst|state.DATA  ; uart_controller:uart_ctrl_inst|uart_rx:rx_inst|rx_reg[6]   ; uart_controller:uart_ctrl_inst|baud_rate_gen:brg_inst|ov_tick ; uart_controller:uart_ctrl_inst|baud_rate_gen:brg_inst|ov_tick ; 1.000        ; 0.003      ; 2.791      ;
; -1.752 ; uart_controller:uart_ctrl_inst|uart_rx:rx_inst|state.DATA  ; uart_controller:uart_ctrl_inst|uart_rx:rx_inst|rx_reg[5]   ; uart_controller:uart_ctrl_inst|baud_rate_gen:brg_inst|ov_tick ; uart_controller:uart_ctrl_inst|baud_rate_gen:brg_inst|ov_tick ; 1.000        ; 0.003      ; 2.791      ;
; -1.752 ; uart_controller:uart_ctrl_inst|uart_rx:rx_inst|state.DATA  ; uart_controller:uart_ctrl_inst|uart_rx:rx_inst|rx_reg[4]   ; uart_controller:uart_ctrl_inst|baud_rate_gen:brg_inst|ov_tick ; uart_controller:uart_ctrl_inst|baud_rate_gen:brg_inst|ov_tick ; 1.000        ; 0.003      ; 2.791      ;
; -1.752 ; uart_controller:uart_ctrl_inst|uart_rx:rx_inst|state.DATA  ; uart_controller:uart_ctrl_inst|uart_rx:rx_inst|rx_reg[3]   ; uart_controller:uart_ctrl_inst|baud_rate_gen:brg_inst|ov_tick ; uart_controller:uart_ctrl_inst|baud_rate_gen:brg_inst|ov_tick ; 1.000        ; 0.003      ; 2.791      ;
; -1.752 ; uart_controller:uart_ctrl_inst|uart_rx:rx_inst|state.DATA  ; uart_controller:uart_ctrl_inst|uart_rx:rx_inst|rx_reg[2]   ; uart_controller:uart_ctrl_inst|baud_rate_gen:brg_inst|ov_tick ; uart_controller:uart_ctrl_inst|baud_rate_gen:brg_inst|ov_tick ; 1.000        ; 0.003      ; 2.791      ;
; -1.752 ; uart_controller:uart_ctrl_inst|uart_rx:rx_inst|state.DATA  ; uart_controller:uart_ctrl_inst|uart_rx:rx_inst|rx_reg[1]   ; uart_controller:uart_ctrl_inst|baud_rate_gen:brg_inst|ov_tick ; uart_controller:uart_ctrl_inst|baud_rate_gen:brg_inst|ov_tick ; 1.000        ; 0.003      ; 2.791      ;
; -1.752 ; uart_controller:uart_ctrl_inst|uart_rx:rx_inst|state.DATA  ; uart_controller:uart_ctrl_inst|uart_rx:rx_inst|rx_reg[0]   ; uart_controller:uart_ctrl_inst|baud_rate_gen:brg_inst|ov_tick ; uart_controller:uart_ctrl_inst|baud_rate_gen:brg_inst|ov_tick ; 1.000        ; 0.003      ; 2.791      ;
; -1.732 ; uart_rx_packet_new:packet_inst|rx_clear                    ; uart_controller:uart_ctrl_inst|uart_rx:rx_inst|state.STOP  ; CLOCK_50                                                      ; uart_controller:uart_ctrl_inst|baud_rate_gen:brg_inst|ov_tick ; 1.000        ; -0.365     ; 2.403      ;
; -1.732 ; uart_rx_packet_new:packet_inst|rx_clear                    ; uart_controller:uart_ctrl_inst|uart_rx:rx_inst|state.START ; CLOCK_50                                                      ; uart_controller:uart_ctrl_inst|baud_rate_gen:brg_inst|ov_tick ; 1.000        ; -0.365     ; 2.403      ;
; -1.724 ; uart_controller:uart_ctrl_inst|uart_rx:rx_inst|state.IDLE  ; uart_controller:uart_ctrl_inst|uart_rx:rx_inst|state.STOP  ; uart_controller:uart_ctrl_inst|baud_rate_gen:brg_inst|ov_tick ; uart_controller:uart_ctrl_inst|baud_rate_gen:brg_inst|ov_tick ; 1.000        ; -0.001     ; 2.759      ;
; -1.724 ; uart_controller:uart_ctrl_inst|uart_rx:rx_inst|state.IDLE  ; uart_controller:uart_ctrl_inst|uart_rx:rx_inst|state.START ; uart_controller:uart_ctrl_inst|baud_rate_gen:brg_inst|ov_tick ; uart_controller:uart_ctrl_inst|baud_rate_gen:brg_inst|ov_tick ; 1.000        ; -0.001     ; 2.759      ;
; -1.721 ; uart_controller:uart_ctrl_inst|uart_rx:rx_inst|state.IDLE  ; uart_controller:uart_ctrl_inst|uart_rx:rx_inst|state.DATA  ; uart_controller:uart_ctrl_inst|baud_rate_gen:brg_inst|ov_tick ; uart_controller:uart_ctrl_inst|baud_rate_gen:brg_inst|ov_tick ; 1.000        ; 0.000      ; 2.757      ;
; -1.721 ; uart_controller:uart_ctrl_inst|uart_rx:rx_inst|state.IDLE  ; uart_controller:uart_ctrl_inst|uart_rx:rx_inst|state.IDLE  ; uart_controller:uart_ctrl_inst|baud_rate_gen:brg_inst|ov_tick ; uart_controller:uart_ctrl_inst|baud_rate_gen:brg_inst|ov_tick ; 1.000        ; 0.000      ; 2.757      ;
; -1.719 ; uart_controller:uart_ctrl_inst|uart_rx:rx_inst|tick_cnt[1] ; uart_controller:uart_ctrl_inst|uart_rx:rx_inst|bit_cnt[1]  ; uart_controller:uart_ctrl_inst|baud_rate_gen:brg_inst|ov_tick ; uart_controller:uart_ctrl_inst|baud_rate_gen:brg_inst|ov_tick ; 1.000        ; 0.000      ; 2.755      ;
; -1.704 ; uart_controller:uart_ctrl_inst|uart_rx:rx_inst|tick_cnt[2] ; uart_controller:uart_ctrl_inst|uart_rx:rx_inst|rx_reg[7]   ; uart_controller:uart_ctrl_inst|baud_rate_gen:brg_inst|ov_tick ; uart_controller:uart_ctrl_inst|baud_rate_gen:brg_inst|ov_tick ; 1.000        ; 0.003      ; 2.743      ;
; -1.704 ; uart_controller:uart_ctrl_inst|uart_rx:rx_inst|tick_cnt[2] ; uart_controller:uart_ctrl_inst|uart_rx:rx_inst|rx_reg[6]   ; uart_controller:uart_ctrl_inst|baud_rate_gen:brg_inst|ov_tick ; uart_controller:uart_ctrl_inst|baud_rate_gen:brg_inst|ov_tick ; 1.000        ; 0.003      ; 2.743      ;
; -1.704 ; uart_controller:uart_ctrl_inst|uart_rx:rx_inst|tick_cnt[2] ; uart_controller:uart_ctrl_inst|uart_rx:rx_inst|rx_reg[5]   ; uart_controller:uart_ctrl_inst|baud_rate_gen:brg_inst|ov_tick ; uart_controller:uart_ctrl_inst|baud_rate_gen:brg_inst|ov_tick ; 1.000        ; 0.003      ; 2.743      ;
; -1.704 ; uart_controller:uart_ctrl_inst|uart_rx:rx_inst|tick_cnt[2] ; uart_controller:uart_ctrl_inst|uart_rx:rx_inst|rx_reg[4]   ; uart_controller:uart_ctrl_inst|baud_rate_gen:brg_inst|ov_tick ; uart_controller:uart_ctrl_inst|baud_rate_gen:brg_inst|ov_tick ; 1.000        ; 0.003      ; 2.743      ;
; -1.704 ; uart_controller:uart_ctrl_inst|uart_rx:rx_inst|tick_cnt[2] ; uart_controller:uart_ctrl_inst|uart_rx:rx_inst|rx_reg[3]   ; uart_controller:uart_ctrl_inst|baud_rate_gen:brg_inst|ov_tick ; uart_controller:uart_ctrl_inst|baud_rate_gen:brg_inst|ov_tick ; 1.000        ; 0.003      ; 2.743      ;
; -1.704 ; uart_controller:uart_ctrl_inst|uart_rx:rx_inst|tick_cnt[2] ; uart_controller:uart_ctrl_inst|uart_rx:rx_inst|rx_reg[2]   ; uart_controller:uart_ctrl_inst|baud_rate_gen:brg_inst|ov_tick ; uart_controller:uart_ctrl_inst|baud_rate_gen:brg_inst|ov_tick ; 1.000        ; 0.003      ; 2.743      ;
; -1.704 ; uart_controller:uart_ctrl_inst|uart_rx:rx_inst|tick_cnt[2] ; uart_controller:uart_ctrl_inst|uart_rx:rx_inst|rx_reg[1]   ; uart_controller:uart_ctrl_inst|baud_rate_gen:brg_inst|ov_tick ; uart_controller:uart_ctrl_inst|baud_rate_gen:brg_inst|ov_tick ; 1.000        ; 0.003      ; 2.743      ;
; -1.704 ; uart_controller:uart_ctrl_inst|uart_rx:rx_inst|tick_cnt[2] ; uart_controller:uart_ctrl_inst|uart_rx:rx_inst|rx_reg[0]   ; uart_controller:uart_ctrl_inst|baud_rate_gen:brg_inst|ov_tick ; uart_controller:uart_ctrl_inst|baud_rate_gen:brg_inst|ov_tick ; 1.000        ; 0.003      ; 2.743      ;
; -1.685 ; uart_rx_packet_new:packet_inst|rx_clear                    ; uart_controller:uart_ctrl_inst|uart_rx:rx_inst|rx_reg[7]   ; CLOCK_50                                                      ; uart_controller:uart_ctrl_inst|baud_rate_gen:brg_inst|ov_tick ; 1.000        ; -0.361     ; 2.360      ;
; -1.685 ; uart_rx_packet_new:packet_inst|rx_clear                    ; uart_controller:uart_ctrl_inst|uart_rx:rx_inst|rx_reg[6]   ; CLOCK_50                                                      ; uart_controller:uart_ctrl_inst|baud_rate_gen:brg_inst|ov_tick ; 1.000        ; -0.361     ; 2.360      ;
; -1.685 ; uart_rx_packet_new:packet_inst|rx_clear                    ; uart_controller:uart_ctrl_inst|uart_rx:rx_inst|rx_reg[5]   ; CLOCK_50                                                      ; uart_controller:uart_ctrl_inst|baud_rate_gen:brg_inst|ov_tick ; 1.000        ; -0.361     ; 2.360      ;
; -1.685 ; uart_rx_packet_new:packet_inst|rx_clear                    ; uart_controller:uart_ctrl_inst|uart_rx:rx_inst|rx_reg[4]   ; CLOCK_50                                                      ; uart_controller:uart_ctrl_inst|baud_rate_gen:brg_inst|ov_tick ; 1.000        ; -0.361     ; 2.360      ;
; -1.685 ; uart_rx_packet_new:packet_inst|rx_clear                    ; uart_controller:uart_ctrl_inst|uart_rx:rx_inst|rx_reg[3]   ; CLOCK_50                                                      ; uart_controller:uart_ctrl_inst|baud_rate_gen:brg_inst|ov_tick ; 1.000        ; -0.361     ; 2.360      ;
; -1.685 ; uart_rx_packet_new:packet_inst|rx_clear                    ; uart_controller:uart_ctrl_inst|uart_rx:rx_inst|rx_reg[2]   ; CLOCK_50                                                      ; uart_controller:uart_ctrl_inst|baud_rate_gen:brg_inst|ov_tick ; 1.000        ; -0.361     ; 2.360      ;
; -1.685 ; uart_rx_packet_new:packet_inst|rx_clear                    ; uart_controller:uart_ctrl_inst|uart_rx:rx_inst|rx_reg[1]   ; CLOCK_50                                                      ; uart_controller:uart_ctrl_inst|baud_rate_gen:brg_inst|ov_tick ; 1.000        ; -0.361     ; 2.360      ;
; -1.685 ; uart_rx_packet_new:packet_inst|rx_clear                    ; uart_controller:uart_ctrl_inst|uart_rx:rx_inst|rx_reg[0]   ; CLOCK_50                                                      ; uart_controller:uart_ctrl_inst|baud_rate_gen:brg_inst|ov_tick ; 1.000        ; -0.361     ; 2.360      ;
; -1.645 ; uart_controller:uart_ctrl_inst|uart_rx:rx_inst|bit_cnt[1]  ; uart_controller:uart_ctrl_inst|uart_rx:rx_inst|state.DATA  ; uart_controller:uart_ctrl_inst|baud_rate_gen:brg_inst|ov_tick ; uart_controller:uart_ctrl_inst|baud_rate_gen:brg_inst|ov_tick ; 1.000        ; 0.000      ; 2.681      ;
; -1.645 ; uart_controller:uart_ctrl_inst|uart_rx:rx_inst|bit_cnt[1]  ; uart_controller:uart_ctrl_inst|uart_rx:rx_inst|state.IDLE  ; uart_controller:uart_ctrl_inst|baud_rate_gen:brg_inst|ov_tick ; uart_controller:uart_ctrl_inst|baud_rate_gen:brg_inst|ov_tick ; 1.000        ; 0.000      ; 2.681      ;
; -1.620 ; uart_controller:uart_ctrl_inst|uart_rx:rx_inst|state.STOP  ; uart_controller:uart_ctrl_inst|uart_rx:rx_inst|bit_cnt[1]  ; uart_controller:uart_ctrl_inst|baud_rate_gen:brg_inst|ov_tick ; uart_controller:uart_ctrl_inst|baud_rate_gen:brg_inst|ov_tick ; 1.000        ; 0.001      ; 2.657      ;
; -1.608 ; uart_controller:uart_ctrl_inst|uart_rx:rx_inst|tick_cnt[1] ; uart_controller:uart_ctrl_inst|uart_rx:rx_inst|rx_reg[7]   ; uart_controller:uart_ctrl_inst|baud_rate_gen:brg_inst|ov_tick ; uart_controller:uart_ctrl_inst|baud_rate_gen:brg_inst|ov_tick ; 1.000        ; 0.003      ; 2.647      ;
; -1.608 ; uart_controller:uart_ctrl_inst|uart_rx:rx_inst|tick_cnt[1] ; uart_controller:uart_ctrl_inst|uart_rx:rx_inst|rx_reg[6]   ; uart_controller:uart_ctrl_inst|baud_rate_gen:brg_inst|ov_tick ; uart_controller:uart_ctrl_inst|baud_rate_gen:brg_inst|ov_tick ; 1.000        ; 0.003      ; 2.647      ;
; -1.608 ; uart_controller:uart_ctrl_inst|uart_rx:rx_inst|tick_cnt[1] ; uart_controller:uart_ctrl_inst|uart_rx:rx_inst|rx_reg[5]   ; uart_controller:uart_ctrl_inst|baud_rate_gen:brg_inst|ov_tick ; uart_controller:uart_ctrl_inst|baud_rate_gen:brg_inst|ov_tick ; 1.000        ; 0.003      ; 2.647      ;
; -1.608 ; uart_controller:uart_ctrl_inst|uart_rx:rx_inst|tick_cnt[1] ; uart_controller:uart_ctrl_inst|uart_rx:rx_inst|rx_reg[4]   ; uart_controller:uart_ctrl_inst|baud_rate_gen:brg_inst|ov_tick ; uart_controller:uart_ctrl_inst|baud_rate_gen:brg_inst|ov_tick ; 1.000        ; 0.003      ; 2.647      ;
; -1.608 ; uart_controller:uart_ctrl_inst|uart_rx:rx_inst|tick_cnt[1] ; uart_controller:uart_ctrl_inst|uart_rx:rx_inst|rx_reg[3]   ; uart_controller:uart_ctrl_inst|baud_rate_gen:brg_inst|ov_tick ; uart_controller:uart_ctrl_inst|baud_rate_gen:brg_inst|ov_tick ; 1.000        ; 0.003      ; 2.647      ;
; -1.608 ; uart_controller:uart_ctrl_inst|uart_rx:rx_inst|tick_cnt[1] ; uart_controller:uart_ctrl_inst|uart_rx:rx_inst|rx_reg[2]   ; uart_controller:uart_ctrl_inst|baud_rate_gen:brg_inst|ov_tick ; uart_controller:uart_ctrl_inst|baud_rate_gen:brg_inst|ov_tick ; 1.000        ; 0.003      ; 2.647      ;
; -1.608 ; uart_controller:uart_ctrl_inst|uart_rx:rx_inst|tick_cnt[1] ; uart_controller:uart_ctrl_inst|uart_rx:rx_inst|rx_reg[1]   ; uart_controller:uart_ctrl_inst|baud_rate_gen:brg_inst|ov_tick ; uart_controller:uart_ctrl_inst|baud_rate_gen:brg_inst|ov_tick ; 1.000        ; 0.003      ; 2.647      ;
; -1.608 ; uart_controller:uart_ctrl_inst|uart_rx:rx_inst|tick_cnt[1] ; uart_controller:uart_ctrl_inst|uart_rx:rx_inst|rx_reg[0]   ; uart_controller:uart_ctrl_inst|baud_rate_gen:brg_inst|ov_tick ; uart_controller:uart_ctrl_inst|baud_rate_gen:brg_inst|ov_tick ; 1.000        ; 0.003      ; 2.647      ;
; -1.576 ; uart_controller:uart_ctrl_inst|uart_rx:rx_inst|tick_cnt[2] ; uart_controller:uart_ctrl_inst|uart_rx:rx_inst|bit_cnt[1]  ; uart_controller:uart_ctrl_inst|baud_rate_gen:brg_inst|ov_tick ; uart_controller:uart_ctrl_inst|baud_rate_gen:brg_inst|ov_tick ; 1.000        ; 0.000      ; 2.612      ;
; -1.567 ; uart_controller:uart_ctrl_inst|uart_rx:rx_inst|bit_cnt[0]  ; uart_controller:uart_ctrl_inst|uart_rx:rx_inst|bit_cnt[2]  ; uart_controller:uart_ctrl_inst|baud_rate_gen:brg_inst|ov_tick ; uart_controller:uart_ctrl_inst|baud_rate_gen:brg_inst|ov_tick ; 1.000        ; 0.000      ; 2.603      ;
; -1.528 ; uart_controller:uart_ctrl_inst|uart_rx:rx_inst|tick_cnt[2] ; uart_controller:uart_ctrl_inst|uart_rx:rx_inst|bit_cnt[2]  ; uart_controller:uart_ctrl_inst|baud_rate_gen:brg_inst|ov_tick ; uart_controller:uart_ctrl_inst|baud_rate_gen:brg_inst|ov_tick ; 1.000        ; 0.000      ; 2.564      ;
+--------+------------------------------------------------------------+------------------------------------------------------------+---------------------------------------------------------------+---------------------------------------------------------------+--------------+------------+------------+


+---------------------------------------------------------------------------------------------------------------------------------------------------------------------------------------------------------------------------------------------------------------------------------------------------------------------+
; Slow Model Setup: 'uart_controller:uart_ctrl_inst|baud_rate_gen:brg_inst|uart_tick'                                                                                                                                                                                                                                 ;
+--------+---------------------------------------------------------------+---------------------------------------------------------------+-----------------------------------------------------------------+-----------------------------------------------------------------+--------------+------------+------------+
; Slack  ; From Node                                                     ; To Node                                                       ; Launch Clock                                                    ; Latch Clock                                                     ; Relationship ; Clock Skew ; Data Delay ;
+--------+---------------------------------------------------------------+---------------------------------------------------------------+-----------------------------------------------------------------+-----------------------------------------------------------------+--------------+------------+------------+
; -1.594 ; uart_controller:uart_ctrl_inst|uart_tx:tx_inst|timeout_cnt[5] ; uart_controller:uart_ctrl_inst|uart_tx:tx_inst|state.IDLE     ; uart_controller:uart_ctrl_inst|baud_rate_gen:brg_inst|uart_tick ; uart_controller:uart_ctrl_inst|baud_rate_gen:brg_inst|uart_tick ; 1.000        ; 0.001      ; 2.631      ;
; -1.591 ; uart_controller:uart_ctrl_inst|uart_tx:tx_inst|timeout_cnt[5] ; uart_controller:uart_ctrl_inst|uart_tx:tx_inst|state.DATA     ; uart_controller:uart_ctrl_inst|baud_rate_gen:brg_inst|uart_tick ; uart_controller:uart_ctrl_inst|baud_rate_gen:brg_inst|uart_tick ; 1.000        ; 0.001      ; 2.628      ;
; -1.590 ; uart_controller:uart_ctrl_inst|uart_tx:tx_inst|timeout_cnt[4] ; uart_controller:uart_ctrl_inst|uart_tx:tx_inst|state.IDLE     ; uart_controller:uart_ctrl_inst|baud_rate_gen:brg_inst|uart_tick ; uart_controller:uart_ctrl_inst|baud_rate_gen:brg_inst|uart_tick ; 1.000        ; 0.001      ; 2.627      ;
; -1.587 ; uart_controller:uart_ctrl_inst|uart_tx:tx_inst|timeout_cnt[4] ; uart_controller:uart_ctrl_inst|uart_tx:tx_inst|state.DATA     ; uart_controller:uart_ctrl_inst|baud_rate_gen:brg_inst|uart_tick ; uart_controller:uart_ctrl_inst|baud_rate_gen:brg_inst|uart_tick ; 1.000        ; 0.001      ; 2.624      ;
; -1.457 ; uart_controller:uart_ctrl_inst|uart_tx:tx_inst|timeout_cnt[3] ; uart_controller:uart_ctrl_inst|uart_tx:tx_inst|state.IDLE     ; uart_controller:uart_ctrl_inst|baud_rate_gen:brg_inst|uart_tick ; uart_controller:uart_ctrl_inst|baud_rate_gen:brg_inst|uart_tick ; 1.000        ; 0.001      ; 2.494      ;
; -1.454 ; uart_controller:uart_ctrl_inst|uart_tx:tx_inst|timeout_cnt[3] ; uart_controller:uart_ctrl_inst|uart_tx:tx_inst|state.DATA     ; uart_controller:uart_ctrl_inst|baud_rate_gen:brg_inst|uart_tick ; uart_controller:uart_ctrl_inst|baud_rate_gen:brg_inst|uart_tick ; 1.000        ; 0.001      ; 2.491      ;
; -1.448 ; uart_controller:uart_ctrl_inst|uart_tx:tx_inst|timeout_cnt[7] ; uart_controller:uart_ctrl_inst|uart_tx:tx_inst|state.IDLE     ; uart_controller:uart_ctrl_inst|baud_rate_gen:brg_inst|uart_tick ; uart_controller:uart_ctrl_inst|baud_rate_gen:brg_inst|uart_tick ; 1.000        ; 0.001      ; 2.485      ;
; -1.445 ; uart_controller:uart_ctrl_inst|uart_tx:tx_inst|timeout_cnt[7] ; uart_controller:uart_ctrl_inst|uart_tx:tx_inst|state.DATA     ; uart_controller:uart_ctrl_inst|baud_rate_gen:brg_inst|uart_tick ; uart_controller:uart_ctrl_inst|baud_rate_gen:brg_inst|uart_tick ; 1.000        ; 0.001      ; 2.482      ;
; -1.324 ; uart_controller:uart_ctrl_inst|uart_tx:tx_inst|timeout_cnt[2] ; uart_controller:uart_ctrl_inst|uart_tx:tx_inst|state.IDLE     ; uart_controller:uart_ctrl_inst|baud_rate_gen:brg_inst|uart_tick ; uart_controller:uart_ctrl_inst|baud_rate_gen:brg_inst|uart_tick ; 1.000        ; 0.001      ; 2.361      ;
; -1.321 ; uart_controller:uart_ctrl_inst|uart_tx:tx_inst|timeout_cnt[2] ; uart_controller:uart_ctrl_inst|uart_tx:tx_inst|state.DATA     ; uart_controller:uart_ctrl_inst|baud_rate_gen:brg_inst|uart_tick ; uart_controller:uart_ctrl_inst|baud_rate_gen:brg_inst|uart_tick ; 1.000        ; 0.001      ; 2.358      ;
; -1.316 ; uart_controller:uart_ctrl_inst|uart_tx:tx_inst|timeout_cnt[5] ; uart_controller:uart_ctrl_inst|uart_tx:tx_inst|state.STOP     ; uart_controller:uart_ctrl_inst|baud_rate_gen:brg_inst|uart_tick ; uart_controller:uart_ctrl_inst|baud_rate_gen:brg_inst|uart_tick ; 1.000        ; 0.001      ; 2.353      ;
; -1.312 ; uart_controller:uart_ctrl_inst|uart_tx:tx_inst|timeout_cnt[4] ; uart_controller:uart_ctrl_inst|uart_tx:tx_inst|state.STOP     ; uart_controller:uart_ctrl_inst|baud_rate_gen:brg_inst|uart_tick ; uart_controller:uart_ctrl_inst|baud_rate_gen:brg_inst|uart_tick ; 1.000        ; 0.001      ; 2.349      ;
; -1.303 ; uart_controller:uart_ctrl_inst|uart_tx:tx_inst|state.STOP     ; uart_controller:uart_ctrl_inst|uart_tx:tx_inst|tx_reg[1]      ; uart_controller:uart_ctrl_inst|baud_rate_gen:brg_inst|uart_tick ; uart_controller:uart_ctrl_inst|baud_rate_gen:brg_inst|uart_tick ; 1.000        ; -0.001     ; 2.338      ;
; -1.203 ; uart_controller:uart_ctrl_inst|uart_tx:tx_inst|timeout_cnt[6] ; uart_controller:uart_ctrl_inst|uart_tx:tx_inst|state.IDLE     ; uart_controller:uart_ctrl_inst|baud_rate_gen:brg_inst|uart_tick ; uart_controller:uart_ctrl_inst|baud_rate_gen:brg_inst|uart_tick ; 1.000        ; 0.001      ; 2.240      ;
; -1.200 ; uart_controller:uart_ctrl_inst|uart_tx:tx_inst|timeout_cnt[6] ; uart_controller:uart_ctrl_inst|uart_tx:tx_inst|state.DATA     ; uart_controller:uart_ctrl_inst|baud_rate_gen:brg_inst|uart_tick ; uart_controller:uart_ctrl_inst|baud_rate_gen:brg_inst|uart_tick ; 1.000        ; 0.001      ; 2.237      ;
; -1.182 ; uart_controller:uart_ctrl_inst|uart_tx:tx_inst|state.IDLE     ; uart_controller:uart_ctrl_inst|uart_tx:tx_inst|tx_reg[1]      ; uart_controller:uart_ctrl_inst|baud_rate_gen:brg_inst|uart_tick ; uart_controller:uart_ctrl_inst|baud_rate_gen:brg_inst|uart_tick ; 1.000        ; -0.001     ; 2.217      ;
; -1.181 ; uart_controller:uart_ctrl_inst|uart_tx:tx_inst|state.DATA     ; uart_controller:uart_ctrl_inst|uart_tx:tx_inst|state.IDLE     ; uart_controller:uart_ctrl_inst|baud_rate_gen:brg_inst|uart_tick ; uart_controller:uart_ctrl_inst|baud_rate_gen:brg_inst|uart_tick ; 1.000        ; 0.000      ; 2.217      ;
; -1.179 ; uart_controller:uart_ctrl_inst|uart_tx:tx_inst|timeout_cnt[3] ; uart_controller:uart_ctrl_inst|uart_tx:tx_inst|state.STOP     ; uart_controller:uart_ctrl_inst|baud_rate_gen:brg_inst|uart_tick ; uart_controller:uart_ctrl_inst|baud_rate_gen:brg_inst|uart_tick ; 1.000        ; 0.001      ; 2.216      ;
; -1.178 ; uart_controller:uart_ctrl_inst|uart_tx:tx_inst|state.DATA     ; uart_controller:uart_ctrl_inst|uart_tx:tx_inst|state.DATA     ; uart_controller:uart_ctrl_inst|baud_rate_gen:brg_inst|uart_tick ; uart_controller:uart_ctrl_inst|baud_rate_gen:brg_inst|uart_tick ; 1.000        ; 0.000      ; 2.214      ;
; -1.170 ; uart_controller:uart_ctrl_inst|uart_tx:tx_inst|timeout_cnt[7] ; uart_controller:uart_ctrl_inst|uart_tx:tx_inst|state.STOP     ; uart_controller:uart_ctrl_inst|baud_rate_gen:brg_inst|uart_tick ; uart_controller:uart_ctrl_inst|baud_rate_gen:brg_inst|uart_tick ; 1.000        ; 0.001      ; 2.207      ;
; -1.149 ; uart_controller:uart_ctrl_inst|uart_tx:tx_inst|bit_cnt[2]     ; uart_controller:uart_ctrl_inst|uart_tx:tx_inst|state.IDLE     ; uart_controller:uart_ctrl_inst|baud_rate_gen:brg_inst|uart_tick ; uart_controller:uart_ctrl_inst|baud_rate_gen:brg_inst|uart_tick ; 1.000        ; 0.000      ; 2.185      ;
; -1.146 ; uart_controller:uart_ctrl_inst|uart_tx:tx_inst|bit_cnt[2]     ; uart_controller:uart_ctrl_inst|uart_tx:tx_inst|state.DATA     ; uart_controller:uart_ctrl_inst|baud_rate_gen:brg_inst|uart_tick ; uart_controller:uart_ctrl_inst|baud_rate_gen:brg_inst|uart_tick ; 1.000        ; 0.000      ; 2.182      ;
; -1.115 ; uart_controller:uart_ctrl_inst|uart_tx:tx_inst|state.STOP     ; uart_controller:uart_ctrl_inst|uart_tx:tx_inst|tx_reg[0]      ; uart_controller:uart_ctrl_inst|baud_rate_gen:brg_inst|uart_tick ; uart_controller:uart_ctrl_inst|baud_rate_gen:brg_inst|uart_tick ; 1.000        ; 0.028      ; 2.179      ;
; -1.113 ; uart_controller:uart_ctrl_inst|uart_tx:tx_inst|state.STOP     ; uart_controller:uart_ctrl_inst|uart_tx:tx_inst|tx_reg[4]      ; uart_controller:uart_ctrl_inst|baud_rate_gen:brg_inst|uart_tick ; uart_controller:uart_ctrl_inst|baud_rate_gen:brg_inst|uart_tick ; 1.000        ; 0.028      ; 2.177      ;
; -1.089 ; uart_controller:uart_ctrl_inst|uart_tx:tx_inst|state.IDLE     ; uart_controller:uart_ctrl_inst|uart_tx:tx_inst|state.IDLE     ; uart_controller:uart_ctrl_inst|baud_rate_gen:brg_inst|uart_tick ; uart_controller:uart_ctrl_inst|baud_rate_gen:brg_inst|uart_tick ; 1.000        ; 0.000      ; 2.125      ;
; -1.086 ; uart_controller:uart_ctrl_inst|uart_tx:tx_inst|state.IDLE     ; uart_controller:uart_ctrl_inst|uart_tx:tx_inst|state.DATA     ; uart_controller:uart_ctrl_inst|baud_rate_gen:brg_inst|uart_tick ; uart_controller:uart_ctrl_inst|baud_rate_gen:brg_inst|uart_tick ; 1.000        ; 0.000      ; 2.122      ;
; -1.060 ; uart_controller:uart_ctrl_inst|uart_tx:tx_inst|state.STOP     ; uart_controller:uart_ctrl_inst|uart_tx:tx_inst|state.IDLE     ; uart_controller:uart_ctrl_inst|baud_rate_gen:brg_inst|uart_tick ; uart_controller:uart_ctrl_inst|baud_rate_gen:brg_inst|uart_tick ; 1.000        ; 0.000      ; 2.096      ;
; -1.057 ; uart_controller:uart_ctrl_inst|uart_tx:tx_inst|state.STOP     ; uart_controller:uart_ctrl_inst|uart_tx:tx_inst|state.DATA     ; uart_controller:uart_ctrl_inst|baud_rate_gen:brg_inst|uart_tick ; uart_controller:uart_ctrl_inst|baud_rate_gen:brg_inst|uart_tick ; 1.000        ; 0.000      ; 2.093      ;
; -1.046 ; uart_controller:uart_ctrl_inst|uart_tx:tx_inst|timeout_cnt[2] ; uart_controller:uart_ctrl_inst|uart_tx:tx_inst|state.STOP     ; uart_controller:uart_ctrl_inst|baud_rate_gen:brg_inst|uart_tick ; uart_controller:uart_ctrl_inst|baud_rate_gen:brg_inst|uart_tick ; 1.000        ; 0.001      ; 2.083      ;
; -1.039 ; uart_controller:uart_ctrl_inst|uart_tx:tx_inst|bit_cnt[0]     ; uart_controller:uart_ctrl_inst|uart_tx:tx_inst|state.IDLE     ; uart_controller:uart_ctrl_inst|baud_rate_gen:brg_inst|uart_tick ; uart_controller:uart_ctrl_inst|baud_rate_gen:brg_inst|uart_tick ; 1.000        ; 0.000      ; 2.075      ;
; -1.036 ; uart_controller:uart_ctrl_inst|uart_tx:tx_inst|bit_cnt[0]     ; uart_controller:uart_ctrl_inst|uart_tx:tx_inst|state.DATA     ; uart_controller:uart_ctrl_inst|baud_rate_gen:brg_inst|uart_tick ; uart_controller:uart_ctrl_inst|baud_rate_gen:brg_inst|uart_tick ; 1.000        ; 0.000      ; 2.072      ;
; -0.994 ; uart_controller:uart_ctrl_inst|uart_tx:tx_inst|state.IDLE     ; uart_controller:uart_ctrl_inst|uart_tx:tx_inst|tx_reg[0]      ; uart_controller:uart_ctrl_inst|baud_rate_gen:brg_inst|uart_tick ; uart_controller:uart_ctrl_inst|baud_rate_gen:brg_inst|uart_tick ; 1.000        ; 0.028      ; 2.058      ;
; -0.992 ; uart_controller:uart_ctrl_inst|uart_tx:tx_inst|state.IDLE     ; uart_controller:uart_ctrl_inst|uart_tx:tx_inst|tx_reg[4]      ; uart_controller:uart_ctrl_inst|baud_rate_gen:brg_inst|uart_tick ; uart_controller:uart_ctrl_inst|baud_rate_gen:brg_inst|uart_tick ; 1.000        ; 0.028      ; 2.056      ;
; -0.965 ; uart_controller:uart_ctrl_inst|uart_tx:tx_inst|state.STOP     ; uart_controller:uart_ctrl_inst|uart_tx:tx_inst|bit_cnt[1]     ; uart_controller:uart_ctrl_inst|baud_rate_gen:brg_inst|uart_tick ; uart_controller:uart_ctrl_inst|baud_rate_gen:brg_inst|uart_tick ; 1.000        ; 0.000      ; 2.001      ;
; -0.947 ; uart_rx_packet_new:packet_inst|LEDR[15]                       ; uart_controller:uart_ctrl_inst|uart_tx:tx_inst|state.IDLE     ; CLOCK_50                                                        ; uart_controller:uart_ctrl_inst|baud_rate_gen:brg_inst|uart_tick ; 1.000        ; -0.364     ; 1.619      ;
; -0.944 ; uart_rx_packet_new:packet_inst|LEDR[15]                       ; uart_controller:uart_ctrl_inst|uart_tx:tx_inst|state.DATA     ; CLOCK_50                                                        ; uart_controller:uart_ctrl_inst|baud_rate_gen:brg_inst|uart_tick ; 1.000        ; -0.364     ; 1.616      ;
; -0.925 ; uart_controller:uart_ctrl_inst|uart_tx:tx_inst|timeout_cnt[6] ; uart_controller:uart_ctrl_inst|uart_tx:tx_inst|state.STOP     ; uart_controller:uart_ctrl_inst|baud_rate_gen:brg_inst|uart_tick ; uart_controller:uart_ctrl_inst|baud_rate_gen:brg_inst|uart_tick ; 1.000        ; 0.001      ; 1.962      ;
; -0.919 ; uart_controller:uart_ctrl_inst|uart_tx:tx_inst|timeout_cnt[0] ; uart_controller:uart_ctrl_inst|uart_tx:tx_inst|timeout_cnt[7] ; uart_controller:uart_ctrl_inst|baud_rate_gen:brg_inst|uart_tick ; uart_controller:uart_ctrl_inst|baud_rate_gen:brg_inst|uart_tick ; 1.000        ; 0.000      ; 1.955      ;
; -0.909 ; uart_controller:uart_ctrl_inst|uart_tx:tx_inst|timeout_cnt[2] ; uart_controller:uart_ctrl_inst|uart_tx:tx_inst|timeout_cnt[7] ; uart_controller:uart_ctrl_inst|baud_rate_gen:brg_inst|uart_tick ; uart_controller:uart_ctrl_inst|baud_rate_gen:brg_inst|uart_tick ; 1.000        ; 0.000      ; 1.945      ;
; -0.890 ; uart_controller:uart_ctrl_inst|uart_tx:tx_inst|state.START    ; uart_controller:uart_ctrl_inst|uart_tx:tx_inst|state.IDLE     ; uart_controller:uart_ctrl_inst|baud_rate_gen:brg_inst|uart_tick ; uart_controller:uart_ctrl_inst|baud_rate_gen:brg_inst|uart_tick ; 1.000        ; 0.000      ; 1.926      ;
; -0.887 ; uart_controller:uart_ctrl_inst|uart_tx:tx_inst|state.START    ; uart_controller:uart_ctrl_inst|uart_tx:tx_inst|state.DATA     ; uart_controller:uart_ctrl_inst|baud_rate_gen:brg_inst|uart_tick ; uart_controller:uart_ctrl_inst|baud_rate_gen:brg_inst|uart_tick ; 1.000        ; 0.000      ; 1.923      ;
; -0.884 ; uart_controller:uart_ctrl_inst|uart_tx:tx_inst|bit_cnt[1]     ; uart_controller:uart_ctrl_inst|uart_tx:tx_inst|state.IDLE     ; uart_controller:uart_ctrl_inst|baud_rate_gen:brg_inst|uart_tick ; uart_controller:uart_ctrl_inst|baud_rate_gen:brg_inst|uart_tick ; 1.000        ; 0.000      ; 1.920      ;
; -0.881 ; uart_controller:uart_ctrl_inst|uart_tx:tx_inst|bit_cnt[1]     ; uart_controller:uart_ctrl_inst|uart_tx:tx_inst|state.DATA     ; uart_controller:uart_ctrl_inst|baud_rate_gen:brg_inst|uart_tick ; uart_controller:uart_ctrl_inst|baud_rate_gen:brg_inst|uart_tick ; 1.000        ; 0.000      ; 1.917      ;
; -0.848 ; uart_controller:uart_ctrl_inst|uart_tx:tx_inst|timeout_cnt[0] ; uart_controller:uart_ctrl_inst|uart_tx:tx_inst|timeout_cnt[6] ; uart_controller:uart_ctrl_inst|baud_rate_gen:brg_inst|uart_tick ; uart_controller:uart_ctrl_inst|baud_rate_gen:brg_inst|uart_tick ; 1.000        ; 0.000      ; 1.884      ;
; -0.838 ; uart_controller:uart_ctrl_inst|uart_tx:tx_inst|timeout_cnt[2] ; uart_controller:uart_ctrl_inst|uart_tx:tx_inst|timeout_cnt[6] ; uart_controller:uart_ctrl_inst|baud_rate_gen:brg_inst|uart_tick ; uart_controller:uart_ctrl_inst|baud_rate_gen:brg_inst|uart_tick ; 1.000        ; 0.000      ; 1.874      ;
; -0.811 ; uart_controller:uart_ctrl_inst|uart_tx:tx_inst|state.IDLE     ; uart_controller:uart_ctrl_inst|uart_tx:tx_inst|state.STOP     ; uart_controller:uart_ctrl_inst|baud_rate_gen:brg_inst|uart_tick ; uart_controller:uart_ctrl_inst|baud_rate_gen:brg_inst|uart_tick ; 1.000        ; 0.000      ; 1.847      ;
; -0.805 ; uart_controller:uart_ctrl_inst|uart_tx:tx_inst|timeout_cnt[1] ; uart_controller:uart_ctrl_inst|uart_tx:tx_inst|timeout_cnt[7] ; uart_controller:uart_ctrl_inst|baud_rate_gen:brg_inst|uart_tick ; uart_controller:uart_ctrl_inst|baud_rate_gen:brg_inst|uart_tick ; 1.000        ; 0.000      ; 1.841      ;
; -0.777 ; uart_controller:uart_ctrl_inst|uart_tx:tx_inst|timeout_cnt[0] ; uart_controller:uart_ctrl_inst|uart_tx:tx_inst|timeout_cnt[5] ; uart_controller:uart_ctrl_inst|baud_rate_gen:brg_inst|uart_tick ; uart_controller:uart_ctrl_inst|baud_rate_gen:brg_inst|uart_tick ; 1.000        ; 0.000      ; 1.813      ;
; -0.767 ; uart_controller:uart_ctrl_inst|uart_tx:tx_inst|timeout_cnt[2] ; uart_controller:uart_ctrl_inst|uart_tx:tx_inst|timeout_cnt[5] ; uart_controller:uart_ctrl_inst|baud_rate_gen:brg_inst|uart_tick ; uart_controller:uart_ctrl_inst|baud_rate_gen:brg_inst|uart_tick ; 1.000        ; 0.000      ; 1.803      ;
; -0.746 ; uart_controller:uart_ctrl_inst|uart_tx:tx_inst|state.DATA     ; uart_controller:uart_ctrl_inst|uart_tx:tx_inst|bit_cnt[2]     ; uart_controller:uart_ctrl_inst|baud_rate_gen:brg_inst|uart_tick ; uart_controller:uart_ctrl_inst|baud_rate_gen:brg_inst|uart_tick ; 1.000        ; 0.000      ; 1.782      ;
; -0.734 ; uart_controller:uart_ctrl_inst|uart_tx:tx_inst|timeout_cnt[1] ; uart_controller:uart_ctrl_inst|uart_tx:tx_inst|timeout_cnt[6] ; uart_controller:uart_ctrl_inst|baud_rate_gen:brg_inst|uart_tick ; uart_controller:uart_ctrl_inst|baud_rate_gen:brg_inst|uart_tick ; 1.000        ; 0.000      ; 1.770      ;
; -0.733 ; uart_controller:uart_ctrl_inst|uart_tx:tx_inst|state.STOP     ; uart_controller:uart_ctrl_inst|uart_tx:tx_inst|bit_cnt[2]     ; uart_controller:uart_ctrl_inst|baud_rate_gen:brg_inst|uart_tick ; uart_controller:uart_ctrl_inst|baud_rate_gen:brg_inst|uart_tick ; 1.000        ; 0.000      ; 1.769      ;
; -0.731 ; uart_controller:uart_ctrl_inst|uart_tx:tx_inst|state.STOP     ; uart_controller:uart_ctrl_inst|uart_tx:tx_inst|bit_cnt[0]     ; uart_controller:uart_ctrl_inst|baud_rate_gen:brg_inst|uart_tick ; uart_controller:uart_ctrl_inst|baud_rate_gen:brg_inst|uart_tick ; 1.000        ; 0.000      ; 1.767      ;
; -0.717 ; uart_controller:uart_ctrl_inst|uart_tx:tx_inst|bit_cnt[2]     ; uart_controller:uart_ctrl_inst|uart_tx:tx_inst|bit_cnt[2]     ; uart_controller:uart_ctrl_inst|baud_rate_gen:brg_inst|uart_tick ; uart_controller:uart_ctrl_inst|baud_rate_gen:brg_inst|uart_tick ; 1.000        ; 0.000      ; 1.753      ;
; -0.706 ; uart_controller:uart_ctrl_inst|uart_tx:tx_inst|timeout_cnt[0] ; uart_controller:uart_ctrl_inst|uart_tx:tx_inst|timeout_cnt[4] ; uart_controller:uart_ctrl_inst|baud_rate_gen:brg_inst|uart_tick ; uart_controller:uart_ctrl_inst|baud_rate_gen:brg_inst|uart_tick ; 1.000        ; 0.000      ; 1.742      ;
; -0.706 ; uart_controller:uart_ctrl_inst|uart_tx:tx_inst|state.STOP     ; uart_controller:uart_ctrl_inst|uart_tx:tx_inst|tx_reg[3]      ; uart_controller:uart_ctrl_inst|baud_rate_gen:brg_inst|uart_tick ; uart_controller:uart_ctrl_inst|baud_rate_gen:brg_inst|uart_tick ; 1.000        ; 0.028      ; 1.770      ;
; -0.705 ; uart_controller:uart_ctrl_inst|uart_tx:tx_inst|state.STOP     ; uart_controller:uart_ctrl_inst|uart_tx:tx_inst|tx_reg[2]      ; uart_controller:uart_ctrl_inst|baud_rate_gen:brg_inst|uart_tick ; uart_controller:uart_ctrl_inst|baud_rate_gen:brg_inst|uart_tick ; 1.000        ; 0.028      ; 1.769      ;
; -0.696 ; uart_controller:uart_ctrl_inst|uart_tx:tx_inst|timeout_cnt[2] ; uart_controller:uart_ctrl_inst|uart_tx:tx_inst|timeout_cnt[4] ; uart_controller:uart_ctrl_inst|baud_rate_gen:brg_inst|uart_tick ; uart_controller:uart_ctrl_inst|baud_rate_gen:brg_inst|uart_tick ; 1.000        ; 0.000      ; 1.732      ;
; -0.694 ; uart_controller:uart_ctrl_inst|uart_tx:tx_inst|state.STOP     ; uart_controller:uart_ctrl_inst|uart_tx:tx_inst|tx             ; uart_controller:uart_ctrl_inst|baud_rate_gen:brg_inst|uart_tick ; uart_controller:uart_ctrl_inst|baud_rate_gen:brg_inst|uart_tick ; 1.000        ; 0.000      ; 1.730      ;
; -0.678 ; uart_controller:uart_ctrl_inst|uart_tx:tx_inst|state.START    ; uart_controller:uart_ctrl_inst|uart_tx:tx_inst|tx_reg[4]      ; uart_controller:uart_ctrl_inst|baud_rate_gen:brg_inst|uart_tick ; uart_controller:uart_ctrl_inst|baud_rate_gen:brg_inst|uart_tick ; 1.000        ; 0.028      ; 1.742      ;
; -0.676 ; uart_controller:uart_ctrl_inst|uart_tx:tx_inst|timeout_cnt[5] ; uart_controller:uart_ctrl_inst|uart_tx:tx_inst|timeout_cnt[7] ; uart_controller:uart_ctrl_inst|baud_rate_gen:brg_inst|uart_tick ; uart_controller:uart_ctrl_inst|baud_rate_gen:brg_inst|uart_tick ; 1.000        ; 0.000      ; 1.712      ;
; -0.667 ; uart_controller:uart_ctrl_inst|uart_tx:tx_inst|timeout_cnt[3] ; uart_controller:uart_ctrl_inst|uart_tx:tx_inst|timeout_cnt[7] ; uart_controller:uart_ctrl_inst|baud_rate_gen:brg_inst|uart_tick ; uart_controller:uart_ctrl_inst|baud_rate_gen:brg_inst|uart_tick ; 1.000        ; 0.000      ; 1.703      ;
; -0.663 ; uart_controller:uart_ctrl_inst|uart_tx:tx_inst|timeout_cnt[1] ; uart_controller:uart_ctrl_inst|uart_tx:tx_inst|timeout_cnt[5] ; uart_controller:uart_ctrl_inst|baud_rate_gen:brg_inst|uart_tick ; uart_controller:uart_ctrl_inst|baud_rate_gen:brg_inst|uart_tick ; 1.000        ; 0.000      ; 1.699      ;
; -0.635 ; uart_controller:uart_ctrl_inst|uart_tx:tx_inst|timeout_cnt[0] ; uart_controller:uart_ctrl_inst|uart_tx:tx_inst|timeout_cnt[3] ; uart_controller:uart_ctrl_inst|baud_rate_gen:brg_inst|uart_tick ; uart_controller:uart_ctrl_inst|baud_rate_gen:brg_inst|uart_tick ; 1.000        ; 0.000      ; 1.671      ;
; -0.625 ; uart_controller:uart_ctrl_inst|uart_tx:tx_inst|timeout_cnt[2] ; uart_controller:uart_ctrl_inst|uart_tx:tx_inst|timeout_cnt[3] ; uart_controller:uart_ctrl_inst|baud_rate_gen:brg_inst|uart_tick ; uart_controller:uart_ctrl_inst|baud_rate_gen:brg_inst|uart_tick ; 1.000        ; 0.000      ; 1.661      ;
; -0.610 ; uart_controller:uart_ctrl_inst|uart_tx:tx_inst|state.DATA     ; uart_controller:uart_ctrl_inst|uart_tx:tx_inst|state.STOP     ; uart_controller:uart_ctrl_inst|baud_rate_gen:brg_inst|uart_tick ; uart_controller:uart_ctrl_inst|baud_rate_gen:brg_inst|uart_tick ; 1.000        ; 0.000      ; 1.646      ;
; -0.605 ; uart_controller:uart_ctrl_inst|uart_tx:tx_inst|timeout_cnt[5] ; uart_controller:uart_ctrl_inst|uart_tx:tx_inst|timeout_cnt[6] ; uart_controller:uart_ctrl_inst|baud_rate_gen:brg_inst|uart_tick ; uart_controller:uart_ctrl_inst|baud_rate_gen:brg_inst|uart_tick ; 1.000        ; 0.000      ; 1.641      ;
; -0.596 ; uart_controller:uart_ctrl_inst|uart_tx:tx_inst|timeout_cnt[3] ; uart_controller:uart_ctrl_inst|uart_tx:tx_inst|timeout_cnt[6] ; uart_controller:uart_ctrl_inst|baud_rate_gen:brg_inst|uart_tick ; uart_controller:uart_ctrl_inst|baud_rate_gen:brg_inst|uart_tick ; 1.000        ; 0.000      ; 1.632      ;
; -0.592 ; uart_controller:uart_ctrl_inst|uart_tx:tx_inst|timeout_cnt[1] ; uart_controller:uart_ctrl_inst|uart_tx:tx_inst|timeout_cnt[4] ; uart_controller:uart_ctrl_inst|baud_rate_gen:brg_inst|uart_tick ; uart_controller:uart_ctrl_inst|baud_rate_gen:brg_inst|uart_tick ; 1.000        ; 0.000      ; 1.628      ;
; -0.585 ; uart_controller:uart_ctrl_inst|uart_tx:tx_inst|state.IDLE     ; uart_controller:uart_ctrl_inst|uart_tx:tx_inst|tx_reg[3]      ; uart_controller:uart_ctrl_inst|baud_rate_gen:brg_inst|uart_tick ; uart_controller:uart_ctrl_inst|baud_rate_gen:brg_inst|uart_tick ; 1.000        ; 0.028      ; 1.649      ;
; -0.584 ; uart_controller:uart_ctrl_inst|uart_tx:tx_inst|bit_cnt[0]     ; uart_controller:uart_ctrl_inst|uart_tx:tx_inst|bit_cnt[2]     ; uart_controller:uart_ctrl_inst|baud_rate_gen:brg_inst|uart_tick ; uart_controller:uart_ctrl_inst|baud_rate_gen:brg_inst|uart_tick ; 1.000        ; 0.000      ; 1.620      ;
; -0.584 ; uart_controller:uart_ctrl_inst|uart_tx:tx_inst|state.IDLE     ; uart_controller:uart_ctrl_inst|uart_tx:tx_inst|tx_reg[2]      ; uart_controller:uart_ctrl_inst|baud_rate_gen:brg_inst|uart_tick ; uart_controller:uart_ctrl_inst|baud_rate_gen:brg_inst|uart_tick ; 1.000        ; 0.028      ; 1.648      ;
; -0.578 ; uart_controller:uart_ctrl_inst|uart_tx:tx_inst|state.START    ; uart_controller:uart_ctrl_inst|uart_tx:tx_inst|bit_cnt[1]     ; uart_controller:uart_ctrl_inst|baud_rate_gen:brg_inst|uart_tick ; uart_controller:uart_ctrl_inst|baud_rate_gen:brg_inst|uart_tick ; 1.000        ; 0.000      ; 1.614      ;
; -0.578 ; uart_controller:uart_ctrl_inst|uart_tx:tx_inst|bit_cnt[2]     ; uart_controller:uart_ctrl_inst|uart_tx:tx_inst|state.STOP     ; uart_controller:uart_ctrl_inst|baud_rate_gen:brg_inst|uart_tick ; uart_controller:uart_ctrl_inst|baud_rate_gen:brg_inst|uart_tick ; 1.000        ; 0.000      ; 1.614      ;
; -0.564 ; uart_controller:uart_ctrl_inst|uart_tx:tx_inst|timeout_cnt[0] ; uart_controller:uart_ctrl_inst|uart_tx:tx_inst|timeout_cnt[2] ; uart_controller:uart_ctrl_inst|baud_rate_gen:brg_inst|uart_tick ; uart_controller:uart_ctrl_inst|baud_rate_gen:brg_inst|uart_tick ; 1.000        ; 0.000      ; 1.600      ;
; -0.556 ; uart_controller:uart_ctrl_inst|uart_tx:tx_inst|timeout_cnt[4] ; uart_controller:uart_ctrl_inst|uart_tx:tx_inst|timeout_cnt[7] ; uart_controller:uart_ctrl_inst|baud_rate_gen:brg_inst|uart_tick ; uart_controller:uart_ctrl_inst|baud_rate_gen:brg_inst|uart_tick ; 1.000        ; 0.000      ; 1.592      ;
; -0.525 ; uart_controller:uart_ctrl_inst|uart_tx:tx_inst|timeout_cnt[3] ; uart_controller:uart_ctrl_inst|uart_tx:tx_inst|timeout_cnt[5] ; uart_controller:uart_ctrl_inst|baud_rate_gen:brg_inst|uart_tick ; uart_controller:uart_ctrl_inst|baud_rate_gen:brg_inst|uart_tick ; 1.000        ; 0.000      ; 1.561      ;
; -0.521 ; uart_controller:uart_ctrl_inst|uart_tx:tx_inst|timeout_cnt[1] ; uart_controller:uart_ctrl_inst|uart_tx:tx_inst|timeout_cnt[3] ; uart_controller:uart_ctrl_inst|baud_rate_gen:brg_inst|uart_tick ; uart_controller:uart_ctrl_inst|baud_rate_gen:brg_inst|uart_tick ; 1.000        ; 0.000      ; 1.557      ;
; -0.493 ; uart_controller:uart_ctrl_inst|uart_tx:tx_inst|timeout_cnt[0] ; uart_controller:uart_ctrl_inst|uart_tx:tx_inst|timeout_cnt[1] ; uart_controller:uart_ctrl_inst|baud_rate_gen:brg_inst|uart_tick ; uart_controller:uart_ctrl_inst|baud_rate_gen:brg_inst|uart_tick ; 1.000        ; 0.000      ; 1.529      ;
; -0.488 ; uart_controller:uart_ctrl_inst|uart_tx:tx_inst|state.DATA     ; uart_controller:uart_ctrl_inst|uart_tx:tx_inst|tx_reg[3]      ; uart_controller:uart_ctrl_inst|baud_rate_gen:brg_inst|uart_tick ; uart_controller:uart_ctrl_inst|baud_rate_gen:brg_inst|uart_tick ; 1.000        ; 0.028      ; 1.552      ;
; -0.485 ; uart_controller:uart_ctrl_inst|uart_tx:tx_inst|timeout_cnt[4] ; uart_controller:uart_ctrl_inst|uart_tx:tx_inst|timeout_cnt[6] ; uart_controller:uart_ctrl_inst|baud_rate_gen:brg_inst|uart_tick ; uart_controller:uart_ctrl_inst|baud_rate_gen:brg_inst|uart_tick ; 1.000        ; 0.000      ; 1.521      ;
; -0.484 ; uart_controller:uart_ctrl_inst|uart_tx:tx_inst|state.DATA     ; uart_controller:uart_ctrl_inst|uart_tx:tx_inst|tx_reg[2]      ; uart_controller:uart_ctrl_inst|baud_rate_gen:brg_inst|uart_tick ; uart_controller:uart_ctrl_inst|baud_rate_gen:brg_inst|uart_tick ; 1.000        ; 0.028      ; 1.548      ;
; -0.468 ; uart_controller:uart_ctrl_inst|uart_tx:tx_inst|bit_cnt[0]     ; uart_controller:uart_ctrl_inst|uart_tx:tx_inst|state.STOP     ; uart_controller:uart_ctrl_inst|baud_rate_gen:brg_inst|uart_tick ; uart_controller:uart_ctrl_inst|baud_rate_gen:brg_inst|uart_tick ; 1.000        ; 0.000      ; 1.504      ;
; -0.454 ; uart_controller:uart_ctrl_inst|uart_tx:tx_inst|timeout_cnt[3] ; uart_controller:uart_ctrl_inst|uart_tx:tx_inst|timeout_cnt[4] ; uart_controller:uart_ctrl_inst|baud_rate_gen:brg_inst|uart_tick ; uart_controller:uart_ctrl_inst|baud_rate_gen:brg_inst|uart_tick ; 1.000        ; 0.000      ; 1.490      ;
; -0.450 ; uart_controller:uart_ctrl_inst|uart_tx:tx_inst|timeout_cnt[1] ; uart_controller:uart_ctrl_inst|uart_tx:tx_inst|timeout_cnt[2] ; uart_controller:uart_ctrl_inst|baud_rate_gen:brg_inst|uart_tick ; uart_controller:uart_ctrl_inst|baud_rate_gen:brg_inst|uart_tick ; 1.000        ; 0.000      ; 1.486      ;
; -0.431 ; uart_controller:uart_ctrl_inst|uart_tx:tx_inst|bit_cnt[1]     ; uart_controller:uart_ctrl_inst|uart_tx:tx_inst|bit_cnt[2]     ; uart_controller:uart_ctrl_inst|baud_rate_gen:brg_inst|uart_tick ; uart_controller:uart_ctrl_inst|baud_rate_gen:brg_inst|uart_tick ; 1.000        ; 0.000      ; 1.467      ;
; -0.415 ; uart_controller:uart_ctrl_inst|uart_tx:tx_inst|timeout_cnt[6] ; uart_controller:uart_ctrl_inst|uart_tx:tx_inst|timeout_cnt[7] ; uart_controller:uart_ctrl_inst|baud_rate_gen:brg_inst|uart_tick ; uart_controller:uart_ctrl_inst|baud_rate_gen:brg_inst|uart_tick ; 1.000        ; 0.000      ; 1.451      ;
; -0.414 ; uart_controller:uart_ctrl_inst|uart_tx:tx_inst|timeout_cnt[4] ; uart_controller:uart_ctrl_inst|uart_tx:tx_inst|timeout_cnt[5] ; uart_controller:uart_ctrl_inst|baud_rate_gen:brg_inst|uart_tick ; uart_controller:uart_ctrl_inst|baud_rate_gen:brg_inst|uart_tick ; 1.000        ; 0.000      ; 1.450      ;
; -0.313 ; uart_controller:uart_ctrl_inst|uart_tx:tx_inst|state.DATA     ; uart_controller:uart_ctrl_inst|uart_tx:tx_inst|tx_reg[1]      ; uart_controller:uart_ctrl_inst|baud_rate_gen:brg_inst|uart_tick ; uart_controller:uart_ctrl_inst|baud_rate_gen:brg_inst|uart_tick ; 1.000        ; -0.001     ; 1.348      ;
; -0.313 ; uart_controller:uart_ctrl_inst|uart_tx:tx_inst|bit_cnt[1]     ; uart_controller:uart_ctrl_inst|uart_tx:tx_inst|state.STOP     ; uart_controller:uart_ctrl_inst|baud_rate_gen:brg_inst|uart_tick ; uart_controller:uart_ctrl_inst|baud_rate_gen:brg_inst|uart_tick ; 1.000        ; 0.000      ; 1.349      ;
; -0.309 ; uart_controller:uart_ctrl_inst|uart_tx:tx_inst|state.DATA     ; uart_controller:uart_ctrl_inst|uart_tx:tx_inst|tx_reg[0]      ; uart_controller:uart_ctrl_inst|baud_rate_gen:brg_inst|uart_tick ; uart_controller:uart_ctrl_inst|baud_rate_gen:brg_inst|uart_tick ; 1.000        ; 0.028      ; 1.373      ;
; -0.299 ; uart_rx_packet_new:packet_inst|tx_data[0]                     ; uart_controller:uart_ctrl_inst|uart_tx:tx_inst|tx_reg[0]      ; CLOCK_50                                                        ; uart_controller:uart_ctrl_inst|baud_rate_gen:brg_inst|uart_tick ; 1.000        ; -0.364     ; 0.971      ;
; -0.250 ; uart_controller:uart_ctrl_inst|uart_tx:tx_inst|tx_reg[2]      ; uart_controller:uart_ctrl_inst|uart_tx:tx_inst|tx_reg[1]      ; uart_controller:uart_ctrl_inst|baud_rate_gen:brg_inst|uart_tick ; uart_controller:uart_ctrl_inst|baud_rate_gen:brg_inst|uart_tick ; 1.000        ; -0.029     ; 1.257      ;
; -0.248 ; uart_controller:uart_ctrl_inst|uart_tx:tx_inst|state.DATA     ; uart_controller:uart_ctrl_inst|uart_tx:tx_inst|bit_cnt[1]     ; uart_controller:uart_ctrl_inst|baud_rate_gen:brg_inst|uart_tick ; uart_controller:uart_ctrl_inst|baud_rate_gen:brg_inst|uart_tick ; 1.000        ; 0.000      ; 1.284      ;
; -0.248 ; uart_controller:uart_ctrl_inst|uart_tx:tx_inst|state.DATA     ; uart_controller:uart_ctrl_inst|uart_tx:tx_inst|bit_cnt[0]     ; uart_controller:uart_ctrl_inst|baud_rate_gen:brg_inst|uart_tick ; uart_controller:uart_ctrl_inst|baud_rate_gen:brg_inst|uart_tick ; 1.000        ; 0.000      ; 1.284      ;
; -0.247 ; uart_controller:uart_ctrl_inst|uart_tx:tx_inst|bit_cnt[0]     ; uart_controller:uart_ctrl_inst|uart_tx:tx_inst|bit_cnt[1]     ; uart_controller:uart_ctrl_inst|baud_rate_gen:brg_inst|uart_tick ; uart_controller:uart_ctrl_inst|baud_rate_gen:brg_inst|uart_tick ; 1.000        ; 0.000      ; 1.283      ;
; -0.239 ; uart_controller:uart_ctrl_inst|uart_tx:tx_inst|state.DATA     ; uart_controller:uart_ctrl_inst|uart_tx:tx_inst|tx             ; uart_controller:uart_ctrl_inst|baud_rate_gen:brg_inst|uart_tick ; uart_controller:uart_ctrl_inst|baud_rate_gen:brg_inst|uart_tick ; 1.000        ; 0.000      ; 1.275      ;
; -0.239 ; uart_controller:uart_ctrl_inst|uart_tx:tx_inst|timeout_cnt[2] ; uart_controller:uart_ctrl_inst|uart_tx:tx_inst|timeout_cnt[2] ; uart_controller:uart_ctrl_inst|baud_rate_gen:brg_inst|uart_tick ; uart_controller:uart_ctrl_inst|baud_rate_gen:brg_inst|uart_tick ; 1.000        ; 0.000      ; 1.275      ;
; -0.232 ; uart_controller:uart_ctrl_inst|uart_tx:tx_inst|tx_reg[0]      ; uart_controller:uart_ctrl_inst|uart_tx:tx_inst|tx             ; uart_controller:uart_ctrl_inst|baud_rate_gen:brg_inst|uart_tick ; uart_controller:uart_ctrl_inst|baud_rate_gen:brg_inst|uart_tick ; 1.000        ; -0.028     ; 1.240      ;
; -0.222 ; uart_controller:uart_ctrl_inst|uart_tx:tx_inst|timeout_cnt[5] ; uart_controller:uart_ctrl_inst|uart_tx:tx_inst|timeout_cnt[5] ; uart_controller:uart_ctrl_inst|baud_rate_gen:brg_inst|uart_tick ; uart_controller:uart_ctrl_inst|baud_rate_gen:brg_inst|uart_tick ; 1.000        ; 0.000      ; 1.258      ;
+--------+---------------------------------------------------------------+---------------------------------------------------------------+-----------------------------------------------------------------+-----------------------------------------------------------------+--------------+------------+------------+


+------------------------------------------------------------------------------------------------------------------------------------------------------------------------------------------------------------------------------------------------------------------------------+
; Slow Model Hold: 'CLOCK_50'                                                                                                                                                                                                                                                  ;
+-------+-----------------------------------------------------------------------+-----------------------------------------------------------------------+---------------------------------------------------------------+-------------+--------------+------------+------------+
; Slack ; From Node                                                             ; To Node                                                               ; Launch Clock                                                  ; Latch Clock ; Relationship ; Clock Skew ; Data Delay ;
+-------+-----------------------------------------------------------------------+-----------------------------------------------------------------------+---------------------------------------------------------------+-------------+--------------+------------+------------+
; 0.320 ; uart_controller:uart_ctrl_inst|uart_rx:rx_inst|data_out[5]            ; uart_rx_packet_new:packet_inst|crc_rec[5]                             ; uart_controller:uart_ctrl_inst|baud_rate_gen:brg_inst|ov_tick ; CLOCK_50    ; 0.000        ; 0.365      ; 0.951      ;
; 0.391 ; sram_packet_writer:sram_writer_inst|packet_cnt[0]                     ; sram_packet_writer:sram_writer_inst|packet_cnt[0]                     ; CLOCK_50                                                      ; CLOCK_50    ; 0.000        ; 0.000      ; 0.657      ;
; 0.391 ; sram_packet_writer:sram_writer_inst|current_state.FINISH              ; sram_packet_writer:sram_writer_inst|current_state.FINISH              ; CLOCK_50                                                      ; CLOCK_50    ; 0.000        ; 0.000      ; 0.657      ;
; 0.391 ; uart_controller:uart_ctrl_inst|baud_rate_gen:brg_inst|ov_counter[1]   ; uart_controller:uart_ctrl_inst|baud_rate_gen:brg_inst|ov_counter[1]   ; CLOCK_50                                                      ; CLOCK_50    ; 0.000        ; 0.000      ; 0.657      ;
; 0.391 ; uart_rx_packet_new:packet_inst|state.REC_CRC8                         ; uart_rx_packet_new:packet_inst|state.REC_CRC8                         ; CLOCK_50                                                      ; CLOCK_50    ; 0.000        ; 0.000      ; 0.657      ;
; 0.391 ; uart_rx_packet_new:packet_inst|byte_cnt[2]                            ; uart_rx_packet_new:packet_inst|byte_cnt[2]                            ; CLOCK_50                                                      ; CLOCK_50    ; 0.000        ; 0.000      ; 0.657      ;
; 0.391 ; uart_rx_packet_new:packet_inst|byte_cnt[3]                            ; uart_rx_packet_new:packet_inst|byte_cnt[3]                            ; CLOCK_50                                                      ; CLOCK_50    ; 0.000        ; 0.000      ; 0.657      ;
; 0.391 ; uart_rx_packet_new:packet_inst|byte_cnt[4]                            ; uart_rx_packet_new:packet_inst|byte_cnt[4]                            ; CLOCK_50                                                      ; CLOCK_50    ; 0.000        ; 0.000      ; 0.657      ;
; 0.391 ; uart_rx_packet_new:packet_inst|byte_cnt[5]                            ; uart_rx_packet_new:packet_inst|byte_cnt[5]                            ; CLOCK_50                                                      ; CLOCK_50    ; 0.000        ; 0.000      ; 0.657      ;
; 0.391 ; uart_rx_packet_new:packet_inst|byte_cnt[6]                            ; uart_rx_packet_new:packet_inst|byte_cnt[6]                            ; CLOCK_50                                                      ; CLOCK_50    ; 0.000        ; 0.000      ; 0.657      ;
; 0.391 ; uart_rx_packet_new:packet_inst|byte_cnt[7]                            ; uart_rx_packet_new:packet_inst|byte_cnt[7]                            ; CLOCK_50                                                      ; CLOCK_50    ; 0.000        ; 0.000      ; 0.657      ;
; 0.391 ; uart_rx_packet_new:packet_inst|state.DATA                             ; uart_rx_packet_new:packet_inst|state.DATA                             ; CLOCK_50                                                      ; CLOCK_50    ; 0.000        ; 0.000      ; 0.657      ;
; 0.391 ; uart_rx_packet_new:packet_inst|byte_cnt[0]                            ; uart_rx_packet_new:packet_inst|byte_cnt[0]                            ; CLOCK_50                                                      ; CLOCK_50    ; 0.000        ; 0.000      ; 0.657      ;
; 0.391 ; uart_rx_packet_new:packet_inst|byte_cnt[1]                            ; uart_rx_packet_new:packet_inst|byte_cnt[1]                            ; CLOCK_50                                                      ; CLOCK_50    ; 0.000        ; 0.000      ; 0.657      ;
; 0.391 ; uart_rx_packet_new:packet_inst|state.WAIT_SEND                        ; uart_rx_packet_new:packet_inst|state.WAIT_SEND                        ; CLOCK_50                                                      ; CLOCK_50    ; 0.000        ; 0.000      ; 0.657      ;
; 0.391 ; uart_rx_packet_new:packet_inst|crc[0]                                 ; uart_rx_packet_new:packet_inst|crc[0]                                 ; CLOCK_50                                                      ; CLOCK_50    ; 0.000        ; 0.000      ; 0.657      ;
; 0.391 ; uart_rx_packet_new:packet_inst|crc[2]                                 ; uart_rx_packet_new:packet_inst|crc[2]                                 ; CLOCK_50                                                      ; CLOCK_50    ; 0.000        ; 0.000      ; 0.657      ;
; 0.391 ; uart_rx_packet_new:packet_inst|crc[4]                                 ; uart_rx_packet_new:packet_inst|crc[4]                                 ; CLOCK_50                                                      ; CLOCK_50    ; 0.000        ; 0.000      ; 0.657      ;
; 0.391 ; uart_rx_packet_new:packet_inst|crc[6]                                 ; uart_rx_packet_new:packet_inst|crc[6]                                 ; CLOCK_50                                                      ; CLOCK_50    ; 0.000        ; 0.000      ; 0.657      ;
; 0.391 ; uart_rx_packet_new:packet_inst|state.NACK                             ; uart_rx_packet_new:packet_inst|state.NACK                             ; CLOCK_50                                                      ; CLOCK_50    ; 0.000        ; 0.000      ; 0.657      ;
; 0.391 ; uart_controller:uart_ctrl_inst|baud_rate_gen:brg_inst|uart_counter[0] ; uart_controller:uart_ctrl_inst|baud_rate_gen:brg_inst|uart_counter[0] ; CLOCK_50                                                      ; CLOCK_50    ; 0.000        ; 0.000      ; 0.657      ;
; 0.391 ; uart_controller:uart_ctrl_inst|baud_rate_gen:brg_inst|uart_counter[1] ; uart_controller:uart_ctrl_inst|baud_rate_gen:brg_inst|uart_counter[1] ; CLOCK_50                                                      ; CLOCK_50    ; 0.000        ; 0.000      ; 0.657      ;
; 0.391 ; uart_controller:uart_ctrl_inst|baud_rate_gen:brg_inst|uart_counter[2] ; uart_controller:uart_ctrl_inst|baud_rate_gen:brg_inst|uart_counter[2] ; CLOCK_50                                                      ; CLOCK_50    ; 0.000        ; 0.000      ; 0.657      ;
; 0.391 ; sram_packet_writer:sram_writer_inst|current_state.IDLE                ; sram_packet_writer:sram_writer_inst|current_state.IDLE                ; CLOCK_50                                                      ; CLOCK_50    ; 0.000        ; 0.000      ; 0.657      ;
; 0.391 ; packet_cnt[0]                                                         ; packet_cnt[0]                                                         ; CLOCK_50                                                      ; CLOCK_50    ; 0.000        ; 0.000      ; 0.657      ;
; 0.443 ; uart_controller:uart_ctrl_inst|uart_rx:rx_inst|data_out[3]            ; uart_rx_packet_new:packet_inst|crc_rec[3]                             ; uart_controller:uart_ctrl_inst|baud_rate_gen:brg_inst|ov_tick ; CLOCK_50    ; 0.000        ; 0.364      ; 1.073      ;
; 0.527 ; packet_cnt[11]                                                        ; packet_cnt[11]                                                        ; CLOCK_50                                                      ; CLOCK_50    ; 0.000        ; 0.000      ; 0.793      ;
; 0.531 ; uart_rx_packet_new:packet_inst|timeout_cnt[31]                        ; uart_rx_packet_new:packet_inst|timeout_cnt[31]                        ; CLOCK_50                                                      ; CLOCK_50    ; 0.000        ; 0.000      ; 0.797      ;
; 0.539 ; uart_rx_packet_new:packet_inst|LEDR[16]                               ; packet_valid_d                                                        ; CLOCK_50                                                      ; CLOCK_50    ; 0.000        ; 0.000      ; 0.805      ;
; 0.543 ; uart_rx_packet_new:packet_inst|LEDR[16]                               ; packet_cnt[0]                                                         ; CLOCK_50                                                      ; CLOCK_50    ; 0.000        ; 0.000      ; 0.809      ;
; 0.612 ; uart_controller:uart_ctrl_inst|uart_rx:rx_inst|data_out[3]            ; uart_rx_packet_new:packet_inst|crc[5]                                 ; uart_controller:uart_ctrl_inst|baud_rate_gen:brg_inst|ov_tick ; CLOCK_50    ; 0.000        ; 0.364      ; 1.242      ;
; 0.617 ; uart_controller:uart_ctrl_inst|uart_rx:rx_inst|data_out[2]            ; uart_rx_packet_new:packet_inst|crc[2]                                 ; uart_controller:uart_ctrl_inst|baud_rate_gen:brg_inst|ov_tick ; CLOCK_50    ; 0.000        ; 0.364      ; 1.247      ;
; 0.617 ; uart_controller:uart_ctrl_inst|uart_rx:rx_inst|data_out[2]            ; uart_rx_packet_new:packet_inst|crc_rec[2]                             ; uart_controller:uart_ctrl_inst|baud_rate_gen:brg_inst|ov_tick ; CLOCK_50    ; 0.000        ; 0.364      ; 1.247      ;
; 0.619 ; uart_controller:uart_ctrl_inst|uart_rx:rx_inst|data_out[4]            ; uart_rx_packet_new:packet_inst|crc[5]                                 ; uart_controller:uart_ctrl_inst|baud_rate_gen:brg_inst|ov_tick ; CLOCK_50    ; 0.000        ; 0.364      ; 1.249      ;
; 0.621 ; uart_controller:uart_ctrl_inst|uart_rx:rx_inst|data_out[4]            ; uart_rx_packet_new:packet_inst|crc[6]                                 ; uart_controller:uart_ctrl_inst|baud_rate_gen:brg_inst|ov_tick ; CLOCK_50    ; 0.000        ; 0.364      ; 1.251      ;
; 0.661 ; uart_controller:uart_ctrl_inst|baud_rate_gen:brg_inst|uart_counter[1] ; uart_controller:uart_ctrl_inst|baud_rate_gen:brg_inst|uart_tick       ; CLOCK_50                                                      ; CLOCK_50    ; 0.000        ; 0.000      ; 0.927      ;
; 0.668 ; uart_controller:uart_ctrl_inst|uart_rx:rx_inst|data_out[6]            ; uart_rx_packet_new:packet_inst|crc[6]                                 ; uart_controller:uart_ctrl_inst|baud_rate_gen:brg_inst|ov_tick ; CLOCK_50    ; 0.000        ; 0.364      ; 1.298      ;
; 0.675 ; sram_packet_writer:sram_writer_inst|current_state.WRITE_DATA_2        ; sram_packet_writer:sram_writer_inst|current_state.SRAM_WRITE          ; CLOCK_50                                                      ; CLOCK_50    ; 0.000        ; 0.000      ; 0.941      ;
; 0.712 ; sram_packet_writer:sram_writer_inst|word_index[4]                     ; sram_packet_writer:sram_writer_inst|addr_latch[4]                     ; CLOCK_50                                                      ; CLOCK_50    ; 0.000        ; -0.001     ; 0.977      ;
; 0.721 ; uart_controller:uart_ctrl_inst|uart_rx:rx_inst|data_out[6]            ; uart_rx_packet_new:packet_inst|crc_rec[6]                             ; uart_controller:uart_ctrl_inst|baud_rate_gen:brg_inst|ov_tick ; CLOCK_50    ; 0.000        ; 0.365      ; 1.352      ;
; 0.747 ; uart_controller:uart_ctrl_inst|uart_rx:rx_inst|data_out[7]            ; uart_rx_packet_new:packet_inst|crc_rec[7]                             ; uart_controller:uart_ctrl_inst|baud_rate_gen:brg_inst|ov_tick ; CLOCK_50    ; 0.000        ; 0.365      ; 1.378      ;
; 0.786 ; sram_packet_writer:sram_writer_inst|current_state.UPDATE              ; sram_packet_writer:sram_writer_inst|packet_pd_address_latch[2]        ; CLOCK_50                                                      ; CLOCK_50    ; 0.000        ; 0.000      ; 1.052      ;
; 0.792 ; sram_packet_writer:sram_writer_inst|current_state.SRAM_WRITE          ; sram_packet_writer:sram_writer_inst|current_state.UPDATE              ; CLOCK_50                                                      ; CLOCK_50    ; 0.000        ; 0.000      ; 1.058      ;
; 0.792 ; uart_controller:uart_ctrl_inst|baud_rate_gen:brg_inst|uart_counter[0] ; uart_controller:uart_ctrl_inst|baud_rate_gen:brg_inst|uart_tick       ; CLOCK_50                                                      ; CLOCK_50    ; 0.000        ; 0.000      ; 1.058      ;
; 0.795 ; uart_rx_packet_new:packet_inst|timeout_cnt[0]                         ; uart_rx_packet_new:packet_inst|timeout_cnt[0]                         ; CLOCK_50                                                      ; CLOCK_50    ; 0.000        ; 0.000      ; 1.061      ;
; 0.795 ; uart_rx_packet_new:packet_inst|timeout_cnt[16]                        ; uart_rx_packet_new:packet_inst|timeout_cnt[16]                        ; CLOCK_50                                                      ; CLOCK_50    ; 0.000        ; 0.000      ; 1.061      ;
; 0.801 ; packet_cnt[6]                                                         ; packet_cnt[6]                                                         ; CLOCK_50                                                      ; CLOCK_50    ; 0.000        ; 0.000      ; 1.067      ;
; 0.802 ; packet_cnt[1]                                                         ; packet_cnt[1]                                                         ; CLOCK_50                                                      ; CLOCK_50    ; 0.000        ; 0.000      ; 1.068      ;
; 0.802 ; packet_cnt[4]                                                         ; packet_cnt[4]                                                         ; CLOCK_50                                                      ; CLOCK_50    ; 0.000        ; 0.000      ; 1.068      ;
; 0.802 ; packet_cnt[8]                                                         ; packet_cnt[8]                                                         ; CLOCK_50                                                      ; CLOCK_50    ; 0.000        ; 0.000      ; 1.068      ;
; 0.802 ; packet_cnt[10]                                                        ; packet_cnt[10]                                                        ; CLOCK_50                                                      ; CLOCK_50    ; 0.000        ; 0.000      ; 1.068      ;
; 0.804 ; uart_controller:uart_ctrl_inst|baud_rate_gen:brg_inst|uart_counter[2] ; uart_controller:uart_ctrl_inst|baud_rate_gen:brg_inst|uart_tick       ; CLOCK_50                                                      ; CLOCK_50    ; 0.000        ; 0.000      ; 1.070      ;
; 0.805 ; uart_controller:uart_ctrl_inst|baud_rate_gen:brg_inst|ov_counter[0]   ; uart_controller:uart_ctrl_inst|baud_rate_gen:brg_inst|ov_counter[0]   ; CLOCK_50                                                      ; CLOCK_50    ; 0.000        ; 0.000      ; 1.071      ;
; 0.805 ; uart_rx_packet_new:packet_inst|timeout_cnt[1]                         ; uart_rx_packet_new:packet_inst|timeout_cnt[1]                         ; CLOCK_50                                                      ; CLOCK_50    ; 0.000        ; 0.000      ; 1.071      ;
; 0.805 ; uart_rx_packet_new:packet_inst|timeout_cnt[17]                        ; uart_rx_packet_new:packet_inst|timeout_cnt[17]                        ; CLOCK_50                                                      ; CLOCK_50    ; 0.000        ; 0.000      ; 1.071      ;
; 0.806 ; uart_rx_packet_new:packet_inst|timeout_cnt[2]                         ; uart_rx_packet_new:packet_inst|timeout_cnt[2]                         ; CLOCK_50                                                      ; CLOCK_50    ; 0.000        ; 0.000      ; 1.072      ;
; 0.806 ; uart_rx_packet_new:packet_inst|timeout_cnt[4]                         ; uart_rx_packet_new:packet_inst|timeout_cnt[4]                         ; CLOCK_50                                                      ; CLOCK_50    ; 0.000        ; 0.000      ; 1.072      ;
; 0.806 ; uart_rx_packet_new:packet_inst|timeout_cnt[7]                         ; uart_rx_packet_new:packet_inst|timeout_cnt[7]                         ; CLOCK_50                                                      ; CLOCK_50    ; 0.000        ; 0.000      ; 1.072      ;
; 0.806 ; uart_rx_packet_new:packet_inst|timeout_cnt[9]                         ; uart_rx_packet_new:packet_inst|timeout_cnt[9]                         ; CLOCK_50                                                      ; CLOCK_50    ; 0.000        ; 0.000      ; 1.072      ;
; 0.806 ; uart_rx_packet_new:packet_inst|timeout_cnt[11]                        ; uart_rx_packet_new:packet_inst|timeout_cnt[11]                        ; CLOCK_50                                                      ; CLOCK_50    ; 0.000        ; 0.000      ; 1.072      ;
; 0.806 ; uart_rx_packet_new:packet_inst|timeout_cnt[13]                        ; uart_rx_packet_new:packet_inst|timeout_cnt[13]                        ; CLOCK_50                                                      ; CLOCK_50    ; 0.000        ; 0.000      ; 1.072      ;
; 0.806 ; uart_rx_packet_new:packet_inst|timeout_cnt[14]                        ; uart_rx_packet_new:packet_inst|timeout_cnt[14]                        ; CLOCK_50                                                      ; CLOCK_50    ; 0.000        ; 0.000      ; 1.072      ;
; 0.806 ; uart_rx_packet_new:packet_inst|timeout_cnt[15]                        ; uart_rx_packet_new:packet_inst|timeout_cnt[15]                        ; CLOCK_50                                                      ; CLOCK_50    ; 0.000        ; 0.000      ; 1.072      ;
; 0.806 ; uart_rx_packet_new:packet_inst|timeout_cnt[18]                        ; uart_rx_packet_new:packet_inst|timeout_cnt[18]                        ; CLOCK_50                                                      ; CLOCK_50    ; 0.000        ; 0.000      ; 1.072      ;
; 0.806 ; uart_rx_packet_new:packet_inst|timeout_cnt[20]                        ; uart_rx_packet_new:packet_inst|timeout_cnt[20]                        ; CLOCK_50                                                      ; CLOCK_50    ; 0.000        ; 0.000      ; 1.072      ;
; 0.806 ; uart_rx_packet_new:packet_inst|timeout_cnt[23]                        ; uart_rx_packet_new:packet_inst|timeout_cnt[23]                        ; CLOCK_50                                                      ; CLOCK_50    ; 0.000        ; 0.000      ; 1.072      ;
; 0.806 ; uart_rx_packet_new:packet_inst|timeout_cnt[25]                        ; uart_rx_packet_new:packet_inst|timeout_cnt[25]                        ; CLOCK_50                                                      ; CLOCK_50    ; 0.000        ; 0.000      ; 1.072      ;
; 0.806 ; uart_rx_packet_new:packet_inst|timeout_cnt[27]                        ; uart_rx_packet_new:packet_inst|timeout_cnt[27]                        ; CLOCK_50                                                      ; CLOCK_50    ; 0.000        ; 0.000      ; 1.072      ;
; 0.806 ; uart_rx_packet_new:packet_inst|timeout_cnt[29]                        ; uart_rx_packet_new:packet_inst|timeout_cnt[29]                        ; CLOCK_50                                                      ; CLOCK_50    ; 0.000        ; 0.000      ; 1.072      ;
; 0.806 ; uart_rx_packet_new:packet_inst|timeout_cnt[30]                        ; uart_rx_packet_new:packet_inst|timeout_cnt[30]                        ; CLOCK_50                                                      ; CLOCK_50    ; 0.000        ; 0.000      ; 1.072      ;
; 0.808 ; sram_packet_writer:sram_writer_inst|packet_cnt[8]                     ; sram_packet_writer:sram_writer_inst|packet_cnt[8]                     ; CLOCK_50                                                      ; CLOCK_50    ; 0.000        ; 0.000      ; 1.074      ;
; 0.812 ; sram_packet_writer:sram_writer_inst|packet_cnt[0]                     ; sram_packet_writer:sram_writer_inst|packet_cnt[1]                     ; CLOCK_50                                                      ; CLOCK_50    ; 0.000        ; 0.000      ; 1.078      ;
; 0.812 ; sram_packet_writer:sram_writer_inst|word_index[4]                     ; sram_packet_writer:sram_writer_inst|word_index[4]                     ; CLOCK_50                                                      ; CLOCK_50    ; 0.000        ; 0.000      ; 1.078      ;
; 0.812 ; sram_packet_writer:sram_writer_inst|word_index[6]                     ; sram_packet_writer:sram_writer_inst|word_index[6]                     ; CLOCK_50                                                      ; CLOCK_50    ; 0.000        ; 0.000      ; 1.078      ;
; 0.812 ; uart_controller:uart_ctrl_inst|uart_rx:rx_inst|data_out[0]            ; uart_rx_packet_new:packet_inst|crc_rec[0]                             ; uart_controller:uart_ctrl_inst|baud_rate_gen:brg_inst|ov_tick ; CLOCK_50    ; 0.000        ; 0.365      ; 1.443      ;
; 0.813 ; sram_packet_writer:sram_writer_inst|word_index[2]                     ; sram_packet_writer:sram_writer_inst|word_index[2]                     ; CLOCK_50                                                      ; CLOCK_50    ; 0.000        ; 0.000      ; 1.079      ;
; 0.815 ; sram_packet_writer:sram_writer_inst|current_state.WRITE_DATA_1        ; sram_packet_writer:sram_writer_inst|current_state.WRITE_DATA_2        ; CLOCK_50                                                      ; CLOCK_50    ; 0.000        ; 0.000      ; 1.081      ;
; 0.817 ; sram_packet_writer:sram_writer_inst|packet_cnt[3]                     ; sram_packet_writer:sram_writer_inst|packet_cnt[3]                     ; CLOCK_50                                                      ; CLOCK_50    ; 0.000        ; 0.000      ; 1.083      ;
; 0.817 ; sram_packet_writer:sram_writer_inst|packet_cnt[6]                     ; sram_packet_writer:sram_writer_inst|packet_cnt[6]                     ; CLOCK_50                                                      ; CLOCK_50    ; 0.000        ; 0.000      ; 1.083      ;
; 0.818 ; sram_packet_writer:sram_writer_inst|current_state.SRAM_WRITE          ; sram_packet_writer:sram_writer_inst|current_state.WRITE_DATA_1        ; CLOCK_50                                                      ; CLOCK_50    ; 0.000        ; 0.000      ; 1.084      ;
; 0.819 ; sram_packet_writer:sram_writer_inst|word_index[2]                     ; sram_packet_writer:sram_writer_inst|addr_latch[2]                     ; CLOCK_50                                                      ; CLOCK_50    ; 0.000        ; -0.001     ; 1.084      ;
; 0.819 ; uart_controller:uart_ctrl_inst|baud_rate_gen:brg_inst|uart_counter[0] ; uart_controller:uart_ctrl_inst|baud_rate_gen:brg_inst|uart_counter[1] ; CLOCK_50                                                      ; CLOCK_50    ; 0.000        ; 0.000      ; 1.085      ;
; 0.819 ; uart_controller:uart_ctrl_inst|baud_rate_gen:brg_inst|uart_counter[0] ; uart_controller:uart_ctrl_inst|baud_rate_gen:brg_inst|uart_counter[2] ; CLOCK_50                                                      ; CLOCK_50    ; 0.000        ; 0.000      ; 1.085      ;
; 0.835 ; packet_cnt[2]                                                         ; packet_cnt[2]                                                         ; CLOCK_50                                                      ; CLOCK_50    ; 0.000        ; 0.000      ; 1.101      ;
; 0.835 ; packet_cnt[3]                                                         ; packet_cnt[3]                                                         ; CLOCK_50                                                      ; CLOCK_50    ; 0.000        ; 0.000      ; 1.101      ;
; 0.835 ; uart_controller:uart_ctrl_inst|baud_rate_gen:brg_inst|uart_counter[1] ; uart_controller:uart_ctrl_inst|baud_rate_gen:brg_inst|uart_counter[2] ; CLOCK_50                                                      ; CLOCK_50    ; 0.000        ; 0.000      ; 1.101      ;
; 0.838 ; uart_controller:uart_ctrl_inst|baud_rate_gen:brg_inst|ov_counter[3]   ; uart_controller:uart_ctrl_inst|baud_rate_gen:brg_inst|ov_counter[3]   ; CLOCK_50                                                      ; CLOCK_50    ; 0.000        ; 0.000      ; 1.104      ;
; 0.838 ; uart_rx_packet_new:packet_inst|timeout_cnt[3]                         ; uart_rx_packet_new:packet_inst|timeout_cnt[3]                         ; CLOCK_50                                                      ; CLOCK_50    ; 0.000        ; 0.000      ; 1.104      ;
; 0.838 ; uart_rx_packet_new:packet_inst|timeout_cnt[8]                         ; uart_rx_packet_new:packet_inst|timeout_cnt[8]                         ; CLOCK_50                                                      ; CLOCK_50    ; 0.000        ; 0.000      ; 1.104      ;
; 0.838 ; uart_rx_packet_new:packet_inst|timeout_cnt[10]                        ; uart_rx_packet_new:packet_inst|timeout_cnt[10]                        ; CLOCK_50                                                      ; CLOCK_50    ; 0.000        ; 0.000      ; 1.104      ;
; 0.838 ; uart_rx_packet_new:packet_inst|timeout_cnt[12]                        ; uart_rx_packet_new:packet_inst|timeout_cnt[12]                        ; CLOCK_50                                                      ; CLOCK_50    ; 0.000        ; 0.000      ; 1.104      ;
; 0.838 ; uart_rx_packet_new:packet_inst|timeout_cnt[19]                        ; uart_rx_packet_new:packet_inst|timeout_cnt[19]                        ; CLOCK_50                                                      ; CLOCK_50    ; 0.000        ; 0.000      ; 1.104      ;
; 0.838 ; uart_rx_packet_new:packet_inst|timeout_cnt[24]                        ; uart_rx_packet_new:packet_inst|timeout_cnt[24]                        ; CLOCK_50                                                      ; CLOCK_50    ; 0.000        ; 0.000      ; 1.104      ;
; 0.838 ; uart_rx_packet_new:packet_inst|timeout_cnt[26]                        ; uart_rx_packet_new:packet_inst|timeout_cnt[26]                        ; CLOCK_50                                                      ; CLOCK_50    ; 0.000        ; 0.000      ; 1.104      ;
; 0.838 ; uart_rx_packet_new:packet_inst|timeout_cnt[28]                        ; uart_rx_packet_new:packet_inst|timeout_cnt[28]                        ; CLOCK_50                                                      ; CLOCK_50    ; 0.000        ; 0.000      ; 1.104      ;
; 0.838 ; packet_cnt[5]                                                         ; packet_cnt[5]                                                         ; CLOCK_50                                                      ; CLOCK_50    ; 0.000        ; 0.000      ; 1.104      ;
; 0.838 ; packet_cnt[7]                                                         ; packet_cnt[7]                                                         ; CLOCK_50                                                      ; CLOCK_50    ; 0.000        ; 0.000      ; 1.104      ;
; 0.838 ; packet_cnt[9]                                                         ; packet_cnt[9]                                                         ; CLOCK_50                                                      ; CLOCK_50    ; 0.000        ; 0.000      ; 1.104      ;
; 0.839 ; uart_rx_packet_new:packet_inst|timeout_cnt[5]                         ; uart_rx_packet_new:packet_inst|timeout_cnt[5]                         ; CLOCK_50                                                      ; CLOCK_50    ; 0.000        ; 0.000      ; 1.105      ;
; 0.839 ; uart_rx_packet_new:packet_inst|timeout_cnt[6]                         ; uart_rx_packet_new:packet_inst|timeout_cnt[6]                         ; CLOCK_50                                                      ; CLOCK_50    ; 0.000        ; 0.000      ; 1.105      ;
+-------+-----------------------------------------------------------------------+-----------------------------------------------------------------------+---------------------------------------------------------------+-------------+--------------+------------+------------+


+----------------------------------------------------------------------------------------------------------------------------------------------------------------------------------------------------------------------------------------------------------------------------------------------------------------------------+
; Slow Model Hold: 'uart_controller:uart_ctrl_inst|baud_rate_gen:brg_inst|ov_tick'                                                                                                                                                                                                                                           ;
+-------+---------------------------------------------------------------------+---------------------------------------------------------------------+---------------------------------------------------------------+---------------------------------------------------------------+--------------+------------+------------+
; Slack ; From Node                                                           ; To Node                                                             ; Launch Clock                                                  ; Latch Clock                                                   ; Relationship ; Clock Skew ; Data Delay ;
+-------+---------------------------------------------------------------------+---------------------------------------------------------------------+---------------------------------------------------------------+---------------------------------------------------------------+--------------+------------+------------+
; 0.391 ; uart_controller:uart_ctrl_inst|uart_rx:rx_inst|tick_cnt[1]          ; uart_controller:uart_ctrl_inst|uart_rx:rx_inst|tick_cnt[1]          ; uart_controller:uart_ctrl_inst|baud_rate_gen:brg_inst|ov_tick ; uart_controller:uart_ctrl_inst|baud_rate_gen:brg_inst|ov_tick ; 0.000        ; 0.000      ; 0.657      ;
; 0.391 ; uart_controller:uart_ctrl_inst|uart_rx:rx_inst|bit_cnt[0]           ; uart_controller:uart_ctrl_inst|uart_rx:rx_inst|bit_cnt[0]           ; uart_controller:uart_ctrl_inst|baud_rate_gen:brg_inst|ov_tick ; uart_controller:uart_ctrl_inst|baud_rate_gen:brg_inst|ov_tick ; 0.000        ; 0.000      ; 0.657      ;
; 0.391 ; uart_controller:uart_ctrl_inst|uart_rx:rx_inst|bit_cnt[1]           ; uart_controller:uart_ctrl_inst|uart_rx:rx_inst|bit_cnt[1]           ; uart_controller:uart_ctrl_inst|baud_rate_gen:brg_inst|ov_tick ; uart_controller:uart_ctrl_inst|baud_rate_gen:brg_inst|ov_tick ; 0.000        ; 0.000      ; 0.657      ;
; 0.391 ; uart_controller:uart_ctrl_inst|uart_rx:rx_inst|tick_cnt[0]          ; uart_controller:uart_ctrl_inst|uart_rx:rx_inst|tick_cnt[0]          ; uart_controller:uart_ctrl_inst|baud_rate_gen:brg_inst|ov_tick ; uart_controller:uart_ctrl_inst|baud_rate_gen:brg_inst|ov_tick ; 0.000        ; 0.000      ; 0.657      ;
; 0.391 ; uart_controller:uart_ctrl_inst|uart_rx:rx_inst|samples[1]           ; uart_controller:uart_ctrl_inst|uart_rx:rx_inst|samples[1]           ; uart_controller:uart_ctrl_inst|baud_rate_gen:brg_inst|ov_tick ; uart_controller:uart_ctrl_inst|baud_rate_gen:brg_inst|ov_tick ; 0.000        ; 0.000      ; 0.657      ;
; 0.391 ; uart_controller:uart_ctrl_inst|uart_rx:rx_inst|samples[0]           ; uart_controller:uart_ctrl_inst|uart_rx:rx_inst|samples[0]           ; uart_controller:uart_ctrl_inst|baud_rate_gen:brg_inst|ov_tick ; uart_controller:uart_ctrl_inst|baud_rate_gen:brg_inst|ov_tick ; 0.000        ; 0.000      ; 0.657      ;
; 0.391 ; uart_controller:uart_ctrl_inst|uart_rx:rx_inst|samples[2]           ; uart_controller:uart_ctrl_inst|uart_rx:rx_inst|samples[2]           ; uart_controller:uart_ctrl_inst|baud_rate_gen:brg_inst|ov_tick ; uart_controller:uart_ctrl_inst|baud_rate_gen:brg_inst|ov_tick ; 0.000        ; 0.000      ; 0.657      ;
; 0.525 ; uart_controller:uart_ctrl_inst|uart_rx:rx_inst|samples[1]           ; uart_controller:uart_ctrl_inst|uart_rx:rx_inst|rx_reg[7]            ; uart_controller:uart_ctrl_inst|baud_rate_gen:brg_inst|ov_tick ; uart_controller:uart_ctrl_inst|baud_rate_gen:brg_inst|ov_tick ; 0.000        ; 0.000      ; 0.791      ;
; 0.526 ; uart_controller:uart_ctrl_inst|uart_rx:rx_inst|rx_reg[4]            ; uart_controller:uart_ctrl_inst|uart_rx:rx_inst|rx_reg[3]            ; uart_controller:uart_ctrl_inst|baud_rate_gen:brg_inst|ov_tick ; uart_controller:uart_ctrl_inst|baud_rate_gen:brg_inst|ov_tick ; 0.000        ; 0.000      ; 0.792      ;
; 0.529 ; uart_controller:uart_ctrl_inst|uart_rx:rx_inst|rx_reg[3]            ; uart_controller:uart_ctrl_inst|uart_rx:rx_inst|rx_reg[2]            ; uart_controller:uart_ctrl_inst|baud_rate_gen:brg_inst|ov_tick ; uart_controller:uart_ctrl_inst|baud_rate_gen:brg_inst|ov_tick ; 0.000        ; 0.000      ; 0.795      ;
; 0.530 ; uart_controller:uart_ctrl_inst|uart_rx:rx_inst|rx_reg[1]            ; uart_controller:uart_ctrl_inst|uart_rx:rx_inst|rx_reg[0]            ; uart_controller:uart_ctrl_inst|baud_rate_gen:brg_inst|ov_tick ; uart_controller:uart_ctrl_inst|baud_rate_gen:brg_inst|ov_tick ; 0.000        ; 0.000      ; 0.796      ;
; 0.550 ; uart_controller:uart_ctrl_inst|uart_rx:rx_inst|valid_timeout_cnt[6] ; uart_controller:uart_ctrl_inst|uart_rx:rx_inst|rx_valid             ; uart_controller:uart_ctrl_inst|baud_rate_gen:brg_inst|ov_tick ; uart_controller:uart_ctrl_inst|baud_rate_gen:brg_inst|ov_tick ; 0.000        ; 0.000      ; 0.816      ;
; 0.551 ; uart_controller:uart_ctrl_inst|uart_rx:rx_inst|valid_timeout_cnt[7] ; uart_controller:uart_ctrl_inst|uart_rx:rx_inst|valid_timeout_cnt[7] ; uart_controller:uart_ctrl_inst|baud_rate_gen:brg_inst|ov_tick ; uart_controller:uart_ctrl_inst|baud_rate_gen:brg_inst|ov_tick ; 0.000        ; 0.000      ; 0.817      ;
; 0.651 ; uart_controller:uart_ctrl_inst|uart_rx:rx_inst|samples[0]           ; uart_controller:uart_ctrl_inst|uart_rx:rx_inst|rx_reg[7]            ; uart_controller:uart_ctrl_inst|baud_rate_gen:brg_inst|ov_tick ; uart_controller:uart_ctrl_inst|baud_rate_gen:brg_inst|ov_tick ; 0.000        ; 0.000      ; 0.917      ;
; 0.668 ; uart_controller:uart_ctrl_inst|uart_rx:rx_inst|rx_reg[2]            ; uart_controller:uart_ctrl_inst|uart_rx:rx_inst|rx_reg[1]            ; uart_controller:uart_ctrl_inst|baud_rate_gen:brg_inst|ov_tick ; uart_controller:uart_ctrl_inst|baud_rate_gen:brg_inst|ov_tick ; 0.000        ; 0.000      ; 0.934      ;
; 0.669 ; uart_controller:uart_ctrl_inst|uart_rx:rx_inst|rx_reg[6]            ; uart_controller:uart_ctrl_inst|uart_rx:rx_inst|rx_reg[5]            ; uart_controller:uart_ctrl_inst|baud_rate_gen:brg_inst|ov_tick ; uart_controller:uart_ctrl_inst|baud_rate_gen:brg_inst|ov_tick ; 0.000        ; 0.000      ; 0.935      ;
; 0.670 ; uart_controller:uart_ctrl_inst|uart_rx:rx_inst|rx_reg[7]            ; uart_controller:uart_ctrl_inst|uart_rx:rx_inst|rx_reg[6]            ; uart_controller:uart_ctrl_inst|baud_rate_gen:brg_inst|ov_tick ; uart_controller:uart_ctrl_inst|baud_rate_gen:brg_inst|ov_tick ; 0.000        ; 0.000      ; 0.936      ;
; 0.745 ; uart_controller:uart_ctrl_inst|uart_rx:rx_inst|state.DATA           ; uart_controller:uart_ctrl_inst|uart_rx:rx_inst|state.STOP           ; uart_controller:uart_ctrl_inst|baud_rate_gen:brg_inst|ov_tick ; uart_controller:uart_ctrl_inst|baud_rate_gen:brg_inst|ov_tick ; 0.000        ; -0.001     ; 1.010      ;
; 0.794 ; uart_controller:uart_ctrl_inst|uart_rx:rx_inst|samples[2]           ; uart_controller:uart_ctrl_inst|uart_rx:rx_inst|rx_reg[7]            ; uart_controller:uart_ctrl_inst|baud_rate_gen:brg_inst|ov_tick ; uart_controller:uart_ctrl_inst|baud_rate_gen:brg_inst|ov_tick ; 0.000        ; 0.000      ; 1.060      ;
; 0.798 ; uart_controller:uart_ctrl_inst|uart_rx:rx_inst|valid_timeout_cnt[1] ; uart_controller:uart_ctrl_inst|uart_rx:rx_inst|valid_timeout_cnt[1] ; uart_controller:uart_ctrl_inst|baud_rate_gen:brg_inst|ov_tick ; uart_controller:uart_ctrl_inst|baud_rate_gen:brg_inst|ov_tick ; 0.000        ; 0.000      ; 1.064      ;
; 0.801 ; uart_controller:uart_ctrl_inst|uart_rx:rx_inst|valid_timeout_cnt[3] ; uart_controller:uart_ctrl_inst|uart_rx:rx_inst|valid_timeout_cnt[3] ; uart_controller:uart_ctrl_inst|baud_rate_gen:brg_inst|ov_tick ; uart_controller:uart_ctrl_inst|baud_rate_gen:brg_inst|ov_tick ; 0.000        ; 0.000      ; 1.067      ;
; 0.813 ; uart_controller:uart_ctrl_inst|uart_rx:rx_inst|bit_cnt[0]           ; uart_controller:uart_ctrl_inst|uart_rx:rx_inst|bit_cnt[1]           ; uart_controller:uart_ctrl_inst|baud_rate_gen:brg_inst|ov_tick ; uart_controller:uart_ctrl_inst|baud_rate_gen:brg_inst|ov_tick ; 0.000        ; 0.000      ; 1.079      ;
; 0.818 ; uart_controller:uart_ctrl_inst|uart_rx:rx_inst|valid_timeout_cnt[5] ; uart_controller:uart_ctrl_inst|uart_rx:rx_inst|valid_timeout_cnt[5] ; uart_controller:uart_ctrl_inst|baud_rate_gen:brg_inst|ov_tick ; uart_controller:uart_ctrl_inst|baud_rate_gen:brg_inst|ov_tick ; 0.000        ; 0.000      ; 1.084      ;
; 0.821 ; uart_controller:uart_ctrl_inst|uart_rx:rx_inst|valid_timeout_cnt[6] ; uart_controller:uart_ctrl_inst|uart_rx:rx_inst|valid_timeout_cnt[6] ; uart_controller:uart_ctrl_inst|baud_rate_gen:brg_inst|ov_tick ; uart_controller:uart_ctrl_inst|baud_rate_gen:brg_inst|ov_tick ; 0.000        ; 0.000      ; 1.087      ;
; 0.838 ; uart_controller:uart_ctrl_inst|uart_rx:rx_inst|valid_timeout_cnt[0] ; uart_controller:uart_ctrl_inst|uart_rx:rx_inst|valid_timeout_cnt[0] ; uart_controller:uart_ctrl_inst|baud_rate_gen:brg_inst|ov_tick ; uart_controller:uart_ctrl_inst|baud_rate_gen:brg_inst|ov_tick ; 0.000        ; 0.000      ; 1.104      ;
; 0.841 ; uart_controller:uart_ctrl_inst|uart_rx:rx_inst|valid_timeout_cnt[2] ; uart_controller:uart_ctrl_inst|uart_rx:rx_inst|valid_timeout_cnt[2] ; uart_controller:uart_ctrl_inst|baud_rate_gen:brg_inst|ov_tick ; uart_controller:uart_ctrl_inst|baud_rate_gen:brg_inst|ov_tick ; 0.000        ; 0.000      ; 1.107      ;
; 0.842 ; uart_controller:uart_ctrl_inst|uart_rx:rx_inst|valid_timeout_cnt[4] ; uart_controller:uart_ctrl_inst|uart_rx:rx_inst|valid_timeout_cnt[4] ; uart_controller:uart_ctrl_inst|baud_rate_gen:brg_inst|ov_tick ; uart_controller:uart_ctrl_inst|baud_rate_gen:brg_inst|ov_tick ; 0.000        ; 0.000      ; 1.108      ;
; 0.857 ; uart_controller:uart_ctrl_inst|uart_rx:rx_inst|rx_reg[3]            ; uart_controller:uart_ctrl_inst|uart_rx:rx_inst|data_out[3]          ; uart_controller:uart_ctrl_inst|baud_rate_gen:brg_inst|ov_tick ; uart_controller:uart_ctrl_inst|baud_rate_gen:brg_inst|ov_tick ; 0.000        ; -0.001     ; 1.122      ;
; 0.859 ; uart_controller:uart_ctrl_inst|uart_rx:rx_inst|rx_reg[1]            ; uart_controller:uart_ctrl_inst|uart_rx:rx_inst|data_out[1]          ; uart_controller:uart_ctrl_inst|baud_rate_gen:brg_inst|ov_tick ; uart_controller:uart_ctrl_inst|baud_rate_gen:brg_inst|ov_tick ; 0.000        ; -0.001     ; 1.124      ;
; 0.859 ; uart_controller:uart_ctrl_inst|uart_rx:rx_inst|rx_reg[2]            ; uart_controller:uart_ctrl_inst|uart_rx:rx_inst|data_out[2]          ; uart_controller:uart_ctrl_inst|baud_rate_gen:brg_inst|ov_tick ; uart_controller:uart_ctrl_inst|baud_rate_gen:brg_inst|ov_tick ; 0.000        ; -0.001     ; 1.124      ;
; 0.861 ; uart_controller:uart_ctrl_inst|uart_rx:rx_inst|rx_reg[6]            ; uart_controller:uart_ctrl_inst|uart_rx:rx_inst|data_out[6]          ; uart_controller:uart_ctrl_inst|baud_rate_gen:brg_inst|ov_tick ; uart_controller:uart_ctrl_inst|baud_rate_gen:brg_inst|ov_tick ; 0.000        ; -0.001     ; 1.126      ;
; 0.864 ; uart_controller:uart_ctrl_inst|uart_rx:rx_inst|rx_reg[4]            ; uart_controller:uart_ctrl_inst|uart_rx:rx_inst|data_out[4]          ; uart_controller:uart_ctrl_inst|baud_rate_gen:brg_inst|ov_tick ; uart_controller:uart_ctrl_inst|baud_rate_gen:brg_inst|ov_tick ; 0.000        ; -0.001     ; 1.129      ;
; 0.959 ; uart_controller:uart_ctrl_inst|uart_rx:rx_inst|state.STOP           ; uart_controller:uart_ctrl_inst|uart_rx:rx_inst|tick_cnt[2]          ; uart_controller:uart_ctrl_inst|baud_rate_gen:brg_inst|ov_tick ; uart_controller:uart_ctrl_inst|baud_rate_gen:brg_inst|ov_tick ; 0.000        ; 0.001      ; 1.226      ;
; 0.964 ; uart_controller:uart_ctrl_inst|uart_rx:rx_inst|rx_reg[5]            ; uart_controller:uart_ctrl_inst|uart_rx:rx_inst|rx_reg[4]            ; uart_controller:uart_ctrl_inst|baud_rate_gen:brg_inst|ov_tick ; uart_controller:uart_ctrl_inst|baud_rate_gen:brg_inst|ov_tick ; 0.000        ; 0.000      ; 1.230      ;
; 0.964 ; uart_controller:uart_ctrl_inst|uart_rx:rx_inst|state.IDLE           ; uart_controller:uart_ctrl_inst|uart_rx:rx_inst|tick_cnt[1]          ; uart_controller:uart_ctrl_inst|baud_rate_gen:brg_inst|ov_tick ; uart_controller:uart_ctrl_inst|baud_rate_gen:brg_inst|ov_tick ; 0.000        ; 0.000      ; 1.230      ;
; 0.964 ; uart_controller:uart_ctrl_inst|uart_rx:rx_inst|state.IDLE           ; uart_controller:uart_ctrl_inst|uart_rx:rx_inst|tick_cnt[0]          ; uart_controller:uart_ctrl_inst|baud_rate_gen:brg_inst|ov_tick ; uart_controller:uart_ctrl_inst|baud_rate_gen:brg_inst|ov_tick ; 0.000        ; 0.000      ; 1.230      ;
; 0.990 ; uart_controller:uart_ctrl_inst|uart_rx:rx_inst|state.DATA           ; uart_controller:uart_ctrl_inst|uart_rx:rx_inst|bit_cnt[2]           ; uart_controller:uart_ctrl_inst|baud_rate_gen:brg_inst|ov_tick ; uart_controller:uart_ctrl_inst|baud_rate_gen:brg_inst|ov_tick ; 0.000        ; 0.000      ; 1.256      ;
; 1.072 ; uart_controller:uart_ctrl_inst|uart_rx:rx_inst|state.START          ; uart_controller:uart_ctrl_inst|uart_rx:rx_inst|state.DATA           ; uart_controller:uart_ctrl_inst|baud_rate_gen:brg_inst|ov_tick ; uart_controller:uart_ctrl_inst|baud_rate_gen:brg_inst|ov_tick ; 0.000        ; 0.001      ; 1.339      ;
; 1.081 ; uart_controller:uart_ctrl_inst|uart_rx:rx_inst|state.DATA           ; uart_controller:uart_ctrl_inst|uart_rx:rx_inst|tick_cnt[2]          ; uart_controller:uart_ctrl_inst|baud_rate_gen:brg_inst|ov_tick ; uart_controller:uart_ctrl_inst|baud_rate_gen:brg_inst|ov_tick ; 0.000        ; 0.000      ; 1.347      ;
; 1.086 ; uart_controller:uart_ctrl_inst|uart_rx:rx_inst|rx_reg[7]            ; uart_controller:uart_ctrl_inst|uart_rx:rx_inst|data_out[7]          ; uart_controller:uart_ctrl_inst|baud_rate_gen:brg_inst|ov_tick ; uart_controller:uart_ctrl_inst|baud_rate_gen:brg_inst|ov_tick ; 0.000        ; -0.001     ; 1.351      ;
; 1.089 ; uart_controller:uart_ctrl_inst|uart_rx:rx_inst|tick_cnt[1]          ; uart_controller:uart_ctrl_inst|uart_rx:rx_inst|tick_cnt[2]          ; uart_controller:uart_ctrl_inst|baud_rate_gen:brg_inst|ov_tick ; uart_controller:uart_ctrl_inst|baud_rate_gen:brg_inst|ov_tick ; 0.000        ; 0.000      ; 1.355      ;
; 1.091 ; uart_controller:uart_ctrl_inst|uart_rx:rx_inst|rx_reg[0]            ; uart_controller:uart_ctrl_inst|uart_rx:rx_inst|data_out[0]          ; uart_controller:uart_ctrl_inst|baud_rate_gen:brg_inst|ov_tick ; uart_controller:uart_ctrl_inst|baud_rate_gen:brg_inst|ov_tick ; 0.000        ; -0.001     ; 1.356      ;
; 1.136 ; uart_controller:uart_ctrl_inst|uart_rx:rx_inst|state.START          ; uart_controller:uart_ctrl_inst|uart_rx:rx_inst|bit_cnt[0]           ; uart_controller:uart_ctrl_inst|baud_rate_gen:brg_inst|ov_tick ; uart_controller:uart_ctrl_inst|baud_rate_gen:brg_inst|ov_tick ; 0.000        ; 0.001      ; 1.403      ;
; 1.174 ; uart_controller:uart_ctrl_inst|uart_rx:rx_inst|tick_cnt[0]          ; uart_controller:uart_ctrl_inst|uart_rx:rx_inst|bit_cnt[1]           ; uart_controller:uart_ctrl_inst|baud_rate_gen:brg_inst|ov_tick ; uart_controller:uart_ctrl_inst|baud_rate_gen:brg_inst|ov_tick ; 0.000        ; 0.000      ; 1.440      ;
; 1.180 ; uart_controller:uart_ctrl_inst|uart_rx:rx_inst|tick_cnt[2]          ; uart_controller:uart_ctrl_inst|uart_rx:rx_inst|tick_cnt[2]          ; uart_controller:uart_ctrl_inst|baud_rate_gen:brg_inst|ov_tick ; uart_controller:uart_ctrl_inst|baud_rate_gen:brg_inst|ov_tick ; 0.000        ; 0.000      ; 1.446      ;
; 1.181 ; uart_controller:uart_ctrl_inst|uart_rx:rx_inst|valid_timeout_cnt[1] ; uart_controller:uart_ctrl_inst|uart_rx:rx_inst|valid_timeout_cnt[2] ; uart_controller:uart_ctrl_inst|baud_rate_gen:brg_inst|ov_tick ; uart_controller:uart_ctrl_inst|baud_rate_gen:brg_inst|ov_tick ; 0.000        ; 0.000      ; 1.447      ;
; 1.184 ; uart_controller:uart_ctrl_inst|uart_rx:rx_inst|valid_timeout_cnt[3] ; uart_controller:uart_ctrl_inst|uart_rx:rx_inst|valid_timeout_cnt[4] ; uart_controller:uart_ctrl_inst|baud_rate_gen:brg_inst|ov_tick ; uart_controller:uart_ctrl_inst|baud_rate_gen:brg_inst|ov_tick ; 0.000        ; 0.000      ; 1.450      ;
; 1.195 ; uart_controller:uart_ctrl_inst|uart_rx:rx_inst|rx_valid             ; uart_controller:uart_ctrl_inst|uart_rx:rx_inst|valid_timeout_cnt[0] ; uart_controller:uart_ctrl_inst|baud_rate_gen:brg_inst|ov_tick ; uart_controller:uart_ctrl_inst|baud_rate_gen:brg_inst|ov_tick ; 0.000        ; 0.000      ; 1.461      ;
; 1.195 ; uart_controller:uart_ctrl_inst|uart_rx:rx_inst|rx_valid             ; uart_controller:uart_ctrl_inst|uart_rx:rx_inst|valid_timeout_cnt[1] ; uart_controller:uart_ctrl_inst|baud_rate_gen:brg_inst|ov_tick ; uart_controller:uart_ctrl_inst|baud_rate_gen:brg_inst|ov_tick ; 0.000        ; 0.000      ; 1.461      ;
; 1.195 ; uart_controller:uart_ctrl_inst|uart_rx:rx_inst|rx_valid             ; uart_controller:uart_ctrl_inst|uart_rx:rx_inst|valid_timeout_cnt[2] ; uart_controller:uart_ctrl_inst|baud_rate_gen:brg_inst|ov_tick ; uart_controller:uart_ctrl_inst|baud_rate_gen:brg_inst|ov_tick ; 0.000        ; 0.000      ; 1.461      ;
; 1.195 ; uart_controller:uart_ctrl_inst|uart_rx:rx_inst|rx_valid             ; uart_controller:uart_ctrl_inst|uart_rx:rx_inst|valid_timeout_cnt[3] ; uart_controller:uart_ctrl_inst|baud_rate_gen:brg_inst|ov_tick ; uart_controller:uart_ctrl_inst|baud_rate_gen:brg_inst|ov_tick ; 0.000        ; 0.000      ; 1.461      ;
; 1.195 ; uart_controller:uart_ctrl_inst|uart_rx:rx_inst|rx_valid             ; uart_controller:uart_ctrl_inst|uart_rx:rx_inst|valid_timeout_cnt[4] ; uart_controller:uart_ctrl_inst|baud_rate_gen:brg_inst|ov_tick ; uart_controller:uart_ctrl_inst|baud_rate_gen:brg_inst|ov_tick ; 0.000        ; 0.000      ; 1.461      ;
; 1.195 ; uart_controller:uart_ctrl_inst|uart_rx:rx_inst|rx_valid             ; uart_controller:uart_ctrl_inst|uart_rx:rx_inst|valid_timeout_cnt[5] ; uart_controller:uart_ctrl_inst|baud_rate_gen:brg_inst|ov_tick ; uart_controller:uart_ctrl_inst|baud_rate_gen:brg_inst|ov_tick ; 0.000        ; 0.000      ; 1.461      ;
; 1.195 ; uart_controller:uart_ctrl_inst|uart_rx:rx_inst|rx_valid             ; uart_controller:uart_ctrl_inst|uart_rx:rx_inst|valid_timeout_cnt[7] ; uart_controller:uart_ctrl_inst|baud_rate_gen:brg_inst|ov_tick ; uart_controller:uart_ctrl_inst|baud_rate_gen:brg_inst|ov_tick ; 0.000        ; 0.000      ; 1.461      ;
; 1.195 ; uart_controller:uart_ctrl_inst|uart_rx:rx_inst|rx_valid             ; uart_controller:uart_ctrl_inst|uart_rx:rx_inst|valid_timeout_cnt[6] ; uart_controller:uart_ctrl_inst|baud_rate_gen:brg_inst|ov_tick ; uart_controller:uart_ctrl_inst|baud_rate_gen:brg_inst|ov_tick ; 0.000        ; 0.000      ; 1.461      ;
; 1.201 ; uart_controller:uart_ctrl_inst|uart_rx:rx_inst|valid_timeout_cnt[5] ; uart_controller:uart_ctrl_inst|uart_rx:rx_inst|valid_timeout_cnt[6] ; uart_controller:uart_ctrl_inst|baud_rate_gen:brg_inst|ov_tick ; uart_controller:uart_ctrl_inst|baud_rate_gen:brg_inst|ov_tick ; 0.000        ; 0.000      ; 1.467      ;
; 1.204 ; uart_controller:uart_ctrl_inst|uart_rx:rx_inst|valid_timeout_cnt[6] ; uart_controller:uart_ctrl_inst|uart_rx:rx_inst|valid_timeout_cnt[7] ; uart_controller:uart_ctrl_inst|baud_rate_gen:brg_inst|ov_tick ; uart_controller:uart_ctrl_inst|baud_rate_gen:brg_inst|ov_tick ; 0.000        ; 0.000      ; 1.470      ;
; 1.205 ; uart_controller:uart_ctrl_inst|uart_rx:rx_inst|valid_timeout_cnt[3] ; uart_controller:uart_ctrl_inst|uart_rx:rx_inst|rx_valid             ; uart_controller:uart_ctrl_inst|baud_rate_gen:brg_inst|ov_tick ; uart_controller:uart_ctrl_inst|baud_rate_gen:brg_inst|ov_tick ; 0.000        ; 0.000      ; 1.471      ;
; 1.224 ; uart_controller:uart_ctrl_inst|uart_rx:rx_inst|valid_timeout_cnt[0] ; uart_controller:uart_ctrl_inst|uart_rx:rx_inst|valid_timeout_cnt[1] ; uart_controller:uart_ctrl_inst|baud_rate_gen:brg_inst|ov_tick ; uart_controller:uart_ctrl_inst|baud_rate_gen:brg_inst|ov_tick ; 0.000        ; 0.000      ; 1.490      ;
; 1.227 ; uart_controller:uart_ctrl_inst|uart_rx:rx_inst|valid_timeout_cnt[2] ; uart_controller:uart_ctrl_inst|uart_rx:rx_inst|valid_timeout_cnt[3] ; uart_controller:uart_ctrl_inst|baud_rate_gen:brg_inst|ov_tick ; uart_controller:uart_ctrl_inst|baud_rate_gen:brg_inst|ov_tick ; 0.000        ; 0.000      ; 1.493      ;
; 1.228 ; uart_controller:uart_ctrl_inst|uart_rx:rx_inst|valid_timeout_cnt[4] ; uart_controller:uart_ctrl_inst|uart_rx:rx_inst|valid_timeout_cnt[5] ; uart_controller:uart_ctrl_inst|baud_rate_gen:brg_inst|ov_tick ; uart_controller:uart_ctrl_inst|baud_rate_gen:brg_inst|ov_tick ; 0.000        ; 0.000      ; 1.494      ;
; 1.252 ; uart_controller:uart_ctrl_inst|uart_rx:rx_inst|valid_timeout_cnt[1] ; uart_controller:uart_ctrl_inst|uart_rx:rx_inst|valid_timeout_cnt[3] ; uart_controller:uart_ctrl_inst|baud_rate_gen:brg_inst|ov_tick ; uart_controller:uart_ctrl_inst|baud_rate_gen:brg_inst|ov_tick ; 0.000        ; 0.000      ; 1.518      ;
; 1.254 ; uart_controller:uart_ctrl_inst|uart_rx:rx_inst|valid_timeout_cnt[7] ; uart_controller:uart_ctrl_inst|uart_rx:rx_inst|rx_valid             ; uart_controller:uart_ctrl_inst|baud_rate_gen:brg_inst|ov_tick ; uart_controller:uart_ctrl_inst|baud_rate_gen:brg_inst|ov_tick ; 0.000        ; 0.000      ; 1.520      ;
; 1.255 ; uart_controller:uart_ctrl_inst|uart_rx:rx_inst|valid_timeout_cnt[3] ; uart_controller:uart_ctrl_inst|uart_rx:rx_inst|valid_timeout_cnt[5] ; uart_controller:uart_ctrl_inst|baud_rate_gen:brg_inst|ov_tick ; uart_controller:uart_ctrl_inst|baud_rate_gen:brg_inst|ov_tick ; 0.000        ; 0.000      ; 1.521      ;
; 1.256 ; uart_controller:uart_ctrl_inst|uart_rx:rx_inst|tick_cnt[0]          ; uart_controller:uart_ctrl_inst|uart_rx:rx_inst|tick_cnt[1]          ; uart_controller:uart_ctrl_inst|baud_rate_gen:brg_inst|ov_tick ; uart_controller:uart_ctrl_inst|baud_rate_gen:brg_inst|ov_tick ; 0.000        ; 0.000      ; 1.522      ;
; 1.257 ; uart_controller:uart_ctrl_inst|uart_rx:rx_inst|state.DATA           ; uart_controller:uart_ctrl_inst|uart_rx:rx_inst|bit_cnt[0]           ; uart_controller:uart_ctrl_inst|baud_rate_gen:brg_inst|ov_tick ; uart_controller:uart_ctrl_inst|baud_rate_gen:brg_inst|ov_tick ; 0.000        ; 0.000      ; 1.523      ;
; 1.272 ; uart_controller:uart_ctrl_inst|uart_rx:rx_inst|valid_timeout_cnt[5] ; uart_controller:uart_ctrl_inst|uart_rx:rx_inst|valid_timeout_cnt[7] ; uart_controller:uart_ctrl_inst|baud_rate_gen:brg_inst|ov_tick ; uart_controller:uart_ctrl_inst|baud_rate_gen:brg_inst|ov_tick ; 0.000        ; 0.000      ; 1.538      ;
; 1.282 ; uart_controller:uart_ctrl_inst|uart_rx:rx_inst|state.STOP           ; uart_controller:uart_ctrl_inst|uart_rx:rx_inst|bit_cnt[0]           ; uart_controller:uart_ctrl_inst|baud_rate_gen:brg_inst|ov_tick ; uart_controller:uart_ctrl_inst|baud_rate_gen:brg_inst|ov_tick ; 0.000        ; 0.001      ; 1.549      ;
; 1.295 ; uart_controller:uart_ctrl_inst|uart_rx:rx_inst|valid_timeout_cnt[0] ; uart_controller:uart_ctrl_inst|uart_rx:rx_inst|valid_timeout_cnt[2] ; uart_controller:uart_ctrl_inst|baud_rate_gen:brg_inst|ov_tick ; uart_controller:uart_ctrl_inst|baud_rate_gen:brg_inst|ov_tick ; 0.000        ; 0.000      ; 1.561      ;
; 1.298 ; uart_controller:uart_ctrl_inst|uart_rx:rx_inst|valid_timeout_cnt[2] ; uart_controller:uart_ctrl_inst|uart_rx:rx_inst|valid_timeout_cnt[4] ; uart_controller:uart_ctrl_inst|baud_rate_gen:brg_inst|ov_tick ; uart_controller:uart_ctrl_inst|baud_rate_gen:brg_inst|ov_tick ; 0.000        ; 0.000      ; 1.564      ;
; 1.299 ; uart_controller:uart_ctrl_inst|uart_rx:rx_inst|state.IDLE           ; uart_controller:uart_ctrl_inst|uart_rx:rx_inst|state.START          ; uart_controller:uart_ctrl_inst|baud_rate_gen:brg_inst|ov_tick ; uart_controller:uart_ctrl_inst|baud_rate_gen:brg_inst|ov_tick ; 0.000        ; -0.001     ; 1.564      ;
; 1.299 ; uart_controller:uart_ctrl_inst|uart_rx:rx_inst|valid_timeout_cnt[4] ; uart_controller:uart_ctrl_inst|uart_rx:rx_inst|valid_timeout_cnt[6] ; uart_controller:uart_ctrl_inst|baud_rate_gen:brg_inst|ov_tick ; uart_controller:uart_ctrl_inst|baud_rate_gen:brg_inst|ov_tick ; 0.000        ; 0.000      ; 1.565      ;
; 1.305 ; uart_controller:uart_ctrl_inst|uart_rx:rx_inst|tick_cnt[1]          ; uart_controller:uart_ctrl_inst|uart_rx:rx_inst|bit_cnt[1]           ; uart_controller:uart_ctrl_inst|baud_rate_gen:brg_inst|ov_tick ; uart_controller:uart_ctrl_inst|baud_rate_gen:brg_inst|ov_tick ; 0.000        ; 0.000      ; 1.571      ;
; 1.323 ; uart_controller:uart_ctrl_inst|uart_rx:rx_inst|tick_cnt[2]          ; uart_controller:uart_ctrl_inst|uart_rx:rx_inst|samples[0]           ; uart_controller:uart_ctrl_inst|baud_rate_gen:brg_inst|ov_tick ; uart_controller:uart_ctrl_inst|baud_rate_gen:brg_inst|ov_tick ; 0.000        ; 0.003      ; 1.592      ;
; 1.323 ; uart_controller:uart_ctrl_inst|uart_rx:rx_inst|valid_timeout_cnt[1] ; uart_controller:uart_ctrl_inst|uart_rx:rx_inst|valid_timeout_cnt[4] ; uart_controller:uart_ctrl_inst|baud_rate_gen:brg_inst|ov_tick ; uart_controller:uart_ctrl_inst|baud_rate_gen:brg_inst|ov_tick ; 0.000        ; 0.000      ; 1.589      ;
; 1.326 ; uart_controller:uart_ctrl_inst|uart_rx:rx_inst|valid_timeout_cnt[3] ; uart_controller:uart_ctrl_inst|uart_rx:rx_inst|valid_timeout_cnt[6] ; uart_controller:uart_ctrl_inst|baud_rate_gen:brg_inst|ov_tick ; uart_controller:uart_ctrl_inst|baud_rate_gen:brg_inst|ov_tick ; 0.000        ; 0.000      ; 1.592      ;
; 1.347 ; uart_controller:uart_ctrl_inst|uart_rx:rx_inst|valid_timeout_cnt[2] ; uart_controller:uart_ctrl_inst|uart_rx:rx_inst|rx_valid             ; uart_controller:uart_ctrl_inst|baud_rate_gen:brg_inst|ov_tick ; uart_controller:uart_ctrl_inst|baud_rate_gen:brg_inst|ov_tick ; 0.000        ; 0.000      ; 1.613      ;
; 1.362 ; uart_controller:uart_ctrl_inst|uart_rx:rx_inst|state.IDLE           ; uart_controller:uart_ctrl_inst|uart_rx:rx_inst|tick_cnt[2]          ; uart_controller:uart_ctrl_inst|baud_rate_gen:brg_inst|ov_tick ; uart_controller:uart_ctrl_inst|baud_rate_gen:brg_inst|ov_tick ; 0.000        ; 0.000      ; 1.628      ;
; 1.366 ; uart_controller:uart_ctrl_inst|uart_rx:rx_inst|valid_timeout_cnt[0] ; uart_controller:uart_ctrl_inst|uart_rx:rx_inst|valid_timeout_cnt[3] ; uart_controller:uart_ctrl_inst|baud_rate_gen:brg_inst|ov_tick ; uart_controller:uart_ctrl_inst|baud_rate_gen:brg_inst|ov_tick ; 0.000        ; 0.000      ; 1.632      ;
; 1.369 ; uart_controller:uart_ctrl_inst|uart_rx:rx_inst|valid_timeout_cnt[2] ; uart_controller:uart_ctrl_inst|uart_rx:rx_inst|valid_timeout_cnt[5] ; uart_controller:uart_ctrl_inst|baud_rate_gen:brg_inst|ov_tick ; uart_controller:uart_ctrl_inst|baud_rate_gen:brg_inst|ov_tick ; 0.000        ; 0.000      ; 1.635      ;
; 1.370 ; uart_controller:uart_ctrl_inst|uart_rx:rx_inst|valid_timeout_cnt[4] ; uart_controller:uart_ctrl_inst|uart_rx:rx_inst|valid_timeout_cnt[7] ; uart_controller:uart_ctrl_inst|baud_rate_gen:brg_inst|ov_tick ; uart_controller:uart_ctrl_inst|baud_rate_gen:brg_inst|ov_tick ; 0.000        ; 0.000      ; 1.636      ;
; 1.394 ; uart_controller:uart_ctrl_inst|uart_rx:rx_inst|valid_timeout_cnt[1] ; uart_controller:uart_ctrl_inst|uart_rx:rx_inst|valid_timeout_cnt[5] ; uart_controller:uart_ctrl_inst|baud_rate_gen:brg_inst|ov_tick ; uart_controller:uart_ctrl_inst|baud_rate_gen:brg_inst|ov_tick ; 0.000        ; 0.000      ; 1.660      ;
; 1.397 ; uart_controller:uart_ctrl_inst|uart_rx:rx_inst|valid_timeout_cnt[3] ; uart_controller:uart_ctrl_inst|uart_rx:rx_inst|valid_timeout_cnt[7] ; uart_controller:uart_ctrl_inst|baud_rate_gen:brg_inst|ov_tick ; uart_controller:uart_ctrl_inst|baud_rate_gen:brg_inst|ov_tick ; 0.000        ; 0.000      ; 1.663      ;
; 1.398 ; uart_controller:uart_ctrl_inst|uart_rx:rx_inst|state.STOP           ; uart_controller:uart_ctrl_inst|uart_rx:rx_inst|state.IDLE           ; uart_controller:uart_ctrl_inst|baud_rate_gen:brg_inst|ov_tick ; uart_controller:uart_ctrl_inst|baud_rate_gen:brg_inst|ov_tick ; 0.000        ; 0.001      ; 1.665      ;
; 1.401 ; uart_controller:uart_ctrl_inst|uart_rx:rx_inst|tick_cnt[2]          ; uart_controller:uart_ctrl_inst|uart_rx:rx_inst|bit_cnt[1]           ; uart_controller:uart_ctrl_inst|baud_rate_gen:brg_inst|ov_tick ; uart_controller:uart_ctrl_inst|baud_rate_gen:brg_inst|ov_tick ; 0.000        ; 0.000      ; 1.667      ;
; 1.437 ; uart_controller:uart_ctrl_inst|uart_rx:rx_inst|valid_timeout_cnt[0] ; uart_controller:uart_ctrl_inst|uart_rx:rx_inst|valid_timeout_cnt[4] ; uart_controller:uart_ctrl_inst|baud_rate_gen:brg_inst|ov_tick ; uart_controller:uart_ctrl_inst|baud_rate_gen:brg_inst|ov_tick ; 0.000        ; 0.000      ; 1.703      ;
; 1.440 ; uart_controller:uart_ctrl_inst|uart_rx:rx_inst|valid_timeout_cnt[2] ; uart_controller:uart_ctrl_inst|uart_rx:rx_inst|valid_timeout_cnt[6] ; uart_controller:uart_ctrl_inst|baud_rate_gen:brg_inst|ov_tick ; uart_controller:uart_ctrl_inst|baud_rate_gen:brg_inst|ov_tick ; 0.000        ; 0.000      ; 1.706      ;
; 1.449 ; uart_controller:uart_ctrl_inst|uart_rx:rx_inst|state.DATA           ; uart_controller:uart_ctrl_inst|uart_rx:rx_inst|bit_cnt[1]           ; uart_controller:uart_ctrl_inst|baud_rate_gen:brg_inst|ov_tick ; uart_controller:uart_ctrl_inst|baud_rate_gen:brg_inst|ov_tick ; 0.000        ; 0.000      ; 1.715      ;
; 1.465 ; uart_controller:uart_ctrl_inst|uart_rx:rx_inst|valid_timeout_cnt[1] ; uart_controller:uart_ctrl_inst|uart_rx:rx_inst|valid_timeout_cnt[6] ; uart_controller:uart_ctrl_inst|baud_rate_gen:brg_inst|ov_tick ; uart_controller:uart_ctrl_inst|baud_rate_gen:brg_inst|ov_tick ; 0.000        ; 0.000      ; 1.731      ;
; 1.478 ; uart_controller:uart_ctrl_inst|uart_rx:rx_inst|tick_cnt[0]          ; uart_controller:uart_ctrl_inst|uart_rx:rx_inst|bit_cnt[2]           ; uart_controller:uart_ctrl_inst|baud_rate_gen:brg_inst|ov_tick ; uart_controller:uart_ctrl_inst|baud_rate_gen:brg_inst|ov_tick ; 0.000        ; 0.000      ; 1.744      ;
; 1.479 ; uart_controller:uart_ctrl_inst|uart_rx:rx_inst|valid_timeout_cnt[6] ; uart_controller:uart_ctrl_inst|uart_rx:rx_inst|valid_timeout_cnt[0] ; uart_controller:uart_ctrl_inst|baud_rate_gen:brg_inst|ov_tick ; uart_controller:uart_ctrl_inst|baud_rate_gen:brg_inst|ov_tick ; 0.000        ; 0.000      ; 1.745      ;
; 1.479 ; uart_controller:uart_ctrl_inst|uart_rx:rx_inst|valid_timeout_cnt[6] ; uart_controller:uart_ctrl_inst|uart_rx:rx_inst|valid_timeout_cnt[1] ; uart_controller:uart_ctrl_inst|baud_rate_gen:brg_inst|ov_tick ; uart_controller:uart_ctrl_inst|baud_rate_gen:brg_inst|ov_tick ; 0.000        ; 0.000      ; 1.745      ;
; 1.479 ; uart_controller:uart_ctrl_inst|uart_rx:rx_inst|valid_timeout_cnt[6] ; uart_controller:uart_ctrl_inst|uart_rx:rx_inst|valid_timeout_cnt[2] ; uart_controller:uart_ctrl_inst|baud_rate_gen:brg_inst|ov_tick ; uart_controller:uart_ctrl_inst|baud_rate_gen:brg_inst|ov_tick ; 0.000        ; 0.000      ; 1.745      ;
; 1.479 ; uart_controller:uart_ctrl_inst|uart_rx:rx_inst|valid_timeout_cnt[6] ; uart_controller:uart_ctrl_inst|uart_rx:rx_inst|valid_timeout_cnt[3] ; uart_controller:uart_ctrl_inst|baud_rate_gen:brg_inst|ov_tick ; uart_controller:uart_ctrl_inst|baud_rate_gen:brg_inst|ov_tick ; 0.000        ; 0.000      ; 1.745      ;
; 1.479 ; uart_controller:uart_ctrl_inst|uart_rx:rx_inst|valid_timeout_cnt[6] ; uart_controller:uart_ctrl_inst|uart_rx:rx_inst|valid_timeout_cnt[4] ; uart_controller:uart_ctrl_inst|baud_rate_gen:brg_inst|ov_tick ; uart_controller:uart_ctrl_inst|baud_rate_gen:brg_inst|ov_tick ; 0.000        ; 0.000      ; 1.745      ;
; 1.479 ; uart_controller:uart_ctrl_inst|uart_rx:rx_inst|valid_timeout_cnt[6] ; uart_controller:uart_ctrl_inst|uart_rx:rx_inst|valid_timeout_cnt[5] ; uart_controller:uart_ctrl_inst|baud_rate_gen:brg_inst|ov_tick ; uart_controller:uart_ctrl_inst|baud_rate_gen:brg_inst|ov_tick ; 0.000        ; 0.000      ; 1.745      ;
; 1.493 ; uart_controller:uart_ctrl_inst|uart_rx:rx_inst|valid_timeout_cnt[5] ; uart_controller:uart_ctrl_inst|uart_rx:rx_inst|rx_valid             ; uart_controller:uart_ctrl_inst|baud_rate_gen:brg_inst|ov_tick ; uart_controller:uart_ctrl_inst|baud_rate_gen:brg_inst|ov_tick ; 0.000        ; 0.000      ; 1.759      ;
; 1.508 ; uart_controller:uart_ctrl_inst|uart_rx:rx_inst|valid_timeout_cnt[0] ; uart_controller:uart_ctrl_inst|uart_rx:rx_inst|valid_timeout_cnt[5] ; uart_controller:uart_ctrl_inst|baud_rate_gen:brg_inst|ov_tick ; uart_controller:uart_ctrl_inst|baud_rate_gen:brg_inst|ov_tick ; 0.000        ; 0.000      ; 1.774      ;
; 1.511 ; uart_controller:uart_ctrl_inst|uart_rx:rx_inst|valid_timeout_cnt[2] ; uart_controller:uart_ctrl_inst|uart_rx:rx_inst|valid_timeout_cnt[7] ; uart_controller:uart_ctrl_inst|baud_rate_gen:brg_inst|ov_tick ; uart_controller:uart_ctrl_inst|baud_rate_gen:brg_inst|ov_tick ; 0.000        ; 0.000      ; 1.777      ;
; 1.515 ; uart_controller:uart_ctrl_inst|uart_rx:rx_inst|rx_valid             ; uart_controller:uart_ctrl_inst|uart_rx:rx_inst|rx_valid             ; uart_controller:uart_ctrl_inst|baud_rate_gen:brg_inst|ov_tick ; uart_controller:uart_ctrl_inst|baud_rate_gen:brg_inst|ov_tick ; 0.000        ; 0.000      ; 1.781      ;
+-------+---------------------------------------------------------------------+---------------------------------------------------------------------+---------------------------------------------------------------+---------------------------------------------------------------+--------------+------------+------------+


+--------------------------------------------------------------------------------------------------------------------------------------------------------------------------------------------------------------------------------------------------------------------------------------------------------------------+
; Slow Model Hold: 'uart_controller:uart_ctrl_inst|baud_rate_gen:brg_inst|uart_tick'                                                                                                                                                                                                                                 ;
+-------+---------------------------------------------------------------+---------------------------------------------------------------+-----------------------------------------------------------------+-----------------------------------------------------------------+--------------+------------+------------+
; Slack ; From Node                                                     ; To Node                                                       ; Launch Clock                                                    ; Latch Clock                                                     ; Relationship ; Clock Skew ; Data Delay ;
+-------+---------------------------------------------------------------+---------------------------------------------------------------+-----------------------------------------------------------------+-----------------------------------------------------------------+--------------+------------+------------+
; 0.391 ; uart_controller:uart_ctrl_inst|uart_tx:tx_inst|state.DATA     ; uart_controller:uart_ctrl_inst|uart_tx:tx_inst|state.DATA     ; uart_controller:uart_ctrl_inst|baud_rate_gen:brg_inst|uart_tick ; uart_controller:uart_ctrl_inst|baud_rate_gen:brg_inst|uart_tick ; 0.000        ; 0.000      ; 0.657      ;
; 0.391 ; uart_controller:uart_ctrl_inst|uart_tx:tx_inst|bit_cnt[0]     ; uart_controller:uart_ctrl_inst|uart_tx:tx_inst|bit_cnt[0]     ; uart_controller:uart_ctrl_inst|baud_rate_gen:brg_inst|uart_tick ; uart_controller:uart_ctrl_inst|baud_rate_gen:brg_inst|uart_tick ; 0.000        ; 0.000      ; 0.657      ;
; 0.391 ; uart_controller:uart_ctrl_inst|uart_tx:tx_inst|bit_cnt[1]     ; uart_controller:uart_ctrl_inst|uart_tx:tx_inst|bit_cnt[1]     ; uart_controller:uart_ctrl_inst|baud_rate_gen:brg_inst|uart_tick ; uart_controller:uart_ctrl_inst|baud_rate_gen:brg_inst|uart_tick ; 0.000        ; 0.000      ; 0.657      ;
; 0.391 ; uart_controller:uart_ctrl_inst|uart_tx:tx_inst|bit_cnt[2]     ; uart_controller:uart_ctrl_inst|uart_tx:tx_inst|bit_cnt[2]     ; uart_controller:uart_ctrl_inst|baud_rate_gen:brg_inst|uart_tick ; uart_controller:uart_ctrl_inst|baud_rate_gen:brg_inst|uart_tick ; 0.000        ; 0.000      ; 0.657      ;
; 0.391 ; uart_controller:uart_ctrl_inst|uart_tx:tx_inst|state.IDLE     ; uart_controller:uart_ctrl_inst|uart_tx:tx_inst|state.IDLE     ; uart_controller:uart_ctrl_inst|baud_rate_gen:brg_inst|uart_tick ; uart_controller:uart_ctrl_inst|baud_rate_gen:brg_inst|uart_tick ; 0.000        ; 0.000      ; 0.657      ;
; 0.391 ; uart_controller:uart_ctrl_inst|uart_tx:tx_inst|tx_reg[4]      ; uart_controller:uart_ctrl_inst|uart_tx:tx_inst|tx_reg[4]      ; uart_controller:uart_ctrl_inst|baud_rate_gen:brg_inst|uart_tick ; uart_controller:uart_ctrl_inst|baud_rate_gen:brg_inst|uart_tick ; 0.000        ; 0.000      ; 0.657      ;
; 0.391 ; uart_controller:uart_ctrl_inst|uart_tx:tx_inst|tx_reg[3]      ; uart_controller:uart_ctrl_inst|uart_tx:tx_inst|tx_reg[3]      ; uart_controller:uart_ctrl_inst|baud_rate_gen:brg_inst|uart_tick ; uart_controller:uart_ctrl_inst|baud_rate_gen:brg_inst|uart_tick ; 0.000        ; 0.000      ; 0.657      ;
; 0.391 ; uart_controller:uart_ctrl_inst|uart_tx:tx_inst|tx_reg[2]      ; uart_controller:uart_ctrl_inst|uart_tx:tx_inst|tx_reg[2]      ; uart_controller:uart_ctrl_inst|baud_rate_gen:brg_inst|uart_tick ; uart_controller:uart_ctrl_inst|baud_rate_gen:brg_inst|uart_tick ; 0.000        ; 0.000      ; 0.657      ;
; 0.527 ; uart_controller:uart_ctrl_inst|uart_tx:tx_inst|timeout_cnt[7] ; uart_controller:uart_ctrl_inst|uart_tx:tx_inst|timeout_cnt[7] ; uart_controller:uart_ctrl_inst|baud_rate_gen:brg_inst|uart_tick ; uart_controller:uart_ctrl_inst|baud_rate_gen:brg_inst|uart_tick ; 0.000        ; 0.000      ; 0.793      ;
; 0.568 ; uart_controller:uart_ctrl_inst|uart_tx:tx_inst|state.START    ; uart_controller:uart_ctrl_inst|uart_tx:tx_inst|bit_cnt[2]     ; uart_controller:uart_ctrl_inst|baud_rate_gen:brg_inst|uart_tick ; uart_controller:uart_ctrl_inst|baud_rate_gen:brg_inst|uart_tick ; 0.000        ; 0.000      ; 0.834      ;
; 0.571 ; uart_controller:uart_ctrl_inst|uart_tx:tx_inst|state.START    ; uart_controller:uart_ctrl_inst|uart_tx:tx_inst|bit_cnt[0]     ; uart_controller:uart_ctrl_inst|baud_rate_gen:brg_inst|uart_tick ; uart_controller:uart_ctrl_inst|baud_rate_gen:brg_inst|uart_tick ; 0.000        ; 0.000      ; 0.837      ;
; 0.788 ; uart_controller:uart_ctrl_inst|uart_tx:tx_inst|timeout_cnt[0] ; uart_controller:uart_ctrl_inst|uart_tx:tx_inst|timeout_cnt[0] ; uart_controller:uart_ctrl_inst|baud_rate_gen:brg_inst|uart_tick ; uart_controller:uart_ctrl_inst|baud_rate_gen:brg_inst|uart_tick ; 0.000        ; 0.000      ; 1.054      ;
; 0.793 ; uart_controller:uart_ctrl_inst|uart_tx:tx_inst|tx_reg[3]      ; uart_controller:uart_ctrl_inst|uart_tx:tx_inst|tx_reg[2]      ; uart_controller:uart_ctrl_inst|baud_rate_gen:brg_inst|uart_tick ; uart_controller:uart_ctrl_inst|baud_rate_gen:brg_inst|uart_tick ; 0.000        ; 0.000      ; 1.059      ;
; 0.801 ; uart_controller:uart_ctrl_inst|uart_tx:tx_inst|timeout_cnt[4] ; uart_controller:uart_ctrl_inst|uart_tx:tx_inst|timeout_cnt[4] ; uart_controller:uart_ctrl_inst|baud_rate_gen:brg_inst|uart_tick ; uart_controller:uart_ctrl_inst|baud_rate_gen:brg_inst|uart_tick ; 0.000        ; 0.000      ; 1.067      ;
; 0.802 ; uart_controller:uart_ctrl_inst|uart_tx:tx_inst|timeout_cnt[6] ; uart_controller:uart_ctrl_inst|uart_tx:tx_inst|timeout_cnt[6] ; uart_controller:uart_ctrl_inst|baud_rate_gen:brg_inst|uart_tick ; uart_controller:uart_ctrl_inst|baud_rate_gen:brg_inst|uart_tick ; 0.000        ; 0.000      ; 1.068      ;
; 0.834 ; uart_controller:uart_ctrl_inst|uart_tx:tx_inst|timeout_cnt[1] ; uart_controller:uart_ctrl_inst|uart_tx:tx_inst|timeout_cnt[1] ; uart_controller:uart_ctrl_inst|baud_rate_gen:brg_inst|uart_tick ; uart_controller:uart_ctrl_inst|baud_rate_gen:brg_inst|uart_tick ; 0.000        ; 0.000      ; 1.100      ;
; 0.838 ; uart_controller:uart_ctrl_inst|uart_tx:tx_inst|timeout_cnt[3] ; uart_controller:uart_ctrl_inst|uart_tx:tx_inst|timeout_cnt[3] ; uart_controller:uart_ctrl_inst|baud_rate_gen:brg_inst|uart_tick ; uart_controller:uart_ctrl_inst|baud_rate_gen:brg_inst|uart_tick ; 0.000        ; 0.000      ; 1.104      ;
; 0.880 ; uart_controller:uart_ctrl_inst|uart_tx:tx_inst|state.IDLE     ; uart_controller:uart_ctrl_inst|uart_tx:tx_inst|tx             ; uart_controller:uart_ctrl_inst|baud_rate_gen:brg_inst|uart_tick ; uart_controller:uart_ctrl_inst|baud_rate_gen:brg_inst|uart_tick ; 0.000        ; 0.000      ; 1.146      ;
; 0.882 ; uart_rx_packet_new:packet_inst|tx_data[1]                     ; uart_controller:uart_ctrl_inst|uart_tx:tx_inst|tx_reg[1]      ; CLOCK_50                                                        ; uart_controller:uart_ctrl_inst|baud_rate_gen:brg_inst|uart_tick ; 0.000        ; -0.364     ; 0.784      ;
; 0.888 ; uart_rx_packet_new:packet_inst|tx_data[0]                     ; uart_controller:uart_ctrl_inst|uart_tx:tx_inst|tx_reg[4]      ; CLOCK_50                                                        ; uart_controller:uart_ctrl_inst|baud_rate_gen:brg_inst|uart_tick ; 0.000        ; -0.364     ; 0.790      ;
; 0.906 ; uart_rx_packet_new:packet_inst|LEDR[15]                       ; uart_controller:uart_ctrl_inst|uart_tx:tx_inst|state.START    ; CLOCK_50                                                        ; uart_controller:uart_ctrl_inst|baud_rate_gen:brg_inst|uart_tick ; 0.000        ; -0.364     ; 0.808      ;
; 0.964 ; uart_controller:uart_ctrl_inst|uart_tx:tx_inst|tx_reg[1]      ; uart_controller:uart_ctrl_inst|uart_tx:tx_inst|tx_reg[0]      ; uart_controller:uart_ctrl_inst|baud_rate_gen:brg_inst|uart_tick ; uart_controller:uart_ctrl_inst|baud_rate_gen:brg_inst|uart_tick ; 0.000        ; 0.029      ; 1.259      ;
; 0.973 ; uart_controller:uart_ctrl_inst|uart_tx:tx_inst|state.IDLE     ; uart_controller:uart_ctrl_inst|uart_tx:tx_inst|state.START    ; uart_controller:uart_ctrl_inst|baud_rate_gen:brg_inst|uart_tick ; uart_controller:uart_ctrl_inst|baud_rate_gen:brg_inst|uart_tick ; 0.000        ; 0.000      ; 1.239      ;
; 0.976 ; uart_controller:uart_ctrl_inst|uart_tx:tx_inst|tx_reg[4]      ; uart_controller:uart_ctrl_inst|uart_tx:tx_inst|tx_reg[3]      ; uart_controller:uart_ctrl_inst|baud_rate_gen:brg_inst|uart_tick ; uart_controller:uart_ctrl_inst|baud_rate_gen:brg_inst|uart_tick ; 0.000        ; 0.000      ; 1.242      ;
; 0.987 ; uart_controller:uart_ctrl_inst|uart_tx:tx_inst|state.IDLE     ; uart_controller:uart_ctrl_inst|uart_tx:tx_inst|timeout_cnt[0] ; uart_controller:uart_ctrl_inst|baud_rate_gen:brg_inst|uart_tick ; uart_controller:uart_ctrl_inst|baud_rate_gen:brg_inst|uart_tick ; 0.000        ; -0.001     ; 1.252      ;
; 0.987 ; uart_controller:uart_ctrl_inst|uart_tx:tx_inst|state.IDLE     ; uart_controller:uart_ctrl_inst|uart_tx:tx_inst|timeout_cnt[1] ; uart_controller:uart_ctrl_inst|baud_rate_gen:brg_inst|uart_tick ; uart_controller:uart_ctrl_inst|baud_rate_gen:brg_inst|uart_tick ; 0.000        ; -0.001     ; 1.252      ;
; 0.987 ; uart_controller:uart_ctrl_inst|uart_tx:tx_inst|state.IDLE     ; uart_controller:uart_ctrl_inst|uart_tx:tx_inst|timeout_cnt[2] ; uart_controller:uart_ctrl_inst|baud_rate_gen:brg_inst|uart_tick ; uart_controller:uart_ctrl_inst|baud_rate_gen:brg_inst|uart_tick ; 0.000        ; -0.001     ; 1.252      ;
; 0.987 ; uart_controller:uart_ctrl_inst|uart_tx:tx_inst|state.IDLE     ; uart_controller:uart_ctrl_inst|uart_tx:tx_inst|timeout_cnt[3] ; uart_controller:uart_ctrl_inst|baud_rate_gen:brg_inst|uart_tick ; uart_controller:uart_ctrl_inst|baud_rate_gen:brg_inst|uart_tick ; 0.000        ; -0.001     ; 1.252      ;
; 0.987 ; uart_controller:uart_ctrl_inst|uart_tx:tx_inst|state.IDLE     ; uart_controller:uart_ctrl_inst|uart_tx:tx_inst|timeout_cnt[4] ; uart_controller:uart_ctrl_inst|baud_rate_gen:brg_inst|uart_tick ; uart_controller:uart_ctrl_inst|baud_rate_gen:brg_inst|uart_tick ; 0.000        ; -0.001     ; 1.252      ;
; 0.987 ; uart_controller:uart_ctrl_inst|uart_tx:tx_inst|state.IDLE     ; uart_controller:uart_ctrl_inst|uart_tx:tx_inst|timeout_cnt[5] ; uart_controller:uart_ctrl_inst|baud_rate_gen:brg_inst|uart_tick ; uart_controller:uart_ctrl_inst|baud_rate_gen:brg_inst|uart_tick ; 0.000        ; -0.001     ; 1.252      ;
; 0.987 ; uart_controller:uart_ctrl_inst|uart_tx:tx_inst|state.IDLE     ; uart_controller:uart_ctrl_inst|uart_tx:tx_inst|timeout_cnt[6] ; uart_controller:uart_ctrl_inst|baud_rate_gen:brg_inst|uart_tick ; uart_controller:uart_ctrl_inst|baud_rate_gen:brg_inst|uart_tick ; 0.000        ; -0.001     ; 1.252      ;
; 0.987 ; uart_controller:uart_ctrl_inst|uart_tx:tx_inst|state.IDLE     ; uart_controller:uart_ctrl_inst|uart_tx:tx_inst|timeout_cnt[7] ; uart_controller:uart_ctrl_inst|baud_rate_gen:brg_inst|uart_tick ; uart_controller:uart_ctrl_inst|baud_rate_gen:brg_inst|uart_tick ; 0.000        ; -0.001     ; 1.252      ;
; 0.992 ; uart_controller:uart_ctrl_inst|uart_tx:tx_inst|timeout_cnt[5] ; uart_controller:uart_ctrl_inst|uart_tx:tx_inst|timeout_cnt[5] ; uart_controller:uart_ctrl_inst|baud_rate_gen:brg_inst|uart_tick ; uart_controller:uart_ctrl_inst|baud_rate_gen:brg_inst|uart_tick ; 0.000        ; 0.000      ; 1.258      ;
; 1.002 ; uart_controller:uart_ctrl_inst|uart_tx:tx_inst|tx_reg[0]      ; uart_controller:uart_ctrl_inst|uart_tx:tx_inst|tx             ; uart_controller:uart_ctrl_inst|baud_rate_gen:brg_inst|uart_tick ; uart_controller:uart_ctrl_inst|baud_rate_gen:brg_inst|uart_tick ; 0.000        ; -0.028     ; 1.240      ;
; 1.009 ; uart_controller:uart_ctrl_inst|uart_tx:tx_inst|timeout_cnt[2] ; uart_controller:uart_ctrl_inst|uart_tx:tx_inst|timeout_cnt[2] ; uart_controller:uart_ctrl_inst|baud_rate_gen:brg_inst|uart_tick ; uart_controller:uart_ctrl_inst|baud_rate_gen:brg_inst|uart_tick ; 0.000        ; 0.000      ; 1.275      ;
; 1.009 ; uart_controller:uart_ctrl_inst|uart_tx:tx_inst|state.DATA     ; uart_controller:uart_ctrl_inst|uart_tx:tx_inst|tx             ; uart_controller:uart_ctrl_inst|baud_rate_gen:brg_inst|uart_tick ; uart_controller:uart_ctrl_inst|baud_rate_gen:brg_inst|uart_tick ; 0.000        ; 0.000      ; 1.275      ;
; 1.017 ; uart_controller:uart_ctrl_inst|uart_tx:tx_inst|bit_cnt[0]     ; uart_controller:uart_ctrl_inst|uart_tx:tx_inst|bit_cnt[1]     ; uart_controller:uart_ctrl_inst|baud_rate_gen:brg_inst|uart_tick ; uart_controller:uart_ctrl_inst|baud_rate_gen:brg_inst|uart_tick ; 0.000        ; 0.000      ; 1.283      ;
; 1.018 ; uart_controller:uart_ctrl_inst|uart_tx:tx_inst|state.DATA     ; uart_controller:uart_ctrl_inst|uart_tx:tx_inst|bit_cnt[0]     ; uart_controller:uart_ctrl_inst|baud_rate_gen:brg_inst|uart_tick ; uart_controller:uart_ctrl_inst|baud_rate_gen:brg_inst|uart_tick ; 0.000        ; 0.000      ; 1.284      ;
; 1.018 ; uart_controller:uart_ctrl_inst|uart_tx:tx_inst|state.DATA     ; uart_controller:uart_ctrl_inst|uart_tx:tx_inst|bit_cnt[1]     ; uart_controller:uart_ctrl_inst|baud_rate_gen:brg_inst|uart_tick ; uart_controller:uart_ctrl_inst|baud_rate_gen:brg_inst|uart_tick ; 0.000        ; 0.000      ; 1.284      ;
; 1.020 ; uart_controller:uart_ctrl_inst|uart_tx:tx_inst|tx_reg[2]      ; uart_controller:uart_ctrl_inst|uart_tx:tx_inst|tx_reg[1]      ; uart_controller:uart_ctrl_inst|baud_rate_gen:brg_inst|uart_tick ; uart_controller:uart_ctrl_inst|baud_rate_gen:brg_inst|uart_tick ; 0.000        ; -0.029     ; 1.257      ;
; 1.069 ; uart_rx_packet_new:packet_inst|tx_data[0]                     ; uart_controller:uart_ctrl_inst|uart_tx:tx_inst|tx_reg[0]      ; CLOCK_50                                                        ; uart_controller:uart_ctrl_inst|baud_rate_gen:brg_inst|uart_tick ; 0.000        ; -0.364     ; 0.971      ;
; 1.079 ; uart_controller:uart_ctrl_inst|uart_tx:tx_inst|state.DATA     ; uart_controller:uart_ctrl_inst|uart_tx:tx_inst|tx_reg[0]      ; uart_controller:uart_ctrl_inst|baud_rate_gen:brg_inst|uart_tick ; uart_controller:uart_ctrl_inst|baud_rate_gen:brg_inst|uart_tick ; 0.000        ; 0.028      ; 1.373      ;
; 1.083 ; uart_controller:uart_ctrl_inst|uart_tx:tx_inst|bit_cnt[1]     ; uart_controller:uart_ctrl_inst|uart_tx:tx_inst|state.STOP     ; uart_controller:uart_ctrl_inst|baud_rate_gen:brg_inst|uart_tick ; uart_controller:uart_ctrl_inst|baud_rate_gen:brg_inst|uart_tick ; 0.000        ; 0.000      ; 1.349      ;
; 1.083 ; uart_controller:uart_ctrl_inst|uart_tx:tx_inst|state.DATA     ; uart_controller:uart_ctrl_inst|uart_tx:tx_inst|tx_reg[1]      ; uart_controller:uart_ctrl_inst|baud_rate_gen:brg_inst|uart_tick ; uart_controller:uart_ctrl_inst|baud_rate_gen:brg_inst|uart_tick ; 0.000        ; -0.001     ; 1.348      ;
; 1.184 ; uart_controller:uart_ctrl_inst|uart_tx:tx_inst|timeout_cnt[4] ; uart_controller:uart_ctrl_inst|uart_tx:tx_inst|timeout_cnt[5] ; uart_controller:uart_ctrl_inst|baud_rate_gen:brg_inst|uart_tick ; uart_controller:uart_ctrl_inst|baud_rate_gen:brg_inst|uart_tick ; 0.000        ; 0.000      ; 1.450      ;
; 1.185 ; uart_controller:uart_ctrl_inst|uart_tx:tx_inst|timeout_cnt[6] ; uart_controller:uart_ctrl_inst|uart_tx:tx_inst|timeout_cnt[7] ; uart_controller:uart_ctrl_inst|baud_rate_gen:brg_inst|uart_tick ; uart_controller:uart_ctrl_inst|baud_rate_gen:brg_inst|uart_tick ; 0.000        ; 0.000      ; 1.451      ;
; 1.201 ; uart_controller:uart_ctrl_inst|uart_tx:tx_inst|bit_cnt[1]     ; uart_controller:uart_ctrl_inst|uart_tx:tx_inst|bit_cnt[2]     ; uart_controller:uart_ctrl_inst|baud_rate_gen:brg_inst|uart_tick ; uart_controller:uart_ctrl_inst|baud_rate_gen:brg_inst|uart_tick ; 0.000        ; 0.000      ; 1.467      ;
; 1.220 ; uart_controller:uart_ctrl_inst|uart_tx:tx_inst|state.START    ; uart_controller:uart_ctrl_inst|uart_tx:tx_inst|state.DATA     ; uart_controller:uart_ctrl_inst|baud_rate_gen:brg_inst|uart_tick ; uart_controller:uart_ctrl_inst|baud_rate_gen:brg_inst|uart_tick ; 0.000        ; 0.000      ; 1.486      ;
; 1.220 ; uart_controller:uart_ctrl_inst|uart_tx:tx_inst|timeout_cnt[1] ; uart_controller:uart_ctrl_inst|uart_tx:tx_inst|timeout_cnt[2] ; uart_controller:uart_ctrl_inst|baud_rate_gen:brg_inst|uart_tick ; uart_controller:uart_ctrl_inst|baud_rate_gen:brg_inst|uart_tick ; 0.000        ; 0.000      ; 1.486      ;
; 1.224 ; uart_controller:uart_ctrl_inst|uart_tx:tx_inst|timeout_cnt[3] ; uart_controller:uart_ctrl_inst|uart_tx:tx_inst|timeout_cnt[4] ; uart_controller:uart_ctrl_inst|baud_rate_gen:brg_inst|uart_tick ; uart_controller:uart_ctrl_inst|baud_rate_gen:brg_inst|uart_tick ; 0.000        ; 0.000      ; 1.490      ;
; 1.238 ; uart_controller:uart_ctrl_inst|uart_tx:tx_inst|bit_cnt[0]     ; uart_controller:uart_ctrl_inst|uart_tx:tx_inst|state.STOP     ; uart_controller:uart_ctrl_inst|baud_rate_gen:brg_inst|uart_tick ; uart_controller:uart_ctrl_inst|baud_rate_gen:brg_inst|uart_tick ; 0.000        ; 0.000      ; 1.504      ;
; 1.254 ; uart_controller:uart_ctrl_inst|uart_tx:tx_inst|state.DATA     ; uart_controller:uart_ctrl_inst|uart_tx:tx_inst|tx_reg[2]      ; uart_controller:uart_ctrl_inst|baud_rate_gen:brg_inst|uart_tick ; uart_controller:uart_ctrl_inst|baud_rate_gen:brg_inst|uart_tick ; 0.000        ; 0.028      ; 1.548      ;
; 1.255 ; uart_controller:uart_ctrl_inst|uart_tx:tx_inst|timeout_cnt[4] ; uart_controller:uart_ctrl_inst|uart_tx:tx_inst|timeout_cnt[6] ; uart_controller:uart_ctrl_inst|baud_rate_gen:brg_inst|uart_tick ; uart_controller:uart_ctrl_inst|baud_rate_gen:brg_inst|uart_tick ; 0.000        ; 0.000      ; 1.521      ;
; 1.258 ; uart_controller:uart_ctrl_inst|uart_tx:tx_inst|state.DATA     ; uart_controller:uart_ctrl_inst|uart_tx:tx_inst|tx_reg[3]      ; uart_controller:uart_ctrl_inst|baud_rate_gen:brg_inst|uart_tick ; uart_controller:uart_ctrl_inst|baud_rate_gen:brg_inst|uart_tick ; 0.000        ; 0.028      ; 1.552      ;
; 1.263 ; uart_controller:uart_ctrl_inst|uart_tx:tx_inst|timeout_cnt[0] ; uart_controller:uart_ctrl_inst|uart_tx:tx_inst|timeout_cnt[1] ; uart_controller:uart_ctrl_inst|baud_rate_gen:brg_inst|uart_tick ; uart_controller:uart_ctrl_inst|baud_rate_gen:brg_inst|uart_tick ; 0.000        ; 0.000      ; 1.529      ;
; 1.291 ; uart_controller:uart_ctrl_inst|uart_tx:tx_inst|timeout_cnt[1] ; uart_controller:uart_ctrl_inst|uart_tx:tx_inst|timeout_cnt[3] ; uart_controller:uart_ctrl_inst|baud_rate_gen:brg_inst|uart_tick ; uart_controller:uart_ctrl_inst|baud_rate_gen:brg_inst|uart_tick ; 0.000        ; 0.000      ; 1.557      ;
; 1.295 ; uart_controller:uart_ctrl_inst|uart_tx:tx_inst|timeout_cnt[3] ; uart_controller:uart_ctrl_inst|uart_tx:tx_inst|timeout_cnt[5] ; uart_controller:uart_ctrl_inst|baud_rate_gen:brg_inst|uart_tick ; uart_controller:uart_ctrl_inst|baud_rate_gen:brg_inst|uart_tick ; 0.000        ; 0.000      ; 1.561      ;
; 1.326 ; uart_controller:uart_ctrl_inst|uart_tx:tx_inst|timeout_cnt[4] ; uart_controller:uart_ctrl_inst|uart_tx:tx_inst|timeout_cnt[7] ; uart_controller:uart_ctrl_inst|baud_rate_gen:brg_inst|uart_tick ; uart_controller:uart_ctrl_inst|baud_rate_gen:brg_inst|uart_tick ; 0.000        ; 0.000      ; 1.592      ;
; 1.334 ; uart_controller:uart_ctrl_inst|uart_tx:tx_inst|timeout_cnt[0] ; uart_controller:uart_ctrl_inst|uart_tx:tx_inst|timeout_cnt[2] ; uart_controller:uart_ctrl_inst|baud_rate_gen:brg_inst|uart_tick ; uart_controller:uart_ctrl_inst|baud_rate_gen:brg_inst|uart_tick ; 0.000        ; 0.000      ; 1.600      ;
; 1.348 ; uart_controller:uart_ctrl_inst|uart_tx:tx_inst|state.START    ; uart_controller:uart_ctrl_inst|uart_tx:tx_inst|bit_cnt[1]     ; uart_controller:uart_ctrl_inst|baud_rate_gen:brg_inst|uart_tick ; uart_controller:uart_ctrl_inst|baud_rate_gen:brg_inst|uart_tick ; 0.000        ; 0.000      ; 1.614      ;
; 1.348 ; uart_controller:uart_ctrl_inst|uart_tx:tx_inst|bit_cnt[2]     ; uart_controller:uart_ctrl_inst|uart_tx:tx_inst|state.STOP     ; uart_controller:uart_ctrl_inst|baud_rate_gen:brg_inst|uart_tick ; uart_controller:uart_ctrl_inst|baud_rate_gen:brg_inst|uart_tick ; 0.000        ; 0.000      ; 1.614      ;
; 1.354 ; uart_controller:uart_ctrl_inst|uart_tx:tx_inst|state.IDLE     ; uart_controller:uart_ctrl_inst|uart_tx:tx_inst|tx_reg[2]      ; uart_controller:uart_ctrl_inst|baud_rate_gen:brg_inst|uart_tick ; uart_controller:uart_ctrl_inst|baud_rate_gen:brg_inst|uart_tick ; 0.000        ; 0.028      ; 1.648      ;
; 1.354 ; uart_controller:uart_ctrl_inst|uart_tx:tx_inst|bit_cnt[0]     ; uart_controller:uart_ctrl_inst|uart_tx:tx_inst|bit_cnt[2]     ; uart_controller:uart_ctrl_inst|baud_rate_gen:brg_inst|uart_tick ; uart_controller:uart_ctrl_inst|baud_rate_gen:brg_inst|uart_tick ; 0.000        ; 0.000      ; 1.620      ;
; 1.355 ; uart_controller:uart_ctrl_inst|uart_tx:tx_inst|state.IDLE     ; uart_controller:uart_ctrl_inst|uart_tx:tx_inst|tx_reg[3]      ; uart_controller:uart_ctrl_inst|baud_rate_gen:brg_inst|uart_tick ; uart_controller:uart_ctrl_inst|baud_rate_gen:brg_inst|uart_tick ; 0.000        ; 0.028      ; 1.649      ;
; 1.362 ; uart_controller:uart_ctrl_inst|uart_tx:tx_inst|timeout_cnt[1] ; uart_controller:uart_ctrl_inst|uart_tx:tx_inst|timeout_cnt[4] ; uart_controller:uart_ctrl_inst|baud_rate_gen:brg_inst|uart_tick ; uart_controller:uart_ctrl_inst|baud_rate_gen:brg_inst|uart_tick ; 0.000        ; 0.000      ; 1.628      ;
; 1.366 ; uart_controller:uart_ctrl_inst|uart_tx:tx_inst|timeout_cnt[3] ; uart_controller:uart_ctrl_inst|uart_tx:tx_inst|timeout_cnt[6] ; uart_controller:uart_ctrl_inst|baud_rate_gen:brg_inst|uart_tick ; uart_controller:uart_ctrl_inst|baud_rate_gen:brg_inst|uart_tick ; 0.000        ; 0.000      ; 1.632      ;
; 1.375 ; uart_controller:uart_ctrl_inst|uart_tx:tx_inst|timeout_cnt[5] ; uart_controller:uart_ctrl_inst|uart_tx:tx_inst|timeout_cnt[6] ; uart_controller:uart_ctrl_inst|baud_rate_gen:brg_inst|uart_tick ; uart_controller:uart_ctrl_inst|baud_rate_gen:brg_inst|uart_tick ; 0.000        ; 0.000      ; 1.641      ;
; 1.380 ; uart_controller:uart_ctrl_inst|uart_tx:tx_inst|state.DATA     ; uart_controller:uart_ctrl_inst|uart_tx:tx_inst|state.STOP     ; uart_controller:uart_ctrl_inst|baud_rate_gen:brg_inst|uart_tick ; uart_controller:uart_ctrl_inst|baud_rate_gen:brg_inst|uart_tick ; 0.000        ; 0.000      ; 1.646      ;
; 1.395 ; uart_controller:uart_ctrl_inst|uart_tx:tx_inst|timeout_cnt[2] ; uart_controller:uart_ctrl_inst|uart_tx:tx_inst|timeout_cnt[3] ; uart_controller:uart_ctrl_inst|baud_rate_gen:brg_inst|uart_tick ; uart_controller:uart_ctrl_inst|baud_rate_gen:brg_inst|uart_tick ; 0.000        ; 0.000      ; 1.661      ;
; 1.405 ; uart_controller:uart_ctrl_inst|uart_tx:tx_inst|timeout_cnt[0] ; uart_controller:uart_ctrl_inst|uart_tx:tx_inst|timeout_cnt[3] ; uart_controller:uart_ctrl_inst|baud_rate_gen:brg_inst|uart_tick ; uart_controller:uart_ctrl_inst|baud_rate_gen:brg_inst|uart_tick ; 0.000        ; 0.000      ; 1.671      ;
; 1.433 ; uart_controller:uart_ctrl_inst|uart_tx:tx_inst|timeout_cnt[1] ; uart_controller:uart_ctrl_inst|uart_tx:tx_inst|timeout_cnt[5] ; uart_controller:uart_ctrl_inst|baud_rate_gen:brg_inst|uart_tick ; uart_controller:uart_ctrl_inst|baud_rate_gen:brg_inst|uart_tick ; 0.000        ; 0.000      ; 1.699      ;
; 1.437 ; uart_controller:uart_ctrl_inst|uart_tx:tx_inst|timeout_cnt[3] ; uart_controller:uart_ctrl_inst|uart_tx:tx_inst|timeout_cnt[7] ; uart_controller:uart_ctrl_inst|baud_rate_gen:brg_inst|uart_tick ; uart_controller:uart_ctrl_inst|baud_rate_gen:brg_inst|uart_tick ; 0.000        ; 0.000      ; 1.703      ;
; 1.446 ; uart_controller:uart_ctrl_inst|uart_tx:tx_inst|timeout_cnt[5] ; uart_controller:uart_ctrl_inst|uart_tx:tx_inst|timeout_cnt[7] ; uart_controller:uart_ctrl_inst|baud_rate_gen:brg_inst|uart_tick ; uart_controller:uart_ctrl_inst|baud_rate_gen:brg_inst|uart_tick ; 0.000        ; 0.000      ; 1.712      ;
; 1.448 ; uart_controller:uart_ctrl_inst|uart_tx:tx_inst|state.START    ; uart_controller:uart_ctrl_inst|uart_tx:tx_inst|tx_reg[4]      ; uart_controller:uart_ctrl_inst|baud_rate_gen:brg_inst|uart_tick ; uart_controller:uart_ctrl_inst|baud_rate_gen:brg_inst|uart_tick ; 0.000        ; 0.028      ; 1.742      ;
; 1.464 ; uart_controller:uart_ctrl_inst|uart_tx:tx_inst|state.STOP     ; uart_controller:uart_ctrl_inst|uart_tx:tx_inst|tx             ; uart_controller:uart_ctrl_inst|baud_rate_gen:brg_inst|uart_tick ; uart_controller:uart_ctrl_inst|baud_rate_gen:brg_inst|uart_tick ; 0.000        ; 0.000      ; 1.730      ;
; 1.466 ; uart_controller:uart_ctrl_inst|uart_tx:tx_inst|timeout_cnt[2] ; uart_controller:uart_ctrl_inst|uart_tx:tx_inst|timeout_cnt[4] ; uart_controller:uart_ctrl_inst|baud_rate_gen:brg_inst|uart_tick ; uart_controller:uart_ctrl_inst|baud_rate_gen:brg_inst|uart_tick ; 0.000        ; 0.000      ; 1.732      ;
; 1.475 ; uart_controller:uart_ctrl_inst|uart_tx:tx_inst|state.STOP     ; uart_controller:uart_ctrl_inst|uart_tx:tx_inst|tx_reg[2]      ; uart_controller:uart_ctrl_inst|baud_rate_gen:brg_inst|uart_tick ; uart_controller:uart_ctrl_inst|baud_rate_gen:brg_inst|uart_tick ; 0.000        ; 0.028      ; 1.769      ;
; 1.476 ; uart_controller:uart_ctrl_inst|uart_tx:tx_inst|state.STOP     ; uart_controller:uart_ctrl_inst|uart_tx:tx_inst|tx_reg[3]      ; uart_controller:uart_ctrl_inst|baud_rate_gen:brg_inst|uart_tick ; uart_controller:uart_ctrl_inst|baud_rate_gen:brg_inst|uart_tick ; 0.000        ; 0.028      ; 1.770      ;
; 1.476 ; uart_controller:uart_ctrl_inst|uart_tx:tx_inst|timeout_cnt[0] ; uart_controller:uart_ctrl_inst|uart_tx:tx_inst|timeout_cnt[4] ; uart_controller:uart_ctrl_inst|baud_rate_gen:brg_inst|uart_tick ; uart_controller:uart_ctrl_inst|baud_rate_gen:brg_inst|uart_tick ; 0.000        ; 0.000      ; 1.742      ;
; 1.495 ; uart_controller:uart_ctrl_inst|uart_tx:tx_inst|state.DATA     ; uart_controller:uart_ctrl_inst|uart_tx:tx_inst|state.IDLE     ; uart_controller:uart_ctrl_inst|baud_rate_gen:brg_inst|uart_tick ; uart_controller:uart_ctrl_inst|baud_rate_gen:brg_inst|uart_tick ; 0.000        ; 0.000      ; 1.761      ;
; 1.501 ; uart_controller:uart_ctrl_inst|uart_tx:tx_inst|state.STOP     ; uart_controller:uart_ctrl_inst|uart_tx:tx_inst|bit_cnt[0]     ; uart_controller:uart_ctrl_inst|baud_rate_gen:brg_inst|uart_tick ; uart_controller:uart_ctrl_inst|baud_rate_gen:brg_inst|uart_tick ; 0.000        ; 0.000      ; 1.767      ;
; 1.501 ; uart_controller:uart_ctrl_inst|uart_tx:tx_inst|state.STOP     ; uart_controller:uart_ctrl_inst|uart_tx:tx_inst|state.IDLE     ; uart_controller:uart_ctrl_inst|baud_rate_gen:brg_inst|uart_tick ; uart_controller:uart_ctrl_inst|baud_rate_gen:brg_inst|uart_tick ; 0.000        ; 0.000      ; 1.767      ;
; 1.503 ; uart_controller:uart_ctrl_inst|uart_tx:tx_inst|state.STOP     ; uart_controller:uart_ctrl_inst|uart_tx:tx_inst|bit_cnt[2]     ; uart_controller:uart_ctrl_inst|baud_rate_gen:brg_inst|uart_tick ; uart_controller:uart_ctrl_inst|baud_rate_gen:brg_inst|uart_tick ; 0.000        ; 0.000      ; 1.769      ;
; 1.504 ; uart_controller:uart_ctrl_inst|uart_tx:tx_inst|timeout_cnt[1] ; uart_controller:uart_ctrl_inst|uart_tx:tx_inst|timeout_cnt[6] ; uart_controller:uart_ctrl_inst|baud_rate_gen:brg_inst|uart_tick ; uart_controller:uart_ctrl_inst|baud_rate_gen:brg_inst|uart_tick ; 0.000        ; 0.000      ; 1.770      ;
; 1.516 ; uart_controller:uart_ctrl_inst|uart_tx:tx_inst|state.DATA     ; uart_controller:uart_ctrl_inst|uart_tx:tx_inst|bit_cnt[2]     ; uart_controller:uart_ctrl_inst|baud_rate_gen:brg_inst|uart_tick ; uart_controller:uart_ctrl_inst|baud_rate_gen:brg_inst|uart_tick ; 0.000        ; 0.000      ; 1.782      ;
; 1.537 ; uart_controller:uart_ctrl_inst|uart_tx:tx_inst|timeout_cnt[2] ; uart_controller:uart_ctrl_inst|uart_tx:tx_inst|timeout_cnt[5] ; uart_controller:uart_ctrl_inst|baud_rate_gen:brg_inst|uart_tick ; uart_controller:uart_ctrl_inst|baud_rate_gen:brg_inst|uart_tick ; 0.000        ; 0.000      ; 1.803      ;
; 1.547 ; uart_controller:uart_ctrl_inst|uart_tx:tx_inst|timeout_cnt[0] ; uart_controller:uart_ctrl_inst|uart_tx:tx_inst|timeout_cnt[5] ; uart_controller:uart_ctrl_inst|baud_rate_gen:brg_inst|uart_tick ; uart_controller:uart_ctrl_inst|baud_rate_gen:brg_inst|uart_tick ; 0.000        ; 0.000      ; 1.813      ;
; 1.575 ; uart_controller:uart_ctrl_inst|uart_tx:tx_inst|timeout_cnt[1] ; uart_controller:uart_ctrl_inst|uart_tx:tx_inst|timeout_cnt[7] ; uart_controller:uart_ctrl_inst|baud_rate_gen:brg_inst|uart_tick ; uart_controller:uart_ctrl_inst|baud_rate_gen:brg_inst|uart_tick ; 0.000        ; 0.000      ; 1.841      ;
; 1.581 ; uart_controller:uart_ctrl_inst|uart_tx:tx_inst|state.IDLE     ; uart_controller:uart_ctrl_inst|uart_tx:tx_inst|state.STOP     ; uart_controller:uart_ctrl_inst|baud_rate_gen:brg_inst|uart_tick ; uart_controller:uart_ctrl_inst|baud_rate_gen:brg_inst|uart_tick ; 0.000        ; 0.000      ; 1.847      ;
; 1.584 ; uart_controller:uart_ctrl_inst|uart_tx:tx_inst|state.IDLE     ; uart_controller:uart_ctrl_inst|uart_tx:tx_inst|state.DATA     ; uart_controller:uart_ctrl_inst|baud_rate_gen:brg_inst|uart_tick ; uart_controller:uart_ctrl_inst|baud_rate_gen:brg_inst|uart_tick ; 0.000        ; 0.000      ; 1.850      ;
; 1.608 ; uart_controller:uart_ctrl_inst|uart_tx:tx_inst|timeout_cnt[2] ; uart_controller:uart_ctrl_inst|uart_tx:tx_inst|timeout_cnt[6] ; uart_controller:uart_ctrl_inst|baud_rate_gen:brg_inst|uart_tick ; uart_controller:uart_ctrl_inst|baud_rate_gen:brg_inst|uart_tick ; 0.000        ; 0.000      ; 1.874      ;
; 1.618 ; uart_controller:uart_ctrl_inst|uart_tx:tx_inst|timeout_cnt[0] ; uart_controller:uart_ctrl_inst|uart_tx:tx_inst|timeout_cnt[6] ; uart_controller:uart_ctrl_inst|baud_rate_gen:brg_inst|uart_tick ; uart_controller:uart_ctrl_inst|baud_rate_gen:brg_inst|uart_tick ; 0.000        ; 0.000      ; 1.884      ;
; 1.651 ; uart_controller:uart_ctrl_inst|uart_tx:tx_inst|bit_cnt[1]     ; uart_controller:uart_ctrl_inst|uart_tx:tx_inst|state.DATA     ; uart_controller:uart_ctrl_inst|baud_rate_gen:brg_inst|uart_tick ; uart_controller:uart_ctrl_inst|baud_rate_gen:brg_inst|uart_tick ; 0.000        ; 0.000      ; 1.917      ;
; 1.654 ; uart_controller:uart_ctrl_inst|uart_tx:tx_inst|bit_cnt[1]     ; uart_controller:uart_ctrl_inst|uart_tx:tx_inst|state.IDLE     ; uart_controller:uart_ctrl_inst|baud_rate_gen:brg_inst|uart_tick ; uart_controller:uart_ctrl_inst|baud_rate_gen:brg_inst|uart_tick ; 0.000        ; 0.000      ; 1.920      ;
; 1.660 ; uart_controller:uart_ctrl_inst|uart_tx:tx_inst|state.START    ; uart_controller:uart_ctrl_inst|uart_tx:tx_inst|state.IDLE     ; uart_controller:uart_ctrl_inst|baud_rate_gen:brg_inst|uart_tick ; uart_controller:uart_ctrl_inst|baud_rate_gen:brg_inst|uart_tick ; 0.000        ; 0.000      ; 1.926      ;
; 1.679 ; uart_controller:uart_ctrl_inst|uart_tx:tx_inst|timeout_cnt[2] ; uart_controller:uart_ctrl_inst|uart_tx:tx_inst|timeout_cnt[7] ; uart_controller:uart_ctrl_inst|baud_rate_gen:brg_inst|uart_tick ; uart_controller:uart_ctrl_inst|baud_rate_gen:brg_inst|uart_tick ; 0.000        ; 0.000      ; 1.945      ;
; 1.689 ; uart_controller:uart_ctrl_inst|uart_tx:tx_inst|timeout_cnt[0] ; uart_controller:uart_ctrl_inst|uart_tx:tx_inst|timeout_cnt[7] ; uart_controller:uart_ctrl_inst|baud_rate_gen:brg_inst|uart_tick ; uart_controller:uart_ctrl_inst|baud_rate_gen:brg_inst|uart_tick ; 0.000        ; 0.000      ; 1.955      ;
; 1.694 ; uart_controller:uart_ctrl_inst|uart_tx:tx_inst|timeout_cnt[6] ; uart_controller:uart_ctrl_inst|uart_tx:tx_inst|state.IDLE     ; uart_controller:uart_ctrl_inst|baud_rate_gen:brg_inst|uart_tick ; uart_controller:uart_ctrl_inst|baud_rate_gen:brg_inst|uart_tick ; 0.000        ; 0.001      ; 1.961      ;
; 1.695 ; uart_controller:uart_ctrl_inst|uart_tx:tx_inst|timeout_cnt[6] ; uart_controller:uart_ctrl_inst|uart_tx:tx_inst|state.STOP     ; uart_controller:uart_ctrl_inst|baud_rate_gen:brg_inst|uart_tick ; uart_controller:uart_ctrl_inst|baud_rate_gen:brg_inst|uart_tick ; 0.000        ; 0.001      ; 1.962      ;
; 1.698 ; uart_controller:uart_ctrl_inst|uart_tx:tx_inst|timeout_cnt[6] ; uart_controller:uart_ctrl_inst|uart_tx:tx_inst|state.DATA     ; uart_controller:uart_ctrl_inst|baud_rate_gen:brg_inst|uart_tick ; uart_controller:uart_ctrl_inst|baud_rate_gen:brg_inst|uart_tick ; 0.000        ; 0.001      ; 1.965      ;
+-------+---------------------------------------------------------------+---------------------------------------------------------------+-----------------------------------------------------------------+-----------------------------------------------------------------+--------------+------------+------------+


+------------------------------------------------------------------------------------------------------------------------------------------------------------------------------------------------------------------------------------------------+
; Slow Model Recovery: 'uart_controller:uart_ctrl_inst|baud_rate_gen:brg_inst|ov_tick'                                                                                                                                                           ;
+--------+-----------------------------------------+---------------------------------------------------------------------+--------------+---------------------------------------------------------------+--------------+------------+------------+
; Slack  ; From Node                               ; To Node                                                             ; Launch Clock ; Latch Clock                                                   ; Relationship ; Clock Skew ; Data Delay ;
+--------+-----------------------------------------+---------------------------------------------------------------------+--------------+---------------------------------------------------------------+--------------+------------+------------+
; -1.218 ; uart_rx_packet_new:packet_inst|rx_clear ; uart_controller:uart_ctrl_inst|uart_rx:rx_inst|valid_timeout_cnt[0] ; CLOCK_50     ; uart_controller:uart_ctrl_inst|baud_rate_gen:brg_inst|ov_tick ; 1.000        ; -0.366     ; 1.888      ;
; -1.218 ; uart_rx_packet_new:packet_inst|rx_clear ; uart_controller:uart_ctrl_inst|uart_rx:rx_inst|valid_timeout_cnt[1] ; CLOCK_50     ; uart_controller:uart_ctrl_inst|baud_rate_gen:brg_inst|ov_tick ; 1.000        ; -0.366     ; 1.888      ;
; -1.218 ; uart_rx_packet_new:packet_inst|rx_clear ; uart_controller:uart_ctrl_inst|uart_rx:rx_inst|valid_timeout_cnt[2] ; CLOCK_50     ; uart_controller:uart_ctrl_inst|baud_rate_gen:brg_inst|ov_tick ; 1.000        ; -0.366     ; 1.888      ;
; -1.218 ; uart_rx_packet_new:packet_inst|rx_clear ; uart_controller:uart_ctrl_inst|uart_rx:rx_inst|valid_timeout_cnt[3] ; CLOCK_50     ; uart_controller:uart_ctrl_inst|baud_rate_gen:brg_inst|ov_tick ; 1.000        ; -0.366     ; 1.888      ;
; -1.218 ; uart_rx_packet_new:packet_inst|rx_clear ; uart_controller:uart_ctrl_inst|uart_rx:rx_inst|valid_timeout_cnt[4] ; CLOCK_50     ; uart_controller:uart_ctrl_inst|baud_rate_gen:brg_inst|ov_tick ; 1.000        ; -0.366     ; 1.888      ;
; -1.218 ; uart_rx_packet_new:packet_inst|rx_clear ; uart_controller:uart_ctrl_inst|uart_rx:rx_inst|valid_timeout_cnt[5] ; CLOCK_50     ; uart_controller:uart_ctrl_inst|baud_rate_gen:brg_inst|ov_tick ; 1.000        ; -0.366     ; 1.888      ;
; -1.218 ; uart_rx_packet_new:packet_inst|rx_clear ; uart_controller:uart_ctrl_inst|uart_rx:rx_inst|valid_timeout_cnt[7] ; CLOCK_50     ; uart_controller:uart_ctrl_inst|baud_rate_gen:brg_inst|ov_tick ; 1.000        ; -0.366     ; 1.888      ;
; -1.218 ; uart_rx_packet_new:packet_inst|rx_clear ; uart_controller:uart_ctrl_inst|uart_rx:rx_inst|valid_timeout_cnt[6] ; CLOCK_50     ; uart_controller:uart_ctrl_inst|baud_rate_gen:brg_inst|ov_tick ; 1.000        ; -0.366     ; 1.888      ;
; -1.218 ; uart_rx_packet_new:packet_inst|rx_clear ; uart_controller:uart_ctrl_inst|uart_rx:rx_inst|rx_valid             ; CLOCK_50     ; uart_controller:uart_ctrl_inst|baud_rate_gen:brg_inst|ov_tick ; 1.000        ; -0.366     ; 1.888      ;
+--------+-----------------------------------------+---------------------------------------------------------------------+--------------+---------------------------------------------------------------+--------------+------------+------------+


+-----------------------------------------------------------------------------------------------------------------------------------------------------------------------------------------------------------------------------------------------+
; Slow Model Removal: 'uart_controller:uart_ctrl_inst|baud_rate_gen:brg_inst|ov_tick'                                                                                                                                                           ;
+-------+-----------------------------------------+---------------------------------------------------------------------+--------------+---------------------------------------------------------------+--------------+------------+------------+
; Slack ; From Node                               ; To Node                                                             ; Launch Clock ; Latch Clock                                                   ; Relationship ; Clock Skew ; Data Delay ;
+-------+-----------------------------------------+---------------------------------------------------------------------+--------------+---------------------------------------------------------------+--------------+------------+------------+
; 1.988 ; uart_rx_packet_new:packet_inst|rx_clear ; uart_controller:uart_ctrl_inst|uart_rx:rx_inst|valid_timeout_cnt[0] ; CLOCK_50     ; uart_controller:uart_ctrl_inst|baud_rate_gen:brg_inst|ov_tick ; 0.000        ; -0.366     ; 1.888      ;
; 1.988 ; uart_rx_packet_new:packet_inst|rx_clear ; uart_controller:uart_ctrl_inst|uart_rx:rx_inst|valid_timeout_cnt[1] ; CLOCK_50     ; uart_controller:uart_ctrl_inst|baud_rate_gen:brg_inst|ov_tick ; 0.000        ; -0.366     ; 1.888      ;
; 1.988 ; uart_rx_packet_new:packet_inst|rx_clear ; uart_controller:uart_ctrl_inst|uart_rx:rx_inst|valid_timeout_cnt[2] ; CLOCK_50     ; uart_controller:uart_ctrl_inst|baud_rate_gen:brg_inst|ov_tick ; 0.000        ; -0.366     ; 1.888      ;
; 1.988 ; uart_rx_packet_new:packet_inst|rx_clear ; uart_controller:uart_ctrl_inst|uart_rx:rx_inst|valid_timeout_cnt[3] ; CLOCK_50     ; uart_controller:uart_ctrl_inst|baud_rate_gen:brg_inst|ov_tick ; 0.000        ; -0.366     ; 1.888      ;
; 1.988 ; uart_rx_packet_new:packet_inst|rx_clear ; uart_controller:uart_ctrl_inst|uart_rx:rx_inst|valid_timeout_cnt[4] ; CLOCK_50     ; uart_controller:uart_ctrl_inst|baud_rate_gen:brg_inst|ov_tick ; 0.000        ; -0.366     ; 1.888      ;
; 1.988 ; uart_rx_packet_new:packet_inst|rx_clear ; uart_controller:uart_ctrl_inst|uart_rx:rx_inst|valid_timeout_cnt[5] ; CLOCK_50     ; uart_controller:uart_ctrl_inst|baud_rate_gen:brg_inst|ov_tick ; 0.000        ; -0.366     ; 1.888      ;
; 1.988 ; uart_rx_packet_new:packet_inst|rx_clear ; uart_controller:uart_ctrl_inst|uart_rx:rx_inst|valid_timeout_cnt[7] ; CLOCK_50     ; uart_controller:uart_ctrl_inst|baud_rate_gen:brg_inst|ov_tick ; 0.000        ; -0.366     ; 1.888      ;
; 1.988 ; uart_rx_packet_new:packet_inst|rx_clear ; uart_controller:uart_ctrl_inst|uart_rx:rx_inst|valid_timeout_cnt[6] ; CLOCK_50     ; uart_controller:uart_ctrl_inst|baud_rate_gen:brg_inst|ov_tick ; 0.000        ; -0.366     ; 1.888      ;
; 1.988 ; uart_rx_packet_new:packet_inst|rx_clear ; uart_controller:uart_ctrl_inst|uart_rx:rx_inst|rx_valid             ; CLOCK_50     ; uart_controller:uart_ctrl_inst|baud_rate_gen:brg_inst|ov_tick ; 0.000        ; -0.366     ; 1.888      ;
+-------+-----------------------------------------+---------------------------------------------------------------------+--------------+---------------------------------------------------------------+--------------+------------+------------+


+-----------------------------------------------------------------------------------------------------------------------------------------------------------------------------------------------------------+
; Slow Model Minimum Pulse Width: 'CLOCK_50'                                                                                                                                                                ;
+--------+--------------+----------------+------------------+----------+------------+-----------------------------------------------------------------------------------------------------------------------+
; Slack  ; Actual Width ; Required Width ; Type             ; Clock    ; Clock Edge ; Target                                                                                                                ;
+--------+--------------+----------------+------------------+----------+------------+-----------------------------------------------------------------------------------------------------------------------+
; -1.627 ; 0.500        ; 2.127          ; High Pulse Width ; CLOCK_50 ; Rise       ; uart_rx_packet_new:packet_inst|altsyncram:buffer_rtl_0|altsyncram_09c1:auto_generated|ram_block1a0~porta_address_reg0 ;
; -1.627 ; 0.500        ; 2.127          ; Low Pulse Width  ; CLOCK_50 ; Rise       ; uart_rx_packet_new:packet_inst|altsyncram:buffer_rtl_0|altsyncram_09c1:auto_generated|ram_block1a0~porta_address_reg0 ;
; -1.627 ; 0.500        ; 2.127          ; High Pulse Width ; CLOCK_50 ; Rise       ; uart_rx_packet_new:packet_inst|altsyncram:buffer_rtl_0|altsyncram_09c1:auto_generated|ram_block1a0~porta_address_reg1 ;
; -1.627 ; 0.500        ; 2.127          ; Low Pulse Width  ; CLOCK_50 ; Rise       ; uart_rx_packet_new:packet_inst|altsyncram:buffer_rtl_0|altsyncram_09c1:auto_generated|ram_block1a0~porta_address_reg1 ;
; -1.627 ; 0.500        ; 2.127          ; High Pulse Width ; CLOCK_50 ; Rise       ; uart_rx_packet_new:packet_inst|altsyncram:buffer_rtl_0|altsyncram_09c1:auto_generated|ram_block1a0~porta_address_reg2 ;
; -1.627 ; 0.500        ; 2.127          ; Low Pulse Width  ; CLOCK_50 ; Rise       ; uart_rx_packet_new:packet_inst|altsyncram:buffer_rtl_0|altsyncram_09c1:auto_generated|ram_block1a0~porta_address_reg2 ;
; -1.627 ; 0.500        ; 2.127          ; High Pulse Width ; CLOCK_50 ; Rise       ; uart_rx_packet_new:packet_inst|altsyncram:buffer_rtl_0|altsyncram_09c1:auto_generated|ram_block1a0~porta_address_reg3 ;
; -1.627 ; 0.500        ; 2.127          ; Low Pulse Width  ; CLOCK_50 ; Rise       ; uart_rx_packet_new:packet_inst|altsyncram:buffer_rtl_0|altsyncram_09c1:auto_generated|ram_block1a0~porta_address_reg3 ;
; -1.627 ; 0.500        ; 2.127          ; High Pulse Width ; CLOCK_50 ; Rise       ; uart_rx_packet_new:packet_inst|altsyncram:buffer_rtl_0|altsyncram_09c1:auto_generated|ram_block1a0~porta_address_reg4 ;
; -1.627 ; 0.500        ; 2.127          ; Low Pulse Width  ; CLOCK_50 ; Rise       ; uart_rx_packet_new:packet_inst|altsyncram:buffer_rtl_0|altsyncram_09c1:auto_generated|ram_block1a0~porta_address_reg4 ;
; -1.627 ; 0.500        ; 2.127          ; High Pulse Width ; CLOCK_50 ; Rise       ; uart_rx_packet_new:packet_inst|altsyncram:buffer_rtl_0|altsyncram_09c1:auto_generated|ram_block1a0~porta_address_reg5 ;
; -1.627 ; 0.500        ; 2.127          ; Low Pulse Width  ; CLOCK_50 ; Rise       ; uart_rx_packet_new:packet_inst|altsyncram:buffer_rtl_0|altsyncram_09c1:auto_generated|ram_block1a0~porta_address_reg5 ;
; -1.627 ; 0.500        ; 2.127          ; High Pulse Width ; CLOCK_50 ; Rise       ; uart_rx_packet_new:packet_inst|altsyncram:buffer_rtl_0|altsyncram_09c1:auto_generated|ram_block1a0~porta_address_reg6 ;
; -1.627 ; 0.500        ; 2.127          ; Low Pulse Width  ; CLOCK_50 ; Rise       ; uart_rx_packet_new:packet_inst|altsyncram:buffer_rtl_0|altsyncram_09c1:auto_generated|ram_block1a0~porta_address_reg6 ;
; -1.627 ; 0.500        ; 2.127          ; High Pulse Width ; CLOCK_50 ; Rise       ; uart_rx_packet_new:packet_inst|altsyncram:buffer_rtl_0|altsyncram_09c1:auto_generated|ram_block1a0~porta_address_reg7 ;
; -1.627 ; 0.500        ; 2.127          ; Low Pulse Width  ; CLOCK_50 ; Rise       ; uart_rx_packet_new:packet_inst|altsyncram:buffer_rtl_0|altsyncram_09c1:auto_generated|ram_block1a0~porta_address_reg7 ;
; -1.627 ; 0.500        ; 2.127          ; High Pulse Width ; CLOCK_50 ; Rise       ; uart_rx_packet_new:packet_inst|altsyncram:buffer_rtl_0|altsyncram_09c1:auto_generated|ram_block1a0~porta_datain_reg0  ;
; -1.627 ; 0.500        ; 2.127          ; Low Pulse Width  ; CLOCK_50 ; Rise       ; uart_rx_packet_new:packet_inst|altsyncram:buffer_rtl_0|altsyncram_09c1:auto_generated|ram_block1a0~porta_datain_reg0  ;
; -1.627 ; 0.500        ; 2.127          ; High Pulse Width ; CLOCK_50 ; Rise       ; uart_rx_packet_new:packet_inst|altsyncram:buffer_rtl_0|altsyncram_09c1:auto_generated|ram_block1a0~porta_datain_reg1  ;
; -1.627 ; 0.500        ; 2.127          ; Low Pulse Width  ; CLOCK_50 ; Rise       ; uart_rx_packet_new:packet_inst|altsyncram:buffer_rtl_0|altsyncram_09c1:auto_generated|ram_block1a0~porta_datain_reg1  ;
; -1.627 ; 0.500        ; 2.127          ; High Pulse Width ; CLOCK_50 ; Rise       ; uart_rx_packet_new:packet_inst|altsyncram:buffer_rtl_0|altsyncram_09c1:auto_generated|ram_block1a0~porta_datain_reg2  ;
; -1.627 ; 0.500        ; 2.127          ; Low Pulse Width  ; CLOCK_50 ; Rise       ; uart_rx_packet_new:packet_inst|altsyncram:buffer_rtl_0|altsyncram_09c1:auto_generated|ram_block1a0~porta_datain_reg2  ;
; -1.627 ; 0.500        ; 2.127          ; High Pulse Width ; CLOCK_50 ; Rise       ; uart_rx_packet_new:packet_inst|altsyncram:buffer_rtl_0|altsyncram_09c1:auto_generated|ram_block1a0~porta_datain_reg3  ;
; -1.627 ; 0.500        ; 2.127          ; Low Pulse Width  ; CLOCK_50 ; Rise       ; uart_rx_packet_new:packet_inst|altsyncram:buffer_rtl_0|altsyncram_09c1:auto_generated|ram_block1a0~porta_datain_reg3  ;
; -1.627 ; 0.500        ; 2.127          ; High Pulse Width ; CLOCK_50 ; Rise       ; uart_rx_packet_new:packet_inst|altsyncram:buffer_rtl_0|altsyncram_09c1:auto_generated|ram_block1a0~porta_datain_reg4  ;
; -1.627 ; 0.500        ; 2.127          ; Low Pulse Width  ; CLOCK_50 ; Rise       ; uart_rx_packet_new:packet_inst|altsyncram:buffer_rtl_0|altsyncram_09c1:auto_generated|ram_block1a0~porta_datain_reg4  ;
; -1.627 ; 0.500        ; 2.127          ; High Pulse Width ; CLOCK_50 ; Rise       ; uart_rx_packet_new:packet_inst|altsyncram:buffer_rtl_0|altsyncram_09c1:auto_generated|ram_block1a0~porta_datain_reg5  ;
; -1.627 ; 0.500        ; 2.127          ; Low Pulse Width  ; CLOCK_50 ; Rise       ; uart_rx_packet_new:packet_inst|altsyncram:buffer_rtl_0|altsyncram_09c1:auto_generated|ram_block1a0~porta_datain_reg5  ;
; -1.627 ; 0.500        ; 2.127          ; High Pulse Width ; CLOCK_50 ; Rise       ; uart_rx_packet_new:packet_inst|altsyncram:buffer_rtl_0|altsyncram_09c1:auto_generated|ram_block1a0~porta_datain_reg6  ;
; -1.627 ; 0.500        ; 2.127          ; Low Pulse Width  ; CLOCK_50 ; Rise       ; uart_rx_packet_new:packet_inst|altsyncram:buffer_rtl_0|altsyncram_09c1:auto_generated|ram_block1a0~porta_datain_reg6  ;
; -1.627 ; 0.500        ; 2.127          ; High Pulse Width ; CLOCK_50 ; Rise       ; uart_rx_packet_new:packet_inst|altsyncram:buffer_rtl_0|altsyncram_09c1:auto_generated|ram_block1a0~porta_datain_reg7  ;
; -1.627 ; 0.500        ; 2.127          ; Low Pulse Width  ; CLOCK_50 ; Rise       ; uart_rx_packet_new:packet_inst|altsyncram:buffer_rtl_0|altsyncram_09c1:auto_generated|ram_block1a0~porta_datain_reg7  ;
; -1.627 ; 0.500        ; 2.127          ; High Pulse Width ; CLOCK_50 ; Rise       ; uart_rx_packet_new:packet_inst|altsyncram:buffer_rtl_0|altsyncram_09c1:auto_generated|ram_block1a0~porta_memory_reg0  ;
; -1.627 ; 0.500        ; 2.127          ; Low Pulse Width  ; CLOCK_50 ; Rise       ; uart_rx_packet_new:packet_inst|altsyncram:buffer_rtl_0|altsyncram_09c1:auto_generated|ram_block1a0~porta_memory_reg0  ;
; -1.627 ; 0.500        ; 2.127          ; High Pulse Width ; CLOCK_50 ; Rise       ; uart_rx_packet_new:packet_inst|altsyncram:buffer_rtl_0|altsyncram_09c1:auto_generated|ram_block1a0~porta_we_reg       ;
; -1.627 ; 0.500        ; 2.127          ; Low Pulse Width  ; CLOCK_50 ; Rise       ; uart_rx_packet_new:packet_inst|altsyncram:buffer_rtl_0|altsyncram_09c1:auto_generated|ram_block1a0~porta_we_reg       ;
; -1.627 ; 0.500        ; 2.127          ; High Pulse Width ; CLOCK_50 ; Rise       ; uart_rx_packet_new:packet_inst|altsyncram:buffer_rtl_0|altsyncram_09c1:auto_generated|ram_block1a0~portb_address_reg0 ;
; -1.627 ; 0.500        ; 2.127          ; Low Pulse Width  ; CLOCK_50 ; Rise       ; uart_rx_packet_new:packet_inst|altsyncram:buffer_rtl_0|altsyncram_09c1:auto_generated|ram_block1a0~portb_address_reg0 ;
; -1.627 ; 0.500        ; 2.127          ; High Pulse Width ; CLOCK_50 ; Rise       ; uart_rx_packet_new:packet_inst|altsyncram:buffer_rtl_0|altsyncram_09c1:auto_generated|ram_block1a0~portb_address_reg1 ;
; -1.627 ; 0.500        ; 2.127          ; Low Pulse Width  ; CLOCK_50 ; Rise       ; uart_rx_packet_new:packet_inst|altsyncram:buffer_rtl_0|altsyncram_09c1:auto_generated|ram_block1a0~portb_address_reg1 ;
; -1.627 ; 0.500        ; 2.127          ; High Pulse Width ; CLOCK_50 ; Rise       ; uart_rx_packet_new:packet_inst|altsyncram:buffer_rtl_0|altsyncram_09c1:auto_generated|ram_block1a0~portb_address_reg2 ;
; -1.627 ; 0.500        ; 2.127          ; Low Pulse Width  ; CLOCK_50 ; Rise       ; uart_rx_packet_new:packet_inst|altsyncram:buffer_rtl_0|altsyncram_09c1:auto_generated|ram_block1a0~portb_address_reg2 ;
; -1.627 ; 0.500        ; 2.127          ; High Pulse Width ; CLOCK_50 ; Rise       ; uart_rx_packet_new:packet_inst|altsyncram:buffer_rtl_0|altsyncram_09c1:auto_generated|ram_block1a0~portb_address_reg3 ;
; -1.627 ; 0.500        ; 2.127          ; Low Pulse Width  ; CLOCK_50 ; Rise       ; uart_rx_packet_new:packet_inst|altsyncram:buffer_rtl_0|altsyncram_09c1:auto_generated|ram_block1a0~portb_address_reg3 ;
; -1.627 ; 0.500        ; 2.127          ; High Pulse Width ; CLOCK_50 ; Rise       ; uart_rx_packet_new:packet_inst|altsyncram:buffer_rtl_0|altsyncram_09c1:auto_generated|ram_block1a0~portb_address_reg4 ;
; -1.627 ; 0.500        ; 2.127          ; Low Pulse Width  ; CLOCK_50 ; Rise       ; uart_rx_packet_new:packet_inst|altsyncram:buffer_rtl_0|altsyncram_09c1:auto_generated|ram_block1a0~portb_address_reg4 ;
; -1.627 ; 0.500        ; 2.127          ; High Pulse Width ; CLOCK_50 ; Rise       ; uart_rx_packet_new:packet_inst|altsyncram:buffer_rtl_0|altsyncram_09c1:auto_generated|ram_block1a0~portb_address_reg5 ;
; -1.627 ; 0.500        ; 2.127          ; Low Pulse Width  ; CLOCK_50 ; Rise       ; uart_rx_packet_new:packet_inst|altsyncram:buffer_rtl_0|altsyncram_09c1:auto_generated|ram_block1a0~portb_address_reg5 ;
; -1.627 ; 0.500        ; 2.127          ; High Pulse Width ; CLOCK_50 ; Rise       ; uart_rx_packet_new:packet_inst|altsyncram:buffer_rtl_0|altsyncram_09c1:auto_generated|ram_block1a0~portb_address_reg6 ;
; -1.627 ; 0.500        ; 2.127          ; Low Pulse Width  ; CLOCK_50 ; Rise       ; uart_rx_packet_new:packet_inst|altsyncram:buffer_rtl_0|altsyncram_09c1:auto_generated|ram_block1a0~portb_address_reg6 ;
; -1.627 ; 0.500        ; 2.127          ; High Pulse Width ; CLOCK_50 ; Rise       ; uart_rx_packet_new:packet_inst|altsyncram:buffer_rtl_0|altsyncram_09c1:auto_generated|ram_block1a0~portb_address_reg7 ;
; -1.627 ; 0.500        ; 2.127          ; Low Pulse Width  ; CLOCK_50 ; Rise       ; uart_rx_packet_new:packet_inst|altsyncram:buffer_rtl_0|altsyncram_09c1:auto_generated|ram_block1a0~portb_address_reg7 ;
; -1.627 ; 0.500        ; 2.127          ; High Pulse Width ; CLOCK_50 ; Rise       ; uart_rx_packet_new:packet_inst|altsyncram:buffer_rtl_0|altsyncram_09c1:auto_generated|ram_block1a1~porta_memory_reg0  ;
; -1.627 ; 0.500        ; 2.127          ; Low Pulse Width  ; CLOCK_50 ; Rise       ; uart_rx_packet_new:packet_inst|altsyncram:buffer_rtl_0|altsyncram_09c1:auto_generated|ram_block1a1~porta_memory_reg0  ;
; -1.627 ; 0.500        ; 2.127          ; High Pulse Width ; CLOCK_50 ; Rise       ; uart_rx_packet_new:packet_inst|altsyncram:buffer_rtl_0|altsyncram_09c1:auto_generated|ram_block1a2~porta_memory_reg0  ;
; -1.627 ; 0.500        ; 2.127          ; Low Pulse Width  ; CLOCK_50 ; Rise       ; uart_rx_packet_new:packet_inst|altsyncram:buffer_rtl_0|altsyncram_09c1:auto_generated|ram_block1a2~porta_memory_reg0  ;
; -1.627 ; 0.500        ; 2.127          ; High Pulse Width ; CLOCK_50 ; Rise       ; uart_rx_packet_new:packet_inst|altsyncram:buffer_rtl_0|altsyncram_09c1:auto_generated|ram_block1a3~porta_memory_reg0  ;
; -1.627 ; 0.500        ; 2.127          ; Low Pulse Width  ; CLOCK_50 ; Rise       ; uart_rx_packet_new:packet_inst|altsyncram:buffer_rtl_0|altsyncram_09c1:auto_generated|ram_block1a3~porta_memory_reg0  ;
; -1.627 ; 0.500        ; 2.127          ; High Pulse Width ; CLOCK_50 ; Rise       ; uart_rx_packet_new:packet_inst|altsyncram:buffer_rtl_0|altsyncram_09c1:auto_generated|ram_block1a4~porta_memory_reg0  ;
; -1.627 ; 0.500        ; 2.127          ; Low Pulse Width  ; CLOCK_50 ; Rise       ; uart_rx_packet_new:packet_inst|altsyncram:buffer_rtl_0|altsyncram_09c1:auto_generated|ram_block1a4~porta_memory_reg0  ;
; -1.627 ; 0.500        ; 2.127          ; High Pulse Width ; CLOCK_50 ; Rise       ; uart_rx_packet_new:packet_inst|altsyncram:buffer_rtl_0|altsyncram_09c1:auto_generated|ram_block1a5~porta_memory_reg0  ;
; -1.627 ; 0.500        ; 2.127          ; Low Pulse Width  ; CLOCK_50 ; Rise       ; uart_rx_packet_new:packet_inst|altsyncram:buffer_rtl_0|altsyncram_09c1:auto_generated|ram_block1a5~porta_memory_reg0  ;
; -1.627 ; 0.500        ; 2.127          ; High Pulse Width ; CLOCK_50 ; Rise       ; uart_rx_packet_new:packet_inst|altsyncram:buffer_rtl_0|altsyncram_09c1:auto_generated|ram_block1a6~porta_memory_reg0  ;
; -1.627 ; 0.500        ; 2.127          ; Low Pulse Width  ; CLOCK_50 ; Rise       ; uart_rx_packet_new:packet_inst|altsyncram:buffer_rtl_0|altsyncram_09c1:auto_generated|ram_block1a6~porta_memory_reg0  ;
; -1.627 ; 0.500        ; 2.127          ; High Pulse Width ; CLOCK_50 ; Rise       ; uart_rx_packet_new:packet_inst|altsyncram:buffer_rtl_0|altsyncram_09c1:auto_generated|ram_block1a7~porta_memory_reg0  ;
; -1.627 ; 0.500        ; 2.127          ; Low Pulse Width  ; CLOCK_50 ; Rise       ; uart_rx_packet_new:packet_inst|altsyncram:buffer_rtl_0|altsyncram_09c1:auto_generated|ram_block1a7~porta_memory_reg0  ;
; -1.380 ; 1.000        ; 2.380          ; Port Rate        ; CLOCK_50 ; Rise       ; CLOCK_50                                                                                                              ;
; -0.500 ; 0.500        ; 1.000          ; High Pulse Width ; CLOCK_50 ; Rise       ; packet_cnt[0]                                                                                                         ;
; -0.500 ; 0.500        ; 1.000          ; Low Pulse Width  ; CLOCK_50 ; Rise       ; packet_cnt[0]                                                                                                         ;
; -0.500 ; 0.500        ; 1.000          ; High Pulse Width ; CLOCK_50 ; Rise       ; packet_cnt[10]                                                                                                        ;
; -0.500 ; 0.500        ; 1.000          ; Low Pulse Width  ; CLOCK_50 ; Rise       ; packet_cnt[10]                                                                                                        ;
; -0.500 ; 0.500        ; 1.000          ; High Pulse Width ; CLOCK_50 ; Rise       ; packet_cnt[11]                                                                                                        ;
; -0.500 ; 0.500        ; 1.000          ; Low Pulse Width  ; CLOCK_50 ; Rise       ; packet_cnt[11]                                                                                                        ;
; -0.500 ; 0.500        ; 1.000          ; High Pulse Width ; CLOCK_50 ; Rise       ; packet_cnt[1]                                                                                                         ;
; -0.500 ; 0.500        ; 1.000          ; Low Pulse Width  ; CLOCK_50 ; Rise       ; packet_cnt[1]                                                                                                         ;
; -0.500 ; 0.500        ; 1.000          ; High Pulse Width ; CLOCK_50 ; Rise       ; packet_cnt[2]                                                                                                         ;
; -0.500 ; 0.500        ; 1.000          ; Low Pulse Width  ; CLOCK_50 ; Rise       ; packet_cnt[2]                                                                                                         ;
; -0.500 ; 0.500        ; 1.000          ; High Pulse Width ; CLOCK_50 ; Rise       ; packet_cnt[3]                                                                                                         ;
; -0.500 ; 0.500        ; 1.000          ; Low Pulse Width  ; CLOCK_50 ; Rise       ; packet_cnt[3]                                                                                                         ;
; -0.500 ; 0.500        ; 1.000          ; High Pulse Width ; CLOCK_50 ; Rise       ; packet_cnt[4]                                                                                                         ;
; -0.500 ; 0.500        ; 1.000          ; Low Pulse Width  ; CLOCK_50 ; Rise       ; packet_cnt[4]                                                                                                         ;
; -0.500 ; 0.500        ; 1.000          ; High Pulse Width ; CLOCK_50 ; Rise       ; packet_cnt[5]                                                                                                         ;
; -0.500 ; 0.500        ; 1.000          ; Low Pulse Width  ; CLOCK_50 ; Rise       ; packet_cnt[5]                                                                                                         ;
; -0.500 ; 0.500        ; 1.000          ; High Pulse Width ; CLOCK_50 ; Rise       ; packet_cnt[6]                                                                                                         ;
; -0.500 ; 0.500        ; 1.000          ; Low Pulse Width  ; CLOCK_50 ; Rise       ; packet_cnt[6]                                                                                                         ;
; -0.500 ; 0.500        ; 1.000          ; High Pulse Width ; CLOCK_50 ; Rise       ; packet_cnt[7]                                                                                                         ;
; -0.500 ; 0.500        ; 1.000          ; Low Pulse Width  ; CLOCK_50 ; Rise       ; packet_cnt[7]                                                                                                         ;
; -0.500 ; 0.500        ; 1.000          ; High Pulse Width ; CLOCK_50 ; Rise       ; packet_cnt[8]                                                                                                         ;
; -0.500 ; 0.500        ; 1.000          ; Low Pulse Width  ; CLOCK_50 ; Rise       ; packet_cnt[8]                                                                                                         ;
; -0.500 ; 0.500        ; 1.000          ; High Pulse Width ; CLOCK_50 ; Rise       ; packet_cnt[9]                                                                                                         ;
; -0.500 ; 0.500        ; 1.000          ; Low Pulse Width  ; CLOCK_50 ; Rise       ; packet_cnt[9]                                                                                                         ;
; -0.500 ; 0.500        ; 1.000          ; High Pulse Width ; CLOCK_50 ; Rise       ; packet_valid_d                                                                                                        ;
; -0.500 ; 0.500        ; 1.000          ; Low Pulse Width  ; CLOCK_50 ; Rise       ; packet_valid_d                                                                                                        ;
; -0.500 ; 0.500        ; 1.000          ; High Pulse Width ; CLOCK_50 ; Rise       ; sram_packet_writer:sram_writer_inst|addr_latch[0]                                                                     ;
; -0.500 ; 0.500        ; 1.000          ; Low Pulse Width  ; CLOCK_50 ; Rise       ; sram_packet_writer:sram_writer_inst|addr_latch[0]                                                                     ;
; -0.500 ; 0.500        ; 1.000          ; High Pulse Width ; CLOCK_50 ; Rise       ; sram_packet_writer:sram_writer_inst|addr_latch[10]                                                                    ;
; -0.500 ; 0.500        ; 1.000          ; Low Pulse Width  ; CLOCK_50 ; Rise       ; sram_packet_writer:sram_writer_inst|addr_latch[10]                                                                    ;
; -0.500 ; 0.500        ; 1.000          ; High Pulse Width ; CLOCK_50 ; Rise       ; sram_packet_writer:sram_writer_inst|addr_latch[11]                                                                    ;
; -0.500 ; 0.500        ; 1.000          ; Low Pulse Width  ; CLOCK_50 ; Rise       ; sram_packet_writer:sram_writer_inst|addr_latch[11]                                                                    ;
; -0.500 ; 0.500        ; 1.000          ; High Pulse Width ; CLOCK_50 ; Rise       ; sram_packet_writer:sram_writer_inst|addr_latch[12]                                                                    ;
+--------+--------------+----------------+------------------+----------+------------+-----------------------------------------------------------------------------------------------------------------------+


+--------------------------------------------------------------------------------------------------------------------------------------------------------------------------------------------------------------+
; Slow Model Minimum Pulse Width: 'uart_controller:uart_ctrl_inst|baud_rate_gen:brg_inst|ov_tick'                                                                                                              ;
+--------+--------------+----------------+------------------+---------------------------------------------------------------+------------+---------------------------------------------------------------------+
; Slack  ; Actual Width ; Required Width ; Type             ; Clock                                                         ; Clock Edge ; Target                                                              ;
+--------+--------------+----------------+------------------+---------------------------------------------------------------+------------+---------------------------------------------------------------------+
; -0.500 ; 0.500        ; 1.000          ; High Pulse Width ; uart_controller:uart_ctrl_inst|baud_rate_gen:brg_inst|ov_tick ; Rise       ; uart_controller:uart_ctrl_inst|uart_rx:rx_inst|bit_cnt[0]           ;
; -0.500 ; 0.500        ; 1.000          ; Low Pulse Width  ; uart_controller:uart_ctrl_inst|baud_rate_gen:brg_inst|ov_tick ; Rise       ; uart_controller:uart_ctrl_inst|uart_rx:rx_inst|bit_cnt[0]           ;
; -0.500 ; 0.500        ; 1.000          ; High Pulse Width ; uart_controller:uart_ctrl_inst|baud_rate_gen:brg_inst|ov_tick ; Rise       ; uart_controller:uart_ctrl_inst|uart_rx:rx_inst|bit_cnt[1]           ;
; -0.500 ; 0.500        ; 1.000          ; Low Pulse Width  ; uart_controller:uart_ctrl_inst|baud_rate_gen:brg_inst|ov_tick ; Rise       ; uart_controller:uart_ctrl_inst|uart_rx:rx_inst|bit_cnt[1]           ;
; -0.500 ; 0.500        ; 1.000          ; High Pulse Width ; uart_controller:uart_ctrl_inst|baud_rate_gen:brg_inst|ov_tick ; Rise       ; uart_controller:uart_ctrl_inst|uart_rx:rx_inst|bit_cnt[2]           ;
; -0.500 ; 0.500        ; 1.000          ; Low Pulse Width  ; uart_controller:uart_ctrl_inst|baud_rate_gen:brg_inst|ov_tick ; Rise       ; uart_controller:uart_ctrl_inst|uart_rx:rx_inst|bit_cnt[2]           ;
; -0.500 ; 0.500        ; 1.000          ; High Pulse Width ; uart_controller:uart_ctrl_inst|baud_rate_gen:brg_inst|ov_tick ; Rise       ; uart_controller:uart_ctrl_inst|uart_rx:rx_inst|data_out[0]          ;
; -0.500 ; 0.500        ; 1.000          ; Low Pulse Width  ; uart_controller:uart_ctrl_inst|baud_rate_gen:brg_inst|ov_tick ; Rise       ; uart_controller:uart_ctrl_inst|uart_rx:rx_inst|data_out[0]          ;
; -0.500 ; 0.500        ; 1.000          ; High Pulse Width ; uart_controller:uart_ctrl_inst|baud_rate_gen:brg_inst|ov_tick ; Rise       ; uart_controller:uart_ctrl_inst|uart_rx:rx_inst|data_out[1]          ;
; -0.500 ; 0.500        ; 1.000          ; Low Pulse Width  ; uart_controller:uart_ctrl_inst|baud_rate_gen:brg_inst|ov_tick ; Rise       ; uart_controller:uart_ctrl_inst|uart_rx:rx_inst|data_out[1]          ;
; -0.500 ; 0.500        ; 1.000          ; High Pulse Width ; uart_controller:uart_ctrl_inst|baud_rate_gen:brg_inst|ov_tick ; Rise       ; uart_controller:uart_ctrl_inst|uart_rx:rx_inst|data_out[2]          ;
; -0.500 ; 0.500        ; 1.000          ; Low Pulse Width  ; uart_controller:uart_ctrl_inst|baud_rate_gen:brg_inst|ov_tick ; Rise       ; uart_controller:uart_ctrl_inst|uart_rx:rx_inst|data_out[2]          ;
; -0.500 ; 0.500        ; 1.000          ; High Pulse Width ; uart_controller:uart_ctrl_inst|baud_rate_gen:brg_inst|ov_tick ; Rise       ; uart_controller:uart_ctrl_inst|uart_rx:rx_inst|data_out[3]          ;
; -0.500 ; 0.500        ; 1.000          ; Low Pulse Width  ; uart_controller:uart_ctrl_inst|baud_rate_gen:brg_inst|ov_tick ; Rise       ; uart_controller:uart_ctrl_inst|uart_rx:rx_inst|data_out[3]          ;
; -0.500 ; 0.500        ; 1.000          ; High Pulse Width ; uart_controller:uart_ctrl_inst|baud_rate_gen:brg_inst|ov_tick ; Rise       ; uart_controller:uart_ctrl_inst|uart_rx:rx_inst|data_out[4]          ;
; -0.500 ; 0.500        ; 1.000          ; Low Pulse Width  ; uart_controller:uart_ctrl_inst|baud_rate_gen:brg_inst|ov_tick ; Rise       ; uart_controller:uart_ctrl_inst|uart_rx:rx_inst|data_out[4]          ;
; -0.500 ; 0.500        ; 1.000          ; High Pulse Width ; uart_controller:uart_ctrl_inst|baud_rate_gen:brg_inst|ov_tick ; Rise       ; uart_controller:uart_ctrl_inst|uart_rx:rx_inst|data_out[5]          ;
; -0.500 ; 0.500        ; 1.000          ; Low Pulse Width  ; uart_controller:uart_ctrl_inst|baud_rate_gen:brg_inst|ov_tick ; Rise       ; uart_controller:uart_ctrl_inst|uart_rx:rx_inst|data_out[5]          ;
; -0.500 ; 0.500        ; 1.000          ; High Pulse Width ; uart_controller:uart_ctrl_inst|baud_rate_gen:brg_inst|ov_tick ; Rise       ; uart_controller:uart_ctrl_inst|uart_rx:rx_inst|data_out[6]          ;
; -0.500 ; 0.500        ; 1.000          ; Low Pulse Width  ; uart_controller:uart_ctrl_inst|baud_rate_gen:brg_inst|ov_tick ; Rise       ; uart_controller:uart_ctrl_inst|uart_rx:rx_inst|data_out[6]          ;
; -0.500 ; 0.500        ; 1.000          ; High Pulse Width ; uart_controller:uart_ctrl_inst|baud_rate_gen:brg_inst|ov_tick ; Rise       ; uart_controller:uart_ctrl_inst|uart_rx:rx_inst|data_out[7]          ;
; -0.500 ; 0.500        ; 1.000          ; Low Pulse Width  ; uart_controller:uart_ctrl_inst|baud_rate_gen:brg_inst|ov_tick ; Rise       ; uart_controller:uart_ctrl_inst|uart_rx:rx_inst|data_out[7]          ;
; -0.500 ; 0.500        ; 1.000          ; High Pulse Width ; uart_controller:uart_ctrl_inst|baud_rate_gen:brg_inst|ov_tick ; Rise       ; uart_controller:uart_ctrl_inst|uart_rx:rx_inst|rx_reg[0]            ;
; -0.500 ; 0.500        ; 1.000          ; Low Pulse Width  ; uart_controller:uart_ctrl_inst|baud_rate_gen:brg_inst|ov_tick ; Rise       ; uart_controller:uart_ctrl_inst|uart_rx:rx_inst|rx_reg[0]            ;
; -0.500 ; 0.500        ; 1.000          ; High Pulse Width ; uart_controller:uart_ctrl_inst|baud_rate_gen:brg_inst|ov_tick ; Rise       ; uart_controller:uart_ctrl_inst|uart_rx:rx_inst|rx_reg[1]            ;
; -0.500 ; 0.500        ; 1.000          ; Low Pulse Width  ; uart_controller:uart_ctrl_inst|baud_rate_gen:brg_inst|ov_tick ; Rise       ; uart_controller:uart_ctrl_inst|uart_rx:rx_inst|rx_reg[1]            ;
; -0.500 ; 0.500        ; 1.000          ; High Pulse Width ; uart_controller:uart_ctrl_inst|baud_rate_gen:brg_inst|ov_tick ; Rise       ; uart_controller:uart_ctrl_inst|uart_rx:rx_inst|rx_reg[2]            ;
; -0.500 ; 0.500        ; 1.000          ; Low Pulse Width  ; uart_controller:uart_ctrl_inst|baud_rate_gen:brg_inst|ov_tick ; Rise       ; uart_controller:uart_ctrl_inst|uart_rx:rx_inst|rx_reg[2]            ;
; -0.500 ; 0.500        ; 1.000          ; High Pulse Width ; uart_controller:uart_ctrl_inst|baud_rate_gen:brg_inst|ov_tick ; Rise       ; uart_controller:uart_ctrl_inst|uart_rx:rx_inst|rx_reg[3]            ;
; -0.500 ; 0.500        ; 1.000          ; Low Pulse Width  ; uart_controller:uart_ctrl_inst|baud_rate_gen:brg_inst|ov_tick ; Rise       ; uart_controller:uart_ctrl_inst|uart_rx:rx_inst|rx_reg[3]            ;
; -0.500 ; 0.500        ; 1.000          ; High Pulse Width ; uart_controller:uart_ctrl_inst|baud_rate_gen:brg_inst|ov_tick ; Rise       ; uart_controller:uart_ctrl_inst|uart_rx:rx_inst|rx_reg[4]            ;
; -0.500 ; 0.500        ; 1.000          ; Low Pulse Width  ; uart_controller:uart_ctrl_inst|baud_rate_gen:brg_inst|ov_tick ; Rise       ; uart_controller:uart_ctrl_inst|uart_rx:rx_inst|rx_reg[4]            ;
; -0.500 ; 0.500        ; 1.000          ; High Pulse Width ; uart_controller:uart_ctrl_inst|baud_rate_gen:brg_inst|ov_tick ; Rise       ; uart_controller:uart_ctrl_inst|uart_rx:rx_inst|rx_reg[5]            ;
; -0.500 ; 0.500        ; 1.000          ; Low Pulse Width  ; uart_controller:uart_ctrl_inst|baud_rate_gen:brg_inst|ov_tick ; Rise       ; uart_controller:uart_ctrl_inst|uart_rx:rx_inst|rx_reg[5]            ;
; -0.500 ; 0.500        ; 1.000          ; High Pulse Width ; uart_controller:uart_ctrl_inst|baud_rate_gen:brg_inst|ov_tick ; Rise       ; uart_controller:uart_ctrl_inst|uart_rx:rx_inst|rx_reg[6]            ;
; -0.500 ; 0.500        ; 1.000          ; Low Pulse Width  ; uart_controller:uart_ctrl_inst|baud_rate_gen:brg_inst|ov_tick ; Rise       ; uart_controller:uart_ctrl_inst|uart_rx:rx_inst|rx_reg[6]            ;
; -0.500 ; 0.500        ; 1.000          ; High Pulse Width ; uart_controller:uart_ctrl_inst|baud_rate_gen:brg_inst|ov_tick ; Rise       ; uart_controller:uart_ctrl_inst|uart_rx:rx_inst|rx_reg[7]            ;
; -0.500 ; 0.500        ; 1.000          ; Low Pulse Width  ; uart_controller:uart_ctrl_inst|baud_rate_gen:brg_inst|ov_tick ; Rise       ; uart_controller:uart_ctrl_inst|uart_rx:rx_inst|rx_reg[7]            ;
; -0.500 ; 0.500        ; 1.000          ; High Pulse Width ; uart_controller:uart_ctrl_inst|baud_rate_gen:brg_inst|ov_tick ; Rise       ; uart_controller:uart_ctrl_inst|uart_rx:rx_inst|rx_valid             ;
; -0.500 ; 0.500        ; 1.000          ; Low Pulse Width  ; uart_controller:uart_ctrl_inst|baud_rate_gen:brg_inst|ov_tick ; Rise       ; uart_controller:uart_ctrl_inst|uart_rx:rx_inst|rx_valid             ;
; -0.500 ; 0.500        ; 1.000          ; High Pulse Width ; uart_controller:uart_ctrl_inst|baud_rate_gen:brg_inst|ov_tick ; Rise       ; uart_controller:uart_ctrl_inst|uart_rx:rx_inst|samples[0]           ;
; -0.500 ; 0.500        ; 1.000          ; Low Pulse Width  ; uart_controller:uart_ctrl_inst|baud_rate_gen:brg_inst|ov_tick ; Rise       ; uart_controller:uart_ctrl_inst|uart_rx:rx_inst|samples[0]           ;
; -0.500 ; 0.500        ; 1.000          ; High Pulse Width ; uart_controller:uart_ctrl_inst|baud_rate_gen:brg_inst|ov_tick ; Rise       ; uart_controller:uart_ctrl_inst|uart_rx:rx_inst|samples[1]           ;
; -0.500 ; 0.500        ; 1.000          ; Low Pulse Width  ; uart_controller:uart_ctrl_inst|baud_rate_gen:brg_inst|ov_tick ; Rise       ; uart_controller:uart_ctrl_inst|uart_rx:rx_inst|samples[1]           ;
; -0.500 ; 0.500        ; 1.000          ; High Pulse Width ; uart_controller:uart_ctrl_inst|baud_rate_gen:brg_inst|ov_tick ; Rise       ; uart_controller:uart_ctrl_inst|uart_rx:rx_inst|samples[2]           ;
; -0.500 ; 0.500        ; 1.000          ; Low Pulse Width  ; uart_controller:uart_ctrl_inst|baud_rate_gen:brg_inst|ov_tick ; Rise       ; uart_controller:uart_ctrl_inst|uart_rx:rx_inst|samples[2]           ;
; -0.500 ; 0.500        ; 1.000          ; High Pulse Width ; uart_controller:uart_ctrl_inst|baud_rate_gen:brg_inst|ov_tick ; Rise       ; uart_controller:uart_ctrl_inst|uart_rx:rx_inst|state.DATA           ;
; -0.500 ; 0.500        ; 1.000          ; Low Pulse Width  ; uart_controller:uart_ctrl_inst|baud_rate_gen:brg_inst|ov_tick ; Rise       ; uart_controller:uart_ctrl_inst|uart_rx:rx_inst|state.DATA           ;
; -0.500 ; 0.500        ; 1.000          ; High Pulse Width ; uart_controller:uart_ctrl_inst|baud_rate_gen:brg_inst|ov_tick ; Rise       ; uart_controller:uart_ctrl_inst|uart_rx:rx_inst|state.IDLE           ;
; -0.500 ; 0.500        ; 1.000          ; Low Pulse Width  ; uart_controller:uart_ctrl_inst|baud_rate_gen:brg_inst|ov_tick ; Rise       ; uart_controller:uart_ctrl_inst|uart_rx:rx_inst|state.IDLE           ;
; -0.500 ; 0.500        ; 1.000          ; High Pulse Width ; uart_controller:uart_ctrl_inst|baud_rate_gen:brg_inst|ov_tick ; Rise       ; uart_controller:uart_ctrl_inst|uart_rx:rx_inst|state.START          ;
; -0.500 ; 0.500        ; 1.000          ; Low Pulse Width  ; uart_controller:uart_ctrl_inst|baud_rate_gen:brg_inst|ov_tick ; Rise       ; uart_controller:uart_ctrl_inst|uart_rx:rx_inst|state.START          ;
; -0.500 ; 0.500        ; 1.000          ; High Pulse Width ; uart_controller:uart_ctrl_inst|baud_rate_gen:brg_inst|ov_tick ; Rise       ; uart_controller:uart_ctrl_inst|uart_rx:rx_inst|state.STOP           ;
; -0.500 ; 0.500        ; 1.000          ; Low Pulse Width  ; uart_controller:uart_ctrl_inst|baud_rate_gen:brg_inst|ov_tick ; Rise       ; uart_controller:uart_ctrl_inst|uart_rx:rx_inst|state.STOP           ;
; -0.500 ; 0.500        ; 1.000          ; High Pulse Width ; uart_controller:uart_ctrl_inst|baud_rate_gen:brg_inst|ov_tick ; Rise       ; uart_controller:uart_ctrl_inst|uart_rx:rx_inst|tick_cnt[0]          ;
; -0.500 ; 0.500        ; 1.000          ; Low Pulse Width  ; uart_controller:uart_ctrl_inst|baud_rate_gen:brg_inst|ov_tick ; Rise       ; uart_controller:uart_ctrl_inst|uart_rx:rx_inst|tick_cnt[0]          ;
; -0.500 ; 0.500        ; 1.000          ; High Pulse Width ; uart_controller:uart_ctrl_inst|baud_rate_gen:brg_inst|ov_tick ; Rise       ; uart_controller:uart_ctrl_inst|uart_rx:rx_inst|tick_cnt[1]          ;
; -0.500 ; 0.500        ; 1.000          ; Low Pulse Width  ; uart_controller:uart_ctrl_inst|baud_rate_gen:brg_inst|ov_tick ; Rise       ; uart_controller:uart_ctrl_inst|uart_rx:rx_inst|tick_cnt[1]          ;
; -0.500 ; 0.500        ; 1.000          ; High Pulse Width ; uart_controller:uart_ctrl_inst|baud_rate_gen:brg_inst|ov_tick ; Rise       ; uart_controller:uart_ctrl_inst|uart_rx:rx_inst|tick_cnt[2]          ;
; -0.500 ; 0.500        ; 1.000          ; Low Pulse Width  ; uart_controller:uart_ctrl_inst|baud_rate_gen:brg_inst|ov_tick ; Rise       ; uart_controller:uart_ctrl_inst|uart_rx:rx_inst|tick_cnt[2]          ;
; -0.500 ; 0.500        ; 1.000          ; High Pulse Width ; uart_controller:uart_ctrl_inst|baud_rate_gen:brg_inst|ov_tick ; Rise       ; uart_controller:uart_ctrl_inst|uart_rx:rx_inst|valid_timeout_cnt[0] ;
; -0.500 ; 0.500        ; 1.000          ; Low Pulse Width  ; uart_controller:uart_ctrl_inst|baud_rate_gen:brg_inst|ov_tick ; Rise       ; uart_controller:uart_ctrl_inst|uart_rx:rx_inst|valid_timeout_cnt[0] ;
; -0.500 ; 0.500        ; 1.000          ; High Pulse Width ; uart_controller:uart_ctrl_inst|baud_rate_gen:brg_inst|ov_tick ; Rise       ; uart_controller:uart_ctrl_inst|uart_rx:rx_inst|valid_timeout_cnt[1] ;
; -0.500 ; 0.500        ; 1.000          ; Low Pulse Width  ; uart_controller:uart_ctrl_inst|baud_rate_gen:brg_inst|ov_tick ; Rise       ; uart_controller:uart_ctrl_inst|uart_rx:rx_inst|valid_timeout_cnt[1] ;
; -0.500 ; 0.500        ; 1.000          ; High Pulse Width ; uart_controller:uart_ctrl_inst|baud_rate_gen:brg_inst|ov_tick ; Rise       ; uart_controller:uart_ctrl_inst|uart_rx:rx_inst|valid_timeout_cnt[2] ;
; -0.500 ; 0.500        ; 1.000          ; Low Pulse Width  ; uart_controller:uart_ctrl_inst|baud_rate_gen:brg_inst|ov_tick ; Rise       ; uart_controller:uart_ctrl_inst|uart_rx:rx_inst|valid_timeout_cnt[2] ;
; -0.500 ; 0.500        ; 1.000          ; High Pulse Width ; uart_controller:uart_ctrl_inst|baud_rate_gen:brg_inst|ov_tick ; Rise       ; uart_controller:uart_ctrl_inst|uart_rx:rx_inst|valid_timeout_cnt[3] ;
; -0.500 ; 0.500        ; 1.000          ; Low Pulse Width  ; uart_controller:uart_ctrl_inst|baud_rate_gen:brg_inst|ov_tick ; Rise       ; uart_controller:uart_ctrl_inst|uart_rx:rx_inst|valid_timeout_cnt[3] ;
; -0.500 ; 0.500        ; 1.000          ; High Pulse Width ; uart_controller:uart_ctrl_inst|baud_rate_gen:brg_inst|ov_tick ; Rise       ; uart_controller:uart_ctrl_inst|uart_rx:rx_inst|valid_timeout_cnt[4] ;
; -0.500 ; 0.500        ; 1.000          ; Low Pulse Width  ; uart_controller:uart_ctrl_inst|baud_rate_gen:brg_inst|ov_tick ; Rise       ; uart_controller:uart_ctrl_inst|uart_rx:rx_inst|valid_timeout_cnt[4] ;
; -0.500 ; 0.500        ; 1.000          ; High Pulse Width ; uart_controller:uart_ctrl_inst|baud_rate_gen:brg_inst|ov_tick ; Rise       ; uart_controller:uart_ctrl_inst|uart_rx:rx_inst|valid_timeout_cnt[5] ;
; -0.500 ; 0.500        ; 1.000          ; Low Pulse Width  ; uart_controller:uart_ctrl_inst|baud_rate_gen:brg_inst|ov_tick ; Rise       ; uart_controller:uart_ctrl_inst|uart_rx:rx_inst|valid_timeout_cnt[5] ;
; -0.500 ; 0.500        ; 1.000          ; High Pulse Width ; uart_controller:uart_ctrl_inst|baud_rate_gen:brg_inst|ov_tick ; Rise       ; uart_controller:uart_ctrl_inst|uart_rx:rx_inst|valid_timeout_cnt[6] ;
; -0.500 ; 0.500        ; 1.000          ; Low Pulse Width  ; uart_controller:uart_ctrl_inst|baud_rate_gen:brg_inst|ov_tick ; Rise       ; uart_controller:uart_ctrl_inst|uart_rx:rx_inst|valid_timeout_cnt[6] ;
; -0.500 ; 0.500        ; 1.000          ; High Pulse Width ; uart_controller:uart_ctrl_inst|baud_rate_gen:brg_inst|ov_tick ; Rise       ; uart_controller:uart_ctrl_inst|uart_rx:rx_inst|valid_timeout_cnt[7] ;
; -0.500 ; 0.500        ; 1.000          ; Low Pulse Width  ; uart_controller:uart_ctrl_inst|baud_rate_gen:brg_inst|ov_tick ; Rise       ; uart_controller:uart_ctrl_inst|uart_rx:rx_inst|valid_timeout_cnt[7] ;
; 0.500  ; 0.500        ; 0.000          ; High Pulse Width ; uart_controller:uart_ctrl_inst|baud_rate_gen:brg_inst|ov_tick ; Rise       ; uart_ctrl_inst|brg_inst|ov_tick|regout                              ;
; 0.500  ; 0.500        ; 0.000          ; Low Pulse Width  ; uart_controller:uart_ctrl_inst|baud_rate_gen:brg_inst|ov_tick ; Rise       ; uart_ctrl_inst|brg_inst|ov_tick|regout                              ;
; 0.500  ; 0.500        ; 0.000          ; High Pulse Width ; uart_controller:uart_ctrl_inst|baud_rate_gen:brg_inst|ov_tick ; Rise       ; uart_ctrl_inst|brg_inst|ov_tick~clkctrl|inclk[0]                    ;
; 0.500  ; 0.500        ; 0.000          ; Low Pulse Width  ; uart_controller:uart_ctrl_inst|baud_rate_gen:brg_inst|ov_tick ; Rise       ; uart_ctrl_inst|brg_inst|ov_tick~clkctrl|inclk[0]                    ;
; 0.500  ; 0.500        ; 0.000          ; High Pulse Width ; uart_controller:uart_ctrl_inst|baud_rate_gen:brg_inst|ov_tick ; Rise       ; uart_ctrl_inst|brg_inst|ov_tick~clkctrl|outclk                      ;
; 0.500  ; 0.500        ; 0.000          ; Low Pulse Width  ; uart_controller:uart_ctrl_inst|baud_rate_gen:brg_inst|ov_tick ; Rise       ; uart_ctrl_inst|brg_inst|ov_tick~clkctrl|outclk                      ;
; 0.500  ; 0.500        ; 0.000          ; High Pulse Width ; uart_controller:uart_ctrl_inst|baud_rate_gen:brg_inst|ov_tick ; Rise       ; uart_ctrl_inst|rx_inst|bit_cnt[0]|clk                               ;
; 0.500  ; 0.500        ; 0.000          ; Low Pulse Width  ; uart_controller:uart_ctrl_inst|baud_rate_gen:brg_inst|ov_tick ; Rise       ; uart_ctrl_inst|rx_inst|bit_cnt[0]|clk                               ;
; 0.500  ; 0.500        ; 0.000          ; High Pulse Width ; uart_controller:uart_ctrl_inst|baud_rate_gen:brg_inst|ov_tick ; Rise       ; uart_ctrl_inst|rx_inst|bit_cnt[1]|clk                               ;
; 0.500  ; 0.500        ; 0.000          ; Low Pulse Width  ; uart_controller:uart_ctrl_inst|baud_rate_gen:brg_inst|ov_tick ; Rise       ; uart_ctrl_inst|rx_inst|bit_cnt[1]|clk                               ;
; 0.500  ; 0.500        ; 0.000          ; High Pulse Width ; uart_controller:uart_ctrl_inst|baud_rate_gen:brg_inst|ov_tick ; Rise       ; uart_ctrl_inst|rx_inst|bit_cnt[2]|clk                               ;
; 0.500  ; 0.500        ; 0.000          ; Low Pulse Width  ; uart_controller:uart_ctrl_inst|baud_rate_gen:brg_inst|ov_tick ; Rise       ; uart_ctrl_inst|rx_inst|bit_cnt[2]|clk                               ;
; 0.500  ; 0.500        ; 0.000          ; High Pulse Width ; uart_controller:uart_ctrl_inst|baud_rate_gen:brg_inst|ov_tick ; Rise       ; uart_ctrl_inst|rx_inst|data_out[0]|clk                              ;
; 0.500  ; 0.500        ; 0.000          ; Low Pulse Width  ; uart_controller:uart_ctrl_inst|baud_rate_gen:brg_inst|ov_tick ; Rise       ; uart_ctrl_inst|rx_inst|data_out[0]|clk                              ;
; 0.500  ; 0.500        ; 0.000          ; High Pulse Width ; uart_controller:uart_ctrl_inst|baud_rate_gen:brg_inst|ov_tick ; Rise       ; uart_ctrl_inst|rx_inst|data_out[1]|clk                              ;
; 0.500  ; 0.500        ; 0.000          ; Low Pulse Width  ; uart_controller:uart_ctrl_inst|baud_rate_gen:brg_inst|ov_tick ; Rise       ; uart_ctrl_inst|rx_inst|data_out[1]|clk                              ;
; 0.500  ; 0.500        ; 0.000          ; High Pulse Width ; uart_controller:uart_ctrl_inst|baud_rate_gen:brg_inst|ov_tick ; Rise       ; uart_ctrl_inst|rx_inst|data_out[2]|clk                              ;
; 0.500  ; 0.500        ; 0.000          ; Low Pulse Width  ; uart_controller:uart_ctrl_inst|baud_rate_gen:brg_inst|ov_tick ; Rise       ; uart_ctrl_inst|rx_inst|data_out[2]|clk                              ;
; 0.500  ; 0.500        ; 0.000          ; High Pulse Width ; uart_controller:uart_ctrl_inst|baud_rate_gen:brg_inst|ov_tick ; Rise       ; uart_ctrl_inst|rx_inst|data_out[3]|clk                              ;
; 0.500  ; 0.500        ; 0.000          ; Low Pulse Width  ; uart_controller:uart_ctrl_inst|baud_rate_gen:brg_inst|ov_tick ; Rise       ; uart_ctrl_inst|rx_inst|data_out[3]|clk                              ;
; 0.500  ; 0.500        ; 0.000          ; High Pulse Width ; uart_controller:uart_ctrl_inst|baud_rate_gen:brg_inst|ov_tick ; Rise       ; uart_ctrl_inst|rx_inst|data_out[4]|clk                              ;
; 0.500  ; 0.500        ; 0.000          ; Low Pulse Width  ; uart_controller:uart_ctrl_inst|baud_rate_gen:brg_inst|ov_tick ; Rise       ; uart_ctrl_inst|rx_inst|data_out[4]|clk                              ;
; 0.500  ; 0.500        ; 0.000          ; High Pulse Width ; uart_controller:uart_ctrl_inst|baud_rate_gen:brg_inst|ov_tick ; Rise       ; uart_ctrl_inst|rx_inst|data_out[5]|clk                              ;
; 0.500  ; 0.500        ; 0.000          ; Low Pulse Width  ; uart_controller:uart_ctrl_inst|baud_rate_gen:brg_inst|ov_tick ; Rise       ; uart_ctrl_inst|rx_inst|data_out[5]|clk                              ;
+--------+--------------+----------------+------------------+---------------------------------------------------------------+------------+---------------------------------------------------------------------+


+----------------------------------------------------------------------------------------------------------------------------------------------------------------------------------------------------------+
; Slow Model Minimum Pulse Width: 'uart_controller:uart_ctrl_inst|baud_rate_gen:brg_inst|uart_tick'                                                                                                        ;
+--------+--------------+----------------+------------------+-----------------------------------------------------------------+------------+---------------------------------------------------------------+
; Slack  ; Actual Width ; Required Width ; Type             ; Clock                                                           ; Clock Edge ; Target                                                        ;
+--------+--------------+----------------+------------------+-----------------------------------------------------------------+------------+---------------------------------------------------------------+
; -0.500 ; 0.500        ; 1.000          ; High Pulse Width ; uart_controller:uart_ctrl_inst|baud_rate_gen:brg_inst|uart_tick ; Rise       ; uart_controller:uart_ctrl_inst|uart_tx:tx_inst|bit_cnt[0]     ;
; -0.500 ; 0.500        ; 1.000          ; Low Pulse Width  ; uart_controller:uart_ctrl_inst|baud_rate_gen:brg_inst|uart_tick ; Rise       ; uart_controller:uart_ctrl_inst|uart_tx:tx_inst|bit_cnt[0]     ;
; -0.500 ; 0.500        ; 1.000          ; High Pulse Width ; uart_controller:uart_ctrl_inst|baud_rate_gen:brg_inst|uart_tick ; Rise       ; uart_controller:uart_ctrl_inst|uart_tx:tx_inst|bit_cnt[1]     ;
; -0.500 ; 0.500        ; 1.000          ; Low Pulse Width  ; uart_controller:uart_ctrl_inst|baud_rate_gen:brg_inst|uart_tick ; Rise       ; uart_controller:uart_ctrl_inst|uart_tx:tx_inst|bit_cnt[1]     ;
; -0.500 ; 0.500        ; 1.000          ; High Pulse Width ; uart_controller:uart_ctrl_inst|baud_rate_gen:brg_inst|uart_tick ; Rise       ; uart_controller:uart_ctrl_inst|uart_tx:tx_inst|bit_cnt[2]     ;
; -0.500 ; 0.500        ; 1.000          ; Low Pulse Width  ; uart_controller:uart_ctrl_inst|baud_rate_gen:brg_inst|uart_tick ; Rise       ; uart_controller:uart_ctrl_inst|uart_tx:tx_inst|bit_cnt[2]     ;
; -0.500 ; 0.500        ; 1.000          ; High Pulse Width ; uart_controller:uart_ctrl_inst|baud_rate_gen:brg_inst|uart_tick ; Rise       ; uart_controller:uart_ctrl_inst|uart_tx:tx_inst|state.DATA     ;
; -0.500 ; 0.500        ; 1.000          ; Low Pulse Width  ; uart_controller:uart_ctrl_inst|baud_rate_gen:brg_inst|uart_tick ; Rise       ; uart_controller:uart_ctrl_inst|uart_tx:tx_inst|state.DATA     ;
; -0.500 ; 0.500        ; 1.000          ; High Pulse Width ; uart_controller:uart_ctrl_inst|baud_rate_gen:brg_inst|uart_tick ; Rise       ; uart_controller:uart_ctrl_inst|uart_tx:tx_inst|state.IDLE     ;
; -0.500 ; 0.500        ; 1.000          ; Low Pulse Width  ; uart_controller:uart_ctrl_inst|baud_rate_gen:brg_inst|uart_tick ; Rise       ; uart_controller:uart_ctrl_inst|uart_tx:tx_inst|state.IDLE     ;
; -0.500 ; 0.500        ; 1.000          ; High Pulse Width ; uart_controller:uart_ctrl_inst|baud_rate_gen:brg_inst|uart_tick ; Rise       ; uart_controller:uart_ctrl_inst|uart_tx:tx_inst|state.START    ;
; -0.500 ; 0.500        ; 1.000          ; Low Pulse Width  ; uart_controller:uart_ctrl_inst|baud_rate_gen:brg_inst|uart_tick ; Rise       ; uart_controller:uart_ctrl_inst|uart_tx:tx_inst|state.START    ;
; -0.500 ; 0.500        ; 1.000          ; High Pulse Width ; uart_controller:uart_ctrl_inst|baud_rate_gen:brg_inst|uart_tick ; Rise       ; uart_controller:uart_ctrl_inst|uart_tx:tx_inst|state.STOP     ;
; -0.500 ; 0.500        ; 1.000          ; Low Pulse Width  ; uart_controller:uart_ctrl_inst|baud_rate_gen:brg_inst|uart_tick ; Rise       ; uart_controller:uart_ctrl_inst|uart_tx:tx_inst|state.STOP     ;
; -0.500 ; 0.500        ; 1.000          ; High Pulse Width ; uart_controller:uart_ctrl_inst|baud_rate_gen:brg_inst|uart_tick ; Rise       ; uart_controller:uart_ctrl_inst|uart_tx:tx_inst|timeout_cnt[0] ;
; -0.500 ; 0.500        ; 1.000          ; Low Pulse Width  ; uart_controller:uart_ctrl_inst|baud_rate_gen:brg_inst|uart_tick ; Rise       ; uart_controller:uart_ctrl_inst|uart_tx:tx_inst|timeout_cnt[0] ;
; -0.500 ; 0.500        ; 1.000          ; High Pulse Width ; uart_controller:uart_ctrl_inst|baud_rate_gen:brg_inst|uart_tick ; Rise       ; uart_controller:uart_ctrl_inst|uart_tx:tx_inst|timeout_cnt[1] ;
; -0.500 ; 0.500        ; 1.000          ; Low Pulse Width  ; uart_controller:uart_ctrl_inst|baud_rate_gen:brg_inst|uart_tick ; Rise       ; uart_controller:uart_ctrl_inst|uart_tx:tx_inst|timeout_cnt[1] ;
; -0.500 ; 0.500        ; 1.000          ; High Pulse Width ; uart_controller:uart_ctrl_inst|baud_rate_gen:brg_inst|uart_tick ; Rise       ; uart_controller:uart_ctrl_inst|uart_tx:tx_inst|timeout_cnt[2] ;
; -0.500 ; 0.500        ; 1.000          ; Low Pulse Width  ; uart_controller:uart_ctrl_inst|baud_rate_gen:brg_inst|uart_tick ; Rise       ; uart_controller:uart_ctrl_inst|uart_tx:tx_inst|timeout_cnt[2] ;
; -0.500 ; 0.500        ; 1.000          ; High Pulse Width ; uart_controller:uart_ctrl_inst|baud_rate_gen:brg_inst|uart_tick ; Rise       ; uart_controller:uart_ctrl_inst|uart_tx:tx_inst|timeout_cnt[3] ;
; -0.500 ; 0.500        ; 1.000          ; Low Pulse Width  ; uart_controller:uart_ctrl_inst|baud_rate_gen:brg_inst|uart_tick ; Rise       ; uart_controller:uart_ctrl_inst|uart_tx:tx_inst|timeout_cnt[3] ;
; -0.500 ; 0.500        ; 1.000          ; High Pulse Width ; uart_controller:uart_ctrl_inst|baud_rate_gen:brg_inst|uart_tick ; Rise       ; uart_controller:uart_ctrl_inst|uart_tx:tx_inst|timeout_cnt[4] ;
; -0.500 ; 0.500        ; 1.000          ; Low Pulse Width  ; uart_controller:uart_ctrl_inst|baud_rate_gen:brg_inst|uart_tick ; Rise       ; uart_controller:uart_ctrl_inst|uart_tx:tx_inst|timeout_cnt[4] ;
; -0.500 ; 0.500        ; 1.000          ; High Pulse Width ; uart_controller:uart_ctrl_inst|baud_rate_gen:brg_inst|uart_tick ; Rise       ; uart_controller:uart_ctrl_inst|uart_tx:tx_inst|timeout_cnt[5] ;
; -0.500 ; 0.500        ; 1.000          ; Low Pulse Width  ; uart_controller:uart_ctrl_inst|baud_rate_gen:brg_inst|uart_tick ; Rise       ; uart_controller:uart_ctrl_inst|uart_tx:tx_inst|timeout_cnt[5] ;
; -0.500 ; 0.500        ; 1.000          ; High Pulse Width ; uart_controller:uart_ctrl_inst|baud_rate_gen:brg_inst|uart_tick ; Rise       ; uart_controller:uart_ctrl_inst|uart_tx:tx_inst|timeout_cnt[6] ;
; -0.500 ; 0.500        ; 1.000          ; Low Pulse Width  ; uart_controller:uart_ctrl_inst|baud_rate_gen:brg_inst|uart_tick ; Rise       ; uart_controller:uart_ctrl_inst|uart_tx:tx_inst|timeout_cnt[6] ;
; -0.500 ; 0.500        ; 1.000          ; High Pulse Width ; uart_controller:uart_ctrl_inst|baud_rate_gen:brg_inst|uart_tick ; Rise       ; uart_controller:uart_ctrl_inst|uart_tx:tx_inst|timeout_cnt[7] ;
; -0.500 ; 0.500        ; 1.000          ; Low Pulse Width  ; uart_controller:uart_ctrl_inst|baud_rate_gen:brg_inst|uart_tick ; Rise       ; uart_controller:uart_ctrl_inst|uart_tx:tx_inst|timeout_cnt[7] ;
; -0.500 ; 0.500        ; 1.000          ; High Pulse Width ; uart_controller:uart_ctrl_inst|baud_rate_gen:brg_inst|uart_tick ; Rise       ; uart_controller:uart_ctrl_inst|uart_tx:tx_inst|tx             ;
; -0.500 ; 0.500        ; 1.000          ; Low Pulse Width  ; uart_controller:uart_ctrl_inst|baud_rate_gen:brg_inst|uart_tick ; Rise       ; uart_controller:uart_ctrl_inst|uart_tx:tx_inst|tx             ;
; -0.500 ; 0.500        ; 1.000          ; High Pulse Width ; uart_controller:uart_ctrl_inst|baud_rate_gen:brg_inst|uart_tick ; Rise       ; uart_controller:uart_ctrl_inst|uart_tx:tx_inst|tx_reg[0]      ;
; -0.500 ; 0.500        ; 1.000          ; Low Pulse Width  ; uart_controller:uart_ctrl_inst|baud_rate_gen:brg_inst|uart_tick ; Rise       ; uart_controller:uart_ctrl_inst|uart_tx:tx_inst|tx_reg[0]      ;
; -0.500 ; 0.500        ; 1.000          ; High Pulse Width ; uart_controller:uart_ctrl_inst|baud_rate_gen:brg_inst|uart_tick ; Rise       ; uart_controller:uart_ctrl_inst|uart_tx:tx_inst|tx_reg[1]      ;
; -0.500 ; 0.500        ; 1.000          ; Low Pulse Width  ; uart_controller:uart_ctrl_inst|baud_rate_gen:brg_inst|uart_tick ; Rise       ; uart_controller:uart_ctrl_inst|uart_tx:tx_inst|tx_reg[1]      ;
; -0.500 ; 0.500        ; 1.000          ; High Pulse Width ; uart_controller:uart_ctrl_inst|baud_rate_gen:brg_inst|uart_tick ; Rise       ; uart_controller:uart_ctrl_inst|uart_tx:tx_inst|tx_reg[2]      ;
; -0.500 ; 0.500        ; 1.000          ; Low Pulse Width  ; uart_controller:uart_ctrl_inst|baud_rate_gen:brg_inst|uart_tick ; Rise       ; uart_controller:uart_ctrl_inst|uart_tx:tx_inst|tx_reg[2]      ;
; -0.500 ; 0.500        ; 1.000          ; High Pulse Width ; uart_controller:uart_ctrl_inst|baud_rate_gen:brg_inst|uart_tick ; Rise       ; uart_controller:uart_ctrl_inst|uart_tx:tx_inst|tx_reg[3]      ;
; -0.500 ; 0.500        ; 1.000          ; Low Pulse Width  ; uart_controller:uart_ctrl_inst|baud_rate_gen:brg_inst|uart_tick ; Rise       ; uart_controller:uart_ctrl_inst|uart_tx:tx_inst|tx_reg[3]      ;
; -0.500 ; 0.500        ; 1.000          ; High Pulse Width ; uart_controller:uart_ctrl_inst|baud_rate_gen:brg_inst|uart_tick ; Rise       ; uart_controller:uart_ctrl_inst|uart_tx:tx_inst|tx_reg[4]      ;
; -0.500 ; 0.500        ; 1.000          ; Low Pulse Width  ; uart_controller:uart_ctrl_inst|baud_rate_gen:brg_inst|uart_tick ; Rise       ; uart_controller:uart_ctrl_inst|uart_tx:tx_inst|tx_reg[4]      ;
; 0.500  ; 0.500        ; 0.000          ; High Pulse Width ; uart_controller:uart_ctrl_inst|baud_rate_gen:brg_inst|uart_tick ; Rise       ; uart_ctrl_inst|brg_inst|uart_tick|regout                      ;
; 0.500  ; 0.500        ; 0.000          ; Low Pulse Width  ; uart_controller:uart_ctrl_inst|baud_rate_gen:brg_inst|uart_tick ; Rise       ; uart_ctrl_inst|brg_inst|uart_tick|regout                      ;
; 0.500  ; 0.500        ; 0.000          ; High Pulse Width ; uart_controller:uart_ctrl_inst|baud_rate_gen:brg_inst|uart_tick ; Rise       ; uart_ctrl_inst|brg_inst|uart_tick~clkctrl|inclk[0]            ;
; 0.500  ; 0.500        ; 0.000          ; Low Pulse Width  ; uart_controller:uart_ctrl_inst|baud_rate_gen:brg_inst|uart_tick ; Rise       ; uart_ctrl_inst|brg_inst|uart_tick~clkctrl|inclk[0]            ;
; 0.500  ; 0.500        ; 0.000          ; High Pulse Width ; uart_controller:uart_ctrl_inst|baud_rate_gen:brg_inst|uart_tick ; Rise       ; uart_ctrl_inst|brg_inst|uart_tick~clkctrl|outclk              ;
; 0.500  ; 0.500        ; 0.000          ; Low Pulse Width  ; uart_controller:uart_ctrl_inst|baud_rate_gen:brg_inst|uart_tick ; Rise       ; uart_ctrl_inst|brg_inst|uart_tick~clkctrl|outclk              ;
; 0.500  ; 0.500        ; 0.000          ; High Pulse Width ; uart_controller:uart_ctrl_inst|baud_rate_gen:brg_inst|uart_tick ; Rise       ; uart_ctrl_inst|tx_inst|bit_cnt[0]|clk                         ;
; 0.500  ; 0.500        ; 0.000          ; Low Pulse Width  ; uart_controller:uart_ctrl_inst|baud_rate_gen:brg_inst|uart_tick ; Rise       ; uart_ctrl_inst|tx_inst|bit_cnt[0]|clk                         ;
; 0.500  ; 0.500        ; 0.000          ; High Pulse Width ; uart_controller:uart_ctrl_inst|baud_rate_gen:brg_inst|uart_tick ; Rise       ; uart_ctrl_inst|tx_inst|bit_cnt[1]|clk                         ;
; 0.500  ; 0.500        ; 0.000          ; Low Pulse Width  ; uart_controller:uart_ctrl_inst|baud_rate_gen:brg_inst|uart_tick ; Rise       ; uart_ctrl_inst|tx_inst|bit_cnt[1]|clk                         ;
; 0.500  ; 0.500        ; 0.000          ; High Pulse Width ; uart_controller:uart_ctrl_inst|baud_rate_gen:brg_inst|uart_tick ; Rise       ; uart_ctrl_inst|tx_inst|bit_cnt[2]|clk                         ;
; 0.500  ; 0.500        ; 0.000          ; Low Pulse Width  ; uart_controller:uart_ctrl_inst|baud_rate_gen:brg_inst|uart_tick ; Rise       ; uart_ctrl_inst|tx_inst|bit_cnt[2]|clk                         ;
; 0.500  ; 0.500        ; 0.000          ; High Pulse Width ; uart_controller:uart_ctrl_inst|baud_rate_gen:brg_inst|uart_tick ; Rise       ; uart_ctrl_inst|tx_inst|state.DATA|clk                         ;
; 0.500  ; 0.500        ; 0.000          ; Low Pulse Width  ; uart_controller:uart_ctrl_inst|baud_rate_gen:brg_inst|uart_tick ; Rise       ; uart_ctrl_inst|tx_inst|state.DATA|clk                         ;
; 0.500  ; 0.500        ; 0.000          ; High Pulse Width ; uart_controller:uart_ctrl_inst|baud_rate_gen:brg_inst|uart_tick ; Rise       ; uart_ctrl_inst|tx_inst|state.IDLE|clk                         ;
; 0.500  ; 0.500        ; 0.000          ; Low Pulse Width  ; uart_controller:uart_ctrl_inst|baud_rate_gen:brg_inst|uart_tick ; Rise       ; uart_ctrl_inst|tx_inst|state.IDLE|clk                         ;
; 0.500  ; 0.500        ; 0.000          ; High Pulse Width ; uart_controller:uart_ctrl_inst|baud_rate_gen:brg_inst|uart_tick ; Rise       ; uart_ctrl_inst|tx_inst|state.START|clk                        ;
; 0.500  ; 0.500        ; 0.000          ; Low Pulse Width  ; uart_controller:uart_ctrl_inst|baud_rate_gen:brg_inst|uart_tick ; Rise       ; uart_ctrl_inst|tx_inst|state.START|clk                        ;
; 0.500  ; 0.500        ; 0.000          ; High Pulse Width ; uart_controller:uart_ctrl_inst|baud_rate_gen:brg_inst|uart_tick ; Rise       ; uart_ctrl_inst|tx_inst|state.STOP|clk                         ;
; 0.500  ; 0.500        ; 0.000          ; Low Pulse Width  ; uart_controller:uart_ctrl_inst|baud_rate_gen:brg_inst|uart_tick ; Rise       ; uart_ctrl_inst|tx_inst|state.STOP|clk                         ;
; 0.500  ; 0.500        ; 0.000          ; High Pulse Width ; uart_controller:uart_ctrl_inst|baud_rate_gen:brg_inst|uart_tick ; Rise       ; uart_ctrl_inst|tx_inst|timeout_cnt[0]|clk                     ;
; 0.500  ; 0.500        ; 0.000          ; Low Pulse Width  ; uart_controller:uart_ctrl_inst|baud_rate_gen:brg_inst|uart_tick ; Rise       ; uart_ctrl_inst|tx_inst|timeout_cnt[0]|clk                     ;
; 0.500  ; 0.500        ; 0.000          ; High Pulse Width ; uart_controller:uart_ctrl_inst|baud_rate_gen:brg_inst|uart_tick ; Rise       ; uart_ctrl_inst|tx_inst|timeout_cnt[1]|clk                     ;
; 0.500  ; 0.500        ; 0.000          ; Low Pulse Width  ; uart_controller:uart_ctrl_inst|baud_rate_gen:brg_inst|uart_tick ; Rise       ; uart_ctrl_inst|tx_inst|timeout_cnt[1]|clk                     ;
; 0.500  ; 0.500        ; 0.000          ; High Pulse Width ; uart_controller:uart_ctrl_inst|baud_rate_gen:brg_inst|uart_tick ; Rise       ; uart_ctrl_inst|tx_inst|timeout_cnt[2]|clk                     ;
; 0.500  ; 0.500        ; 0.000          ; Low Pulse Width  ; uart_controller:uart_ctrl_inst|baud_rate_gen:brg_inst|uart_tick ; Rise       ; uart_ctrl_inst|tx_inst|timeout_cnt[2]|clk                     ;
; 0.500  ; 0.500        ; 0.000          ; High Pulse Width ; uart_controller:uart_ctrl_inst|baud_rate_gen:brg_inst|uart_tick ; Rise       ; uart_ctrl_inst|tx_inst|timeout_cnt[3]|clk                     ;
; 0.500  ; 0.500        ; 0.000          ; Low Pulse Width  ; uart_controller:uart_ctrl_inst|baud_rate_gen:brg_inst|uart_tick ; Rise       ; uart_ctrl_inst|tx_inst|timeout_cnt[3]|clk                     ;
; 0.500  ; 0.500        ; 0.000          ; High Pulse Width ; uart_controller:uart_ctrl_inst|baud_rate_gen:brg_inst|uart_tick ; Rise       ; uart_ctrl_inst|tx_inst|timeout_cnt[4]|clk                     ;
; 0.500  ; 0.500        ; 0.000          ; Low Pulse Width  ; uart_controller:uart_ctrl_inst|baud_rate_gen:brg_inst|uart_tick ; Rise       ; uart_ctrl_inst|tx_inst|timeout_cnt[4]|clk                     ;
; 0.500  ; 0.500        ; 0.000          ; High Pulse Width ; uart_controller:uart_ctrl_inst|baud_rate_gen:brg_inst|uart_tick ; Rise       ; uart_ctrl_inst|tx_inst|timeout_cnt[5]|clk                     ;
; 0.500  ; 0.500        ; 0.000          ; Low Pulse Width  ; uart_controller:uart_ctrl_inst|baud_rate_gen:brg_inst|uart_tick ; Rise       ; uart_ctrl_inst|tx_inst|timeout_cnt[5]|clk                     ;
; 0.500  ; 0.500        ; 0.000          ; High Pulse Width ; uart_controller:uart_ctrl_inst|baud_rate_gen:brg_inst|uart_tick ; Rise       ; uart_ctrl_inst|tx_inst|timeout_cnt[6]|clk                     ;
; 0.500  ; 0.500        ; 0.000          ; Low Pulse Width  ; uart_controller:uart_ctrl_inst|baud_rate_gen:brg_inst|uart_tick ; Rise       ; uart_ctrl_inst|tx_inst|timeout_cnt[6]|clk                     ;
; 0.500  ; 0.500        ; 0.000          ; High Pulse Width ; uart_controller:uart_ctrl_inst|baud_rate_gen:brg_inst|uart_tick ; Rise       ; uart_ctrl_inst|tx_inst|timeout_cnt[7]|clk                     ;
; 0.500  ; 0.500        ; 0.000          ; Low Pulse Width  ; uart_controller:uart_ctrl_inst|baud_rate_gen:brg_inst|uart_tick ; Rise       ; uart_ctrl_inst|tx_inst|timeout_cnt[7]|clk                     ;
; 0.500  ; 0.500        ; 0.000          ; High Pulse Width ; uart_controller:uart_ctrl_inst|baud_rate_gen:brg_inst|uart_tick ; Rise       ; uart_ctrl_inst|tx_inst|tx_reg[0]|clk                          ;
; 0.500  ; 0.500        ; 0.000          ; Low Pulse Width  ; uart_controller:uart_ctrl_inst|baud_rate_gen:brg_inst|uart_tick ; Rise       ; uart_ctrl_inst|tx_inst|tx_reg[0]|clk                          ;
; 0.500  ; 0.500        ; 0.000          ; High Pulse Width ; uart_controller:uart_ctrl_inst|baud_rate_gen:brg_inst|uart_tick ; Rise       ; uart_ctrl_inst|tx_inst|tx_reg[1]|clk                          ;
; 0.500  ; 0.500        ; 0.000          ; Low Pulse Width  ; uart_controller:uart_ctrl_inst|baud_rate_gen:brg_inst|uart_tick ; Rise       ; uart_ctrl_inst|tx_inst|tx_reg[1]|clk                          ;
; 0.500  ; 0.500        ; 0.000          ; High Pulse Width ; uart_controller:uart_ctrl_inst|baud_rate_gen:brg_inst|uart_tick ; Rise       ; uart_ctrl_inst|tx_inst|tx_reg[2]|clk                          ;
; 0.500  ; 0.500        ; 0.000          ; Low Pulse Width  ; uart_controller:uart_ctrl_inst|baud_rate_gen:brg_inst|uart_tick ; Rise       ; uart_ctrl_inst|tx_inst|tx_reg[2]|clk                          ;
; 0.500  ; 0.500        ; 0.000          ; High Pulse Width ; uart_controller:uart_ctrl_inst|baud_rate_gen:brg_inst|uart_tick ; Rise       ; uart_ctrl_inst|tx_inst|tx_reg[3]|clk                          ;
; 0.500  ; 0.500        ; 0.000          ; Low Pulse Width  ; uart_controller:uart_ctrl_inst|baud_rate_gen:brg_inst|uart_tick ; Rise       ; uart_ctrl_inst|tx_inst|tx_reg[3]|clk                          ;
; 0.500  ; 0.500        ; 0.000          ; High Pulse Width ; uart_controller:uart_ctrl_inst|baud_rate_gen:brg_inst|uart_tick ; Rise       ; uart_ctrl_inst|tx_inst|tx_reg[4]|clk                          ;
; 0.500  ; 0.500        ; 0.000          ; Low Pulse Width  ; uart_controller:uart_ctrl_inst|baud_rate_gen:brg_inst|uart_tick ; Rise       ; uart_ctrl_inst|tx_inst|tx_reg[4]|clk                          ;
; 0.500  ; 0.500        ; 0.000          ; High Pulse Width ; uart_controller:uart_ctrl_inst|baud_rate_gen:brg_inst|uart_tick ; Rise       ; uart_ctrl_inst|tx_inst|tx|clk                                 ;
; 0.500  ; 0.500        ; 0.000          ; Low Pulse Width  ; uart_controller:uart_ctrl_inst|baud_rate_gen:brg_inst|uart_tick ; Rise       ; uart_ctrl_inst|tx_inst|tx|clk                                 ;
+--------+--------------+----------------+------------------+-----------------------------------------------------------------+------------+---------------------------------------------------------------+


+----------------------------------------------------------------------------------------------------------------------------------------------------------------------------+
; Setup Times                                                                                                                                                                ;
+-----------+-----------------------------------------------------------------+-------+-------+------------+-----------------------------------------------------------------+
; Data Port ; Clock Port                                                      ; Rise  ; Fall  ; Clock Edge ; Clock Reference                                                 ;
+-----------+-----------------------------------------------------------------+-------+-------+------------+-----------------------------------------------------------------+
; UART_RXD  ; uart_controller:uart_ctrl_inst|baud_rate_gen:brg_inst|ov_tick   ; 6.431 ; 6.431 ; Rise       ; uart_controller:uart_ctrl_inst|baud_rate_gen:brg_inst|ov_tick   ;
; KEY[*]    ; uart_controller:uart_ctrl_inst|baud_rate_gen:brg_inst|uart_tick ; 5.672 ; 5.672 ; Rise       ; uart_controller:uart_ctrl_inst|baud_rate_gen:brg_inst|uart_tick ;
;  KEY[1]   ; uart_controller:uart_ctrl_inst|baud_rate_gen:brg_inst|uart_tick ; 5.672 ; 5.672 ; Rise       ; uart_controller:uart_ctrl_inst|baud_rate_gen:brg_inst|uart_tick ;
+-----------+-----------------------------------------------------------------+-------+-------+------------+-----------------------------------------------------------------+


+------------------------------------------------------------------------------------------------------------------------------------------------------------------------------+
; Hold Times                                                                                                                                                                   ;
+-----------+-----------------------------------------------------------------+--------+--------+------------+-----------------------------------------------------------------+
; Data Port ; Clock Port                                                      ; Rise   ; Fall   ; Clock Edge ; Clock Reference                                                 ;
+-----------+-----------------------------------------------------------------+--------+--------+------------+-----------------------------------------------------------------+
; UART_RXD  ; uart_controller:uart_ctrl_inst|baud_rate_gen:brg_inst|ov_tick   ; -4.985 ; -4.985 ; Rise       ; uart_controller:uart_ctrl_inst|baud_rate_gen:brg_inst|ov_tick   ;
; KEY[*]    ; uart_controller:uart_ctrl_inst|baud_rate_gen:brg_inst|uart_tick ; -5.442 ; -5.442 ; Rise       ; uart_controller:uart_ctrl_inst|baud_rate_gen:brg_inst|uart_tick ;
;  KEY[1]   ; uart_controller:uart_ctrl_inst|baud_rate_gen:brg_inst|uart_tick ; -5.442 ; -5.442 ; Rise       ; uart_controller:uart_ctrl_inst|baud_rate_gen:brg_inst|uart_tick ;
+-----------+-----------------------------------------------------------------+--------+--------+------------+-----------------------------------------------------------------+


+---------------------------------------------------------------------------------------------------------------------------------------------------------------------------------+
; Clock to Output Times                                                                                                                                                           ;
+----------------+-----------------------------------------------------------------+-------+-------+------------+-----------------------------------------------------------------+
; Data Port      ; Clock Port                                                      ; Rise  ; Fall  ; Clock Edge ; Clock Reference                                                 ;
+----------------+-----------------------------------------------------------------+-------+-------+------------+-----------------------------------------------------------------+
; HEX0[*]        ; CLOCK_50                                                        ; 9.740 ; 9.740 ; Rise       ; CLOCK_50                                                        ;
;  HEX0[0]       ; CLOCK_50                                                        ; 9.740 ; 9.740 ; Rise       ; CLOCK_50                                                        ;
;  HEX0[1]       ; CLOCK_50                                                        ; 9.709 ; 9.709 ; Rise       ; CLOCK_50                                                        ;
;  HEX0[2]       ; CLOCK_50                                                        ; 9.715 ; 9.715 ; Rise       ; CLOCK_50                                                        ;
;  HEX0[3]       ; CLOCK_50                                                        ; 9.499 ; 9.499 ; Rise       ; CLOCK_50                                                        ;
;  HEX0[4]       ; CLOCK_50                                                        ; 9.486 ; 9.486 ; Rise       ; CLOCK_50                                                        ;
;  HEX0[5]       ; CLOCK_50                                                        ; 9.469 ; 9.469 ; Rise       ; CLOCK_50                                                        ;
;  HEX0[6]       ; CLOCK_50                                                        ; 9.479 ; 9.479 ; Rise       ; CLOCK_50                                                        ;
; HEX1[*]        ; CLOCK_50                                                        ; 7.638 ; 7.638 ; Rise       ; CLOCK_50                                                        ;
;  HEX1[0]       ; CLOCK_50                                                        ; 7.638 ; 7.638 ; Rise       ; CLOCK_50                                                        ;
;  HEX1[1]       ; CLOCK_50                                                        ; 7.636 ; 7.636 ; Rise       ; CLOCK_50                                                        ;
;  HEX1[2]       ; CLOCK_50                                                        ; 7.231 ; 7.231 ; Rise       ; CLOCK_50                                                        ;
;  HEX1[3]       ; CLOCK_50                                                        ; 7.198 ; 7.198 ; Rise       ; CLOCK_50                                                        ;
;  HEX1[4]       ; CLOCK_50                                                        ; 7.263 ; 7.263 ; Rise       ; CLOCK_50                                                        ;
;  HEX1[5]       ; CLOCK_50                                                        ; 7.463 ; 7.463 ; Rise       ; CLOCK_50                                                        ;
;  HEX1[6]       ; CLOCK_50                                                        ; 7.510 ; 7.510 ; Rise       ; CLOCK_50                                                        ;
; HEX2[*]        ; CLOCK_50                                                        ; 7.865 ; 7.865 ; Rise       ; CLOCK_50                                                        ;
;  HEX2[0]       ; CLOCK_50                                                        ; 7.752 ; 7.752 ; Rise       ; CLOCK_50                                                        ;
;  HEX2[1]       ; CLOCK_50                                                        ; 7.543 ; 7.543 ; Rise       ; CLOCK_50                                                        ;
;  HEX2[2]       ; CLOCK_50                                                        ; 7.628 ; 7.628 ; Rise       ; CLOCK_50                                                        ;
;  HEX2[3]       ; CLOCK_50                                                        ; 7.590 ; 7.590 ; Rise       ; CLOCK_50                                                        ;
;  HEX2[4]       ; CLOCK_50                                                        ; 7.784 ; 7.784 ; Rise       ; CLOCK_50                                                        ;
;  HEX2[5]       ; CLOCK_50                                                        ; 7.865 ; 7.865 ; Rise       ; CLOCK_50                                                        ;
;  HEX2[6]       ; CLOCK_50                                                        ; 7.839 ; 7.839 ; Rise       ; CLOCK_50                                                        ;
; LEDR[*]        ; CLOCK_50                                                        ; 9.977 ; 9.977 ; Rise       ; CLOCK_50                                                        ;
;  LEDR[9]       ; CLOCK_50                                                        ; 8.629 ; 8.629 ; Rise       ; CLOCK_50                                                        ;
;  LEDR[10]      ; CLOCK_50                                                        ; 7.558 ; 7.558 ; Rise       ; CLOCK_50                                                        ;
;  LEDR[11]      ; CLOCK_50                                                        ; 7.557 ; 7.557 ; Rise       ; CLOCK_50                                                        ;
;  LEDR[12]      ; CLOCK_50                                                        ; 7.290 ; 7.290 ; Rise       ; CLOCK_50                                                        ;
;  LEDR[13]      ; CLOCK_50                                                        ; 9.398 ; 9.398 ; Rise       ; CLOCK_50                                                        ;
;  LEDR[15]      ; CLOCK_50                                                        ; 6.808 ; 6.808 ; Rise       ; CLOCK_50                                                        ;
;  LEDR[16]      ; CLOCK_50                                                        ; 6.663 ; 6.663 ; Rise       ; CLOCK_50                                                        ;
;  LEDR[17]      ; CLOCK_50                                                        ; 9.977 ; 9.977 ; Rise       ; CLOCK_50                                                        ;
; SRAM_ADDR[*]   ; CLOCK_50                                                        ; 7.452 ; 7.452 ; Rise       ; CLOCK_50                                                        ;
;  SRAM_ADDR[0]  ; CLOCK_50                                                        ; 7.350 ; 7.350 ; Rise       ; CLOCK_50                                                        ;
;  SRAM_ADDR[1]  ; CLOCK_50                                                        ; 7.378 ; 7.378 ; Rise       ; CLOCK_50                                                        ;
;  SRAM_ADDR[2]  ; CLOCK_50                                                        ; 7.262 ; 7.262 ; Rise       ; CLOCK_50                                                        ;
;  SRAM_ADDR[3]  ; CLOCK_50                                                        ; 7.452 ; 7.452 ; Rise       ; CLOCK_50                                                        ;
;  SRAM_ADDR[4]  ; CLOCK_50                                                        ; 7.074 ; 7.074 ; Rise       ; CLOCK_50                                                        ;
;  SRAM_ADDR[5]  ; CLOCK_50                                                        ; 7.167 ; 7.167 ; Rise       ; CLOCK_50                                                        ;
;  SRAM_ADDR[6]  ; CLOCK_50                                                        ; 7.150 ; 7.150 ; Rise       ; CLOCK_50                                                        ;
;  SRAM_ADDR[7]  ; CLOCK_50                                                        ; 7.139 ; 7.139 ; Rise       ; CLOCK_50                                                        ;
;  SRAM_ADDR[8]  ; CLOCK_50                                                        ; 6.975 ; 6.975 ; Rise       ; CLOCK_50                                                        ;
;  SRAM_ADDR[9]  ; CLOCK_50                                                        ; 6.904 ; 6.904 ; Rise       ; CLOCK_50                                                        ;
;  SRAM_ADDR[10] ; CLOCK_50                                                        ; 6.959 ; 6.959 ; Rise       ; CLOCK_50                                                        ;
;  SRAM_ADDR[11] ; CLOCK_50                                                        ; 6.902 ; 6.902 ; Rise       ; CLOCK_50                                                        ;
;  SRAM_ADDR[12] ; CLOCK_50                                                        ; 6.895 ; 6.895 ; Rise       ; CLOCK_50                                                        ;
;  SRAM_ADDR[13] ; CLOCK_50                                                        ; 6.934 ; 6.934 ; Rise       ; CLOCK_50                                                        ;
;  SRAM_ADDR[14] ; CLOCK_50                                                        ; 6.896 ; 6.896 ; Rise       ; CLOCK_50                                                        ;
;  SRAM_ADDR[15] ; CLOCK_50                                                        ; 6.869 ; 6.869 ; Rise       ; CLOCK_50                                                        ;
;  SRAM_ADDR[16] ; CLOCK_50                                                        ; 6.696 ; 6.696 ; Rise       ; CLOCK_50                                                        ;
;  SRAM_ADDR[17] ; CLOCK_50                                                        ; 6.675 ; 6.675 ; Rise       ; CLOCK_50                                                        ;
; SRAM_DQ[*]     ; CLOCK_50                                                        ; 7.374 ; 7.374 ; Rise       ; CLOCK_50                                                        ;
;  SRAM_DQ[0]    ; CLOCK_50                                                        ; 6.929 ; 6.929 ; Rise       ; CLOCK_50                                                        ;
;  SRAM_DQ[1]    ; CLOCK_50                                                        ; 6.726 ; 6.726 ; Rise       ; CLOCK_50                                                        ;
;  SRAM_DQ[2]    ; CLOCK_50                                                        ; 7.155 ; 7.155 ; Rise       ; CLOCK_50                                                        ;
;  SRAM_DQ[3]    ; CLOCK_50                                                        ; 7.114 ; 7.114 ; Rise       ; CLOCK_50                                                        ;
;  SRAM_DQ[4]    ; CLOCK_50                                                        ; 6.866 ; 6.866 ; Rise       ; CLOCK_50                                                        ;
;  SRAM_DQ[5]    ; CLOCK_50                                                        ; 6.909 ; 6.909 ; Rise       ; CLOCK_50                                                        ;
;  SRAM_DQ[6]    ; CLOCK_50                                                        ; 6.913 ; 6.913 ; Rise       ; CLOCK_50                                                        ;
;  SRAM_DQ[7]    ; CLOCK_50                                                        ; 6.864 ; 6.864 ; Rise       ; CLOCK_50                                                        ;
;  SRAM_DQ[8]    ; CLOCK_50                                                        ; 7.202 ; 7.202 ; Rise       ; CLOCK_50                                                        ;
;  SRAM_DQ[9]    ; CLOCK_50                                                        ; 7.374 ; 7.374 ; Rise       ; CLOCK_50                                                        ;
;  SRAM_DQ[10]   ; CLOCK_50                                                        ; 6.916 ; 6.916 ; Rise       ; CLOCK_50                                                        ;
;  SRAM_DQ[11]   ; CLOCK_50                                                        ; 7.137 ; 7.137 ; Rise       ; CLOCK_50                                                        ;
;  SRAM_DQ[12]   ; CLOCK_50                                                        ; 6.916 ; 6.916 ; Rise       ; CLOCK_50                                                        ;
;  SRAM_DQ[13]   ; CLOCK_50                                                        ; 6.926 ; 6.926 ; Rise       ; CLOCK_50                                                        ;
;  SRAM_DQ[14]   ; CLOCK_50                                                        ; 6.892 ; 6.892 ; Rise       ; CLOCK_50                                                        ;
;  SRAM_DQ[15]   ; CLOCK_50                                                        ; 6.951 ; 6.951 ; Rise       ; CLOCK_50                                                        ;
; SRAM_WE_N      ; CLOCK_50                                                        ; 6.436 ; 6.436 ; Rise       ; CLOCK_50                                                        ;
; LEDR[*]        ; uart_controller:uart_ctrl_inst|baud_rate_gen:brg_inst|ov_tick   ; 8.614 ; 8.614 ; Rise       ; uart_controller:uart_ctrl_inst|baud_rate_gen:brg_inst|ov_tick   ;
;  LEDR[0]       ; uart_controller:uart_ctrl_inst|baud_rate_gen:brg_inst|ov_tick   ; 7.506 ; 7.506 ; Rise       ; uart_controller:uart_ctrl_inst|baud_rate_gen:brg_inst|ov_tick   ;
;  LEDR[1]       ; uart_controller:uart_ctrl_inst|baud_rate_gen:brg_inst|ov_tick   ; 7.561 ; 7.561 ; Rise       ; uart_controller:uart_ctrl_inst|baud_rate_gen:brg_inst|ov_tick   ;
;  LEDR[2]       ; uart_controller:uart_ctrl_inst|baud_rate_gen:brg_inst|ov_tick   ; 7.467 ; 7.467 ; Rise       ; uart_controller:uart_ctrl_inst|baud_rate_gen:brg_inst|ov_tick   ;
;  LEDR[3]       ; uart_controller:uart_ctrl_inst|baud_rate_gen:brg_inst|ov_tick   ; 7.508 ; 7.508 ; Rise       ; uart_controller:uart_ctrl_inst|baud_rate_gen:brg_inst|ov_tick   ;
;  LEDR[4]       ; uart_controller:uart_ctrl_inst|baud_rate_gen:brg_inst|ov_tick   ; 7.641 ; 7.641 ; Rise       ; uart_controller:uart_ctrl_inst|baud_rate_gen:brg_inst|ov_tick   ;
;  LEDR[5]       ; uart_controller:uart_ctrl_inst|baud_rate_gen:brg_inst|ov_tick   ; 8.614 ; 8.614 ; Rise       ; uart_controller:uart_ctrl_inst|baud_rate_gen:brg_inst|ov_tick   ;
;  LEDR[6]       ; uart_controller:uart_ctrl_inst|baud_rate_gen:brg_inst|ov_tick   ; 7.539 ; 7.539 ; Rise       ; uart_controller:uart_ctrl_inst|baud_rate_gen:brg_inst|ov_tick   ;
;  LEDR[7]       ; uart_controller:uart_ctrl_inst|baud_rate_gen:brg_inst|ov_tick   ; 7.365 ; 7.365 ; Rise       ; uart_controller:uart_ctrl_inst|baud_rate_gen:brg_inst|ov_tick   ;
;  LEDR[8]       ; uart_controller:uart_ctrl_inst|baud_rate_gen:brg_inst|ov_tick   ; 6.548 ; 6.548 ; Rise       ; uart_controller:uart_ctrl_inst|baud_rate_gen:brg_inst|ov_tick   ;
; rx_valid_led   ; uart_controller:uart_ctrl_inst|baud_rate_gen:brg_inst|ov_tick   ; 6.529 ; 6.529 ; Rise       ; uart_controller:uart_ctrl_inst|baud_rate_gen:brg_inst|ov_tick   ;
; state_led[*]   ; uart_controller:uart_ctrl_inst|baud_rate_gen:brg_inst|ov_tick   ; 7.612 ; 7.612 ; Rise       ; uart_controller:uart_ctrl_inst|baud_rate_gen:brg_inst|ov_tick   ;
;  state_led[0]  ; uart_controller:uart_ctrl_inst|baud_rate_gen:brg_inst|ov_tick   ; 7.116 ; 7.116 ; Rise       ; uart_controller:uart_ctrl_inst|baud_rate_gen:brg_inst|ov_tick   ;
;  state_led[1]  ; uart_controller:uart_ctrl_inst|baud_rate_gen:brg_inst|ov_tick   ; 7.612 ; 7.612 ; Rise       ; uart_controller:uart_ctrl_inst|baud_rate_gen:brg_inst|ov_tick   ;
; LEDR[*]        ; uart_controller:uart_ctrl_inst|baud_rate_gen:brg_inst|uart_tick ; 6.359 ; 6.359 ; Rise       ; uart_controller:uart_ctrl_inst|baud_rate_gen:brg_inst|uart_tick ;
;  LEDR[14]      ; uart_controller:uart_ctrl_inst|baud_rate_gen:brg_inst|uart_tick ; 6.359 ; 6.359 ; Rise       ; uart_controller:uart_ctrl_inst|baud_rate_gen:brg_inst|uart_tick ;
; UART_TXD       ; uart_controller:uart_ctrl_inst|baud_rate_gen:brg_inst|uart_tick ; 9.184 ; 9.184 ; Rise       ; uart_controller:uart_ctrl_inst|baud_rate_gen:brg_inst|uart_tick ;
; tx_busy_led    ; uart_controller:uart_ctrl_inst|baud_rate_gen:brg_inst|uart_tick ; 6.314 ; 6.314 ; Rise       ; uart_controller:uart_ctrl_inst|baud_rate_gen:brg_inst|uart_tick ;
+----------------+-----------------------------------------------------------------+-------+-------+------------+-----------------------------------------------------------------+


+---------------------------------------------------------------------------------------------------------------------------------------------------------------------------------+
; Minimum Clock to Output Times                                                                                                                                                   ;
+----------------+-----------------------------------------------------------------+-------+-------+------------+-----------------------------------------------------------------+
; Data Port      ; Clock Port                                                      ; Rise  ; Fall  ; Clock Edge ; Clock Reference                                                 ;
+----------------+-----------------------------------------------------------------+-------+-------+------------+-----------------------------------------------------------------+
; HEX0[*]        ; CLOCK_50                                                        ; 7.635 ; 7.635 ; Rise       ; CLOCK_50                                                        ;
;  HEX0[0]       ; CLOCK_50                                                        ; 7.901 ; 7.901 ; Rise       ; CLOCK_50                                                        ;
;  HEX0[1]       ; CLOCK_50                                                        ; 7.871 ; 7.871 ; Rise       ; CLOCK_50                                                        ;
;  HEX0[2]       ; CLOCK_50                                                        ; 7.875 ; 7.875 ; Rise       ; CLOCK_50                                                        ;
;  HEX0[3]       ; CLOCK_50                                                        ; 7.655 ; 7.655 ; Rise       ; CLOCK_50                                                        ;
;  HEX0[4]       ; CLOCK_50                                                        ; 7.656 ; 7.656 ; Rise       ; CLOCK_50                                                        ;
;  HEX0[5]       ; CLOCK_50                                                        ; 7.644 ; 7.644 ; Rise       ; CLOCK_50                                                        ;
;  HEX0[6]       ; CLOCK_50                                                        ; 7.635 ; 7.635 ; Rise       ; CLOCK_50                                                        ;
; HEX1[*]        ; CLOCK_50                                                        ; 6.911 ; 6.911 ; Rise       ; CLOCK_50                                                        ;
;  HEX1[0]       ; CLOCK_50                                                        ; 7.353 ; 7.353 ; Rise       ; CLOCK_50                                                        ;
;  HEX1[1]       ; CLOCK_50                                                        ; 7.352 ; 7.352 ; Rise       ; CLOCK_50                                                        ;
;  HEX1[2]       ; CLOCK_50                                                        ; 6.950 ; 6.950 ; Rise       ; CLOCK_50                                                        ;
;  HEX1[3]       ; CLOCK_50                                                        ; 6.911 ; 6.911 ; Rise       ; CLOCK_50                                                        ;
;  HEX1[4]       ; CLOCK_50                                                        ; 6.975 ; 6.975 ; Rise       ; CLOCK_50                                                        ;
;  HEX1[5]       ; CLOCK_50                                                        ; 7.199 ; 7.199 ; Rise       ; CLOCK_50                                                        ;
;  HEX1[6]       ; CLOCK_50                                                        ; 7.222 ; 7.222 ; Rise       ; CLOCK_50                                                        ;
; HEX2[*]        ; CLOCK_50                                                        ; 7.247 ; 7.247 ; Rise       ; CLOCK_50                                                        ;
;  HEX2[0]       ; CLOCK_50                                                        ; 7.457 ; 7.457 ; Rise       ; CLOCK_50                                                        ;
;  HEX2[1]       ; CLOCK_50                                                        ; 7.247 ; 7.247 ; Rise       ; CLOCK_50                                                        ;
;  HEX2[2]       ; CLOCK_50                                                        ; 7.333 ; 7.333 ; Rise       ; CLOCK_50                                                        ;
;  HEX2[3]       ; CLOCK_50                                                        ; 7.295 ; 7.295 ; Rise       ; CLOCK_50                                                        ;
;  HEX2[4]       ; CLOCK_50                                                        ; 7.481 ; 7.481 ; Rise       ; CLOCK_50                                                        ;
;  HEX2[5]       ; CLOCK_50                                                        ; 7.596 ; 7.596 ; Rise       ; CLOCK_50                                                        ;
;  HEX2[6]       ; CLOCK_50                                                        ; 7.544 ; 7.544 ; Rise       ; CLOCK_50                                                        ;
; LEDR[*]        ; CLOCK_50                                                        ; 6.663 ; 6.663 ; Rise       ; CLOCK_50                                                        ;
;  LEDR[9]       ; CLOCK_50                                                        ; 7.401 ; 7.401 ; Rise       ; CLOCK_50                                                        ;
;  LEDR[10]      ; CLOCK_50                                                        ; 7.296 ; 7.296 ; Rise       ; CLOCK_50                                                        ;
;  LEDR[11]      ; CLOCK_50                                                        ; 7.303 ; 7.303 ; Rise       ; CLOCK_50                                                        ;
;  LEDR[12]      ; CLOCK_50                                                        ; 6.943 ; 6.943 ; Rise       ; CLOCK_50                                                        ;
;  LEDR[13]      ; CLOCK_50                                                        ; 8.002 ; 8.002 ; Rise       ; CLOCK_50                                                        ;
;  LEDR[15]      ; CLOCK_50                                                        ; 6.808 ; 6.808 ; Rise       ; CLOCK_50                                                        ;
;  LEDR[16]      ; CLOCK_50                                                        ; 6.663 ; 6.663 ; Rise       ; CLOCK_50                                                        ;
;  LEDR[17]      ; CLOCK_50                                                        ; 8.353 ; 8.353 ; Rise       ; CLOCK_50                                                        ;
; SRAM_ADDR[*]   ; CLOCK_50                                                        ; 6.675 ; 6.675 ; Rise       ; CLOCK_50                                                        ;
;  SRAM_ADDR[0]  ; CLOCK_50                                                        ; 7.350 ; 7.350 ; Rise       ; CLOCK_50                                                        ;
;  SRAM_ADDR[1]  ; CLOCK_50                                                        ; 7.378 ; 7.378 ; Rise       ; CLOCK_50                                                        ;
;  SRAM_ADDR[2]  ; CLOCK_50                                                        ; 7.262 ; 7.262 ; Rise       ; CLOCK_50                                                        ;
;  SRAM_ADDR[3]  ; CLOCK_50                                                        ; 7.452 ; 7.452 ; Rise       ; CLOCK_50                                                        ;
;  SRAM_ADDR[4]  ; CLOCK_50                                                        ; 7.074 ; 7.074 ; Rise       ; CLOCK_50                                                        ;
;  SRAM_ADDR[5]  ; CLOCK_50                                                        ; 7.167 ; 7.167 ; Rise       ; CLOCK_50                                                        ;
;  SRAM_ADDR[6]  ; CLOCK_50                                                        ; 7.150 ; 7.150 ; Rise       ; CLOCK_50                                                        ;
;  SRAM_ADDR[7]  ; CLOCK_50                                                        ; 7.139 ; 7.139 ; Rise       ; CLOCK_50                                                        ;
;  SRAM_ADDR[8]  ; CLOCK_50                                                        ; 6.975 ; 6.975 ; Rise       ; CLOCK_50                                                        ;
;  SRAM_ADDR[9]  ; CLOCK_50                                                        ; 6.904 ; 6.904 ; Rise       ; CLOCK_50                                                        ;
;  SRAM_ADDR[10] ; CLOCK_50                                                        ; 6.959 ; 6.959 ; Rise       ; CLOCK_50                                                        ;
;  SRAM_ADDR[11] ; CLOCK_50                                                        ; 6.902 ; 6.902 ; Rise       ; CLOCK_50                                                        ;
;  SRAM_ADDR[12] ; CLOCK_50                                                        ; 6.895 ; 6.895 ; Rise       ; CLOCK_50                                                        ;
;  SRAM_ADDR[13] ; CLOCK_50                                                        ; 6.934 ; 6.934 ; Rise       ; CLOCK_50                                                        ;
;  SRAM_ADDR[14] ; CLOCK_50                                                        ; 6.896 ; 6.896 ; Rise       ; CLOCK_50                                                        ;
;  SRAM_ADDR[15] ; CLOCK_50                                                        ; 6.869 ; 6.869 ; Rise       ; CLOCK_50                                                        ;
;  SRAM_ADDR[16] ; CLOCK_50                                                        ; 6.696 ; 6.696 ; Rise       ; CLOCK_50                                                        ;
;  SRAM_ADDR[17] ; CLOCK_50                                                        ; 6.675 ; 6.675 ; Rise       ; CLOCK_50                                                        ;
; SRAM_DQ[*]     ; CLOCK_50                                                        ; 6.726 ; 6.726 ; Rise       ; CLOCK_50                                                        ;
;  SRAM_DQ[0]    ; CLOCK_50                                                        ; 6.929 ; 6.929 ; Rise       ; CLOCK_50                                                        ;
;  SRAM_DQ[1]    ; CLOCK_50                                                        ; 6.726 ; 6.726 ; Rise       ; CLOCK_50                                                        ;
;  SRAM_DQ[2]    ; CLOCK_50                                                        ; 7.155 ; 7.155 ; Rise       ; CLOCK_50                                                        ;
;  SRAM_DQ[3]    ; CLOCK_50                                                        ; 7.114 ; 7.114 ; Rise       ; CLOCK_50                                                        ;
;  SRAM_DQ[4]    ; CLOCK_50                                                        ; 6.866 ; 6.866 ; Rise       ; CLOCK_50                                                        ;
;  SRAM_DQ[5]    ; CLOCK_50                                                        ; 6.909 ; 6.909 ; Rise       ; CLOCK_50                                                        ;
;  SRAM_DQ[6]    ; CLOCK_50                                                        ; 6.913 ; 6.913 ; Rise       ; CLOCK_50                                                        ;
;  SRAM_DQ[7]    ; CLOCK_50                                                        ; 6.864 ; 6.864 ; Rise       ; CLOCK_50                                                        ;
;  SRAM_DQ[8]    ; CLOCK_50                                                        ; 7.202 ; 7.202 ; Rise       ; CLOCK_50                                                        ;
;  SRAM_DQ[9]    ; CLOCK_50                                                        ; 7.374 ; 7.374 ; Rise       ; CLOCK_50                                                        ;
;  SRAM_DQ[10]   ; CLOCK_50                                                        ; 6.916 ; 6.916 ; Rise       ; CLOCK_50                                                        ;
;  SRAM_DQ[11]   ; CLOCK_50                                                        ; 7.137 ; 7.137 ; Rise       ; CLOCK_50                                                        ;
;  SRAM_DQ[12]   ; CLOCK_50                                                        ; 6.916 ; 6.916 ; Rise       ; CLOCK_50                                                        ;
;  SRAM_DQ[13]   ; CLOCK_50                                                        ; 6.926 ; 6.926 ; Rise       ; CLOCK_50                                                        ;
;  SRAM_DQ[14]   ; CLOCK_50                                                        ; 6.892 ; 6.892 ; Rise       ; CLOCK_50                                                        ;
;  SRAM_DQ[15]   ; CLOCK_50                                                        ; 6.951 ; 6.951 ; Rise       ; CLOCK_50                                                        ;
; SRAM_WE_N      ; CLOCK_50                                                        ; 6.436 ; 6.436 ; Rise       ; CLOCK_50                                                        ;
; LEDR[*]        ; uart_controller:uart_ctrl_inst|baud_rate_gen:brg_inst|ov_tick   ; 6.548 ; 6.548 ; Rise       ; uart_controller:uart_ctrl_inst|baud_rate_gen:brg_inst|ov_tick   ;
;  LEDR[0]       ; uart_controller:uart_ctrl_inst|baud_rate_gen:brg_inst|ov_tick   ; 7.506 ; 7.506 ; Rise       ; uart_controller:uart_ctrl_inst|baud_rate_gen:brg_inst|ov_tick   ;
;  LEDR[1]       ; uart_controller:uart_ctrl_inst|baud_rate_gen:brg_inst|ov_tick   ; 7.561 ; 7.561 ; Rise       ; uart_controller:uart_ctrl_inst|baud_rate_gen:brg_inst|ov_tick   ;
;  LEDR[2]       ; uart_controller:uart_ctrl_inst|baud_rate_gen:brg_inst|ov_tick   ; 7.467 ; 7.467 ; Rise       ; uart_controller:uart_ctrl_inst|baud_rate_gen:brg_inst|ov_tick   ;
;  LEDR[3]       ; uart_controller:uart_ctrl_inst|baud_rate_gen:brg_inst|ov_tick   ; 7.508 ; 7.508 ; Rise       ; uart_controller:uart_ctrl_inst|baud_rate_gen:brg_inst|ov_tick   ;
;  LEDR[4]       ; uart_controller:uart_ctrl_inst|baud_rate_gen:brg_inst|ov_tick   ; 7.641 ; 7.641 ; Rise       ; uart_controller:uart_ctrl_inst|baud_rate_gen:brg_inst|ov_tick   ;
;  LEDR[5]       ; uart_controller:uart_ctrl_inst|baud_rate_gen:brg_inst|ov_tick   ; 8.614 ; 8.614 ; Rise       ; uart_controller:uart_ctrl_inst|baud_rate_gen:brg_inst|ov_tick   ;
;  LEDR[6]       ; uart_controller:uart_ctrl_inst|baud_rate_gen:brg_inst|ov_tick   ; 7.539 ; 7.539 ; Rise       ; uart_controller:uart_ctrl_inst|baud_rate_gen:brg_inst|ov_tick   ;
;  LEDR[7]       ; uart_controller:uart_ctrl_inst|baud_rate_gen:brg_inst|ov_tick   ; 7.365 ; 7.365 ; Rise       ; uart_controller:uart_ctrl_inst|baud_rate_gen:brg_inst|ov_tick   ;
;  LEDR[8]       ; uart_controller:uart_ctrl_inst|baud_rate_gen:brg_inst|ov_tick   ; 6.548 ; 6.548 ; Rise       ; uart_controller:uart_ctrl_inst|baud_rate_gen:brg_inst|ov_tick   ;
; rx_valid_led   ; uart_controller:uart_ctrl_inst|baud_rate_gen:brg_inst|ov_tick   ; 6.529 ; 6.529 ; Rise       ; uart_controller:uart_ctrl_inst|baud_rate_gen:brg_inst|ov_tick   ;
; state_led[*]   ; uart_controller:uart_ctrl_inst|baud_rate_gen:brg_inst|ov_tick   ; 6.694 ; 6.694 ; Rise       ; uart_controller:uart_ctrl_inst|baud_rate_gen:brg_inst|ov_tick   ;
;  state_led[0]  ; uart_controller:uart_ctrl_inst|baud_rate_gen:brg_inst|ov_tick   ; 6.809 ; 6.809 ; Rise       ; uart_controller:uart_ctrl_inst|baud_rate_gen:brg_inst|ov_tick   ;
;  state_led[1]  ; uart_controller:uart_ctrl_inst|baud_rate_gen:brg_inst|ov_tick   ; 6.694 ; 6.694 ; Rise       ; uart_controller:uart_ctrl_inst|baud_rate_gen:brg_inst|ov_tick   ;
; LEDR[*]        ; uart_controller:uart_ctrl_inst|baud_rate_gen:brg_inst|uart_tick ; 6.359 ; 6.359 ; Rise       ; uart_controller:uart_ctrl_inst|baud_rate_gen:brg_inst|uart_tick ;
;  LEDR[14]      ; uart_controller:uart_ctrl_inst|baud_rate_gen:brg_inst|uart_tick ; 6.359 ; 6.359 ; Rise       ; uart_controller:uart_ctrl_inst|baud_rate_gen:brg_inst|uart_tick ;
; UART_TXD       ; uart_controller:uart_ctrl_inst|baud_rate_gen:brg_inst|uart_tick ; 9.184 ; 9.184 ; Rise       ; uart_controller:uart_ctrl_inst|baud_rate_gen:brg_inst|uart_tick ;
; tx_busy_led    ; uart_controller:uart_ctrl_inst|baud_rate_gen:brg_inst|uart_tick ; 6.314 ; 6.314 ; Rise       ; uart_controller:uart_ctrl_inst|baud_rate_gen:brg_inst|uart_tick ;
+----------------+-----------------------------------------------------------------+-------+-------+------------+-----------------------------------------------------------------+


+-------------------------------------------------------------------------+
; Output Enable Times                                                     ;
+--------------+------------+-------+------+------------+-----------------+
; Data Port    ; Clock Port ; Rise  ; Fall ; Clock Edge ; Clock Reference ;
+--------------+------------+-------+------+------------+-----------------+
; SRAM_DQ[*]   ; CLOCK_50   ; 6.669 ;      ; Rise       ; CLOCK_50        ;
;  SRAM_DQ[0]  ; CLOCK_50   ; 7.102 ;      ; Rise       ; CLOCK_50        ;
;  SRAM_DQ[1]  ; CLOCK_50   ; 7.118 ;      ; Rise       ; CLOCK_50        ;
;  SRAM_DQ[2]  ; CLOCK_50   ; 7.118 ;      ; Rise       ; CLOCK_50        ;
;  SRAM_DQ[3]  ; CLOCK_50   ; 7.098 ;      ; Rise       ; CLOCK_50        ;
;  SRAM_DQ[4]  ; CLOCK_50   ; 7.057 ;      ; Rise       ; CLOCK_50        ;
;  SRAM_DQ[5]  ; CLOCK_50   ; 7.112 ;      ; Rise       ; CLOCK_50        ;
;  SRAM_DQ[6]  ; CLOCK_50   ; 7.112 ;      ; Rise       ; CLOCK_50        ;
;  SRAM_DQ[7]  ; CLOCK_50   ; 7.102 ;      ; Rise       ; CLOCK_50        ;
;  SRAM_DQ[8]  ; CLOCK_50   ; 6.924 ;      ; Rise       ; CLOCK_50        ;
;  SRAM_DQ[9]  ; CLOCK_50   ; 6.924 ;      ; Rise       ; CLOCK_50        ;
;  SRAM_DQ[10] ; CLOCK_50   ; 6.934 ;      ; Rise       ; CLOCK_50        ;
;  SRAM_DQ[11] ; CLOCK_50   ; 6.934 ;      ; Rise       ; CLOCK_50        ;
;  SRAM_DQ[12] ; CLOCK_50   ; 6.924 ;      ; Rise       ; CLOCK_50        ;
;  SRAM_DQ[13] ; CLOCK_50   ; 6.924 ;      ; Rise       ; CLOCK_50        ;
;  SRAM_DQ[14] ; CLOCK_50   ; 6.898 ;      ; Rise       ; CLOCK_50        ;
;  SRAM_DQ[15] ; CLOCK_50   ; 6.669 ;      ; Rise       ; CLOCK_50        ;
+--------------+------------+-------+------+------------+-----------------+


+-------------------------------------------------------------------------+
; Minimum Output Enable Times                                             ;
+--------------+------------+-------+------+------------+-----------------+
; Data Port    ; Clock Port ; Rise  ; Fall ; Clock Edge ; Clock Reference ;
+--------------+------------+-------+------+------------+-----------------+
; SRAM_DQ[*]   ; CLOCK_50   ; 6.669 ;      ; Rise       ; CLOCK_50        ;
;  SRAM_DQ[0]  ; CLOCK_50   ; 7.102 ;      ; Rise       ; CLOCK_50        ;
;  SRAM_DQ[1]  ; CLOCK_50   ; 7.118 ;      ; Rise       ; CLOCK_50        ;
;  SRAM_DQ[2]  ; CLOCK_50   ; 7.118 ;      ; Rise       ; CLOCK_50        ;
;  SRAM_DQ[3]  ; CLOCK_50   ; 7.098 ;      ; Rise       ; CLOCK_50        ;
;  SRAM_DQ[4]  ; CLOCK_50   ; 7.057 ;      ; Rise       ; CLOCK_50        ;
;  SRAM_DQ[5]  ; CLOCK_50   ; 7.112 ;      ; Rise       ; CLOCK_50        ;
;  SRAM_DQ[6]  ; CLOCK_50   ; 7.112 ;      ; Rise       ; CLOCK_50        ;
;  SRAM_DQ[7]  ; CLOCK_50   ; 7.102 ;      ; Rise       ; CLOCK_50        ;
;  SRAM_DQ[8]  ; CLOCK_50   ; 6.924 ;      ; Rise       ; CLOCK_50        ;
;  SRAM_DQ[9]  ; CLOCK_50   ; 6.924 ;      ; Rise       ; CLOCK_50        ;
;  SRAM_DQ[10] ; CLOCK_50   ; 6.934 ;      ; Rise       ; CLOCK_50        ;
;  SRAM_DQ[11] ; CLOCK_50   ; 6.934 ;      ; Rise       ; CLOCK_50        ;
;  SRAM_DQ[12] ; CLOCK_50   ; 6.924 ;      ; Rise       ; CLOCK_50        ;
;  SRAM_DQ[13] ; CLOCK_50   ; 6.924 ;      ; Rise       ; CLOCK_50        ;
;  SRAM_DQ[14] ; CLOCK_50   ; 6.898 ;      ; Rise       ; CLOCK_50        ;
;  SRAM_DQ[15] ; CLOCK_50   ; 6.669 ;      ; Rise       ; CLOCK_50        ;
+--------------+------------+-------+------+------------+-----------------+


+----------------------------------------------------------------------------------+
; Output Disable Times                                                             ;
+--------------+------------+-----------+-----------+------------+-----------------+
; Data Port    ; Clock Port ; 0 to Hi-Z ; 1 to Hi-Z ; Clock Edge ; Clock Reference ;
+--------------+------------+-----------+-----------+------------+-----------------+
; SRAM_DQ[*]   ; CLOCK_50   ; 6.669     ;           ; Rise       ; CLOCK_50        ;
;  SRAM_DQ[0]  ; CLOCK_50   ; 7.102     ;           ; Rise       ; CLOCK_50        ;
;  SRAM_DQ[1]  ; CLOCK_50   ; 7.118     ;           ; Rise       ; CLOCK_50        ;
;  SRAM_DQ[2]  ; CLOCK_50   ; 7.118     ;           ; Rise       ; CLOCK_50        ;
;  SRAM_DQ[3]  ; CLOCK_50   ; 7.098     ;           ; Rise       ; CLOCK_50        ;
;  SRAM_DQ[4]  ; CLOCK_50   ; 7.057     ;           ; Rise       ; CLOCK_50        ;
;  SRAM_DQ[5]  ; CLOCK_50   ; 7.112     ;           ; Rise       ; CLOCK_50        ;
;  SRAM_DQ[6]  ; CLOCK_50   ; 7.112     ;           ; Rise       ; CLOCK_50        ;
;  SRAM_DQ[7]  ; CLOCK_50   ; 7.102     ;           ; Rise       ; CLOCK_50        ;
;  SRAM_DQ[8]  ; CLOCK_50   ; 6.924     ;           ; Rise       ; CLOCK_50        ;
;  SRAM_DQ[9]  ; CLOCK_50   ; 6.924     ;           ; Rise       ; CLOCK_50        ;
;  SRAM_DQ[10] ; CLOCK_50   ; 6.934     ;           ; Rise       ; CLOCK_50        ;
;  SRAM_DQ[11] ; CLOCK_50   ; 6.934     ;           ; Rise       ; CLOCK_50        ;
;  SRAM_DQ[12] ; CLOCK_50   ; 6.924     ;           ; Rise       ; CLOCK_50        ;
;  SRAM_DQ[13] ; CLOCK_50   ; 6.924     ;           ; Rise       ; CLOCK_50        ;
;  SRAM_DQ[14] ; CLOCK_50   ; 6.898     ;           ; Rise       ; CLOCK_50        ;
;  SRAM_DQ[15] ; CLOCK_50   ; 6.669     ;           ; Rise       ; CLOCK_50        ;
+--------------+------------+-----------+-----------+------------+-----------------+


+----------------------------------------------------------------------------------+
; Minimum Output Disable Times                                                     ;
+--------------+------------+-----------+-----------+------------+-----------------+
; Data Port    ; Clock Port ; 0 to Hi-Z ; 1 to Hi-Z ; Clock Edge ; Clock Reference ;
+--------------+------------+-----------+-----------+------------+-----------------+
; SRAM_DQ[*]   ; CLOCK_50   ; 6.669     ;           ; Rise       ; CLOCK_50        ;
;  SRAM_DQ[0]  ; CLOCK_50   ; 7.102     ;           ; Rise       ; CLOCK_50        ;
;  SRAM_DQ[1]  ; CLOCK_50   ; 7.118     ;           ; Rise       ; CLOCK_50        ;
;  SRAM_DQ[2]  ; CLOCK_50   ; 7.118     ;           ; Rise       ; CLOCK_50        ;
;  SRAM_DQ[3]  ; CLOCK_50   ; 7.098     ;           ; Rise       ; CLOCK_50        ;
;  SRAM_DQ[4]  ; CLOCK_50   ; 7.057     ;           ; Rise       ; CLOCK_50        ;
;  SRAM_DQ[5]  ; CLOCK_50   ; 7.112     ;           ; Rise       ; CLOCK_50        ;
;  SRAM_DQ[6]  ; CLOCK_50   ; 7.112     ;           ; Rise       ; CLOCK_50        ;
;  SRAM_DQ[7]  ; CLOCK_50   ; 7.102     ;           ; Rise       ; CLOCK_50        ;
;  SRAM_DQ[8]  ; CLOCK_50   ; 6.924     ;           ; Rise       ; CLOCK_50        ;
;  SRAM_DQ[9]  ; CLOCK_50   ; 6.924     ;           ; Rise       ; CLOCK_50        ;
;  SRAM_DQ[10] ; CLOCK_50   ; 6.934     ;           ; Rise       ; CLOCK_50        ;
;  SRAM_DQ[11] ; CLOCK_50   ; 6.934     ;           ; Rise       ; CLOCK_50        ;
;  SRAM_DQ[12] ; CLOCK_50   ; 6.924     ;           ; Rise       ; CLOCK_50        ;
;  SRAM_DQ[13] ; CLOCK_50   ; 6.924     ;           ; Rise       ; CLOCK_50        ;
;  SRAM_DQ[14] ; CLOCK_50   ; 6.898     ;           ; Rise       ; CLOCK_50        ;
;  SRAM_DQ[15] ; CLOCK_50   ; 6.669     ;           ; Rise       ; CLOCK_50        ;
+--------------+------------+-----------+-----------+------------+-----------------+


+------------------------------------------------------------------------------------------+
; Fast Model Setup Summary                                                                 ;
+-----------------------------------------------------------------+--------+---------------+
; Clock                                                           ; Slack  ; End Point TNS ;
+-----------------------------------------------------------------+--------+---------------+
; CLOCK_50                                                        ; -1.931 ; -114.019      ;
; uart_controller:uart_ctrl_inst|baud_rate_gen:brg_inst|ov_tick   ; -0.480 ; -10.348       ;
; uart_controller:uart_ctrl_inst|baud_rate_gen:brg_inst|uart_tick ; -0.158 ; -0.516        ;
+-----------------------------------------------------------------+--------+---------------+


+-----------------------------------------------------------------------------------------+
; Fast Model Hold Summary                                                                 ;
+-----------------------------------------------------------------+-------+---------------+
; Clock                                                           ; Slack ; End Point TNS ;
+-----------------------------------------------------------------+-------+---------------+
; CLOCK_50                                                        ; 0.089 ; 0.000         ;
; uart_controller:uart_ctrl_inst|baud_rate_gen:brg_inst|ov_tick   ; 0.215 ; 0.000         ;
; uart_controller:uart_ctrl_inst|baud_rate_gen:brg_inst|uart_tick ; 0.215 ; 0.000         ;
+-----------------------------------------------------------------+-------+---------------+


+----------------------------------------------------------------------------------------+
; Fast Model Recovery Summary                                                            ;
+---------------------------------------------------------------+--------+---------------+
; Clock                                                         ; Slack  ; End Point TNS ;
+---------------------------------------------------------------+--------+---------------+
; uart_controller:uart_ctrl_inst|baud_rate_gen:brg_inst|ov_tick ; -0.205 ; -1.845        ;
+---------------------------------------------------------------+--------+---------------+


+---------------------------------------------------------------------------------------+
; Fast Model Removal Summary                                                            ;
+---------------------------------------------------------------+-------+---------------+
; Clock                                                         ; Slack ; End Point TNS ;
+---------------------------------------------------------------+-------+---------------+
; uart_controller:uart_ctrl_inst|baud_rate_gen:brg_inst|ov_tick ; 1.085 ; 0.000         ;
+---------------------------------------------------------------+-------+---------------+


+------------------------------------------------------------------------------------------+
; Fast Model Minimum Pulse Width Summary                                                   ;
+-----------------------------------------------------------------+--------+---------------+
; Clock                                                           ; Slack  ; End Point TNS ;
+-----------------------------------------------------------------+--------+---------------+
; CLOCK_50                                                        ; -1.627 ; -304.762      ;
; uart_controller:uart_ctrl_inst|baud_rate_gen:brg_inst|ov_tick   ; -0.500 ; -38.000       ;
; uart_controller:uart_ctrl_inst|baud_rate_gen:brg_inst|uart_tick ; -0.500 ; -21.000       ;
+-----------------------------------------------------------------+--------+---------------+


+--------------------------------------------------------------------------------------------------------------------------------------------------------------------------------------------------------------------------------------------------------+
; Fast Model Setup: 'CLOCK_50'                                                                                                                                                                                                                           ;
+--------+-----------------------------------------------------------------------------------------------------------------------+-------------------------------------------------+--------------+-------------+--------------+------------+------------+
; Slack  ; From Node                                                                                                             ; To Node                                         ; Launch Clock ; Latch Clock ; Relationship ; Clock Skew ; Data Delay ;
+--------+-----------------------------------------------------------------------------------------------------------------------+-------------------------------------------------+--------------+-------------+--------------+------------+------------+
; -1.931 ; uart_rx_packet_new:packet_inst|altsyncram:buffer_rtl_0|altsyncram_09c1:auto_generated|ram_block1a0~portb_address_reg0 ; sram_packet_writer:sram_writer_inst|data_low[4] ; CLOCK_50     ; CLOCK_50    ; 1.000        ; -0.065     ; 2.898      ;
; -1.931 ; uart_rx_packet_new:packet_inst|altsyncram:buffer_rtl_0|altsyncram_09c1:auto_generated|ram_block1a0~portb_address_reg1 ; sram_packet_writer:sram_writer_inst|data_low[4] ; CLOCK_50     ; CLOCK_50    ; 1.000        ; -0.065     ; 2.898      ;
; -1.931 ; uart_rx_packet_new:packet_inst|altsyncram:buffer_rtl_0|altsyncram_09c1:auto_generated|ram_block1a0~portb_address_reg2 ; sram_packet_writer:sram_writer_inst|data_low[4] ; CLOCK_50     ; CLOCK_50    ; 1.000        ; -0.065     ; 2.898      ;
; -1.931 ; uart_rx_packet_new:packet_inst|altsyncram:buffer_rtl_0|altsyncram_09c1:auto_generated|ram_block1a0~portb_address_reg3 ; sram_packet_writer:sram_writer_inst|data_low[4] ; CLOCK_50     ; CLOCK_50    ; 1.000        ; -0.065     ; 2.898      ;
; -1.931 ; uart_rx_packet_new:packet_inst|altsyncram:buffer_rtl_0|altsyncram_09c1:auto_generated|ram_block1a0~portb_address_reg4 ; sram_packet_writer:sram_writer_inst|data_low[4] ; CLOCK_50     ; CLOCK_50    ; 1.000        ; -0.065     ; 2.898      ;
; -1.931 ; uart_rx_packet_new:packet_inst|altsyncram:buffer_rtl_0|altsyncram_09c1:auto_generated|ram_block1a0~portb_address_reg5 ; sram_packet_writer:sram_writer_inst|data_low[4] ; CLOCK_50     ; CLOCK_50    ; 1.000        ; -0.065     ; 2.898      ;
; -1.931 ; uart_rx_packet_new:packet_inst|altsyncram:buffer_rtl_0|altsyncram_09c1:auto_generated|ram_block1a0~portb_address_reg6 ; sram_packet_writer:sram_writer_inst|data_low[4] ; CLOCK_50     ; CLOCK_50    ; 1.000        ; -0.065     ; 2.898      ;
; -1.931 ; uart_rx_packet_new:packet_inst|altsyncram:buffer_rtl_0|altsyncram_09c1:auto_generated|ram_block1a0~portb_address_reg7 ; sram_packet_writer:sram_writer_inst|data_low[4] ; CLOCK_50     ; CLOCK_50    ; 1.000        ; -0.065     ; 2.898      ;
; -1.900 ; uart_rx_packet_new:packet_inst|altsyncram:buffer_rtl_0|altsyncram_09c1:auto_generated|ram_block1a0~portb_address_reg0 ; sram_packet_writer:sram_writer_inst|data_low[2] ; CLOCK_50     ; CLOCK_50    ; 1.000        ; -0.065     ; 2.867      ;
; -1.900 ; uart_rx_packet_new:packet_inst|altsyncram:buffer_rtl_0|altsyncram_09c1:auto_generated|ram_block1a0~portb_address_reg1 ; sram_packet_writer:sram_writer_inst|data_low[2] ; CLOCK_50     ; CLOCK_50    ; 1.000        ; -0.065     ; 2.867      ;
; -1.900 ; uart_rx_packet_new:packet_inst|altsyncram:buffer_rtl_0|altsyncram_09c1:auto_generated|ram_block1a0~portb_address_reg2 ; sram_packet_writer:sram_writer_inst|data_low[2] ; CLOCK_50     ; CLOCK_50    ; 1.000        ; -0.065     ; 2.867      ;
; -1.900 ; uart_rx_packet_new:packet_inst|altsyncram:buffer_rtl_0|altsyncram_09c1:auto_generated|ram_block1a0~portb_address_reg3 ; sram_packet_writer:sram_writer_inst|data_low[2] ; CLOCK_50     ; CLOCK_50    ; 1.000        ; -0.065     ; 2.867      ;
; -1.900 ; uart_rx_packet_new:packet_inst|altsyncram:buffer_rtl_0|altsyncram_09c1:auto_generated|ram_block1a0~portb_address_reg4 ; sram_packet_writer:sram_writer_inst|data_low[2] ; CLOCK_50     ; CLOCK_50    ; 1.000        ; -0.065     ; 2.867      ;
; -1.900 ; uart_rx_packet_new:packet_inst|altsyncram:buffer_rtl_0|altsyncram_09c1:auto_generated|ram_block1a0~portb_address_reg5 ; sram_packet_writer:sram_writer_inst|data_low[2] ; CLOCK_50     ; CLOCK_50    ; 1.000        ; -0.065     ; 2.867      ;
; -1.900 ; uart_rx_packet_new:packet_inst|altsyncram:buffer_rtl_0|altsyncram_09c1:auto_generated|ram_block1a0~portb_address_reg6 ; sram_packet_writer:sram_writer_inst|data_low[2] ; CLOCK_50     ; CLOCK_50    ; 1.000        ; -0.065     ; 2.867      ;
; -1.900 ; uart_rx_packet_new:packet_inst|altsyncram:buffer_rtl_0|altsyncram_09c1:auto_generated|ram_block1a0~portb_address_reg7 ; sram_packet_writer:sram_writer_inst|data_low[2] ; CLOCK_50     ; CLOCK_50    ; 1.000        ; -0.065     ; 2.867      ;
; -1.877 ; uart_rx_packet_new:packet_inst|altsyncram:buffer_rtl_0|altsyncram_09c1:auto_generated|ram_block1a0~portb_address_reg0 ; sram_packet_writer:sram_writer_inst|data_low[7] ; CLOCK_50     ; CLOCK_50    ; 1.000        ; -0.065     ; 2.844      ;
; -1.877 ; uart_rx_packet_new:packet_inst|altsyncram:buffer_rtl_0|altsyncram_09c1:auto_generated|ram_block1a0~portb_address_reg1 ; sram_packet_writer:sram_writer_inst|data_low[7] ; CLOCK_50     ; CLOCK_50    ; 1.000        ; -0.065     ; 2.844      ;
; -1.877 ; uart_rx_packet_new:packet_inst|altsyncram:buffer_rtl_0|altsyncram_09c1:auto_generated|ram_block1a0~portb_address_reg2 ; sram_packet_writer:sram_writer_inst|data_low[7] ; CLOCK_50     ; CLOCK_50    ; 1.000        ; -0.065     ; 2.844      ;
; -1.877 ; uart_rx_packet_new:packet_inst|altsyncram:buffer_rtl_0|altsyncram_09c1:auto_generated|ram_block1a0~portb_address_reg3 ; sram_packet_writer:sram_writer_inst|data_low[7] ; CLOCK_50     ; CLOCK_50    ; 1.000        ; -0.065     ; 2.844      ;
; -1.877 ; uart_rx_packet_new:packet_inst|altsyncram:buffer_rtl_0|altsyncram_09c1:auto_generated|ram_block1a0~portb_address_reg4 ; sram_packet_writer:sram_writer_inst|data_low[7] ; CLOCK_50     ; CLOCK_50    ; 1.000        ; -0.065     ; 2.844      ;
; -1.877 ; uart_rx_packet_new:packet_inst|altsyncram:buffer_rtl_0|altsyncram_09c1:auto_generated|ram_block1a0~portb_address_reg5 ; sram_packet_writer:sram_writer_inst|data_low[7] ; CLOCK_50     ; CLOCK_50    ; 1.000        ; -0.065     ; 2.844      ;
; -1.877 ; uart_rx_packet_new:packet_inst|altsyncram:buffer_rtl_0|altsyncram_09c1:auto_generated|ram_block1a0~portb_address_reg6 ; sram_packet_writer:sram_writer_inst|data_low[7] ; CLOCK_50     ; CLOCK_50    ; 1.000        ; -0.065     ; 2.844      ;
; -1.877 ; uart_rx_packet_new:packet_inst|altsyncram:buffer_rtl_0|altsyncram_09c1:auto_generated|ram_block1a0~portb_address_reg7 ; sram_packet_writer:sram_writer_inst|data_low[7] ; CLOCK_50     ; CLOCK_50    ; 1.000        ; -0.065     ; 2.844      ;
; -1.872 ; uart_rx_packet_new:packet_inst|altsyncram:buffer_rtl_0|altsyncram_09c1:auto_generated|ram_block1a0~portb_address_reg0 ; sram_packet_writer:sram_writer_inst|data_low[0] ; CLOCK_50     ; CLOCK_50    ; 1.000        ; -0.065     ; 2.839      ;
; -1.872 ; uart_rx_packet_new:packet_inst|altsyncram:buffer_rtl_0|altsyncram_09c1:auto_generated|ram_block1a0~portb_address_reg1 ; sram_packet_writer:sram_writer_inst|data_low[0] ; CLOCK_50     ; CLOCK_50    ; 1.000        ; -0.065     ; 2.839      ;
; -1.872 ; uart_rx_packet_new:packet_inst|altsyncram:buffer_rtl_0|altsyncram_09c1:auto_generated|ram_block1a0~portb_address_reg2 ; sram_packet_writer:sram_writer_inst|data_low[0] ; CLOCK_50     ; CLOCK_50    ; 1.000        ; -0.065     ; 2.839      ;
; -1.872 ; uart_rx_packet_new:packet_inst|altsyncram:buffer_rtl_0|altsyncram_09c1:auto_generated|ram_block1a0~portb_address_reg3 ; sram_packet_writer:sram_writer_inst|data_low[0] ; CLOCK_50     ; CLOCK_50    ; 1.000        ; -0.065     ; 2.839      ;
; -1.872 ; uart_rx_packet_new:packet_inst|altsyncram:buffer_rtl_0|altsyncram_09c1:auto_generated|ram_block1a0~portb_address_reg4 ; sram_packet_writer:sram_writer_inst|data_low[0] ; CLOCK_50     ; CLOCK_50    ; 1.000        ; -0.065     ; 2.839      ;
; -1.872 ; uart_rx_packet_new:packet_inst|altsyncram:buffer_rtl_0|altsyncram_09c1:auto_generated|ram_block1a0~portb_address_reg5 ; sram_packet_writer:sram_writer_inst|data_low[0] ; CLOCK_50     ; CLOCK_50    ; 1.000        ; -0.065     ; 2.839      ;
; -1.872 ; uart_rx_packet_new:packet_inst|altsyncram:buffer_rtl_0|altsyncram_09c1:auto_generated|ram_block1a0~portb_address_reg6 ; sram_packet_writer:sram_writer_inst|data_low[0] ; CLOCK_50     ; CLOCK_50    ; 1.000        ; -0.065     ; 2.839      ;
; -1.872 ; uart_rx_packet_new:packet_inst|altsyncram:buffer_rtl_0|altsyncram_09c1:auto_generated|ram_block1a0~portb_address_reg7 ; sram_packet_writer:sram_writer_inst|data_low[0] ; CLOCK_50     ; CLOCK_50    ; 1.000        ; -0.065     ; 2.839      ;
; -1.868 ; uart_rx_packet_new:packet_inst|altsyncram:buffer_rtl_0|altsyncram_09c1:auto_generated|ram_block1a0~portb_address_reg0 ; sram_packet_writer:sram_writer_inst|data_low[1] ; CLOCK_50     ; CLOCK_50    ; 1.000        ; -0.065     ; 2.835      ;
; -1.868 ; uart_rx_packet_new:packet_inst|altsyncram:buffer_rtl_0|altsyncram_09c1:auto_generated|ram_block1a0~portb_address_reg1 ; sram_packet_writer:sram_writer_inst|data_low[1] ; CLOCK_50     ; CLOCK_50    ; 1.000        ; -0.065     ; 2.835      ;
; -1.868 ; uart_rx_packet_new:packet_inst|altsyncram:buffer_rtl_0|altsyncram_09c1:auto_generated|ram_block1a0~portb_address_reg2 ; sram_packet_writer:sram_writer_inst|data_low[1] ; CLOCK_50     ; CLOCK_50    ; 1.000        ; -0.065     ; 2.835      ;
; -1.868 ; uart_rx_packet_new:packet_inst|altsyncram:buffer_rtl_0|altsyncram_09c1:auto_generated|ram_block1a0~portb_address_reg3 ; sram_packet_writer:sram_writer_inst|data_low[1] ; CLOCK_50     ; CLOCK_50    ; 1.000        ; -0.065     ; 2.835      ;
; -1.868 ; uart_rx_packet_new:packet_inst|altsyncram:buffer_rtl_0|altsyncram_09c1:auto_generated|ram_block1a0~portb_address_reg4 ; sram_packet_writer:sram_writer_inst|data_low[1] ; CLOCK_50     ; CLOCK_50    ; 1.000        ; -0.065     ; 2.835      ;
; -1.868 ; uart_rx_packet_new:packet_inst|altsyncram:buffer_rtl_0|altsyncram_09c1:auto_generated|ram_block1a0~portb_address_reg5 ; sram_packet_writer:sram_writer_inst|data_low[1] ; CLOCK_50     ; CLOCK_50    ; 1.000        ; -0.065     ; 2.835      ;
; -1.868 ; uart_rx_packet_new:packet_inst|altsyncram:buffer_rtl_0|altsyncram_09c1:auto_generated|ram_block1a0~portb_address_reg6 ; sram_packet_writer:sram_writer_inst|data_low[1] ; CLOCK_50     ; CLOCK_50    ; 1.000        ; -0.065     ; 2.835      ;
; -1.868 ; uart_rx_packet_new:packet_inst|altsyncram:buffer_rtl_0|altsyncram_09c1:auto_generated|ram_block1a0~portb_address_reg7 ; sram_packet_writer:sram_writer_inst|data_low[1] ; CLOCK_50     ; CLOCK_50    ; 1.000        ; -0.065     ; 2.835      ;
; -1.858 ; uart_rx_packet_new:packet_inst|altsyncram:buffer_rtl_0|altsyncram_09c1:auto_generated|ram_block1a0~portb_address_reg0 ; sram_packet_writer:sram_writer_inst|w_data[11]  ; CLOCK_50     ; CLOCK_50    ; 1.000        ; -0.065     ; 2.825      ;
; -1.858 ; uart_rx_packet_new:packet_inst|altsyncram:buffer_rtl_0|altsyncram_09c1:auto_generated|ram_block1a0~portb_address_reg0 ; sram_packet_writer:sram_writer_inst|w_data[13]  ; CLOCK_50     ; CLOCK_50    ; 1.000        ; -0.065     ; 2.825      ;
; -1.858 ; uart_rx_packet_new:packet_inst|altsyncram:buffer_rtl_0|altsyncram_09c1:auto_generated|ram_block1a0~portb_address_reg1 ; sram_packet_writer:sram_writer_inst|w_data[11]  ; CLOCK_50     ; CLOCK_50    ; 1.000        ; -0.065     ; 2.825      ;
; -1.858 ; uart_rx_packet_new:packet_inst|altsyncram:buffer_rtl_0|altsyncram_09c1:auto_generated|ram_block1a0~portb_address_reg2 ; sram_packet_writer:sram_writer_inst|w_data[11]  ; CLOCK_50     ; CLOCK_50    ; 1.000        ; -0.065     ; 2.825      ;
; -1.858 ; uart_rx_packet_new:packet_inst|altsyncram:buffer_rtl_0|altsyncram_09c1:auto_generated|ram_block1a0~portb_address_reg3 ; sram_packet_writer:sram_writer_inst|w_data[11]  ; CLOCK_50     ; CLOCK_50    ; 1.000        ; -0.065     ; 2.825      ;
; -1.858 ; uart_rx_packet_new:packet_inst|altsyncram:buffer_rtl_0|altsyncram_09c1:auto_generated|ram_block1a0~portb_address_reg4 ; sram_packet_writer:sram_writer_inst|w_data[11]  ; CLOCK_50     ; CLOCK_50    ; 1.000        ; -0.065     ; 2.825      ;
; -1.858 ; uart_rx_packet_new:packet_inst|altsyncram:buffer_rtl_0|altsyncram_09c1:auto_generated|ram_block1a0~portb_address_reg5 ; sram_packet_writer:sram_writer_inst|w_data[11]  ; CLOCK_50     ; CLOCK_50    ; 1.000        ; -0.065     ; 2.825      ;
; -1.858 ; uart_rx_packet_new:packet_inst|altsyncram:buffer_rtl_0|altsyncram_09c1:auto_generated|ram_block1a0~portb_address_reg6 ; sram_packet_writer:sram_writer_inst|w_data[11]  ; CLOCK_50     ; CLOCK_50    ; 1.000        ; -0.065     ; 2.825      ;
; -1.858 ; uart_rx_packet_new:packet_inst|altsyncram:buffer_rtl_0|altsyncram_09c1:auto_generated|ram_block1a0~portb_address_reg7 ; sram_packet_writer:sram_writer_inst|w_data[11]  ; CLOCK_50     ; CLOCK_50    ; 1.000        ; -0.065     ; 2.825      ;
; -1.858 ; uart_rx_packet_new:packet_inst|altsyncram:buffer_rtl_0|altsyncram_09c1:auto_generated|ram_block1a0~portb_address_reg1 ; sram_packet_writer:sram_writer_inst|w_data[13]  ; CLOCK_50     ; CLOCK_50    ; 1.000        ; -0.065     ; 2.825      ;
; -1.858 ; uart_rx_packet_new:packet_inst|altsyncram:buffer_rtl_0|altsyncram_09c1:auto_generated|ram_block1a0~portb_address_reg2 ; sram_packet_writer:sram_writer_inst|w_data[13]  ; CLOCK_50     ; CLOCK_50    ; 1.000        ; -0.065     ; 2.825      ;
; -1.858 ; uart_rx_packet_new:packet_inst|altsyncram:buffer_rtl_0|altsyncram_09c1:auto_generated|ram_block1a0~portb_address_reg3 ; sram_packet_writer:sram_writer_inst|w_data[13]  ; CLOCK_50     ; CLOCK_50    ; 1.000        ; -0.065     ; 2.825      ;
; -1.858 ; uart_rx_packet_new:packet_inst|altsyncram:buffer_rtl_0|altsyncram_09c1:auto_generated|ram_block1a0~portb_address_reg4 ; sram_packet_writer:sram_writer_inst|w_data[13]  ; CLOCK_50     ; CLOCK_50    ; 1.000        ; -0.065     ; 2.825      ;
; -1.858 ; uart_rx_packet_new:packet_inst|altsyncram:buffer_rtl_0|altsyncram_09c1:auto_generated|ram_block1a0~portb_address_reg5 ; sram_packet_writer:sram_writer_inst|w_data[13]  ; CLOCK_50     ; CLOCK_50    ; 1.000        ; -0.065     ; 2.825      ;
; -1.858 ; uart_rx_packet_new:packet_inst|altsyncram:buffer_rtl_0|altsyncram_09c1:auto_generated|ram_block1a0~portb_address_reg6 ; sram_packet_writer:sram_writer_inst|w_data[13]  ; CLOCK_50     ; CLOCK_50    ; 1.000        ; -0.065     ; 2.825      ;
; -1.858 ; uart_rx_packet_new:packet_inst|altsyncram:buffer_rtl_0|altsyncram_09c1:auto_generated|ram_block1a0~portb_address_reg7 ; sram_packet_writer:sram_writer_inst|w_data[13]  ; CLOCK_50     ; CLOCK_50    ; 1.000        ; -0.065     ; 2.825      ;
; -1.784 ; uart_rx_packet_new:packet_inst|altsyncram:buffer_rtl_0|altsyncram_09c1:auto_generated|ram_block1a0~portb_address_reg0 ; sram_packet_writer:sram_writer_inst|w_data[14]  ; CLOCK_50     ; CLOCK_50    ; 1.000        ; -0.065     ; 2.751      ;
; -1.784 ; uart_rx_packet_new:packet_inst|altsyncram:buffer_rtl_0|altsyncram_09c1:auto_generated|ram_block1a0~portb_address_reg1 ; sram_packet_writer:sram_writer_inst|w_data[14]  ; CLOCK_50     ; CLOCK_50    ; 1.000        ; -0.065     ; 2.751      ;
; -1.784 ; uart_rx_packet_new:packet_inst|altsyncram:buffer_rtl_0|altsyncram_09c1:auto_generated|ram_block1a0~portb_address_reg2 ; sram_packet_writer:sram_writer_inst|w_data[14]  ; CLOCK_50     ; CLOCK_50    ; 1.000        ; -0.065     ; 2.751      ;
; -1.784 ; uart_rx_packet_new:packet_inst|altsyncram:buffer_rtl_0|altsyncram_09c1:auto_generated|ram_block1a0~portb_address_reg3 ; sram_packet_writer:sram_writer_inst|w_data[14]  ; CLOCK_50     ; CLOCK_50    ; 1.000        ; -0.065     ; 2.751      ;
; -1.784 ; uart_rx_packet_new:packet_inst|altsyncram:buffer_rtl_0|altsyncram_09c1:auto_generated|ram_block1a0~portb_address_reg4 ; sram_packet_writer:sram_writer_inst|w_data[14]  ; CLOCK_50     ; CLOCK_50    ; 1.000        ; -0.065     ; 2.751      ;
; -1.784 ; uart_rx_packet_new:packet_inst|altsyncram:buffer_rtl_0|altsyncram_09c1:auto_generated|ram_block1a0~portb_address_reg5 ; sram_packet_writer:sram_writer_inst|w_data[14]  ; CLOCK_50     ; CLOCK_50    ; 1.000        ; -0.065     ; 2.751      ;
; -1.784 ; uart_rx_packet_new:packet_inst|altsyncram:buffer_rtl_0|altsyncram_09c1:auto_generated|ram_block1a0~portb_address_reg6 ; sram_packet_writer:sram_writer_inst|w_data[14]  ; CLOCK_50     ; CLOCK_50    ; 1.000        ; -0.065     ; 2.751      ;
; -1.784 ; uart_rx_packet_new:packet_inst|altsyncram:buffer_rtl_0|altsyncram_09c1:auto_generated|ram_block1a0~portb_address_reg7 ; sram_packet_writer:sram_writer_inst|w_data[14]  ; CLOCK_50     ; CLOCK_50    ; 1.000        ; -0.065     ; 2.751      ;
; -1.711 ; uart_rx_packet_new:packet_inst|altsyncram:buffer_rtl_0|altsyncram_09c1:auto_generated|ram_block1a0~portb_address_reg0 ; sram_packet_writer:sram_writer_inst|w_data[8]   ; CLOCK_50     ; CLOCK_50    ; 1.000        ; -0.065     ; 2.678      ;
; -1.711 ; uart_rx_packet_new:packet_inst|altsyncram:buffer_rtl_0|altsyncram_09c1:auto_generated|ram_block1a0~portb_address_reg1 ; sram_packet_writer:sram_writer_inst|w_data[8]   ; CLOCK_50     ; CLOCK_50    ; 1.000        ; -0.065     ; 2.678      ;
; -1.711 ; uart_rx_packet_new:packet_inst|altsyncram:buffer_rtl_0|altsyncram_09c1:auto_generated|ram_block1a0~portb_address_reg2 ; sram_packet_writer:sram_writer_inst|w_data[8]   ; CLOCK_50     ; CLOCK_50    ; 1.000        ; -0.065     ; 2.678      ;
; -1.711 ; uart_rx_packet_new:packet_inst|altsyncram:buffer_rtl_0|altsyncram_09c1:auto_generated|ram_block1a0~portb_address_reg3 ; sram_packet_writer:sram_writer_inst|w_data[8]   ; CLOCK_50     ; CLOCK_50    ; 1.000        ; -0.065     ; 2.678      ;
; -1.711 ; uart_rx_packet_new:packet_inst|altsyncram:buffer_rtl_0|altsyncram_09c1:auto_generated|ram_block1a0~portb_address_reg4 ; sram_packet_writer:sram_writer_inst|w_data[8]   ; CLOCK_50     ; CLOCK_50    ; 1.000        ; -0.065     ; 2.678      ;
; -1.711 ; uart_rx_packet_new:packet_inst|altsyncram:buffer_rtl_0|altsyncram_09c1:auto_generated|ram_block1a0~portb_address_reg5 ; sram_packet_writer:sram_writer_inst|w_data[8]   ; CLOCK_50     ; CLOCK_50    ; 1.000        ; -0.065     ; 2.678      ;
; -1.711 ; uart_rx_packet_new:packet_inst|altsyncram:buffer_rtl_0|altsyncram_09c1:auto_generated|ram_block1a0~portb_address_reg6 ; sram_packet_writer:sram_writer_inst|w_data[8]   ; CLOCK_50     ; CLOCK_50    ; 1.000        ; -0.065     ; 2.678      ;
; -1.711 ; uart_rx_packet_new:packet_inst|altsyncram:buffer_rtl_0|altsyncram_09c1:auto_generated|ram_block1a0~portb_address_reg7 ; sram_packet_writer:sram_writer_inst|w_data[8]   ; CLOCK_50     ; CLOCK_50    ; 1.000        ; -0.065     ; 2.678      ;
; -1.680 ; uart_rx_packet_new:packet_inst|altsyncram:buffer_rtl_0|altsyncram_09c1:auto_generated|ram_block1a0~portb_address_reg0 ; sram_packet_writer:sram_writer_inst|w_data[12]  ; CLOCK_50     ; CLOCK_50    ; 1.000        ; -0.065     ; 2.647      ;
; -1.680 ; uart_rx_packet_new:packet_inst|altsyncram:buffer_rtl_0|altsyncram_09c1:auto_generated|ram_block1a0~portb_address_reg1 ; sram_packet_writer:sram_writer_inst|w_data[12]  ; CLOCK_50     ; CLOCK_50    ; 1.000        ; -0.065     ; 2.647      ;
; -1.680 ; uart_rx_packet_new:packet_inst|altsyncram:buffer_rtl_0|altsyncram_09c1:auto_generated|ram_block1a0~portb_address_reg2 ; sram_packet_writer:sram_writer_inst|w_data[12]  ; CLOCK_50     ; CLOCK_50    ; 1.000        ; -0.065     ; 2.647      ;
; -1.680 ; uart_rx_packet_new:packet_inst|altsyncram:buffer_rtl_0|altsyncram_09c1:auto_generated|ram_block1a0~portb_address_reg3 ; sram_packet_writer:sram_writer_inst|w_data[12]  ; CLOCK_50     ; CLOCK_50    ; 1.000        ; -0.065     ; 2.647      ;
; -1.680 ; uart_rx_packet_new:packet_inst|altsyncram:buffer_rtl_0|altsyncram_09c1:auto_generated|ram_block1a0~portb_address_reg4 ; sram_packet_writer:sram_writer_inst|w_data[12]  ; CLOCK_50     ; CLOCK_50    ; 1.000        ; -0.065     ; 2.647      ;
; -1.680 ; uart_rx_packet_new:packet_inst|altsyncram:buffer_rtl_0|altsyncram_09c1:auto_generated|ram_block1a0~portb_address_reg5 ; sram_packet_writer:sram_writer_inst|w_data[12]  ; CLOCK_50     ; CLOCK_50    ; 1.000        ; -0.065     ; 2.647      ;
; -1.680 ; uart_rx_packet_new:packet_inst|altsyncram:buffer_rtl_0|altsyncram_09c1:auto_generated|ram_block1a0~portb_address_reg6 ; sram_packet_writer:sram_writer_inst|w_data[12]  ; CLOCK_50     ; CLOCK_50    ; 1.000        ; -0.065     ; 2.647      ;
; -1.680 ; uart_rx_packet_new:packet_inst|altsyncram:buffer_rtl_0|altsyncram_09c1:auto_generated|ram_block1a0~portb_address_reg7 ; sram_packet_writer:sram_writer_inst|w_data[12]  ; CLOCK_50     ; CLOCK_50    ; 1.000        ; -0.065     ; 2.647      ;
; -1.649 ; uart_rx_packet_new:packet_inst|altsyncram:buffer_rtl_0|altsyncram_09c1:auto_generated|ram_block1a0~portb_address_reg0 ; sram_packet_writer:sram_writer_inst|w_data[10]  ; CLOCK_50     ; CLOCK_50    ; 1.000        ; -0.065     ; 2.616      ;
; -1.649 ; uart_rx_packet_new:packet_inst|altsyncram:buffer_rtl_0|altsyncram_09c1:auto_generated|ram_block1a0~portb_address_reg1 ; sram_packet_writer:sram_writer_inst|w_data[10]  ; CLOCK_50     ; CLOCK_50    ; 1.000        ; -0.065     ; 2.616      ;
; -1.649 ; uart_rx_packet_new:packet_inst|altsyncram:buffer_rtl_0|altsyncram_09c1:auto_generated|ram_block1a0~portb_address_reg2 ; sram_packet_writer:sram_writer_inst|w_data[10]  ; CLOCK_50     ; CLOCK_50    ; 1.000        ; -0.065     ; 2.616      ;
; -1.649 ; uart_rx_packet_new:packet_inst|altsyncram:buffer_rtl_0|altsyncram_09c1:auto_generated|ram_block1a0~portb_address_reg3 ; sram_packet_writer:sram_writer_inst|w_data[10]  ; CLOCK_50     ; CLOCK_50    ; 1.000        ; -0.065     ; 2.616      ;
; -1.649 ; uart_rx_packet_new:packet_inst|altsyncram:buffer_rtl_0|altsyncram_09c1:auto_generated|ram_block1a0~portb_address_reg4 ; sram_packet_writer:sram_writer_inst|w_data[10]  ; CLOCK_50     ; CLOCK_50    ; 1.000        ; -0.065     ; 2.616      ;
; -1.649 ; uart_rx_packet_new:packet_inst|altsyncram:buffer_rtl_0|altsyncram_09c1:auto_generated|ram_block1a0~portb_address_reg5 ; sram_packet_writer:sram_writer_inst|w_data[10]  ; CLOCK_50     ; CLOCK_50    ; 1.000        ; -0.065     ; 2.616      ;
; -1.649 ; uart_rx_packet_new:packet_inst|altsyncram:buffer_rtl_0|altsyncram_09c1:auto_generated|ram_block1a0~portb_address_reg6 ; sram_packet_writer:sram_writer_inst|w_data[10]  ; CLOCK_50     ; CLOCK_50    ; 1.000        ; -0.065     ; 2.616      ;
; -1.649 ; uart_rx_packet_new:packet_inst|altsyncram:buffer_rtl_0|altsyncram_09c1:auto_generated|ram_block1a0~portb_address_reg7 ; sram_packet_writer:sram_writer_inst|w_data[10]  ; CLOCK_50     ; CLOCK_50    ; 1.000        ; -0.065     ; 2.616      ;
; -1.625 ; uart_rx_packet_new:packet_inst|altsyncram:buffer_rtl_0|altsyncram_09c1:auto_generated|ram_block1a0~portb_address_reg0 ; sram_packet_writer:sram_writer_inst|w_data[15]  ; CLOCK_50     ; CLOCK_50    ; 1.000        ; -0.065     ; 2.592      ;
; -1.625 ; uart_rx_packet_new:packet_inst|altsyncram:buffer_rtl_0|altsyncram_09c1:auto_generated|ram_block1a0~portb_address_reg1 ; sram_packet_writer:sram_writer_inst|w_data[15]  ; CLOCK_50     ; CLOCK_50    ; 1.000        ; -0.065     ; 2.592      ;
; -1.625 ; uart_rx_packet_new:packet_inst|altsyncram:buffer_rtl_0|altsyncram_09c1:auto_generated|ram_block1a0~portb_address_reg2 ; sram_packet_writer:sram_writer_inst|w_data[15]  ; CLOCK_50     ; CLOCK_50    ; 1.000        ; -0.065     ; 2.592      ;
; -1.625 ; uart_rx_packet_new:packet_inst|altsyncram:buffer_rtl_0|altsyncram_09c1:auto_generated|ram_block1a0~portb_address_reg3 ; sram_packet_writer:sram_writer_inst|w_data[15]  ; CLOCK_50     ; CLOCK_50    ; 1.000        ; -0.065     ; 2.592      ;
; -1.625 ; uart_rx_packet_new:packet_inst|altsyncram:buffer_rtl_0|altsyncram_09c1:auto_generated|ram_block1a0~portb_address_reg4 ; sram_packet_writer:sram_writer_inst|w_data[15]  ; CLOCK_50     ; CLOCK_50    ; 1.000        ; -0.065     ; 2.592      ;
; -1.625 ; uart_rx_packet_new:packet_inst|altsyncram:buffer_rtl_0|altsyncram_09c1:auto_generated|ram_block1a0~portb_address_reg5 ; sram_packet_writer:sram_writer_inst|w_data[15]  ; CLOCK_50     ; CLOCK_50    ; 1.000        ; -0.065     ; 2.592      ;
; -1.625 ; uart_rx_packet_new:packet_inst|altsyncram:buffer_rtl_0|altsyncram_09c1:auto_generated|ram_block1a0~portb_address_reg6 ; sram_packet_writer:sram_writer_inst|w_data[15]  ; CLOCK_50     ; CLOCK_50    ; 1.000        ; -0.065     ; 2.592      ;
; -1.625 ; uart_rx_packet_new:packet_inst|altsyncram:buffer_rtl_0|altsyncram_09c1:auto_generated|ram_block1a0~portb_address_reg7 ; sram_packet_writer:sram_writer_inst|w_data[15]  ; CLOCK_50     ; CLOCK_50    ; 1.000        ; -0.065     ; 2.592      ;
; -1.533 ; uart_rx_packet_new:packet_inst|altsyncram:buffer_rtl_0|altsyncram_09c1:auto_generated|ram_block1a0~portb_address_reg0 ; sram_packet_writer:sram_writer_inst|data_low[3] ; CLOCK_50     ; CLOCK_50    ; 1.000        ; -0.065     ; 2.500      ;
; -1.533 ; uart_rx_packet_new:packet_inst|altsyncram:buffer_rtl_0|altsyncram_09c1:auto_generated|ram_block1a0~portb_address_reg0 ; sram_packet_writer:sram_writer_inst|data_low[6] ; CLOCK_50     ; CLOCK_50    ; 1.000        ; -0.065     ; 2.500      ;
; -1.533 ; uart_rx_packet_new:packet_inst|altsyncram:buffer_rtl_0|altsyncram_09c1:auto_generated|ram_block1a0~portb_address_reg1 ; sram_packet_writer:sram_writer_inst|data_low[3] ; CLOCK_50     ; CLOCK_50    ; 1.000        ; -0.065     ; 2.500      ;
; -1.533 ; uart_rx_packet_new:packet_inst|altsyncram:buffer_rtl_0|altsyncram_09c1:auto_generated|ram_block1a0~portb_address_reg2 ; sram_packet_writer:sram_writer_inst|data_low[3] ; CLOCK_50     ; CLOCK_50    ; 1.000        ; -0.065     ; 2.500      ;
+--------+-----------------------------------------------------------------------------------------------------------------------+-------------------------------------------------+--------------+-------------+--------------+------------+------------+


+-----------------------------------------------------------------------------------------------------------------------------------------------------------------------------------------------------------------------------------------------------------------------------------------------------------+
; Fast Model Setup: 'uart_controller:uart_ctrl_inst|baud_rate_gen:brg_inst|ov_tick'                                                                                                                                                                                                                         ;
+--------+------------------------------------------------------------+------------------------------------------------------------+---------------------------------------------------------------+---------------------------------------------------------------+--------------+------------+------------+
; Slack  ; From Node                                                  ; To Node                                                    ; Launch Clock                                                  ; Latch Clock                                                   ; Relationship ; Clock Skew ; Data Delay ;
+--------+------------------------------------------------------------+------------------------------------------------------------+---------------------------------------------------------------+---------------------------------------------------------------+--------------+------------+------------+
; -0.480 ; uart_controller:uart_ctrl_inst|uart_rx:rx_inst|tick_cnt[2] ; uart_controller:uart_ctrl_inst|uart_rx:rx_inst|state.STOP  ; uart_controller:uart_ctrl_inst|baud_rate_gen:brg_inst|ov_tick ; uart_controller:uart_ctrl_inst|baud_rate_gen:brg_inst|ov_tick ; 1.000        ; 0.000      ; 1.512      ;
; -0.480 ; uart_controller:uart_ctrl_inst|uart_rx:rx_inst|tick_cnt[2] ; uart_controller:uart_ctrl_inst|uart_rx:rx_inst|state.START ; uart_controller:uart_ctrl_inst|baud_rate_gen:brg_inst|ov_tick ; uart_controller:uart_ctrl_inst|baud_rate_gen:brg_inst|ov_tick ; 1.000        ; 0.000      ; 1.512      ;
; -0.477 ; uart_controller:uart_ctrl_inst|uart_rx:rx_inst|tick_cnt[1] ; uart_controller:uart_ctrl_inst|uart_rx:rx_inst|data_out[7] ; uart_controller:uart_ctrl_inst|baud_rate_gen:brg_inst|ov_tick ; uart_controller:uart_ctrl_inst|baud_rate_gen:brg_inst|ov_tick ; 1.000        ; 0.002      ; 1.511      ;
; -0.477 ; uart_controller:uart_ctrl_inst|uart_rx:rx_inst|tick_cnt[1] ; uart_controller:uart_ctrl_inst|uart_rx:rx_inst|data_out[5] ; uart_controller:uart_ctrl_inst|baud_rate_gen:brg_inst|ov_tick ; uart_controller:uart_ctrl_inst|baud_rate_gen:brg_inst|ov_tick ; 1.000        ; 0.002      ; 1.511      ;
; -0.477 ; uart_controller:uart_ctrl_inst|uart_rx:rx_inst|tick_cnt[1] ; uart_controller:uart_ctrl_inst|uart_rx:rx_inst|data_out[1] ; uart_controller:uart_ctrl_inst|baud_rate_gen:brg_inst|ov_tick ; uart_controller:uart_ctrl_inst|baud_rate_gen:brg_inst|ov_tick ; 1.000        ; 0.002      ; 1.511      ;
; -0.477 ; uart_controller:uart_ctrl_inst|uart_rx:rx_inst|tick_cnt[1] ; uart_controller:uart_ctrl_inst|uart_rx:rx_inst|data_out[3] ; uart_controller:uart_ctrl_inst|baud_rate_gen:brg_inst|ov_tick ; uart_controller:uart_ctrl_inst|baud_rate_gen:brg_inst|ov_tick ; 1.000        ; 0.002      ; 1.511      ;
; -0.477 ; uart_controller:uart_ctrl_inst|uart_rx:rx_inst|tick_cnt[1] ; uart_controller:uart_ctrl_inst|uart_rx:rx_inst|data_out[4] ; uart_controller:uart_ctrl_inst|baud_rate_gen:brg_inst|ov_tick ; uart_controller:uart_ctrl_inst|baud_rate_gen:brg_inst|ov_tick ; 1.000        ; 0.002      ; 1.511      ;
; -0.477 ; uart_controller:uart_ctrl_inst|uart_rx:rx_inst|tick_cnt[1] ; uart_controller:uart_ctrl_inst|uart_rx:rx_inst|data_out[2] ; uart_controller:uart_ctrl_inst|baud_rate_gen:brg_inst|ov_tick ; uart_controller:uart_ctrl_inst|baud_rate_gen:brg_inst|ov_tick ; 1.000        ; 0.002      ; 1.511      ;
; -0.477 ; uart_controller:uart_ctrl_inst|uart_rx:rx_inst|tick_cnt[1] ; uart_controller:uart_ctrl_inst|uart_rx:rx_inst|data_out[0] ; uart_controller:uart_ctrl_inst|baud_rate_gen:brg_inst|ov_tick ; uart_controller:uart_ctrl_inst|baud_rate_gen:brg_inst|ov_tick ; 1.000        ; 0.002      ; 1.511      ;
; -0.477 ; uart_controller:uart_ctrl_inst|uart_rx:rx_inst|tick_cnt[1] ; uart_controller:uart_ctrl_inst|uart_rx:rx_inst|data_out[6] ; uart_controller:uart_ctrl_inst|baud_rate_gen:brg_inst|ov_tick ; uart_controller:uart_ctrl_inst|baud_rate_gen:brg_inst|ov_tick ; 1.000        ; 0.002      ; 1.511      ;
; -0.472 ; uart_controller:uart_ctrl_inst|uart_rx:rx_inst|tick_cnt[2] ; uart_controller:uart_ctrl_inst|uart_rx:rx_inst|data_out[7] ; uart_controller:uart_ctrl_inst|baud_rate_gen:brg_inst|ov_tick ; uart_controller:uart_ctrl_inst|baud_rate_gen:brg_inst|ov_tick ; 1.000        ; 0.002      ; 1.506      ;
; -0.472 ; uart_controller:uart_ctrl_inst|uart_rx:rx_inst|tick_cnt[2] ; uart_controller:uart_ctrl_inst|uart_rx:rx_inst|data_out[5] ; uart_controller:uart_ctrl_inst|baud_rate_gen:brg_inst|ov_tick ; uart_controller:uart_ctrl_inst|baud_rate_gen:brg_inst|ov_tick ; 1.000        ; 0.002      ; 1.506      ;
; -0.472 ; uart_controller:uart_ctrl_inst|uart_rx:rx_inst|tick_cnt[2] ; uart_controller:uart_ctrl_inst|uart_rx:rx_inst|data_out[1] ; uart_controller:uart_ctrl_inst|baud_rate_gen:brg_inst|ov_tick ; uart_controller:uart_ctrl_inst|baud_rate_gen:brg_inst|ov_tick ; 1.000        ; 0.002      ; 1.506      ;
; -0.472 ; uart_controller:uart_ctrl_inst|uart_rx:rx_inst|tick_cnt[2] ; uart_controller:uart_ctrl_inst|uart_rx:rx_inst|data_out[3] ; uart_controller:uart_ctrl_inst|baud_rate_gen:brg_inst|ov_tick ; uart_controller:uart_ctrl_inst|baud_rate_gen:brg_inst|ov_tick ; 1.000        ; 0.002      ; 1.506      ;
; -0.472 ; uart_controller:uart_ctrl_inst|uart_rx:rx_inst|tick_cnt[2] ; uart_controller:uart_ctrl_inst|uart_rx:rx_inst|data_out[4] ; uart_controller:uart_ctrl_inst|baud_rate_gen:brg_inst|ov_tick ; uart_controller:uart_ctrl_inst|baud_rate_gen:brg_inst|ov_tick ; 1.000        ; 0.002      ; 1.506      ;
; -0.472 ; uart_controller:uart_ctrl_inst|uart_rx:rx_inst|tick_cnt[2] ; uart_controller:uart_ctrl_inst|uart_rx:rx_inst|data_out[2] ; uart_controller:uart_ctrl_inst|baud_rate_gen:brg_inst|ov_tick ; uart_controller:uart_ctrl_inst|baud_rate_gen:brg_inst|ov_tick ; 1.000        ; 0.002      ; 1.506      ;
; -0.472 ; uart_controller:uart_ctrl_inst|uart_rx:rx_inst|tick_cnt[2] ; uart_controller:uart_ctrl_inst|uart_rx:rx_inst|data_out[0] ; uart_controller:uart_ctrl_inst|baud_rate_gen:brg_inst|ov_tick ; uart_controller:uart_ctrl_inst|baud_rate_gen:brg_inst|ov_tick ; 1.000        ; 0.002      ; 1.506      ;
; -0.472 ; uart_controller:uart_ctrl_inst|uart_rx:rx_inst|tick_cnt[2] ; uart_controller:uart_ctrl_inst|uart_rx:rx_inst|data_out[6] ; uart_controller:uart_ctrl_inst|baud_rate_gen:brg_inst|ov_tick ; uart_controller:uart_ctrl_inst|baud_rate_gen:brg_inst|ov_tick ; 1.000        ; 0.002      ; 1.506      ;
; -0.427 ; uart_controller:uart_ctrl_inst|uart_rx:rx_inst|bit_cnt[0]  ; uart_controller:uart_ctrl_inst|uart_rx:rx_inst|state.STOP  ; uart_controller:uart_ctrl_inst|baud_rate_gen:brg_inst|ov_tick ; uart_controller:uart_ctrl_inst|baud_rate_gen:brg_inst|ov_tick ; 1.000        ; 0.000      ; 1.459      ;
; -0.427 ; uart_controller:uart_ctrl_inst|uart_rx:rx_inst|bit_cnt[0]  ; uart_controller:uart_ctrl_inst|uart_rx:rx_inst|state.START ; uart_controller:uart_ctrl_inst|baud_rate_gen:brg_inst|ov_tick ; uart_controller:uart_ctrl_inst|baud_rate_gen:brg_inst|ov_tick ; 1.000        ; 0.000      ; 1.459      ;
; -0.423 ; uart_controller:uart_ctrl_inst|uart_rx:rx_inst|tick_cnt[0] ; uart_controller:uart_ctrl_inst|uart_rx:rx_inst|state.DATA  ; uart_controller:uart_ctrl_inst|baud_rate_gen:brg_inst|ov_tick ; uart_controller:uart_ctrl_inst|baud_rate_gen:brg_inst|ov_tick ; 1.000        ; 0.000      ; 1.455      ;
; -0.423 ; uart_controller:uart_ctrl_inst|uart_rx:rx_inst|tick_cnt[0] ; uart_controller:uart_ctrl_inst|uart_rx:rx_inst|state.IDLE  ; uart_controller:uart_ctrl_inst|baud_rate_gen:brg_inst|ov_tick ; uart_controller:uart_ctrl_inst|baud_rate_gen:brg_inst|ov_tick ; 1.000        ; 0.000      ; 1.455      ;
; -0.400 ; uart_controller:uart_ctrl_inst|uart_rx:rx_inst|state.STOP  ; uart_controller:uart_ctrl_inst|uart_rx:rx_inst|data_out[7] ; uart_controller:uart_ctrl_inst|baud_rate_gen:brg_inst|ov_tick ; uart_controller:uart_ctrl_inst|baud_rate_gen:brg_inst|ov_tick ; 1.000        ; 0.002      ; 1.434      ;
; -0.400 ; uart_controller:uart_ctrl_inst|uart_rx:rx_inst|state.STOP  ; uart_controller:uart_ctrl_inst|uart_rx:rx_inst|data_out[5] ; uart_controller:uart_ctrl_inst|baud_rate_gen:brg_inst|ov_tick ; uart_controller:uart_ctrl_inst|baud_rate_gen:brg_inst|ov_tick ; 1.000        ; 0.002      ; 1.434      ;
; -0.400 ; uart_controller:uart_ctrl_inst|uart_rx:rx_inst|state.STOP  ; uart_controller:uart_ctrl_inst|uart_rx:rx_inst|data_out[1] ; uart_controller:uart_ctrl_inst|baud_rate_gen:brg_inst|ov_tick ; uart_controller:uart_ctrl_inst|baud_rate_gen:brg_inst|ov_tick ; 1.000        ; 0.002      ; 1.434      ;
; -0.400 ; uart_controller:uart_ctrl_inst|uart_rx:rx_inst|state.STOP  ; uart_controller:uart_ctrl_inst|uart_rx:rx_inst|data_out[3] ; uart_controller:uart_ctrl_inst|baud_rate_gen:brg_inst|ov_tick ; uart_controller:uart_ctrl_inst|baud_rate_gen:brg_inst|ov_tick ; 1.000        ; 0.002      ; 1.434      ;
; -0.400 ; uart_controller:uart_ctrl_inst|uart_rx:rx_inst|state.STOP  ; uart_controller:uart_ctrl_inst|uart_rx:rx_inst|data_out[4] ; uart_controller:uart_ctrl_inst|baud_rate_gen:brg_inst|ov_tick ; uart_controller:uart_ctrl_inst|baud_rate_gen:brg_inst|ov_tick ; 1.000        ; 0.002      ; 1.434      ;
; -0.400 ; uart_controller:uart_ctrl_inst|uart_rx:rx_inst|state.STOP  ; uart_controller:uart_ctrl_inst|uart_rx:rx_inst|data_out[2] ; uart_controller:uart_ctrl_inst|baud_rate_gen:brg_inst|ov_tick ; uart_controller:uart_ctrl_inst|baud_rate_gen:brg_inst|ov_tick ; 1.000        ; 0.002      ; 1.434      ;
; -0.400 ; uart_controller:uart_ctrl_inst|uart_rx:rx_inst|state.STOP  ; uart_controller:uart_ctrl_inst|uart_rx:rx_inst|data_out[0] ; uart_controller:uart_ctrl_inst|baud_rate_gen:brg_inst|ov_tick ; uart_controller:uart_ctrl_inst|baud_rate_gen:brg_inst|ov_tick ; 1.000        ; 0.002      ; 1.434      ;
; -0.400 ; uart_controller:uart_ctrl_inst|uart_rx:rx_inst|state.STOP  ; uart_controller:uart_ctrl_inst|uart_rx:rx_inst|data_out[6] ; uart_controller:uart_ctrl_inst|baud_rate_gen:brg_inst|ov_tick ; uart_controller:uart_ctrl_inst|baud_rate_gen:brg_inst|ov_tick ; 1.000        ; 0.002      ; 1.434      ;
; -0.392 ; uart_rx_packet_new:packet_inst|rx_clear                    ; uart_controller:uart_ctrl_inst|uart_rx:rx_inst|rx_reg[7]   ; CLOCK_50                                                      ; uart_controller:uart_ctrl_inst|baud_rate_gen:brg_inst|ov_tick ; 1.000        ; -0.246     ; 1.178      ;
; -0.392 ; uart_rx_packet_new:packet_inst|rx_clear                    ; uart_controller:uart_ctrl_inst|uart_rx:rx_inst|rx_reg[6]   ; CLOCK_50                                                      ; uart_controller:uart_ctrl_inst|baud_rate_gen:brg_inst|ov_tick ; 1.000        ; -0.246     ; 1.178      ;
; -0.392 ; uart_rx_packet_new:packet_inst|rx_clear                    ; uart_controller:uart_ctrl_inst|uart_rx:rx_inst|rx_reg[5]   ; CLOCK_50                                                      ; uart_controller:uart_ctrl_inst|baud_rate_gen:brg_inst|ov_tick ; 1.000        ; -0.246     ; 1.178      ;
; -0.392 ; uart_rx_packet_new:packet_inst|rx_clear                    ; uart_controller:uart_ctrl_inst|uart_rx:rx_inst|rx_reg[4]   ; CLOCK_50                                                      ; uart_controller:uart_ctrl_inst|baud_rate_gen:brg_inst|ov_tick ; 1.000        ; -0.246     ; 1.178      ;
; -0.392 ; uart_rx_packet_new:packet_inst|rx_clear                    ; uart_controller:uart_ctrl_inst|uart_rx:rx_inst|rx_reg[3]   ; CLOCK_50                                                      ; uart_controller:uart_ctrl_inst|baud_rate_gen:brg_inst|ov_tick ; 1.000        ; -0.246     ; 1.178      ;
; -0.392 ; uart_rx_packet_new:packet_inst|rx_clear                    ; uart_controller:uart_ctrl_inst|uart_rx:rx_inst|rx_reg[2]   ; CLOCK_50                                                      ; uart_controller:uart_ctrl_inst|baud_rate_gen:brg_inst|ov_tick ; 1.000        ; -0.246     ; 1.178      ;
; -0.392 ; uart_rx_packet_new:packet_inst|rx_clear                    ; uart_controller:uart_ctrl_inst|uart_rx:rx_inst|rx_reg[1]   ; CLOCK_50                                                      ; uart_controller:uart_ctrl_inst|baud_rate_gen:brg_inst|ov_tick ; 1.000        ; -0.246     ; 1.178      ;
; -0.392 ; uart_rx_packet_new:packet_inst|rx_clear                    ; uart_controller:uart_ctrl_inst|uart_rx:rx_inst|rx_reg[0]   ; CLOCK_50                                                      ; uart_controller:uart_ctrl_inst|baud_rate_gen:brg_inst|ov_tick ; 1.000        ; -0.246     ; 1.178      ;
; -0.382 ; uart_rx_packet_new:packet_inst|rx_clear                    ; uart_controller:uart_ctrl_inst|uart_rx:rx_inst|state.STOP  ; CLOCK_50                                                      ; uart_controller:uart_ctrl_inst|baud_rate_gen:brg_inst|ov_tick ; 1.000        ; -0.249     ; 1.165      ;
; -0.382 ; uart_rx_packet_new:packet_inst|rx_clear                    ; uart_controller:uart_ctrl_inst|uart_rx:rx_inst|state.START ; CLOCK_50                                                      ; uart_controller:uart_ctrl_inst|baud_rate_gen:brg_inst|ov_tick ; 1.000        ; -0.249     ; 1.165      ;
; -0.380 ; uart_controller:uart_ctrl_inst|uart_rx:rx_inst|bit_cnt[1]  ; uart_controller:uart_ctrl_inst|uart_rx:rx_inst|state.STOP  ; uart_controller:uart_ctrl_inst|baud_rate_gen:brg_inst|ov_tick ; uart_controller:uart_ctrl_inst|baud_rate_gen:brg_inst|ov_tick ; 1.000        ; 0.000      ; 1.412      ;
; -0.380 ; uart_controller:uart_ctrl_inst|uart_rx:rx_inst|bit_cnt[1]  ; uart_controller:uart_ctrl_inst|uart_rx:rx_inst|state.START ; uart_controller:uart_ctrl_inst|baud_rate_gen:brg_inst|ov_tick ; uart_controller:uart_ctrl_inst|baud_rate_gen:brg_inst|ov_tick ; 1.000        ; 0.000      ; 1.412      ;
; -0.378 ; uart_controller:uart_ctrl_inst|uart_rx:rx_inst|tick_cnt[0] ; uart_controller:uart_ctrl_inst|uart_rx:rx_inst|data_out[7] ; uart_controller:uart_ctrl_inst|baud_rate_gen:brg_inst|ov_tick ; uart_controller:uart_ctrl_inst|baud_rate_gen:brg_inst|ov_tick ; 1.000        ; 0.002      ; 1.412      ;
; -0.378 ; uart_controller:uart_ctrl_inst|uart_rx:rx_inst|tick_cnt[0] ; uart_controller:uart_ctrl_inst|uart_rx:rx_inst|data_out[5] ; uart_controller:uart_ctrl_inst|baud_rate_gen:brg_inst|ov_tick ; uart_controller:uart_ctrl_inst|baud_rate_gen:brg_inst|ov_tick ; 1.000        ; 0.002      ; 1.412      ;
; -0.378 ; uart_controller:uart_ctrl_inst|uart_rx:rx_inst|tick_cnt[0] ; uart_controller:uart_ctrl_inst|uart_rx:rx_inst|data_out[1] ; uart_controller:uart_ctrl_inst|baud_rate_gen:brg_inst|ov_tick ; uart_controller:uart_ctrl_inst|baud_rate_gen:brg_inst|ov_tick ; 1.000        ; 0.002      ; 1.412      ;
; -0.378 ; uart_controller:uart_ctrl_inst|uart_rx:rx_inst|tick_cnt[0] ; uart_controller:uart_ctrl_inst|uart_rx:rx_inst|data_out[3] ; uart_controller:uart_ctrl_inst|baud_rate_gen:brg_inst|ov_tick ; uart_controller:uart_ctrl_inst|baud_rate_gen:brg_inst|ov_tick ; 1.000        ; 0.002      ; 1.412      ;
; -0.378 ; uart_controller:uart_ctrl_inst|uart_rx:rx_inst|tick_cnt[0] ; uart_controller:uart_ctrl_inst|uart_rx:rx_inst|data_out[4] ; uart_controller:uart_ctrl_inst|baud_rate_gen:brg_inst|ov_tick ; uart_controller:uart_ctrl_inst|baud_rate_gen:brg_inst|ov_tick ; 1.000        ; 0.002      ; 1.412      ;
; -0.378 ; uart_controller:uart_ctrl_inst|uart_rx:rx_inst|tick_cnt[0] ; uart_controller:uart_ctrl_inst|uart_rx:rx_inst|data_out[2] ; uart_controller:uart_ctrl_inst|baud_rate_gen:brg_inst|ov_tick ; uart_controller:uart_ctrl_inst|baud_rate_gen:brg_inst|ov_tick ; 1.000        ; 0.002      ; 1.412      ;
; -0.378 ; uart_controller:uart_ctrl_inst|uart_rx:rx_inst|tick_cnt[0] ; uart_controller:uart_ctrl_inst|uart_rx:rx_inst|data_out[0] ; uart_controller:uart_ctrl_inst|baud_rate_gen:brg_inst|ov_tick ; uart_controller:uart_ctrl_inst|baud_rate_gen:brg_inst|ov_tick ; 1.000        ; 0.002      ; 1.412      ;
; -0.378 ; uart_controller:uart_ctrl_inst|uart_rx:rx_inst|tick_cnt[0] ; uart_controller:uart_ctrl_inst|uart_rx:rx_inst|data_out[6] ; uart_controller:uart_ctrl_inst|baud_rate_gen:brg_inst|ov_tick ; uart_controller:uart_ctrl_inst|baud_rate_gen:brg_inst|ov_tick ; 1.000        ; 0.002      ; 1.412      ;
; -0.376 ; uart_controller:uart_ctrl_inst|uart_rx:rx_inst|tick_cnt[1] ; uart_controller:uart_ctrl_inst|uart_rx:rx_inst|state.DATA  ; uart_controller:uart_ctrl_inst|baud_rate_gen:brg_inst|ov_tick ; uart_controller:uart_ctrl_inst|baud_rate_gen:brg_inst|ov_tick ; 1.000        ; 0.000      ; 1.408      ;
; -0.376 ; uart_controller:uart_ctrl_inst|uart_rx:rx_inst|tick_cnt[1] ; uart_controller:uart_ctrl_inst|uart_rx:rx_inst|state.IDLE  ; uart_controller:uart_ctrl_inst|baud_rate_gen:brg_inst|ov_tick ; uart_controller:uart_ctrl_inst|baud_rate_gen:brg_inst|ov_tick ; 1.000        ; 0.000      ; 1.408      ;
; -0.372 ; uart_controller:uart_ctrl_inst|uart_rx:rx_inst|tick_cnt[2] ; uart_controller:uart_ctrl_inst|uart_rx:rx_inst|state.DATA  ; uart_controller:uart_ctrl_inst|baud_rate_gen:brg_inst|ov_tick ; uart_controller:uart_ctrl_inst|baud_rate_gen:brg_inst|ov_tick ; 1.000        ; 0.000      ; 1.404      ;
; -0.372 ; uart_controller:uart_ctrl_inst|uart_rx:rx_inst|tick_cnt[2] ; uart_controller:uart_ctrl_inst|uart_rx:rx_inst|state.IDLE  ; uart_controller:uart_ctrl_inst|baud_rate_gen:brg_inst|ov_tick ; uart_controller:uart_ctrl_inst|baud_rate_gen:brg_inst|ov_tick ; 1.000        ; 0.000      ; 1.404      ;
; -0.356 ; uart_controller:uart_ctrl_inst|uart_rx:rx_inst|tick_cnt[0] ; uart_controller:uart_ctrl_inst|uart_rx:rx_inst|state.STOP  ; uart_controller:uart_ctrl_inst|baud_rate_gen:brg_inst|ov_tick ; uart_controller:uart_ctrl_inst|baud_rate_gen:brg_inst|ov_tick ; 1.000        ; 0.000      ; 1.388      ;
; -0.356 ; uart_controller:uart_ctrl_inst|uart_rx:rx_inst|tick_cnt[0] ; uart_controller:uart_ctrl_inst|uart_rx:rx_inst|state.START ; uart_controller:uart_ctrl_inst|baud_rate_gen:brg_inst|ov_tick ; uart_controller:uart_ctrl_inst|baud_rate_gen:brg_inst|ov_tick ; 1.000        ; 0.000      ; 1.388      ;
; -0.353 ; uart_controller:uart_ctrl_inst|uart_rx:rx_inst|tick_cnt[1] ; uart_controller:uart_ctrl_inst|uart_rx:rx_inst|state.STOP  ; uart_controller:uart_ctrl_inst|baud_rate_gen:brg_inst|ov_tick ; uart_controller:uart_ctrl_inst|baud_rate_gen:brg_inst|ov_tick ; 1.000        ; 0.000      ; 1.385      ;
; -0.353 ; uart_controller:uart_ctrl_inst|uart_rx:rx_inst|tick_cnt[1] ; uart_controller:uart_ctrl_inst|uart_rx:rx_inst|state.START ; uart_controller:uart_ctrl_inst|baud_rate_gen:brg_inst|ov_tick ; uart_controller:uart_ctrl_inst|baud_rate_gen:brg_inst|ov_tick ; 1.000        ; 0.000      ; 1.385      ;
; -0.335 ; uart_controller:uart_ctrl_inst|uart_rx:rx_inst|bit_cnt[2]  ; uart_controller:uart_ctrl_inst|uart_rx:rx_inst|state.STOP  ; uart_controller:uart_ctrl_inst|baud_rate_gen:brg_inst|ov_tick ; uart_controller:uart_ctrl_inst|baud_rate_gen:brg_inst|ov_tick ; 1.000        ; 0.000      ; 1.367      ;
; -0.335 ; uart_controller:uart_ctrl_inst|uart_rx:rx_inst|bit_cnt[2]  ; uart_controller:uart_ctrl_inst|uart_rx:rx_inst|state.START ; uart_controller:uart_ctrl_inst|baud_rate_gen:brg_inst|ov_tick ; uart_controller:uart_ctrl_inst|baud_rate_gen:brg_inst|ov_tick ; 1.000        ; 0.000      ; 1.367      ;
; -0.331 ; uart_controller:uart_ctrl_inst|uart_rx:rx_inst|state.DATA  ; uart_controller:uart_ctrl_inst|uart_rx:rx_inst|state.STOP  ; uart_controller:uart_ctrl_inst|baud_rate_gen:brg_inst|ov_tick ; uart_controller:uart_ctrl_inst|baud_rate_gen:brg_inst|ov_tick ; 1.000        ; 0.000      ; 1.363      ;
; -0.331 ; uart_controller:uart_ctrl_inst|uart_rx:rx_inst|state.DATA  ; uart_controller:uart_ctrl_inst|uart_rx:rx_inst|state.START ; uart_controller:uart_ctrl_inst|baud_rate_gen:brg_inst|ov_tick ; uart_controller:uart_ctrl_inst|baud_rate_gen:brg_inst|ov_tick ; 1.000        ; 0.000      ; 1.363      ;
; -0.327 ; uart_controller:uart_ctrl_inst|uart_rx:rx_inst|state.DATA  ; uart_controller:uart_ctrl_inst|uart_rx:rx_inst|rx_reg[7]   ; uart_controller:uart_ctrl_inst|baud_rate_gen:brg_inst|ov_tick ; uart_controller:uart_ctrl_inst|baud_rate_gen:brg_inst|ov_tick ; 1.000        ; 0.003      ; 1.362      ;
; -0.327 ; uart_controller:uart_ctrl_inst|uart_rx:rx_inst|state.DATA  ; uart_controller:uart_ctrl_inst|uart_rx:rx_inst|rx_reg[6]   ; uart_controller:uart_ctrl_inst|baud_rate_gen:brg_inst|ov_tick ; uart_controller:uart_ctrl_inst|baud_rate_gen:brg_inst|ov_tick ; 1.000        ; 0.003      ; 1.362      ;
; -0.327 ; uart_controller:uart_ctrl_inst|uart_rx:rx_inst|state.DATA  ; uart_controller:uart_ctrl_inst|uart_rx:rx_inst|rx_reg[5]   ; uart_controller:uart_ctrl_inst|baud_rate_gen:brg_inst|ov_tick ; uart_controller:uart_ctrl_inst|baud_rate_gen:brg_inst|ov_tick ; 1.000        ; 0.003      ; 1.362      ;
; -0.327 ; uart_controller:uart_ctrl_inst|uart_rx:rx_inst|state.DATA  ; uart_controller:uart_ctrl_inst|uart_rx:rx_inst|rx_reg[4]   ; uart_controller:uart_ctrl_inst|baud_rate_gen:brg_inst|ov_tick ; uart_controller:uart_ctrl_inst|baud_rate_gen:brg_inst|ov_tick ; 1.000        ; 0.003      ; 1.362      ;
; -0.327 ; uart_controller:uart_ctrl_inst|uart_rx:rx_inst|state.DATA  ; uart_controller:uart_ctrl_inst|uart_rx:rx_inst|rx_reg[3]   ; uart_controller:uart_ctrl_inst|baud_rate_gen:brg_inst|ov_tick ; uart_controller:uart_ctrl_inst|baud_rate_gen:brg_inst|ov_tick ; 1.000        ; 0.003      ; 1.362      ;
; -0.327 ; uart_controller:uart_ctrl_inst|uart_rx:rx_inst|state.DATA  ; uart_controller:uart_ctrl_inst|uart_rx:rx_inst|rx_reg[2]   ; uart_controller:uart_ctrl_inst|baud_rate_gen:brg_inst|ov_tick ; uart_controller:uart_ctrl_inst|baud_rate_gen:brg_inst|ov_tick ; 1.000        ; 0.003      ; 1.362      ;
; -0.327 ; uart_controller:uart_ctrl_inst|uart_rx:rx_inst|state.DATA  ; uart_controller:uart_ctrl_inst|uart_rx:rx_inst|rx_reg[1]   ; uart_controller:uart_ctrl_inst|baud_rate_gen:brg_inst|ov_tick ; uart_controller:uart_ctrl_inst|baud_rate_gen:brg_inst|ov_tick ; 1.000        ; 0.003      ; 1.362      ;
; -0.327 ; uart_controller:uart_ctrl_inst|uart_rx:rx_inst|state.DATA  ; uart_controller:uart_ctrl_inst|uart_rx:rx_inst|rx_reg[0]   ; uart_controller:uart_ctrl_inst|baud_rate_gen:brg_inst|ov_tick ; uart_controller:uart_ctrl_inst|baud_rate_gen:brg_inst|ov_tick ; 1.000        ; 0.003      ; 1.362      ;
; -0.318 ; uart_controller:uart_ctrl_inst|uart_rx:rx_inst|state.IDLE  ; uart_controller:uart_ctrl_inst|uart_rx:rx_inst|state.DATA  ; uart_controller:uart_ctrl_inst|baud_rate_gen:brg_inst|ov_tick ; uart_controller:uart_ctrl_inst|baud_rate_gen:brg_inst|ov_tick ; 1.000        ; 0.000      ; 1.350      ;
; -0.318 ; uart_controller:uart_ctrl_inst|uart_rx:rx_inst|state.IDLE  ; uart_controller:uart_ctrl_inst|uart_rx:rx_inst|state.IDLE  ; uart_controller:uart_ctrl_inst|baud_rate_gen:brg_inst|ov_tick ; uart_controller:uart_ctrl_inst|baud_rate_gen:brg_inst|ov_tick ; 1.000        ; 0.000      ; 1.350      ;
; -0.308 ; uart_controller:uart_ctrl_inst|uart_rx:rx_inst|bit_cnt[0]  ; uart_controller:uart_ctrl_inst|uart_rx:rx_inst|state.DATA  ; uart_controller:uart_ctrl_inst|baud_rate_gen:brg_inst|ov_tick ; uart_controller:uart_ctrl_inst|baud_rate_gen:brg_inst|ov_tick ; 1.000        ; 0.000      ; 1.340      ;
; -0.308 ; uart_controller:uart_ctrl_inst|uart_rx:rx_inst|bit_cnt[0]  ; uart_controller:uart_ctrl_inst|uart_rx:rx_inst|state.IDLE  ; uart_controller:uart_ctrl_inst|baud_rate_gen:brg_inst|ov_tick ; uart_controller:uart_ctrl_inst|baud_rate_gen:brg_inst|ov_tick ; 1.000        ; 0.000      ; 1.340      ;
; -0.303 ; uart_controller:uart_ctrl_inst|uart_rx:rx_inst|tick_cnt[2] ; uart_controller:uart_ctrl_inst|uart_rx:rx_inst|rx_reg[7]   ; uart_controller:uart_ctrl_inst|baud_rate_gen:brg_inst|ov_tick ; uart_controller:uart_ctrl_inst|baud_rate_gen:brg_inst|ov_tick ; 1.000        ; 0.003      ; 1.338      ;
; -0.303 ; uart_controller:uart_ctrl_inst|uart_rx:rx_inst|tick_cnt[2] ; uart_controller:uart_ctrl_inst|uart_rx:rx_inst|rx_reg[6]   ; uart_controller:uart_ctrl_inst|baud_rate_gen:brg_inst|ov_tick ; uart_controller:uart_ctrl_inst|baud_rate_gen:brg_inst|ov_tick ; 1.000        ; 0.003      ; 1.338      ;
; -0.303 ; uart_controller:uart_ctrl_inst|uart_rx:rx_inst|tick_cnt[2] ; uart_controller:uart_ctrl_inst|uart_rx:rx_inst|rx_reg[5]   ; uart_controller:uart_ctrl_inst|baud_rate_gen:brg_inst|ov_tick ; uart_controller:uart_ctrl_inst|baud_rate_gen:brg_inst|ov_tick ; 1.000        ; 0.003      ; 1.338      ;
; -0.303 ; uart_controller:uart_ctrl_inst|uart_rx:rx_inst|tick_cnt[2] ; uart_controller:uart_ctrl_inst|uart_rx:rx_inst|rx_reg[4]   ; uart_controller:uart_ctrl_inst|baud_rate_gen:brg_inst|ov_tick ; uart_controller:uart_ctrl_inst|baud_rate_gen:brg_inst|ov_tick ; 1.000        ; 0.003      ; 1.338      ;
; -0.303 ; uart_controller:uart_ctrl_inst|uart_rx:rx_inst|tick_cnt[2] ; uart_controller:uart_ctrl_inst|uart_rx:rx_inst|rx_reg[3]   ; uart_controller:uart_ctrl_inst|baud_rate_gen:brg_inst|ov_tick ; uart_controller:uart_ctrl_inst|baud_rate_gen:brg_inst|ov_tick ; 1.000        ; 0.003      ; 1.338      ;
; -0.303 ; uart_controller:uart_ctrl_inst|uart_rx:rx_inst|tick_cnt[2] ; uart_controller:uart_ctrl_inst|uart_rx:rx_inst|rx_reg[2]   ; uart_controller:uart_ctrl_inst|baud_rate_gen:brg_inst|ov_tick ; uart_controller:uart_ctrl_inst|baud_rate_gen:brg_inst|ov_tick ; 1.000        ; 0.003      ; 1.338      ;
; -0.303 ; uart_controller:uart_ctrl_inst|uart_rx:rx_inst|tick_cnt[2] ; uart_controller:uart_ctrl_inst|uart_rx:rx_inst|rx_reg[1]   ; uart_controller:uart_ctrl_inst|baud_rate_gen:brg_inst|ov_tick ; uart_controller:uart_ctrl_inst|baud_rate_gen:brg_inst|ov_tick ; 1.000        ; 0.003      ; 1.338      ;
; -0.303 ; uart_controller:uart_ctrl_inst|uart_rx:rx_inst|tick_cnt[2] ; uart_controller:uart_ctrl_inst|uart_rx:rx_inst|rx_reg[0]   ; uart_controller:uart_ctrl_inst|baud_rate_gen:brg_inst|ov_tick ; uart_controller:uart_ctrl_inst|baud_rate_gen:brg_inst|ov_tick ; 1.000        ; 0.003      ; 1.338      ;
; -0.291 ; uart_rx_packet_new:packet_inst|rx_clear                    ; uart_controller:uart_ctrl_inst|uart_rx:rx_inst|state.DATA  ; CLOCK_50                                                      ; uart_controller:uart_ctrl_inst|baud_rate_gen:brg_inst|ov_tick ; 1.000        ; -0.249     ; 1.074      ;
; -0.291 ; uart_rx_packet_new:packet_inst|rx_clear                    ; uart_controller:uart_ctrl_inst|uart_rx:rx_inst|state.IDLE  ; CLOCK_50                                                      ; uart_controller:uart_ctrl_inst|baud_rate_gen:brg_inst|ov_tick ; 1.000        ; -0.249     ; 1.074      ;
; -0.289 ; uart_controller:uart_ctrl_inst|uart_rx:rx_inst|state.IDLE  ; uart_controller:uart_ctrl_inst|uart_rx:rx_inst|state.STOP  ; uart_controller:uart_ctrl_inst|baud_rate_gen:brg_inst|ov_tick ; uart_controller:uart_ctrl_inst|baud_rate_gen:brg_inst|ov_tick ; 1.000        ; 0.000      ; 1.321      ;
; -0.289 ; uart_controller:uart_ctrl_inst|uart_rx:rx_inst|state.IDLE  ; uart_controller:uart_ctrl_inst|uart_rx:rx_inst|state.START ; uart_controller:uart_ctrl_inst|baud_rate_gen:brg_inst|ov_tick ; uart_controller:uart_ctrl_inst|baud_rate_gen:brg_inst|ov_tick ; 1.000        ; 0.000      ; 1.321      ;
; -0.272 ; uart_controller:uart_ctrl_inst|uart_rx:rx_inst|bit_cnt[1]  ; uart_controller:uart_ctrl_inst|uart_rx:rx_inst|state.DATA  ; uart_controller:uart_ctrl_inst|baud_rate_gen:brg_inst|ov_tick ; uart_controller:uart_ctrl_inst|baud_rate_gen:brg_inst|ov_tick ; 1.000        ; 0.000      ; 1.304      ;
; -0.272 ; uart_controller:uart_ctrl_inst|uart_rx:rx_inst|bit_cnt[1]  ; uart_controller:uart_ctrl_inst|uart_rx:rx_inst|state.IDLE  ; uart_controller:uart_ctrl_inst|baud_rate_gen:brg_inst|ov_tick ; uart_controller:uart_ctrl_inst|baud_rate_gen:brg_inst|ov_tick ; 1.000        ; 0.000      ; 1.304      ;
; -0.272 ; uart_controller:uart_ctrl_inst|uart_rx:rx_inst|tick_cnt[1] ; uart_controller:uart_ctrl_inst|uart_rx:rx_inst|rx_reg[7]   ; uart_controller:uart_ctrl_inst|baud_rate_gen:brg_inst|ov_tick ; uart_controller:uart_ctrl_inst|baud_rate_gen:brg_inst|ov_tick ; 1.000        ; 0.003      ; 1.307      ;
; -0.272 ; uart_controller:uart_ctrl_inst|uart_rx:rx_inst|tick_cnt[1] ; uart_controller:uart_ctrl_inst|uart_rx:rx_inst|rx_reg[6]   ; uart_controller:uart_ctrl_inst|baud_rate_gen:brg_inst|ov_tick ; uart_controller:uart_ctrl_inst|baud_rate_gen:brg_inst|ov_tick ; 1.000        ; 0.003      ; 1.307      ;
; -0.272 ; uart_controller:uart_ctrl_inst|uart_rx:rx_inst|tick_cnt[1] ; uart_controller:uart_ctrl_inst|uart_rx:rx_inst|rx_reg[5]   ; uart_controller:uart_ctrl_inst|baud_rate_gen:brg_inst|ov_tick ; uart_controller:uart_ctrl_inst|baud_rate_gen:brg_inst|ov_tick ; 1.000        ; 0.003      ; 1.307      ;
; -0.272 ; uart_controller:uart_ctrl_inst|uart_rx:rx_inst|tick_cnt[1] ; uart_controller:uart_ctrl_inst|uart_rx:rx_inst|rx_reg[4]   ; uart_controller:uart_ctrl_inst|baud_rate_gen:brg_inst|ov_tick ; uart_controller:uart_ctrl_inst|baud_rate_gen:brg_inst|ov_tick ; 1.000        ; 0.003      ; 1.307      ;
; -0.272 ; uart_controller:uart_ctrl_inst|uart_rx:rx_inst|tick_cnt[1] ; uart_controller:uart_ctrl_inst|uart_rx:rx_inst|rx_reg[3]   ; uart_controller:uart_ctrl_inst|baud_rate_gen:brg_inst|ov_tick ; uart_controller:uart_ctrl_inst|baud_rate_gen:brg_inst|ov_tick ; 1.000        ; 0.003      ; 1.307      ;
; -0.272 ; uart_controller:uart_ctrl_inst|uart_rx:rx_inst|tick_cnt[1] ; uart_controller:uart_ctrl_inst|uart_rx:rx_inst|rx_reg[2]   ; uart_controller:uart_ctrl_inst|baud_rate_gen:brg_inst|ov_tick ; uart_controller:uart_ctrl_inst|baud_rate_gen:brg_inst|ov_tick ; 1.000        ; 0.003      ; 1.307      ;
; -0.272 ; uart_controller:uart_ctrl_inst|uart_rx:rx_inst|tick_cnt[1] ; uart_controller:uart_ctrl_inst|uart_rx:rx_inst|rx_reg[1]   ; uart_controller:uart_ctrl_inst|baud_rate_gen:brg_inst|ov_tick ; uart_controller:uart_ctrl_inst|baud_rate_gen:brg_inst|ov_tick ; 1.000        ; 0.003      ; 1.307      ;
; -0.272 ; uart_controller:uart_ctrl_inst|uart_rx:rx_inst|tick_cnt[1] ; uart_controller:uart_ctrl_inst|uart_rx:rx_inst|rx_reg[0]   ; uart_controller:uart_ctrl_inst|baud_rate_gen:brg_inst|ov_tick ; uart_controller:uart_ctrl_inst|baud_rate_gen:brg_inst|ov_tick ; 1.000        ; 0.003      ; 1.307      ;
; -0.271 ; uart_rx_packet_new:packet_inst|rx_clear                    ; uart_controller:uart_ctrl_inst|uart_rx:rx_inst|data_out[7] ; CLOCK_50                                                      ; uart_controller:uart_ctrl_inst|baud_rate_gen:brg_inst|ov_tick ; 1.000        ; -0.247     ; 1.056      ;
; -0.271 ; uart_rx_packet_new:packet_inst|rx_clear                    ; uart_controller:uart_ctrl_inst|uart_rx:rx_inst|data_out[5] ; CLOCK_50                                                      ; uart_controller:uart_ctrl_inst|baud_rate_gen:brg_inst|ov_tick ; 1.000        ; -0.247     ; 1.056      ;
; -0.271 ; uart_rx_packet_new:packet_inst|rx_clear                    ; uart_controller:uart_ctrl_inst|uart_rx:rx_inst|data_out[1] ; CLOCK_50                                                      ; uart_controller:uart_ctrl_inst|baud_rate_gen:brg_inst|ov_tick ; 1.000        ; -0.247     ; 1.056      ;
; -0.271 ; uart_rx_packet_new:packet_inst|rx_clear                    ; uart_controller:uart_ctrl_inst|uart_rx:rx_inst|data_out[3] ; CLOCK_50                                                      ; uart_controller:uart_ctrl_inst|baud_rate_gen:brg_inst|ov_tick ; 1.000        ; -0.247     ; 1.056      ;
+--------+------------------------------------------------------------+------------------------------------------------------------+---------------------------------------------------------------+---------------------------------------------------------------+--------------+------------+------------+


+---------------------------------------------------------------------------------------------------------------------------------------------------------------------------------------------------------------------------------------------------------------------------------------------------------------------+
; Fast Model Setup: 'uart_controller:uart_ctrl_inst|baud_rate_gen:brg_inst|uart_tick'                                                                                                                                                                                                                                 ;
+--------+---------------------------------------------------------------+---------------------------------------------------------------+-----------------------------------------------------------------+-----------------------------------------------------------------+--------------+------------+------------+
; Slack  ; From Node                                                     ; To Node                                                       ; Launch Clock                                                    ; Latch Clock                                                     ; Relationship ; Clock Skew ; Data Delay ;
+--------+---------------------------------------------------------------+---------------------------------------------------------------+-----------------------------------------------------------------+-----------------------------------------------------------------+--------------+------------+------------+
; -0.158 ; uart_controller:uart_ctrl_inst|uart_tx:tx_inst|timeout_cnt[5] ; uart_controller:uart_ctrl_inst|uart_tx:tx_inst|state.IDLE     ; uart_controller:uart_ctrl_inst|baud_rate_gen:brg_inst|uart_tick ; uart_controller:uart_ctrl_inst|baud_rate_gen:brg_inst|uart_tick ; 1.000        ; 0.001      ; 1.191      ;
; -0.154 ; uart_controller:uart_ctrl_inst|uart_tx:tx_inst|timeout_cnt[5] ; uart_controller:uart_ctrl_inst|uart_tx:tx_inst|state.DATA     ; uart_controller:uart_ctrl_inst|baud_rate_gen:brg_inst|uart_tick ; uart_controller:uart_ctrl_inst|baud_rate_gen:brg_inst|uart_tick ; 1.000        ; 0.001      ; 1.187      ;
; -0.145 ; uart_controller:uart_ctrl_inst|uart_tx:tx_inst|timeout_cnt[4] ; uart_controller:uart_ctrl_inst|uart_tx:tx_inst|state.IDLE     ; uart_controller:uart_ctrl_inst|baud_rate_gen:brg_inst|uart_tick ; uart_controller:uart_ctrl_inst|baud_rate_gen:brg_inst|uart_tick ; 1.000        ; 0.001      ; 1.178      ;
; -0.141 ; uart_controller:uart_ctrl_inst|uart_tx:tx_inst|timeout_cnt[4] ; uart_controller:uart_ctrl_inst|uart_tx:tx_inst|state.DATA     ; uart_controller:uart_ctrl_inst|baud_rate_gen:brg_inst|uart_tick ; uart_controller:uart_ctrl_inst|baud_rate_gen:brg_inst|uart_tick ; 1.000        ; 0.001      ; 1.174      ;
; -0.128 ; uart_controller:uart_ctrl_inst|uart_tx:tx_inst|state.STOP     ; uart_controller:uart_ctrl_inst|uart_tx:tx_inst|tx_reg[1]      ; uart_controller:uart_ctrl_inst|baud_rate_gen:brg_inst|uart_tick ; uart_controller:uart_ctrl_inst|baud_rate_gen:brg_inst|uart_tick ; 1.000        ; -0.001     ; 1.159      ;
; -0.085 ; uart_controller:uart_ctrl_inst|uart_tx:tx_inst|timeout_cnt[7] ; uart_controller:uart_ctrl_inst|uart_tx:tx_inst|state.IDLE     ; uart_controller:uart_ctrl_inst|baud_rate_gen:brg_inst|uart_tick ; uart_controller:uart_ctrl_inst|baud_rate_gen:brg_inst|uart_tick ; 1.000        ; 0.001      ; 1.118      ;
; -0.081 ; uart_controller:uart_ctrl_inst|uart_tx:tx_inst|timeout_cnt[7] ; uart_controller:uart_ctrl_inst|uart_tx:tx_inst|state.DATA     ; uart_controller:uart_ctrl_inst|baud_rate_gen:brg_inst|uart_tick ; uart_controller:uart_ctrl_inst|baud_rate_gen:brg_inst|uart_tick ; 1.000        ; 0.001      ; 1.114      ;
; -0.080 ; uart_controller:uart_ctrl_inst|uart_tx:tx_inst|timeout_cnt[3] ; uart_controller:uart_ctrl_inst|uart_tx:tx_inst|state.IDLE     ; uart_controller:uart_ctrl_inst|baud_rate_gen:brg_inst|uart_tick ; uart_controller:uart_ctrl_inst|baud_rate_gen:brg_inst|uart_tick ; 1.000        ; 0.001      ; 1.113      ;
; -0.079 ; uart_controller:uart_ctrl_inst|uart_tx:tx_inst|state.IDLE     ; uart_controller:uart_ctrl_inst|uart_tx:tx_inst|tx_reg[1]      ; uart_controller:uart_ctrl_inst|baud_rate_gen:brg_inst|uart_tick ; uart_controller:uart_ctrl_inst|baud_rate_gen:brg_inst|uart_tick ; 1.000        ; -0.001     ; 1.110      ;
; -0.076 ; uart_controller:uart_ctrl_inst|uart_tx:tx_inst|timeout_cnt[3] ; uart_controller:uart_ctrl_inst|uart_tx:tx_inst|state.DATA     ; uart_controller:uart_ctrl_inst|baud_rate_gen:brg_inst|uart_tick ; uart_controller:uart_ctrl_inst|baud_rate_gen:brg_inst|uart_tick ; 1.000        ; 0.001      ; 1.109      ;
; -0.049 ; uart_controller:uart_ctrl_inst|uart_tx:tx_inst|timeout_cnt[5] ; uart_controller:uart_ctrl_inst|uart_tx:tx_inst|state.STOP     ; uart_controller:uart_ctrl_inst|baud_rate_gen:brg_inst|uart_tick ; uart_controller:uart_ctrl_inst|baud_rate_gen:brg_inst|uart_tick ; 1.000        ; 0.001      ; 1.082      ;
; -0.036 ; uart_controller:uart_ctrl_inst|uart_tx:tx_inst|timeout_cnt[4] ; uart_controller:uart_ctrl_inst|uart_tx:tx_inst|state.STOP     ; uart_controller:uart_ctrl_inst|baud_rate_gen:brg_inst|uart_tick ; uart_controller:uart_ctrl_inst|baud_rate_gen:brg_inst|uart_tick ; 1.000        ; 0.001      ; 1.069      ;
; -0.028 ; uart_controller:uart_ctrl_inst|uart_tx:tx_inst|timeout_cnt[2] ; uart_controller:uart_ctrl_inst|uart_tx:tx_inst|state.IDLE     ; uart_controller:uart_ctrl_inst|baud_rate_gen:brg_inst|uart_tick ; uart_controller:uart_ctrl_inst|baud_rate_gen:brg_inst|uart_tick ; 1.000        ; 0.001      ; 1.061      ;
; -0.027 ; uart_controller:uart_ctrl_inst|uart_tx:tx_inst|state.STOP     ; uart_controller:uart_ctrl_inst|uart_tx:tx_inst|tx_reg[0]      ; uart_controller:uart_ctrl_inst|baud_rate_gen:brg_inst|uart_tick ; uart_controller:uart_ctrl_inst|baud_rate_gen:brg_inst|uart_tick ; 1.000        ; 0.023      ; 1.082      ;
; -0.024 ; uart_controller:uart_ctrl_inst|uart_tx:tx_inst|timeout_cnt[2] ; uart_controller:uart_ctrl_inst|uart_tx:tx_inst|state.DATA     ; uart_controller:uart_ctrl_inst|baud_rate_gen:brg_inst|uart_tick ; uart_controller:uart_ctrl_inst|baud_rate_gen:brg_inst|uart_tick ; 1.000        ; 0.001      ; 1.057      ;
; 0.006  ; uart_controller:uart_ctrl_inst|uart_tx:tx_inst|state.DATA     ; uart_controller:uart_ctrl_inst|uart_tx:tx_inst|state.IDLE     ; uart_controller:uart_ctrl_inst|baud_rate_gen:brg_inst|uart_tick ; uart_controller:uart_ctrl_inst|baud_rate_gen:brg_inst|uart_tick ; 1.000        ; 0.000      ; 1.026      ;
; 0.010  ; uart_controller:uart_ctrl_inst|uart_tx:tx_inst|state.DATA     ; uart_controller:uart_ctrl_inst|uart_tx:tx_inst|state.DATA     ; uart_controller:uart_ctrl_inst|baud_rate_gen:brg_inst|uart_tick ; uart_controller:uart_ctrl_inst|baud_rate_gen:brg_inst|uart_tick ; 1.000        ; 0.000      ; 1.022      ;
; 0.018  ; uart_controller:uart_ctrl_inst|uart_tx:tx_inst|timeout_cnt[6] ; uart_controller:uart_ctrl_inst|uart_tx:tx_inst|state.IDLE     ; uart_controller:uart_ctrl_inst|baud_rate_gen:brg_inst|uart_tick ; uart_controller:uart_ctrl_inst|baud_rate_gen:brg_inst|uart_tick ; 1.000        ; 0.001      ; 1.015      ;
; 0.018  ; uart_controller:uart_ctrl_inst|uart_tx:tx_inst|bit_cnt[2]     ; uart_controller:uart_ctrl_inst|uart_tx:tx_inst|state.IDLE     ; uart_controller:uart_ctrl_inst|baud_rate_gen:brg_inst|uart_tick ; uart_controller:uart_ctrl_inst|baud_rate_gen:brg_inst|uart_tick ; 1.000        ; 0.000      ; 1.014      ;
; 0.022  ; uart_controller:uart_ctrl_inst|uart_tx:tx_inst|timeout_cnt[6] ; uart_controller:uart_ctrl_inst|uart_tx:tx_inst|state.DATA     ; uart_controller:uart_ctrl_inst|baud_rate_gen:brg_inst|uart_tick ; uart_controller:uart_ctrl_inst|baud_rate_gen:brg_inst|uart_tick ; 1.000        ; 0.001      ; 1.011      ;
; 0.022  ; uart_controller:uart_ctrl_inst|uart_tx:tx_inst|state.IDLE     ; uart_controller:uart_ctrl_inst|uart_tx:tx_inst|tx_reg[0]      ; uart_controller:uart_ctrl_inst|baud_rate_gen:brg_inst|uart_tick ; uart_controller:uart_ctrl_inst|baud_rate_gen:brg_inst|uart_tick ; 1.000        ; 0.023      ; 1.033      ;
; 0.022  ; uart_controller:uart_ctrl_inst|uart_tx:tx_inst|bit_cnt[2]     ; uart_controller:uart_ctrl_inst|uart_tx:tx_inst|state.DATA     ; uart_controller:uart_ctrl_inst|baud_rate_gen:brg_inst|uart_tick ; uart_controller:uart_ctrl_inst|baud_rate_gen:brg_inst|uart_tick ; 1.000        ; 0.000      ; 1.010      ;
; 0.024  ; uart_controller:uart_ctrl_inst|uart_tx:tx_inst|timeout_cnt[7] ; uart_controller:uart_ctrl_inst|uart_tx:tx_inst|state.STOP     ; uart_controller:uart_ctrl_inst|baud_rate_gen:brg_inst|uart_tick ; uart_controller:uart_ctrl_inst|baud_rate_gen:brg_inst|uart_tick ; 1.000        ; 0.001      ; 1.009      ;
; 0.029  ; uart_controller:uart_ctrl_inst|uart_tx:tx_inst|timeout_cnt[3] ; uart_controller:uart_ctrl_inst|uart_tx:tx_inst|state.STOP     ; uart_controller:uart_ctrl_inst|baud_rate_gen:brg_inst|uart_tick ; uart_controller:uart_ctrl_inst|baud_rate_gen:brg_inst|uart_tick ; 1.000        ; 0.001      ; 1.004      ;
; 0.036  ; uart_rx_packet_new:packet_inst|LEDR[15]                       ; uart_controller:uart_ctrl_inst|uart_tx:tx_inst|state.IDLE     ; CLOCK_50                                                        ; uart_controller:uart_ctrl_inst|baud_rate_gen:brg_inst|uart_tick ; 1.000        ; -0.250     ; 0.746      ;
; 0.040  ; uart_rx_packet_new:packet_inst|LEDR[15]                       ; uart_controller:uart_ctrl_inst|uart_tx:tx_inst|state.DATA     ; CLOCK_50                                                        ; uart_controller:uart_ctrl_inst|baud_rate_gen:brg_inst|uart_tick ; 1.000        ; -0.250     ; 0.742      ;
; 0.044  ; uart_controller:uart_ctrl_inst|uart_tx:tx_inst|state.STOP     ; uart_controller:uart_ctrl_inst|uart_tx:tx_inst|tx_reg[4]      ; uart_controller:uart_ctrl_inst|baud_rate_gen:brg_inst|uart_tick ; uart_controller:uart_ctrl_inst|baud_rate_gen:brg_inst|uart_tick ; 1.000        ; 0.023      ; 1.011      ;
; 0.064  ; uart_controller:uart_ctrl_inst|uart_tx:tx_inst|bit_cnt[0]     ; uart_controller:uart_ctrl_inst|uart_tx:tx_inst|state.IDLE     ; uart_controller:uart_ctrl_inst|baud_rate_gen:brg_inst|uart_tick ; uart_controller:uart_ctrl_inst|baud_rate_gen:brg_inst|uart_tick ; 1.000        ; 0.000      ; 0.968      ;
; 0.068  ; uart_controller:uart_ctrl_inst|uart_tx:tx_inst|bit_cnt[0]     ; uart_controller:uart_ctrl_inst|uart_tx:tx_inst|state.DATA     ; uart_controller:uart_ctrl_inst|baud_rate_gen:brg_inst|uart_tick ; uart_controller:uart_ctrl_inst|baud_rate_gen:brg_inst|uart_tick ; 1.000        ; 0.000      ; 0.964      ;
; 0.071  ; uart_controller:uart_ctrl_inst|uart_tx:tx_inst|state.IDLE     ; uart_controller:uart_ctrl_inst|uart_tx:tx_inst|state.IDLE     ; uart_controller:uart_ctrl_inst|baud_rate_gen:brg_inst|uart_tick ; uart_controller:uart_ctrl_inst|baud_rate_gen:brg_inst|uart_tick ; 1.000        ; 0.000      ; 0.961      ;
; 0.075  ; uart_controller:uart_ctrl_inst|uart_tx:tx_inst|state.IDLE     ; uart_controller:uart_ctrl_inst|uart_tx:tx_inst|state.DATA     ; uart_controller:uart_ctrl_inst|baud_rate_gen:brg_inst|uart_tick ; uart_controller:uart_ctrl_inst|baud_rate_gen:brg_inst|uart_tick ; 1.000        ; 0.000      ; 0.957      ;
; 0.081  ; uart_controller:uart_ctrl_inst|uart_tx:tx_inst|timeout_cnt[2] ; uart_controller:uart_ctrl_inst|uart_tx:tx_inst|state.STOP     ; uart_controller:uart_ctrl_inst|baud_rate_gen:brg_inst|uart_tick ; uart_controller:uart_ctrl_inst|baud_rate_gen:brg_inst|uart_tick ; 1.000        ; 0.001      ; 0.952      ;
; 0.085  ; uart_controller:uart_ctrl_inst|uart_tx:tx_inst|state.STOP     ; uart_controller:uart_ctrl_inst|uart_tx:tx_inst|bit_cnt[1]     ; uart_controller:uart_ctrl_inst|baud_rate_gen:brg_inst|uart_tick ; uart_controller:uart_ctrl_inst|baud_rate_gen:brg_inst|uart_tick ; 1.000        ; 0.000      ; 0.947      ;
; 0.085  ; uart_controller:uart_ctrl_inst|uart_tx:tx_inst|state.STOP     ; uart_controller:uart_ctrl_inst|uart_tx:tx_inst|state.IDLE     ; uart_controller:uart_ctrl_inst|baud_rate_gen:brg_inst|uart_tick ; uart_controller:uart_ctrl_inst|baud_rate_gen:brg_inst|uart_tick ; 1.000        ; 0.000      ; 0.947      ;
; 0.089  ; uart_controller:uart_ctrl_inst|uart_tx:tx_inst|state.STOP     ; uart_controller:uart_ctrl_inst|uart_tx:tx_inst|state.DATA     ; uart_controller:uart_ctrl_inst|baud_rate_gen:brg_inst|uart_tick ; uart_controller:uart_ctrl_inst|baud_rate_gen:brg_inst|uart_tick ; 1.000        ; 0.000      ; 0.943      ;
; 0.093  ; uart_controller:uart_ctrl_inst|uart_tx:tx_inst|state.IDLE     ; uart_controller:uart_ctrl_inst|uart_tx:tx_inst|tx_reg[4]      ; uart_controller:uart_ctrl_inst|baud_rate_gen:brg_inst|uart_tick ; uart_controller:uart_ctrl_inst|baud_rate_gen:brg_inst|uart_tick ; 1.000        ; 0.023      ; 0.962      ;
; 0.123  ; uart_controller:uart_ctrl_inst|uart_tx:tx_inst|timeout_cnt[0] ; uart_controller:uart_ctrl_inst|uart_tx:tx_inst|timeout_cnt[7] ; uart_controller:uart_ctrl_inst|baud_rate_gen:brg_inst|uart_tick ; uart_controller:uart_ctrl_inst|baud_rate_gen:brg_inst|uart_tick ; 1.000        ; 0.000      ; 0.909      ;
; 0.127  ; uart_controller:uart_ctrl_inst|uart_tx:tx_inst|timeout_cnt[6] ; uart_controller:uart_ctrl_inst|uart_tx:tx_inst|state.STOP     ; uart_controller:uart_ctrl_inst|baud_rate_gen:brg_inst|uart_tick ; uart_controller:uart_ctrl_inst|baud_rate_gen:brg_inst|uart_tick ; 1.000        ; 0.001      ; 0.906      ;
; 0.151  ; uart_controller:uart_ctrl_inst|uart_tx:tx_inst|bit_cnt[1]     ; uart_controller:uart_ctrl_inst|uart_tx:tx_inst|state.IDLE     ; uart_controller:uart_ctrl_inst|baud_rate_gen:brg_inst|uart_tick ; uart_controller:uart_ctrl_inst|baud_rate_gen:brg_inst|uart_tick ; 1.000        ; 0.000      ; 0.881      ;
; 0.151  ; uart_controller:uart_ctrl_inst|uart_tx:tx_inst|state.START    ; uart_controller:uart_ctrl_inst|uart_tx:tx_inst|state.IDLE     ; uart_controller:uart_ctrl_inst|baud_rate_gen:brg_inst|uart_tick ; uart_controller:uart_ctrl_inst|baud_rate_gen:brg_inst|uart_tick ; 1.000        ; 0.000      ; 0.881      ;
; 0.152  ; uart_controller:uart_ctrl_inst|uart_tx:tx_inst|timeout_cnt[2] ; uart_controller:uart_ctrl_inst|uart_tx:tx_inst|timeout_cnt[7] ; uart_controller:uart_ctrl_inst|baud_rate_gen:brg_inst|uart_tick ; uart_controller:uart_ctrl_inst|baud_rate_gen:brg_inst|uart_tick ; 1.000        ; 0.000      ; 0.880      ;
; 0.155  ; uart_controller:uart_ctrl_inst|uart_tx:tx_inst|bit_cnt[1]     ; uart_controller:uart_ctrl_inst|uart_tx:tx_inst|state.DATA     ; uart_controller:uart_ctrl_inst|baud_rate_gen:brg_inst|uart_tick ; uart_controller:uart_ctrl_inst|baud_rate_gen:brg_inst|uart_tick ; 1.000        ; 0.000      ; 0.877      ;
; 0.155  ; uart_controller:uart_ctrl_inst|uart_tx:tx_inst|state.START    ; uart_controller:uart_ctrl_inst|uart_tx:tx_inst|state.DATA     ; uart_controller:uart_ctrl_inst|baud_rate_gen:brg_inst|uart_tick ; uart_controller:uart_ctrl_inst|baud_rate_gen:brg_inst|uart_tick ; 1.000        ; 0.000      ; 0.877      ;
; 0.158  ; uart_controller:uart_ctrl_inst|uart_tx:tx_inst|timeout_cnt[0] ; uart_controller:uart_ctrl_inst|uart_tx:tx_inst|timeout_cnt[6] ; uart_controller:uart_ctrl_inst|baud_rate_gen:brg_inst|uart_tick ; uart_controller:uart_ctrl_inst|baud_rate_gen:brg_inst|uart_tick ; 1.000        ; 0.000      ; 0.874      ;
; 0.180  ; uart_controller:uart_ctrl_inst|uart_tx:tx_inst|state.IDLE     ; uart_controller:uart_ctrl_inst|uart_tx:tx_inst|state.STOP     ; uart_controller:uart_ctrl_inst|baud_rate_gen:brg_inst|uart_tick ; uart_controller:uart_ctrl_inst|baud_rate_gen:brg_inst|uart_tick ; 1.000        ; 0.000      ; 0.852      ;
; 0.187  ; uart_controller:uart_ctrl_inst|uart_tx:tx_inst|timeout_cnt[2] ; uart_controller:uart_ctrl_inst|uart_tx:tx_inst|timeout_cnt[6] ; uart_controller:uart_ctrl_inst|baud_rate_gen:brg_inst|uart_tick ; uart_controller:uart_ctrl_inst|baud_rate_gen:brg_inst|uart_tick ; 1.000        ; 0.000      ; 0.845      ;
; 0.193  ; uart_controller:uart_ctrl_inst|uart_tx:tx_inst|timeout_cnt[0] ; uart_controller:uart_ctrl_inst|uart_tx:tx_inst|timeout_cnt[5] ; uart_controller:uart_ctrl_inst|baud_rate_gen:brg_inst|uart_tick ; uart_controller:uart_ctrl_inst|baud_rate_gen:brg_inst|uart_tick ; 1.000        ; 0.000      ; 0.839      ;
; 0.194  ; uart_controller:uart_ctrl_inst|uart_tx:tx_inst|timeout_cnt[1] ; uart_controller:uart_ctrl_inst|uart_tx:tx_inst|timeout_cnt[7] ; uart_controller:uart_ctrl_inst|baud_rate_gen:brg_inst|uart_tick ; uart_controller:uart_ctrl_inst|baud_rate_gen:brg_inst|uart_tick ; 1.000        ; 0.000      ; 0.838      ;
; 0.211  ; uart_controller:uart_ctrl_inst|uart_tx:tx_inst|state.STOP     ; uart_controller:uart_ctrl_inst|uart_tx:tx_inst|tx             ; uart_controller:uart_ctrl_inst|baud_rate_gen:brg_inst|uart_tick ; uart_controller:uart_ctrl_inst|baud_rate_gen:brg_inst|uart_tick ; 1.000        ; 0.000      ; 0.821      ;
; 0.213  ; uart_controller:uart_ctrl_inst|uart_tx:tx_inst|state.STOP     ; uart_controller:uart_ctrl_inst|uart_tx:tx_inst|bit_cnt[2]     ; uart_controller:uart_ctrl_inst|baud_rate_gen:brg_inst|uart_tick ; uart_controller:uart_ctrl_inst|baud_rate_gen:brg_inst|uart_tick ; 1.000        ; 0.000      ; 0.819      ;
; 0.215  ; uart_controller:uart_ctrl_inst|uart_tx:tx_inst|state.STOP     ; uart_controller:uart_ctrl_inst|uart_tx:tx_inst|bit_cnt[0]     ; uart_controller:uart_ctrl_inst|baud_rate_gen:brg_inst|uart_tick ; uart_controller:uart_ctrl_inst|baud_rate_gen:brg_inst|uart_tick ; 1.000        ; 0.000      ; 0.817      ;
; 0.216  ; uart_controller:uart_ctrl_inst|uart_tx:tx_inst|state.DATA     ; uart_controller:uart_ctrl_inst|uart_tx:tx_inst|bit_cnt[2]     ; uart_controller:uart_ctrl_inst|baud_rate_gen:brg_inst|uart_tick ; uart_controller:uart_ctrl_inst|baud_rate_gen:brg_inst|uart_tick ; 1.000        ; 0.000      ; 0.816      ;
; 0.222  ; uart_controller:uart_ctrl_inst|uart_tx:tx_inst|timeout_cnt[2] ; uart_controller:uart_ctrl_inst|uart_tx:tx_inst|timeout_cnt[5] ; uart_controller:uart_ctrl_inst|baud_rate_gen:brg_inst|uart_tick ; uart_controller:uart_ctrl_inst|baud_rate_gen:brg_inst|uart_tick ; 1.000        ; 0.000      ; 0.810      ;
; 0.225  ; uart_controller:uart_ctrl_inst|uart_tx:tx_inst|bit_cnt[2]     ; uart_controller:uart_ctrl_inst|uart_tx:tx_inst|bit_cnt[2]     ; uart_controller:uart_ctrl_inst|baud_rate_gen:brg_inst|uart_tick ; uart_controller:uart_ctrl_inst|baud_rate_gen:brg_inst|uart_tick ; 1.000        ; 0.000      ; 0.807      ;
; 0.228  ; uart_controller:uart_ctrl_inst|uart_tx:tx_inst|timeout_cnt[0] ; uart_controller:uart_ctrl_inst|uart_tx:tx_inst|timeout_cnt[4] ; uart_controller:uart_ctrl_inst|baud_rate_gen:brg_inst|uart_tick ; uart_controller:uart_ctrl_inst|baud_rate_gen:brg_inst|uart_tick ; 1.000        ; 0.000      ; 0.804      ;
; 0.229  ; uart_controller:uart_ctrl_inst|uart_tx:tx_inst|timeout_cnt[1] ; uart_controller:uart_ctrl_inst|uart_tx:tx_inst|timeout_cnt[6] ; uart_controller:uart_ctrl_inst|baud_rate_gen:brg_inst|uart_tick ; uart_controller:uart_ctrl_inst|baud_rate_gen:brg_inst|uart_tick ; 1.000        ; 0.000      ; 0.803      ;
; 0.235  ; uart_controller:uart_ctrl_inst|uart_tx:tx_inst|state.DATA     ; uart_controller:uart_ctrl_inst|uart_tx:tx_inst|state.STOP     ; uart_controller:uart_ctrl_inst|baud_rate_gen:brg_inst|uart_tick ; uart_controller:uart_ctrl_inst|baud_rate_gen:brg_inst|uart_tick ; 1.000        ; 0.000      ; 0.797      ;
; 0.240  ; uart_controller:uart_ctrl_inst|uart_tx:tx_inst|state.STOP     ; uart_controller:uart_ctrl_inst|uart_tx:tx_inst|tx_reg[3]      ; uart_controller:uart_ctrl_inst|baud_rate_gen:brg_inst|uart_tick ; uart_controller:uart_ctrl_inst|baud_rate_gen:brg_inst|uart_tick ; 1.000        ; 0.023      ; 0.815      ;
; 0.241  ; uart_controller:uart_ctrl_inst|uart_tx:tx_inst|state.STOP     ; uart_controller:uart_ctrl_inst|uart_tx:tx_inst|tx_reg[2]      ; uart_controller:uart_ctrl_inst|baud_rate_gen:brg_inst|uart_tick ; uart_controller:uart_ctrl_inst|baud_rate_gen:brg_inst|uart_tick ; 1.000        ; 0.023      ; 0.814      ;
; 0.247  ; uart_controller:uart_ctrl_inst|uart_tx:tx_inst|bit_cnt[2]     ; uart_controller:uart_ctrl_inst|uart_tx:tx_inst|state.STOP     ; uart_controller:uart_ctrl_inst|baud_rate_gen:brg_inst|uart_tick ; uart_controller:uart_ctrl_inst|baud_rate_gen:brg_inst|uart_tick ; 1.000        ; 0.000      ; 0.785      ;
; 0.248  ; uart_controller:uart_ctrl_inst|uart_tx:tx_inst|state.START    ; uart_controller:uart_ctrl_inst|uart_tx:tx_inst|tx_reg[4]      ; uart_controller:uart_ctrl_inst|baud_rate_gen:brg_inst|uart_tick ; uart_controller:uart_ctrl_inst|baud_rate_gen:brg_inst|uart_tick ; 1.000        ; 0.023      ; 0.807      ;
; 0.257  ; uart_controller:uart_ctrl_inst|uart_tx:tx_inst|timeout_cnt[2] ; uart_controller:uart_ctrl_inst|uart_tx:tx_inst|timeout_cnt[4] ; uart_controller:uart_ctrl_inst|baud_rate_gen:brg_inst|uart_tick ; uart_controller:uart_ctrl_inst|baud_rate_gen:brg_inst|uart_tick ; 1.000        ; 0.000      ; 0.775      ;
; 0.261  ; uart_controller:uart_ctrl_inst|uart_tx:tx_inst|timeout_cnt[3] ; uart_controller:uart_ctrl_inst|uart_tx:tx_inst|timeout_cnt[7] ; uart_controller:uart_ctrl_inst|baud_rate_gen:brg_inst|uart_tick ; uart_controller:uart_ctrl_inst|baud_rate_gen:brg_inst|uart_tick ; 1.000        ; 0.000      ; 0.771      ;
; 0.263  ; uart_controller:uart_ctrl_inst|uart_tx:tx_inst|timeout_cnt[0] ; uart_controller:uart_ctrl_inst|uart_tx:tx_inst|timeout_cnt[3] ; uart_controller:uart_ctrl_inst|baud_rate_gen:brg_inst|uart_tick ; uart_controller:uart_ctrl_inst|baud_rate_gen:brg_inst|uart_tick ; 1.000        ; 0.000      ; 0.769      ;
; 0.263  ; uart_controller:uart_ctrl_inst|uart_tx:tx_inst|timeout_cnt[5] ; uart_controller:uart_ctrl_inst|uart_tx:tx_inst|timeout_cnt[7] ; uart_controller:uart_ctrl_inst|baud_rate_gen:brg_inst|uart_tick ; uart_controller:uart_ctrl_inst|baud_rate_gen:brg_inst|uart_tick ; 1.000        ; 0.000      ; 0.769      ;
; 0.264  ; uart_controller:uart_ctrl_inst|uart_tx:tx_inst|timeout_cnt[1] ; uart_controller:uart_ctrl_inst|uart_tx:tx_inst|timeout_cnt[5] ; uart_controller:uart_ctrl_inst|baud_rate_gen:brg_inst|uart_tick ; uart_controller:uart_ctrl_inst|baud_rate_gen:brg_inst|uart_tick ; 1.000        ; 0.000      ; 0.768      ;
; 0.275  ; uart_controller:uart_ctrl_inst|uart_tx:tx_inst|state.START    ; uart_controller:uart_ctrl_inst|uart_tx:tx_inst|bit_cnt[1]     ; uart_controller:uart_ctrl_inst|baud_rate_gen:brg_inst|uart_tick ; uart_controller:uart_ctrl_inst|baud_rate_gen:brg_inst|uart_tick ; 1.000        ; 0.000      ; 0.757      ;
; 0.289  ; uart_controller:uart_ctrl_inst|uart_tx:tx_inst|state.IDLE     ; uart_controller:uart_ctrl_inst|uart_tx:tx_inst|tx_reg[3]      ; uart_controller:uart_ctrl_inst|baud_rate_gen:brg_inst|uart_tick ; uart_controller:uart_ctrl_inst|baud_rate_gen:brg_inst|uart_tick ; 1.000        ; 0.023      ; 0.766      ;
; 0.290  ; uart_controller:uart_ctrl_inst|uart_tx:tx_inst|bit_cnt[0]     ; uart_controller:uart_ctrl_inst|uart_tx:tx_inst|bit_cnt[2]     ; uart_controller:uart_ctrl_inst|baud_rate_gen:brg_inst|uart_tick ; uart_controller:uart_ctrl_inst|baud_rate_gen:brg_inst|uart_tick ; 1.000        ; 0.000      ; 0.742      ;
; 0.290  ; uart_controller:uart_ctrl_inst|uart_tx:tx_inst|state.IDLE     ; uart_controller:uart_ctrl_inst|uart_tx:tx_inst|tx_reg[2]      ; uart_controller:uart_ctrl_inst|baud_rate_gen:brg_inst|uart_tick ; uart_controller:uart_ctrl_inst|baud_rate_gen:brg_inst|uart_tick ; 1.000        ; 0.023      ; 0.765      ;
; 0.292  ; uart_controller:uart_ctrl_inst|uart_tx:tx_inst|timeout_cnt[2] ; uart_controller:uart_ctrl_inst|uart_tx:tx_inst|timeout_cnt[3] ; uart_controller:uart_ctrl_inst|baud_rate_gen:brg_inst|uart_tick ; uart_controller:uart_ctrl_inst|baud_rate_gen:brg_inst|uart_tick ; 1.000        ; 0.000      ; 0.740      ;
; 0.293  ; uart_controller:uart_ctrl_inst|uart_tx:tx_inst|bit_cnt[0]     ; uart_controller:uart_ctrl_inst|uart_tx:tx_inst|state.STOP     ; uart_controller:uart_ctrl_inst|baud_rate_gen:brg_inst|uart_tick ; uart_controller:uart_ctrl_inst|baud_rate_gen:brg_inst|uart_tick ; 1.000        ; 0.000      ; 0.739      ;
; 0.296  ; uart_controller:uart_ctrl_inst|uart_tx:tx_inst|timeout_cnt[3] ; uart_controller:uart_ctrl_inst|uart_tx:tx_inst|timeout_cnt[6] ; uart_controller:uart_ctrl_inst|baud_rate_gen:brg_inst|uart_tick ; uart_controller:uart_ctrl_inst|baud_rate_gen:brg_inst|uart_tick ; 1.000        ; 0.000      ; 0.736      ;
; 0.298  ; uart_controller:uart_ctrl_inst|uart_tx:tx_inst|timeout_cnt[0] ; uart_controller:uart_ctrl_inst|uart_tx:tx_inst|timeout_cnt[2] ; uart_controller:uart_ctrl_inst|baud_rate_gen:brg_inst|uart_tick ; uart_controller:uart_ctrl_inst|baud_rate_gen:brg_inst|uart_tick ; 1.000        ; 0.000      ; 0.734      ;
; 0.298  ; uart_controller:uart_ctrl_inst|uart_tx:tx_inst|timeout_cnt[5] ; uart_controller:uart_ctrl_inst|uart_tx:tx_inst|timeout_cnt[6] ; uart_controller:uart_ctrl_inst|baud_rate_gen:brg_inst|uart_tick ; uart_controller:uart_ctrl_inst|baud_rate_gen:brg_inst|uart_tick ; 1.000        ; 0.000      ; 0.734      ;
; 0.299  ; uart_controller:uart_ctrl_inst|uart_tx:tx_inst|timeout_cnt[1] ; uart_controller:uart_ctrl_inst|uart_tx:tx_inst|timeout_cnt[4] ; uart_controller:uart_ctrl_inst|baud_rate_gen:brg_inst|uart_tick ; uart_controller:uart_ctrl_inst|baud_rate_gen:brg_inst|uart_tick ; 1.000        ; 0.000      ; 0.733      ;
; 0.310  ; uart_rx_packet_new:packet_inst|tx_data[0]                     ; uart_controller:uart_ctrl_inst|uart_tx:tx_inst|tx_reg[0]      ; CLOCK_50                                                        ; uart_controller:uart_ctrl_inst|baud_rate_gen:brg_inst|uart_tick ; 1.000        ; -0.250     ; 0.472      ;
; 0.312  ; uart_controller:uart_ctrl_inst|uart_tx:tx_inst|timeout_cnt[4] ; uart_controller:uart_ctrl_inst|uart_tx:tx_inst|timeout_cnt[7] ; uart_controller:uart_ctrl_inst|baud_rate_gen:brg_inst|uart_tick ; uart_controller:uart_ctrl_inst|baud_rate_gen:brg_inst|uart_tick ; 1.000        ; 0.000      ; 0.720      ;
; 0.317  ; uart_controller:uart_ctrl_inst|uart_tx:tx_inst|state.DATA     ; uart_controller:uart_ctrl_inst|uart_tx:tx_inst|tx_reg[3]      ; uart_controller:uart_ctrl_inst|baud_rate_gen:brg_inst|uart_tick ; uart_controller:uart_ctrl_inst|baud_rate_gen:brg_inst|uart_tick ; 1.000        ; 0.023      ; 0.738      ;
; 0.327  ; uart_controller:uart_ctrl_inst|uart_tx:tx_inst|state.DATA     ; uart_controller:uart_ctrl_inst|uart_tx:tx_inst|tx_reg[2]      ; uart_controller:uart_ctrl_inst|baud_rate_gen:brg_inst|uart_tick ; uart_controller:uart_ctrl_inst|baud_rate_gen:brg_inst|uart_tick ; 1.000        ; 0.023      ; 0.728      ;
; 0.331  ; uart_controller:uart_ctrl_inst|uart_tx:tx_inst|timeout_cnt[3] ; uart_controller:uart_ctrl_inst|uart_tx:tx_inst|timeout_cnt[5] ; uart_controller:uart_ctrl_inst|baud_rate_gen:brg_inst|uart_tick ; uart_controller:uart_ctrl_inst|baud_rate_gen:brg_inst|uart_tick ; 1.000        ; 0.000      ; 0.701      ;
; 0.333  ; uart_controller:uart_ctrl_inst|uart_tx:tx_inst|timeout_cnt[0] ; uart_controller:uart_ctrl_inst|uart_tx:tx_inst|timeout_cnt[1] ; uart_controller:uart_ctrl_inst|baud_rate_gen:brg_inst|uart_tick ; uart_controller:uart_ctrl_inst|baud_rate_gen:brg_inst|uart_tick ; 1.000        ; 0.000      ; 0.699      ;
; 0.334  ; uart_controller:uart_ctrl_inst|uart_tx:tx_inst|timeout_cnt[1] ; uart_controller:uart_ctrl_inst|uart_tx:tx_inst|timeout_cnt[3] ; uart_controller:uart_ctrl_inst|baud_rate_gen:brg_inst|uart_tick ; uart_controller:uart_ctrl_inst|baud_rate_gen:brg_inst|uart_tick ; 1.000        ; 0.000      ; 0.698      ;
; 0.347  ; uart_controller:uart_ctrl_inst|uart_tx:tx_inst|timeout_cnt[4] ; uart_controller:uart_ctrl_inst|uart_tx:tx_inst|timeout_cnt[6] ; uart_controller:uart_ctrl_inst|baud_rate_gen:brg_inst|uart_tick ; uart_controller:uart_ctrl_inst|baud_rate_gen:brg_inst|uart_tick ; 1.000        ; 0.000      ; 0.685      ;
; 0.350  ; uart_controller:uart_ctrl_inst|uart_tx:tx_inst|bit_cnt[1]     ; uart_controller:uart_ctrl_inst|uart_tx:tx_inst|bit_cnt[2]     ; uart_controller:uart_ctrl_inst|baud_rate_gen:brg_inst|uart_tick ; uart_controller:uart_ctrl_inst|baud_rate_gen:brg_inst|uart_tick ; 1.000        ; 0.000      ; 0.682      ;
; 0.366  ; uart_controller:uart_ctrl_inst|uart_tx:tx_inst|state.IDLE     ; uart_controller:uart_ctrl_inst|uart_tx:tx_inst|timeout_cnt[0] ; uart_controller:uart_ctrl_inst|baud_rate_gen:brg_inst|uart_tick ; uart_controller:uart_ctrl_inst|baud_rate_gen:brg_inst|uart_tick ; 1.000        ; -0.001     ; 0.665      ;
; 0.366  ; uart_controller:uart_ctrl_inst|uart_tx:tx_inst|state.IDLE     ; uart_controller:uart_ctrl_inst|uart_tx:tx_inst|timeout_cnt[1] ; uart_controller:uart_ctrl_inst|baud_rate_gen:brg_inst|uart_tick ; uart_controller:uart_ctrl_inst|baud_rate_gen:brg_inst|uart_tick ; 1.000        ; -0.001     ; 0.665      ;
; 0.366  ; uart_controller:uart_ctrl_inst|uart_tx:tx_inst|state.IDLE     ; uart_controller:uart_ctrl_inst|uart_tx:tx_inst|timeout_cnt[2] ; uart_controller:uart_ctrl_inst|baud_rate_gen:brg_inst|uart_tick ; uart_controller:uart_ctrl_inst|baud_rate_gen:brg_inst|uart_tick ; 1.000        ; -0.001     ; 0.665      ;
; 0.366  ; uart_controller:uart_ctrl_inst|uart_tx:tx_inst|state.IDLE     ; uart_controller:uart_ctrl_inst|uart_tx:tx_inst|timeout_cnt[3] ; uart_controller:uart_ctrl_inst|baud_rate_gen:brg_inst|uart_tick ; uart_controller:uart_ctrl_inst|baud_rate_gen:brg_inst|uart_tick ; 1.000        ; -0.001     ; 0.665      ;
; 0.366  ; uart_controller:uart_ctrl_inst|uart_tx:tx_inst|state.IDLE     ; uart_controller:uart_ctrl_inst|uart_tx:tx_inst|timeout_cnt[4] ; uart_controller:uart_ctrl_inst|baud_rate_gen:brg_inst|uart_tick ; uart_controller:uart_ctrl_inst|baud_rate_gen:brg_inst|uart_tick ; 1.000        ; -0.001     ; 0.665      ;
; 0.366  ; uart_controller:uart_ctrl_inst|uart_tx:tx_inst|state.IDLE     ; uart_controller:uart_ctrl_inst|uart_tx:tx_inst|timeout_cnt[5] ; uart_controller:uart_ctrl_inst|baud_rate_gen:brg_inst|uart_tick ; uart_controller:uart_ctrl_inst|baud_rate_gen:brg_inst|uart_tick ; 1.000        ; -0.001     ; 0.665      ;
; 0.366  ; uart_controller:uart_ctrl_inst|uart_tx:tx_inst|state.IDLE     ; uart_controller:uart_ctrl_inst|uart_tx:tx_inst|timeout_cnt[6] ; uart_controller:uart_ctrl_inst|baud_rate_gen:brg_inst|uart_tick ; uart_controller:uart_ctrl_inst|baud_rate_gen:brg_inst|uart_tick ; 1.000        ; -0.001     ; 0.665      ;
; 0.366  ; uart_controller:uart_ctrl_inst|uart_tx:tx_inst|state.IDLE     ; uart_controller:uart_ctrl_inst|uart_tx:tx_inst|timeout_cnt[7] ; uart_controller:uart_ctrl_inst|baud_rate_gen:brg_inst|uart_tick ; uart_controller:uart_ctrl_inst|baud_rate_gen:brg_inst|uart_tick ; 1.000        ; -0.001     ; 0.665      ;
; 0.366  ; uart_controller:uart_ctrl_inst|uart_tx:tx_inst|timeout_cnt[3] ; uart_controller:uart_ctrl_inst|uart_tx:tx_inst|timeout_cnt[4] ; uart_controller:uart_ctrl_inst|baud_rate_gen:brg_inst|uart_tick ; uart_controller:uart_ctrl_inst|baud_rate_gen:brg_inst|uart_tick ; 1.000        ; 0.000      ; 0.666      ;
; 0.369  ; uart_controller:uart_ctrl_inst|uart_tx:tx_inst|timeout_cnt[1] ; uart_controller:uart_ctrl_inst|uart_tx:tx_inst|timeout_cnt[2] ; uart_controller:uart_ctrl_inst|baud_rate_gen:brg_inst|uart_tick ; uart_controller:uart_ctrl_inst|baud_rate_gen:brg_inst|uart_tick ; 1.000        ; 0.000      ; 0.663      ;
; 0.379  ; uart_rx_packet_new:packet_inst|LEDR[15]                       ; uart_controller:uart_ctrl_inst|uart_tx:tx_inst|state.START    ; CLOCK_50                                                        ; uart_controller:uart_ctrl_inst|baud_rate_gen:brg_inst|uart_tick ; 1.000        ; -0.250     ; 0.403      ;
; 0.380  ; uart_controller:uart_ctrl_inst|uart_tx:tx_inst|bit_cnt[1]     ; uart_controller:uart_ctrl_inst|uart_tx:tx_inst|state.STOP     ; uart_controller:uart_ctrl_inst|baud_rate_gen:brg_inst|uart_tick ; uart_controller:uart_ctrl_inst|baud_rate_gen:brg_inst|uart_tick ; 1.000        ; 0.000      ; 0.652      ;
; 0.382  ; uart_controller:uart_ctrl_inst|uart_tx:tx_inst|timeout_cnt[4] ; uart_controller:uart_ctrl_inst|uart_tx:tx_inst|timeout_cnt[5] ; uart_controller:uart_ctrl_inst|baud_rate_gen:brg_inst|uart_tick ; uart_controller:uart_ctrl_inst|baud_rate_gen:brg_inst|uart_tick ; 1.000        ; 0.000      ; 0.650      ;
; 0.384  ; uart_controller:uart_ctrl_inst|uart_tx:tx_inst|timeout_cnt[6] ; uart_controller:uart_ctrl_inst|uart_tx:tx_inst|timeout_cnt[7] ; uart_controller:uart_ctrl_inst|baud_rate_gen:brg_inst|uart_tick ; uart_controller:uart_ctrl_inst|baud_rate_gen:brg_inst|uart_tick ; 1.000        ; 0.000      ; 0.648      ;
; 0.391  ; uart_rx_packet_new:packet_inst|tx_data[0]                     ; uart_controller:uart_ctrl_inst|uart_tx:tx_inst|tx_reg[4]      ; CLOCK_50                                                        ; uart_controller:uart_ctrl_inst|baud_rate_gen:brg_inst|uart_tick ; 1.000        ; -0.250     ; 0.391      ;
+--------+---------------------------------------------------------------+---------------------------------------------------------------+-----------------------------------------------------------------+-----------------------------------------------------------------+--------------+------------+------------+


+--------------------------------------------------------------------------------------------------------------------------------------------------------------------------------------------------------------------------------------------------------------------------------+
; Fast Model Hold: 'CLOCK_50'                                                                                                                                                                                                                                                    ;
+-------+-----------------------------------------------------------------------+-----------------------------------------------------------------------+-----------------------------------------------------------------+-------------+--------------+------------+------------+
; Slack ; From Node                                                             ; To Node                                                               ; Launch Clock                                                    ; Latch Clock ; Relationship ; Clock Skew ; Data Delay ;
+-------+-----------------------------------------------------------------------+-----------------------------------------------------------------------+-----------------------------------------------------------------+-------------+--------------+------------+------------+
; 0.089 ; uart_controller:uart_ctrl_inst|uart_rx:rx_inst|data_out[5]            ; uart_rx_packet_new:packet_inst|crc_rec[5]                             ; uart_controller:uart_ctrl_inst|baud_rate_gen:brg_inst|ov_tick   ; CLOCK_50    ; 0.000        ; 0.249      ; 0.490      ;
; 0.161 ; uart_controller:uart_ctrl_inst|uart_rx:rx_inst|data_out[3]            ; uart_rx_packet_new:packet_inst|crc_rec[3]                             ; uart_controller:uart_ctrl_inst|baud_rate_gen:brg_inst|ov_tick   ; CLOCK_50    ; 0.000        ; 0.249      ; 0.562      ;
; 0.197 ; uart_controller:uart_ctrl_inst|uart_rx:rx_inst|data_out[2]            ; uart_rx_packet_new:packet_inst|crc[2]                                 ; uart_controller:uart_ctrl_inst|baud_rate_gen:brg_inst|ov_tick   ; CLOCK_50    ; 0.000        ; 0.249      ; 0.598      ;
; 0.198 ; uart_controller:uart_ctrl_inst|uart_rx:rx_inst|data_out[2]            ; uart_rx_packet_new:packet_inst|crc_rec[2]                             ; uart_controller:uart_ctrl_inst|baud_rate_gen:brg_inst|ov_tick   ; CLOCK_50    ; 0.000        ; 0.249      ; 0.599      ;
; 0.204 ; uart_controller:uart_ctrl_inst|uart_rx:rx_inst|data_out[3]            ; uart_rx_packet_new:packet_inst|crc[5]                                 ; uart_controller:uart_ctrl_inst|baud_rate_gen:brg_inst|ov_tick   ; CLOCK_50    ; 0.000        ; 0.249      ; 0.605      ;
; 0.211 ; uart_controller:uart_ctrl_inst|uart_rx:rx_inst|data_out[6]            ; uart_rx_packet_new:packet_inst|crc[6]                                 ; uart_controller:uart_ctrl_inst|baud_rate_gen:brg_inst|ov_tick   ; CLOCK_50    ; 0.000        ; 0.249      ; 0.612      ;
; 0.215 ; sram_packet_writer:sram_writer_inst|packet_cnt[0]                     ; sram_packet_writer:sram_writer_inst|packet_cnt[0]                     ; CLOCK_50                                                        ; CLOCK_50    ; 0.000        ; 0.000      ; 0.367      ;
; 0.215 ; sram_packet_writer:sram_writer_inst|current_state.FINISH              ; sram_packet_writer:sram_writer_inst|current_state.FINISH              ; CLOCK_50                                                        ; CLOCK_50    ; 0.000        ; 0.000      ; 0.367      ;
; 0.215 ; uart_controller:uart_ctrl_inst|baud_rate_gen:brg_inst|ov_counter[1]   ; uart_controller:uart_ctrl_inst|baud_rate_gen:brg_inst|ov_counter[1]   ; CLOCK_50                                                        ; CLOCK_50    ; 0.000        ; 0.000      ; 0.367      ;
; 0.215 ; uart_rx_packet_new:packet_inst|state.REC_CRC8                         ; uart_rx_packet_new:packet_inst|state.REC_CRC8                         ; CLOCK_50                                                        ; CLOCK_50    ; 0.000        ; 0.000      ; 0.367      ;
; 0.215 ; uart_rx_packet_new:packet_inst|byte_cnt[2]                            ; uart_rx_packet_new:packet_inst|byte_cnt[2]                            ; CLOCK_50                                                        ; CLOCK_50    ; 0.000        ; 0.000      ; 0.367      ;
; 0.215 ; uart_rx_packet_new:packet_inst|byte_cnt[3]                            ; uart_rx_packet_new:packet_inst|byte_cnt[3]                            ; CLOCK_50                                                        ; CLOCK_50    ; 0.000        ; 0.000      ; 0.367      ;
; 0.215 ; uart_rx_packet_new:packet_inst|byte_cnt[4]                            ; uart_rx_packet_new:packet_inst|byte_cnt[4]                            ; CLOCK_50                                                        ; CLOCK_50    ; 0.000        ; 0.000      ; 0.367      ;
; 0.215 ; uart_rx_packet_new:packet_inst|byte_cnt[5]                            ; uart_rx_packet_new:packet_inst|byte_cnt[5]                            ; CLOCK_50                                                        ; CLOCK_50    ; 0.000        ; 0.000      ; 0.367      ;
; 0.215 ; uart_rx_packet_new:packet_inst|byte_cnt[6]                            ; uart_rx_packet_new:packet_inst|byte_cnt[6]                            ; CLOCK_50                                                        ; CLOCK_50    ; 0.000        ; 0.000      ; 0.367      ;
; 0.215 ; uart_rx_packet_new:packet_inst|byte_cnt[7]                            ; uart_rx_packet_new:packet_inst|byte_cnt[7]                            ; CLOCK_50                                                        ; CLOCK_50    ; 0.000        ; 0.000      ; 0.367      ;
; 0.215 ; uart_rx_packet_new:packet_inst|state.DATA                             ; uart_rx_packet_new:packet_inst|state.DATA                             ; CLOCK_50                                                        ; CLOCK_50    ; 0.000        ; 0.000      ; 0.367      ;
; 0.215 ; uart_rx_packet_new:packet_inst|byte_cnt[0]                            ; uart_rx_packet_new:packet_inst|byte_cnt[0]                            ; CLOCK_50                                                        ; CLOCK_50    ; 0.000        ; 0.000      ; 0.367      ;
; 0.215 ; uart_rx_packet_new:packet_inst|byte_cnt[1]                            ; uart_rx_packet_new:packet_inst|byte_cnt[1]                            ; CLOCK_50                                                        ; CLOCK_50    ; 0.000        ; 0.000      ; 0.367      ;
; 0.215 ; uart_rx_packet_new:packet_inst|state.WAIT_SEND                        ; uart_rx_packet_new:packet_inst|state.WAIT_SEND                        ; CLOCK_50                                                        ; CLOCK_50    ; 0.000        ; 0.000      ; 0.367      ;
; 0.215 ; uart_rx_packet_new:packet_inst|crc[0]                                 ; uart_rx_packet_new:packet_inst|crc[0]                                 ; CLOCK_50                                                        ; CLOCK_50    ; 0.000        ; 0.000      ; 0.367      ;
; 0.215 ; uart_rx_packet_new:packet_inst|crc[2]                                 ; uart_rx_packet_new:packet_inst|crc[2]                                 ; CLOCK_50                                                        ; CLOCK_50    ; 0.000        ; 0.000      ; 0.367      ;
; 0.215 ; uart_rx_packet_new:packet_inst|crc[4]                                 ; uart_rx_packet_new:packet_inst|crc[4]                                 ; CLOCK_50                                                        ; CLOCK_50    ; 0.000        ; 0.000      ; 0.367      ;
; 0.215 ; uart_rx_packet_new:packet_inst|crc[6]                                 ; uart_rx_packet_new:packet_inst|crc[6]                                 ; CLOCK_50                                                        ; CLOCK_50    ; 0.000        ; 0.000      ; 0.367      ;
; 0.215 ; uart_rx_packet_new:packet_inst|state.NACK                             ; uart_rx_packet_new:packet_inst|state.NACK                             ; CLOCK_50                                                        ; CLOCK_50    ; 0.000        ; 0.000      ; 0.367      ;
; 0.215 ; uart_controller:uart_ctrl_inst|baud_rate_gen:brg_inst|uart_counter[0] ; uart_controller:uart_ctrl_inst|baud_rate_gen:brg_inst|uart_counter[0] ; CLOCK_50                                                        ; CLOCK_50    ; 0.000        ; 0.000      ; 0.367      ;
; 0.215 ; uart_controller:uart_ctrl_inst|baud_rate_gen:brg_inst|uart_counter[1] ; uart_controller:uart_ctrl_inst|baud_rate_gen:brg_inst|uart_counter[1] ; CLOCK_50                                                        ; CLOCK_50    ; 0.000        ; 0.000      ; 0.367      ;
; 0.215 ; uart_controller:uart_ctrl_inst|baud_rate_gen:brg_inst|uart_counter[2] ; uart_controller:uart_ctrl_inst|baud_rate_gen:brg_inst|uart_counter[2] ; CLOCK_50                                                        ; CLOCK_50    ; 0.000        ; 0.000      ; 0.367      ;
; 0.215 ; sram_packet_writer:sram_writer_inst|current_state.IDLE                ; sram_packet_writer:sram_writer_inst|current_state.IDLE                ; CLOCK_50                                                        ; CLOCK_50    ; 0.000        ; 0.000      ; 0.367      ;
; 0.215 ; packet_cnt[0]                                                         ; packet_cnt[0]                                                         ; CLOCK_50                                                        ; CLOCK_50    ; 0.000        ; 0.000      ; 0.367      ;
; 0.218 ; uart_controller:uart_ctrl_inst|uart_rx:rx_inst|data_out[4]            ; uart_rx_packet_new:packet_inst|crc[5]                                 ; uart_controller:uart_ctrl_inst|baud_rate_gen:brg_inst|ov_tick   ; CLOCK_50    ; 0.000        ; 0.249      ; 0.619      ;
; 0.221 ; uart_controller:uart_ctrl_inst|uart_rx:rx_inst|data_out[4]            ; uart_rx_packet_new:packet_inst|crc[6]                                 ; uart_controller:uart_ctrl_inst|baud_rate_gen:brg_inst|ov_tick   ; CLOCK_50    ; 0.000        ; 0.249      ; 0.622      ;
; 0.241 ; packet_cnt[11]                                                        ; packet_cnt[11]                                                        ; CLOCK_50                                                        ; CLOCK_50    ; 0.000        ; 0.000      ; 0.393      ;
; 0.243 ; uart_rx_packet_new:packet_inst|timeout_cnt[31]                        ; uart_rx_packet_new:packet_inst|timeout_cnt[31]                        ; CLOCK_50                                                        ; CLOCK_50    ; 0.000        ; 0.000      ; 0.395      ;
; 0.249 ; uart_rx_packet_new:packet_inst|LEDR[16]                               ; packet_valid_d                                                        ; CLOCK_50                                                        ; CLOCK_50    ; 0.000        ; 0.000      ; 0.401      ;
; 0.252 ; uart_rx_packet_new:packet_inst|LEDR[16]                               ; packet_cnt[0]                                                         ; CLOCK_50                                                        ; CLOCK_50    ; 0.000        ; 0.000      ; 0.404      ;
; 0.277 ; uart_controller:uart_ctrl_inst|uart_rx:rx_inst|data_out[6]            ; uart_rx_packet_new:packet_inst|crc_rec[6]                             ; uart_controller:uart_ctrl_inst|baud_rate_gen:brg_inst|ov_tick   ; CLOCK_50    ; 0.000        ; 0.249      ; 0.678      ;
; 0.284 ; uart_controller:uart_ctrl_inst|uart_rx:rx_inst|data_out[7]            ; uart_rx_packet_new:packet_inst|crc_rec[7]                             ; uart_controller:uart_ctrl_inst|baud_rate_gen:brg_inst|ov_tick   ; CLOCK_50    ; 0.000        ; 0.249      ; 0.685      ;
; 0.319 ; uart_controller:uart_ctrl_inst|baud_rate_gen:brg_inst|uart_counter[1] ; uart_controller:uart_ctrl_inst|baud_rate_gen:brg_inst|uart_tick       ; CLOCK_50                                                        ; CLOCK_50    ; 0.000        ; 0.000      ; 0.471      ;
; 0.319 ; uart_controller:uart_ctrl_inst|uart_tx:tx_inst|state.IDLE             ; uart_rx_packet_new:packet_inst|state.CLEAR_IDLE                       ; uart_controller:uart_ctrl_inst|baud_rate_gen:brg_inst|uart_tick ; CLOCK_50    ; 0.000        ; 0.252      ; 0.723      ;
; 0.319 ; uart_controller:uart_ctrl_inst|uart_rx:rx_inst|data_out[0]            ; uart_rx_packet_new:packet_inst|crc_rec[0]                             ; uart_controller:uart_ctrl_inst|baud_rate_gen:brg_inst|ov_tick   ; CLOCK_50    ; 0.000        ; 0.249      ; 0.720      ;
; 0.324 ; uart_controller:uart_ctrl_inst|uart_tx:tx_inst|state.IDLE             ; uart_rx_packet_new:packet_inst|state.NACK                             ; uart_controller:uart_ctrl_inst|baud_rate_gen:brg_inst|uart_tick ; CLOCK_50    ; 0.000        ; 0.255      ; 0.731      ;
; 0.326 ; sram_packet_writer:sram_writer_inst|word_index[4]                     ; sram_packet_writer:sram_writer_inst|addr_latch[4]                     ; CLOCK_50                                                        ; CLOCK_50    ; 0.000        ; -0.002     ; 0.476      ;
; 0.331 ; sram_packet_writer:sram_writer_inst|current_state.WRITE_DATA_2        ; sram_packet_writer:sram_writer_inst|current_state.SRAM_WRITE          ; CLOCK_50                                                        ; CLOCK_50    ; 0.000        ; 0.000      ; 0.483      ;
; 0.331 ; uart_controller:uart_ctrl_inst|uart_tx:tx_inst|state.IDLE             ; uart_rx_packet_new:packet_inst|state.WAIT_SEND                        ; uart_controller:uart_ctrl_inst|baud_rate_gen:brg_inst|uart_tick ; CLOCK_50    ; 0.000        ; 0.255      ; 0.738      ;
; 0.351 ; uart_controller:uart_ctrl_inst|uart_rx:rx_inst|data_out[5]            ; uart_rx_packet_new:packet_inst|crc[7]                                 ; uart_controller:uart_ctrl_inst|baud_rate_gen:brg_inst|ov_tick   ; CLOCK_50    ; 0.000        ; 0.249      ; 0.752      ;
; 0.355 ; uart_rx_packet_new:packet_inst|timeout_cnt[0]                         ; uart_rx_packet_new:packet_inst|timeout_cnt[0]                         ; CLOCK_50                                                        ; CLOCK_50    ; 0.000        ; 0.000      ; 0.507      ;
; 0.355 ; uart_rx_packet_new:packet_inst|timeout_cnt[16]                        ; uart_rx_packet_new:packet_inst|timeout_cnt[16]                        ; CLOCK_50                                                        ; CLOCK_50    ; 0.000        ; 0.000      ; 0.507      ;
; 0.358 ; packet_cnt[4]                                                         ; packet_cnt[4]                                                         ; CLOCK_50                                                        ; CLOCK_50    ; 0.000        ; 0.000      ; 0.510      ;
; 0.358 ; packet_cnt[6]                                                         ; packet_cnt[6]                                                         ; CLOCK_50                                                        ; CLOCK_50    ; 0.000        ; 0.000      ; 0.510      ;
; 0.358 ; packet_cnt[8]                                                         ; packet_cnt[8]                                                         ; CLOCK_50                                                        ; CLOCK_50    ; 0.000        ; 0.000      ; 0.510      ;
; 0.358 ; packet_cnt[10]                                                        ; packet_cnt[10]                                                        ; CLOCK_50                                                        ; CLOCK_50    ; 0.000        ; 0.000      ; 0.510      ;
; 0.359 ; uart_rx_packet_new:packet_inst|timeout_cnt[1]                         ; uart_rx_packet_new:packet_inst|timeout_cnt[1]                         ; CLOCK_50                                                        ; CLOCK_50    ; 0.000        ; 0.000      ; 0.511      ;
; 0.359 ; uart_rx_packet_new:packet_inst|timeout_cnt[17]                        ; uart_rx_packet_new:packet_inst|timeout_cnt[17]                        ; CLOCK_50                                                        ; CLOCK_50    ; 0.000        ; 0.000      ; 0.511      ;
; 0.360 ; uart_controller:uart_ctrl_inst|baud_rate_gen:brg_inst|ov_counter[0]   ; uart_controller:uart_ctrl_inst|baud_rate_gen:brg_inst|ov_counter[0]   ; CLOCK_50                                                        ; CLOCK_50    ; 0.000        ; 0.000      ; 0.512      ;
; 0.360 ; uart_rx_packet_new:packet_inst|timeout_cnt[2]                         ; uart_rx_packet_new:packet_inst|timeout_cnt[2]                         ; CLOCK_50                                                        ; CLOCK_50    ; 0.000        ; 0.000      ; 0.512      ;
; 0.360 ; uart_rx_packet_new:packet_inst|timeout_cnt[9]                         ; uart_rx_packet_new:packet_inst|timeout_cnt[9]                         ; CLOCK_50                                                        ; CLOCK_50    ; 0.000        ; 0.000      ; 0.512      ;
; 0.360 ; uart_rx_packet_new:packet_inst|timeout_cnt[11]                        ; uart_rx_packet_new:packet_inst|timeout_cnt[11]                        ; CLOCK_50                                                        ; CLOCK_50    ; 0.000        ; 0.000      ; 0.512      ;
; 0.360 ; uart_rx_packet_new:packet_inst|timeout_cnt[18]                        ; uart_rx_packet_new:packet_inst|timeout_cnt[18]                        ; CLOCK_50                                                        ; CLOCK_50    ; 0.000        ; 0.000      ; 0.512      ;
; 0.360 ; uart_rx_packet_new:packet_inst|timeout_cnt[25]                        ; uart_rx_packet_new:packet_inst|timeout_cnt[25]                        ; CLOCK_50                                                        ; CLOCK_50    ; 0.000        ; 0.000      ; 0.512      ;
; 0.360 ; uart_rx_packet_new:packet_inst|timeout_cnt[27]                        ; uart_rx_packet_new:packet_inst|timeout_cnt[27]                        ; CLOCK_50                                                        ; CLOCK_50    ; 0.000        ; 0.000      ; 0.512      ;
; 0.361 ; uart_rx_packet_new:packet_inst|timeout_cnt[4]                         ; uart_rx_packet_new:packet_inst|timeout_cnt[4]                         ; CLOCK_50                                                        ; CLOCK_50    ; 0.000        ; 0.000      ; 0.513      ;
; 0.361 ; uart_rx_packet_new:packet_inst|timeout_cnt[7]                         ; uart_rx_packet_new:packet_inst|timeout_cnt[7]                         ; CLOCK_50                                                        ; CLOCK_50    ; 0.000        ; 0.000      ; 0.513      ;
; 0.361 ; uart_rx_packet_new:packet_inst|timeout_cnt[13]                        ; uart_rx_packet_new:packet_inst|timeout_cnt[13]                        ; CLOCK_50                                                        ; CLOCK_50    ; 0.000        ; 0.000      ; 0.513      ;
; 0.361 ; uart_rx_packet_new:packet_inst|timeout_cnt[14]                        ; uart_rx_packet_new:packet_inst|timeout_cnt[14]                        ; CLOCK_50                                                        ; CLOCK_50    ; 0.000        ; 0.000      ; 0.513      ;
; 0.361 ; uart_rx_packet_new:packet_inst|timeout_cnt[15]                        ; uart_rx_packet_new:packet_inst|timeout_cnt[15]                        ; CLOCK_50                                                        ; CLOCK_50    ; 0.000        ; 0.000      ; 0.513      ;
; 0.361 ; uart_rx_packet_new:packet_inst|timeout_cnt[20]                        ; uart_rx_packet_new:packet_inst|timeout_cnt[20]                        ; CLOCK_50                                                        ; CLOCK_50    ; 0.000        ; 0.000      ; 0.513      ;
; 0.361 ; uart_rx_packet_new:packet_inst|timeout_cnt[23]                        ; uart_rx_packet_new:packet_inst|timeout_cnt[23]                        ; CLOCK_50                                                        ; CLOCK_50    ; 0.000        ; 0.000      ; 0.513      ;
; 0.361 ; uart_rx_packet_new:packet_inst|timeout_cnt[29]                        ; uart_rx_packet_new:packet_inst|timeout_cnt[29]                        ; CLOCK_50                                                        ; CLOCK_50    ; 0.000        ; 0.000      ; 0.513      ;
; 0.361 ; uart_rx_packet_new:packet_inst|timeout_cnt[30]                        ; uart_rx_packet_new:packet_inst|timeout_cnt[30]                        ; CLOCK_50                                                        ; CLOCK_50    ; 0.000        ; 0.000      ; 0.513      ;
; 0.361 ; packet_cnt[1]                                                         ; packet_cnt[1]                                                         ; CLOCK_50                                                        ; CLOCK_50    ; 0.000        ; 0.000      ; 0.513      ;
; 0.362 ; sram_packet_writer:sram_writer_inst|packet_cnt[8]                     ; sram_packet_writer:sram_writer_inst|packet_cnt[8]                     ; CLOCK_50                                                        ; CLOCK_50    ; 0.000        ; 0.000      ; 0.514      ;
; 0.364 ; sram_packet_writer:sram_writer_inst|word_index[4]                     ; sram_packet_writer:sram_writer_inst|word_index[4]                     ; CLOCK_50                                                        ; CLOCK_50    ; 0.000        ; 0.000      ; 0.516      ;
; 0.365 ; sram_packet_writer:sram_writer_inst|word_index[6]                     ; sram_packet_writer:sram_writer_inst|word_index[6]                     ; CLOCK_50                                                        ; CLOCK_50    ; 0.000        ; 0.000      ; 0.517      ;
; 0.366 ; sram_packet_writer:sram_writer_inst|current_state.UPDATE              ; sram_packet_writer:sram_writer_inst|packet_pd_address_latch[2]        ; CLOCK_50                                                        ; CLOCK_50    ; 0.000        ; 0.000      ; 0.518      ;
; 0.366 ; sram_packet_writer:sram_writer_inst|word_index[2]                     ; sram_packet_writer:sram_writer_inst|word_index[2]                     ; CLOCK_50                                                        ; CLOCK_50    ; 0.000        ; 0.000      ; 0.518      ;
; 0.368 ; sram_packet_writer:sram_writer_inst|packet_cnt[0]                     ; sram_packet_writer:sram_writer_inst|packet_cnt[1]                     ; CLOCK_50                                                        ; CLOCK_50    ; 0.000        ; 0.000      ; 0.520      ;
; 0.368 ; sram_packet_writer:sram_writer_inst|packet_cnt[3]                     ; sram_packet_writer:sram_writer_inst|packet_cnt[3]                     ; CLOCK_50                                                        ; CLOCK_50    ; 0.000        ; 0.000      ; 0.520      ;
; 0.368 ; sram_packet_writer:sram_writer_inst|packet_cnt[6]                     ; sram_packet_writer:sram_writer_inst|packet_cnt[6]                     ; CLOCK_50                                                        ; CLOCK_50    ; 0.000        ; 0.000      ; 0.520      ;
; 0.368 ; sram_packet_writer:sram_writer_inst|current_state.SRAM_WRITE          ; sram_packet_writer:sram_writer_inst|current_state.WRITE_DATA_1        ; CLOCK_50                                                        ; CLOCK_50    ; 0.000        ; 0.000      ; 0.520      ;
; 0.369 ; packet_cnt[2]                                                         ; packet_cnt[2]                                                         ; CLOCK_50                                                        ; CLOCK_50    ; 0.000        ; 0.000      ; 0.521      ;
; 0.369 ; packet_cnt[3]                                                         ; packet_cnt[3]                                                         ; CLOCK_50                                                        ; CLOCK_50    ; 0.000        ; 0.000      ; 0.521      ;
; 0.370 ; uart_controller:uart_ctrl_inst|uart_rx:rx_inst|data_out[2]            ; uart_rx_packet_new:packet_inst|crc[4]                                 ; uart_controller:uart_ctrl_inst|baud_rate_gen:brg_inst|ov_tick   ; CLOCK_50    ; 0.000        ; 0.249      ; 0.771      ;
; 0.371 ; uart_rx_packet_new:packet_inst|timeout_cnt[3]                         ; uart_rx_packet_new:packet_inst|timeout_cnt[3]                         ; CLOCK_50                                                        ; CLOCK_50    ; 0.000        ; 0.000      ; 0.523      ;
; 0.371 ; uart_rx_packet_new:packet_inst|timeout_cnt[8]                         ; uart_rx_packet_new:packet_inst|timeout_cnt[8]                         ; CLOCK_50                                                        ; CLOCK_50    ; 0.000        ; 0.000      ; 0.523      ;
; 0.371 ; uart_rx_packet_new:packet_inst|timeout_cnt[10]                        ; uart_rx_packet_new:packet_inst|timeout_cnt[10]                        ; CLOCK_50                                                        ; CLOCK_50    ; 0.000        ; 0.000      ; 0.523      ;
; 0.371 ; uart_rx_packet_new:packet_inst|timeout_cnt[19]                        ; uart_rx_packet_new:packet_inst|timeout_cnt[19]                        ; CLOCK_50                                                        ; CLOCK_50    ; 0.000        ; 0.000      ; 0.523      ;
; 0.371 ; uart_rx_packet_new:packet_inst|timeout_cnt[24]                        ; uart_rx_packet_new:packet_inst|timeout_cnt[24]                        ; CLOCK_50                                                        ; CLOCK_50    ; 0.000        ; 0.000      ; 0.523      ;
; 0.371 ; uart_rx_packet_new:packet_inst|timeout_cnt[26]                        ; uart_rx_packet_new:packet_inst|timeout_cnt[26]                        ; CLOCK_50                                                        ; CLOCK_50    ; 0.000        ; 0.000      ; 0.523      ;
; 0.371 ; packet_cnt[5]                                                         ; packet_cnt[5]                                                         ; CLOCK_50                                                        ; CLOCK_50    ; 0.000        ; 0.000      ; 0.523      ;
; 0.371 ; packet_cnt[7]                                                         ; packet_cnt[7]                                                         ; CLOCK_50                                                        ; CLOCK_50    ; 0.000        ; 0.000      ; 0.523      ;
; 0.372 ; uart_rx_packet_new:packet_inst|timeout_cnt[5]                         ; uart_rx_packet_new:packet_inst|timeout_cnt[5]                         ; CLOCK_50                                                        ; CLOCK_50    ; 0.000        ; 0.000      ; 0.524      ;
; 0.372 ; uart_rx_packet_new:packet_inst|timeout_cnt[6]                         ; uart_rx_packet_new:packet_inst|timeout_cnt[6]                         ; CLOCK_50                                                        ; CLOCK_50    ; 0.000        ; 0.000      ; 0.524      ;
; 0.372 ; uart_rx_packet_new:packet_inst|timeout_cnt[12]                        ; uart_rx_packet_new:packet_inst|timeout_cnt[12]                        ; CLOCK_50                                                        ; CLOCK_50    ; 0.000        ; 0.000      ; 0.524      ;
; 0.372 ; uart_rx_packet_new:packet_inst|timeout_cnt[21]                        ; uart_rx_packet_new:packet_inst|timeout_cnt[21]                        ; CLOCK_50                                                        ; CLOCK_50    ; 0.000        ; 0.000      ; 0.524      ;
; 0.372 ; uart_rx_packet_new:packet_inst|timeout_cnt[22]                        ; uart_rx_packet_new:packet_inst|timeout_cnt[22]                        ; CLOCK_50                                                        ; CLOCK_50    ; 0.000        ; 0.000      ; 0.524      ;
; 0.372 ; uart_rx_packet_new:packet_inst|timeout_cnt[28]                        ; uart_rx_packet_new:packet_inst|timeout_cnt[28]                        ; CLOCK_50                                                        ; CLOCK_50    ; 0.000        ; 0.000      ; 0.524      ;
; 0.372 ; packet_cnt[9]                                                         ; packet_cnt[9]                                                         ; CLOCK_50                                                        ; CLOCK_50    ; 0.000        ; 0.000      ; 0.524      ;
; 0.372 ; uart_controller:uart_ctrl_inst|baud_rate_gen:brg_inst|uart_counter[0] ; uart_controller:uart_ctrl_inst|baud_rate_gen:brg_inst|uart_counter[1] ; CLOCK_50                                                        ; CLOCK_50    ; 0.000        ; 0.000      ; 0.524      ;
; 0.372 ; uart_controller:uart_ctrl_inst|baud_rate_gen:brg_inst|uart_counter[1] ; uart_controller:uart_ctrl_inst|baud_rate_gen:brg_inst|uart_counter[2] ; CLOCK_50                                                        ; CLOCK_50    ; 0.000        ; 0.000      ; 0.524      ;
+-------+-----------------------------------------------------------------------+-----------------------------------------------------------------------+-----------------------------------------------------------------+-------------+--------------+------------+------------+


+----------------------------------------------------------------------------------------------------------------------------------------------------------------------------------------------------------------------------------------------------------------------------------------------------------------------------+
; Fast Model Hold: 'uart_controller:uart_ctrl_inst|baud_rate_gen:brg_inst|ov_tick'                                                                                                                                                                                                                                           ;
+-------+---------------------------------------------------------------------+---------------------------------------------------------------------+---------------------------------------------------------------+---------------------------------------------------------------+--------------+------------+------------+
; Slack ; From Node                                                           ; To Node                                                             ; Launch Clock                                                  ; Latch Clock                                                   ; Relationship ; Clock Skew ; Data Delay ;
+-------+---------------------------------------------------------------------+---------------------------------------------------------------------+---------------------------------------------------------------+---------------------------------------------------------------+--------------+------------+------------+
; 0.215 ; uart_controller:uart_ctrl_inst|uart_rx:rx_inst|tick_cnt[1]          ; uart_controller:uart_ctrl_inst|uart_rx:rx_inst|tick_cnt[1]          ; uart_controller:uart_ctrl_inst|baud_rate_gen:brg_inst|ov_tick ; uart_controller:uart_ctrl_inst|baud_rate_gen:brg_inst|ov_tick ; 0.000        ; 0.000      ; 0.367      ;
; 0.215 ; uart_controller:uart_ctrl_inst|uart_rx:rx_inst|bit_cnt[0]           ; uart_controller:uart_ctrl_inst|uart_rx:rx_inst|bit_cnt[0]           ; uart_controller:uart_ctrl_inst|baud_rate_gen:brg_inst|ov_tick ; uart_controller:uart_ctrl_inst|baud_rate_gen:brg_inst|ov_tick ; 0.000        ; 0.000      ; 0.367      ;
; 0.215 ; uart_controller:uart_ctrl_inst|uart_rx:rx_inst|bit_cnt[1]           ; uart_controller:uart_ctrl_inst|uart_rx:rx_inst|bit_cnt[1]           ; uart_controller:uart_ctrl_inst|baud_rate_gen:brg_inst|ov_tick ; uart_controller:uart_ctrl_inst|baud_rate_gen:brg_inst|ov_tick ; 0.000        ; 0.000      ; 0.367      ;
; 0.215 ; uart_controller:uart_ctrl_inst|uart_rx:rx_inst|tick_cnt[0]          ; uart_controller:uart_ctrl_inst|uart_rx:rx_inst|tick_cnt[0]          ; uart_controller:uart_ctrl_inst|baud_rate_gen:brg_inst|ov_tick ; uart_controller:uart_ctrl_inst|baud_rate_gen:brg_inst|ov_tick ; 0.000        ; 0.000      ; 0.367      ;
; 0.215 ; uart_controller:uart_ctrl_inst|uart_rx:rx_inst|samples[1]           ; uart_controller:uart_ctrl_inst|uart_rx:rx_inst|samples[1]           ; uart_controller:uart_ctrl_inst|baud_rate_gen:brg_inst|ov_tick ; uart_controller:uart_ctrl_inst|baud_rate_gen:brg_inst|ov_tick ; 0.000        ; 0.000      ; 0.367      ;
; 0.215 ; uart_controller:uart_ctrl_inst|uart_rx:rx_inst|samples[0]           ; uart_controller:uart_ctrl_inst|uart_rx:rx_inst|samples[0]           ; uart_controller:uart_ctrl_inst|baud_rate_gen:brg_inst|ov_tick ; uart_controller:uart_ctrl_inst|baud_rate_gen:brg_inst|ov_tick ; 0.000        ; 0.000      ; 0.367      ;
; 0.215 ; uart_controller:uart_ctrl_inst|uart_rx:rx_inst|samples[2]           ; uart_controller:uart_ctrl_inst|uart_rx:rx_inst|samples[2]           ; uart_controller:uart_ctrl_inst|baud_rate_gen:brg_inst|ov_tick ; uart_controller:uart_ctrl_inst|baud_rate_gen:brg_inst|ov_tick ; 0.000        ; 0.000      ; 0.367      ;
; 0.241 ; uart_controller:uart_ctrl_inst|uart_rx:rx_inst|rx_reg[4]            ; uart_controller:uart_ctrl_inst|uart_rx:rx_inst|rx_reg[3]            ; uart_controller:uart_ctrl_inst|baud_rate_gen:brg_inst|ov_tick ; uart_controller:uart_ctrl_inst|baud_rate_gen:brg_inst|ov_tick ; 0.000        ; 0.000      ; 0.393      ;
; 0.242 ; uart_controller:uart_ctrl_inst|uart_rx:rx_inst|rx_reg[3]            ; uart_controller:uart_ctrl_inst|uart_rx:rx_inst|rx_reg[2]            ; uart_controller:uart_ctrl_inst|baud_rate_gen:brg_inst|ov_tick ; uart_controller:uart_ctrl_inst|baud_rate_gen:brg_inst|ov_tick ; 0.000        ; 0.000      ; 0.394      ;
; 0.243 ; uart_controller:uart_ctrl_inst|uart_rx:rx_inst|samples[1]           ; uart_controller:uart_ctrl_inst|uart_rx:rx_inst|rx_reg[7]            ; uart_controller:uart_ctrl_inst|baud_rate_gen:brg_inst|ov_tick ; uart_controller:uart_ctrl_inst|baud_rate_gen:brg_inst|ov_tick ; 0.000        ; 0.000      ; 0.395      ;
; 0.243 ; uart_controller:uart_ctrl_inst|uart_rx:rx_inst|rx_reg[1]            ; uart_controller:uart_ctrl_inst|uart_rx:rx_inst|rx_reg[0]            ; uart_controller:uart_ctrl_inst|baud_rate_gen:brg_inst|ov_tick ; uart_controller:uart_ctrl_inst|baud_rate_gen:brg_inst|ov_tick ; 0.000        ; 0.000      ; 0.395      ;
; 0.254 ; uart_controller:uart_ctrl_inst|uart_rx:rx_inst|valid_timeout_cnt[7] ; uart_controller:uart_ctrl_inst|uart_rx:rx_inst|valid_timeout_cnt[7] ; uart_controller:uart_ctrl_inst|baud_rate_gen:brg_inst|ov_tick ; uart_controller:uart_ctrl_inst|baud_rate_gen:brg_inst|ov_tick ; 0.000        ; 0.000      ; 0.406      ;
; 0.258 ; uart_controller:uart_ctrl_inst|uart_rx:rx_inst|valid_timeout_cnt[6] ; uart_controller:uart_ctrl_inst|uart_rx:rx_inst|rx_valid             ; uart_controller:uart_ctrl_inst|baud_rate_gen:brg_inst|ov_tick ; uart_controller:uart_ctrl_inst|baud_rate_gen:brg_inst|ov_tick ; 0.000        ; 0.000      ; 0.410      ;
; 0.291 ; uart_controller:uart_ctrl_inst|uart_rx:rx_inst|samples[0]           ; uart_controller:uart_ctrl_inst|uart_rx:rx_inst|rx_reg[7]            ; uart_controller:uart_ctrl_inst|baud_rate_gen:brg_inst|ov_tick ; uart_controller:uart_ctrl_inst|baud_rate_gen:brg_inst|ov_tick ; 0.000        ; 0.000      ; 0.443      ;
; 0.328 ; uart_controller:uart_ctrl_inst|uart_rx:rx_inst|rx_reg[6]            ; uart_controller:uart_ctrl_inst|uart_rx:rx_inst|rx_reg[5]            ; uart_controller:uart_ctrl_inst|baud_rate_gen:brg_inst|ov_tick ; uart_controller:uart_ctrl_inst|baud_rate_gen:brg_inst|ov_tick ; 0.000        ; 0.000      ; 0.480      ;
; 0.328 ; uart_controller:uart_ctrl_inst|uart_rx:rx_inst|rx_reg[2]            ; uart_controller:uart_ctrl_inst|uart_rx:rx_inst|rx_reg[1]            ; uart_controller:uart_ctrl_inst|baud_rate_gen:brg_inst|ov_tick ; uart_controller:uart_ctrl_inst|baud_rate_gen:brg_inst|ov_tick ; 0.000        ; 0.000      ; 0.480      ;
; 0.330 ; uart_controller:uart_ctrl_inst|uart_rx:rx_inst|rx_reg[7]            ; uart_controller:uart_ctrl_inst|uart_rx:rx_inst|rx_reg[6]            ; uart_controller:uart_ctrl_inst|baud_rate_gen:brg_inst|ov_tick ; uart_controller:uart_ctrl_inst|baud_rate_gen:brg_inst|ov_tick ; 0.000        ; 0.000      ; 0.482      ;
; 0.340 ; uart_controller:uart_ctrl_inst|uart_rx:rx_inst|state.DATA           ; uart_controller:uart_ctrl_inst|uart_rx:rx_inst|state.STOP           ; uart_controller:uart_ctrl_inst|baud_rate_gen:brg_inst|ov_tick ; uart_controller:uart_ctrl_inst|baud_rate_gen:brg_inst|ov_tick ; 0.000        ; 0.000      ; 0.492      ;
; 0.356 ; uart_controller:uart_ctrl_inst|uart_rx:rx_inst|samples[2]           ; uart_controller:uart_ctrl_inst|uart_rx:rx_inst|rx_reg[7]            ; uart_controller:uart_ctrl_inst|baud_rate_gen:brg_inst|ov_tick ; uart_controller:uart_ctrl_inst|baud_rate_gen:brg_inst|ov_tick ; 0.000        ; 0.000      ; 0.508      ;
; 0.358 ; uart_controller:uart_ctrl_inst|uart_rx:rx_inst|valid_timeout_cnt[1] ; uart_controller:uart_ctrl_inst|uart_rx:rx_inst|valid_timeout_cnt[1] ; uart_controller:uart_ctrl_inst|baud_rate_gen:brg_inst|ov_tick ; uart_controller:uart_ctrl_inst|baud_rate_gen:brg_inst|ov_tick ; 0.000        ; 0.000      ; 0.510      ;
; 0.360 ; uart_controller:uart_ctrl_inst|uart_rx:rx_inst|valid_timeout_cnt[3] ; uart_controller:uart_ctrl_inst|uart_rx:rx_inst|valid_timeout_cnt[3] ; uart_controller:uart_ctrl_inst|baud_rate_gen:brg_inst|ov_tick ; uart_controller:uart_ctrl_inst|baud_rate_gen:brg_inst|ov_tick ; 0.000        ; 0.000      ; 0.512      ;
; 0.365 ; uart_controller:uart_ctrl_inst|uart_rx:rx_inst|bit_cnt[0]           ; uart_controller:uart_ctrl_inst|uart_rx:rx_inst|bit_cnt[1]           ; uart_controller:uart_ctrl_inst|baud_rate_gen:brg_inst|ov_tick ; uart_controller:uart_ctrl_inst|baud_rate_gen:brg_inst|ov_tick ; 0.000        ; 0.000      ; 0.517      ;
; 0.369 ; uart_controller:uart_ctrl_inst|uart_rx:rx_inst|valid_timeout_cnt[5] ; uart_controller:uart_ctrl_inst|uart_rx:rx_inst|valid_timeout_cnt[5] ; uart_controller:uart_ctrl_inst|baud_rate_gen:brg_inst|ov_tick ; uart_controller:uart_ctrl_inst|baud_rate_gen:brg_inst|ov_tick ; 0.000        ; 0.000      ; 0.521      ;
; 0.371 ; uart_controller:uart_ctrl_inst|uart_rx:rx_inst|valid_timeout_cnt[6] ; uart_controller:uart_ctrl_inst|uart_rx:rx_inst|valid_timeout_cnt[6] ; uart_controller:uart_ctrl_inst|baud_rate_gen:brg_inst|ov_tick ; uart_controller:uart_ctrl_inst|baud_rate_gen:brg_inst|ov_tick ; 0.000        ; 0.000      ; 0.523      ;
; 0.373 ; uart_controller:uart_ctrl_inst|uart_rx:rx_inst|valid_timeout_cnt[0] ; uart_controller:uart_ctrl_inst|uart_rx:rx_inst|valid_timeout_cnt[0] ; uart_controller:uart_ctrl_inst|baud_rate_gen:brg_inst|ov_tick ; uart_controller:uart_ctrl_inst|baud_rate_gen:brg_inst|ov_tick ; 0.000        ; 0.000      ; 0.525      ;
; 0.376 ; uart_controller:uart_ctrl_inst|uart_rx:rx_inst|valid_timeout_cnt[2] ; uart_controller:uart_ctrl_inst|uart_rx:rx_inst|valid_timeout_cnt[2] ; uart_controller:uart_ctrl_inst|baud_rate_gen:brg_inst|ov_tick ; uart_controller:uart_ctrl_inst|baud_rate_gen:brg_inst|ov_tick ; 0.000        ; 0.000      ; 0.528      ;
; 0.376 ; uart_controller:uart_ctrl_inst|uart_rx:rx_inst|valid_timeout_cnt[4] ; uart_controller:uart_ctrl_inst|uart_rx:rx_inst|valid_timeout_cnt[4] ; uart_controller:uart_ctrl_inst|baud_rate_gen:brg_inst|ov_tick ; uart_controller:uart_ctrl_inst|baud_rate_gen:brg_inst|ov_tick ; 0.000        ; 0.000      ; 0.528      ;
; 0.414 ; uart_controller:uart_ctrl_inst|uart_rx:rx_inst|rx_reg[3]            ; uart_controller:uart_ctrl_inst|uart_rx:rx_inst|data_out[3]          ; uart_controller:uart_ctrl_inst|baud_rate_gen:brg_inst|ov_tick ; uart_controller:uart_ctrl_inst|baud_rate_gen:brg_inst|ov_tick ; 0.000        ; -0.001     ; 0.565      ;
; 0.415 ; uart_controller:uart_ctrl_inst|uart_rx:rx_inst|rx_reg[2]            ; uart_controller:uart_ctrl_inst|uart_rx:rx_inst|data_out[2]          ; uart_controller:uart_ctrl_inst|baud_rate_gen:brg_inst|ov_tick ; uart_controller:uart_ctrl_inst|baud_rate_gen:brg_inst|ov_tick ; 0.000        ; -0.001     ; 0.566      ;
; 0.416 ; uart_controller:uart_ctrl_inst|uart_rx:rx_inst|rx_reg[1]            ; uart_controller:uart_ctrl_inst|uart_rx:rx_inst|data_out[1]          ; uart_controller:uart_ctrl_inst|baud_rate_gen:brg_inst|ov_tick ; uart_controller:uart_ctrl_inst|baud_rate_gen:brg_inst|ov_tick ; 0.000        ; -0.001     ; 0.567      ;
; 0.416 ; uart_controller:uart_ctrl_inst|uart_rx:rx_inst|rx_reg[6]            ; uart_controller:uart_ctrl_inst|uart_rx:rx_inst|data_out[6]          ; uart_controller:uart_ctrl_inst|baud_rate_gen:brg_inst|ov_tick ; uart_controller:uart_ctrl_inst|baud_rate_gen:brg_inst|ov_tick ; 0.000        ; -0.001     ; 0.567      ;
; 0.419 ; uart_controller:uart_ctrl_inst|uart_rx:rx_inst|rx_reg[4]            ; uart_controller:uart_ctrl_inst|uart_rx:rx_inst|data_out[4]          ; uart_controller:uart_ctrl_inst|baud_rate_gen:brg_inst|ov_tick ; uart_controller:uart_ctrl_inst|baud_rate_gen:brg_inst|ov_tick ; 0.000        ; -0.001     ; 0.570      ;
; 0.440 ; uart_controller:uart_ctrl_inst|uart_rx:rx_inst|rx_reg[5]            ; uart_controller:uart_ctrl_inst|uart_rx:rx_inst|rx_reg[4]            ; uart_controller:uart_ctrl_inst|baud_rate_gen:brg_inst|ov_tick ; uart_controller:uart_ctrl_inst|baud_rate_gen:brg_inst|ov_tick ; 0.000        ; 0.000      ; 0.592      ;
; 0.440 ; uart_controller:uart_ctrl_inst|uart_rx:rx_inst|state.IDLE           ; uart_controller:uart_ctrl_inst|uart_rx:rx_inst|tick_cnt[1]          ; uart_controller:uart_ctrl_inst|baud_rate_gen:brg_inst|ov_tick ; uart_controller:uart_ctrl_inst|baud_rate_gen:brg_inst|ov_tick ; 0.000        ; 0.000      ; 0.592      ;
; 0.441 ; uart_controller:uart_ctrl_inst|uart_rx:rx_inst|state.STOP           ; uart_controller:uart_ctrl_inst|uart_rx:rx_inst|tick_cnt[2]          ; uart_controller:uart_ctrl_inst|baud_rate_gen:brg_inst|ov_tick ; uart_controller:uart_ctrl_inst|baud_rate_gen:brg_inst|ov_tick ; 0.000        ; 0.000      ; 0.593      ;
; 0.441 ; uart_controller:uart_ctrl_inst|uart_rx:rx_inst|state.IDLE           ; uart_controller:uart_ctrl_inst|uart_rx:rx_inst|tick_cnt[0]          ; uart_controller:uart_ctrl_inst|baud_rate_gen:brg_inst|ov_tick ; uart_controller:uart_ctrl_inst|baud_rate_gen:brg_inst|ov_tick ; 0.000        ; 0.000      ; 0.593      ;
; 0.473 ; uart_controller:uart_ctrl_inst|uart_rx:rx_inst|state.DATA           ; uart_controller:uart_ctrl_inst|uart_rx:rx_inst|bit_cnt[2]           ; uart_controller:uart_ctrl_inst|baud_rate_gen:brg_inst|ov_tick ; uart_controller:uart_ctrl_inst|baud_rate_gen:brg_inst|ov_tick ; 0.000        ; 0.000      ; 0.625      ;
; 0.480 ; uart_controller:uart_ctrl_inst|uart_rx:rx_inst|tick_cnt[1]          ; uart_controller:uart_ctrl_inst|uart_rx:rx_inst|tick_cnt[2]          ; uart_controller:uart_ctrl_inst|baud_rate_gen:brg_inst|ov_tick ; uart_controller:uart_ctrl_inst|baud_rate_gen:brg_inst|ov_tick ; 0.000        ; 0.000      ; 0.632      ;
; 0.481 ; uart_controller:uart_ctrl_inst|uart_rx:rx_inst|state.DATA           ; uart_controller:uart_ctrl_inst|uart_rx:rx_inst|tick_cnt[2]          ; uart_controller:uart_ctrl_inst|baud_rate_gen:brg_inst|ov_tick ; uart_controller:uart_ctrl_inst|baud_rate_gen:brg_inst|ov_tick ; 0.000        ; 0.000      ; 0.633      ;
; 0.496 ; uart_controller:uart_ctrl_inst|uart_rx:rx_inst|valid_timeout_cnt[1] ; uart_controller:uart_ctrl_inst|uart_rx:rx_inst|valid_timeout_cnt[2] ; uart_controller:uart_ctrl_inst|baud_rate_gen:brg_inst|ov_tick ; uart_controller:uart_ctrl_inst|baud_rate_gen:brg_inst|ov_tick ; 0.000        ; 0.000      ; 0.648      ;
; 0.498 ; uart_controller:uart_ctrl_inst|uart_rx:rx_inst|valid_timeout_cnt[3] ; uart_controller:uart_ctrl_inst|uart_rx:rx_inst|valid_timeout_cnt[4] ; uart_controller:uart_ctrl_inst|baud_rate_gen:brg_inst|ov_tick ; uart_controller:uart_ctrl_inst|baud_rate_gen:brg_inst|ov_tick ; 0.000        ; 0.000      ; 0.650      ;
; 0.505 ; uart_controller:uart_ctrl_inst|uart_rx:rx_inst|state.START          ; uart_controller:uart_ctrl_inst|uart_rx:rx_inst|bit_cnt[0]           ; uart_controller:uart_ctrl_inst|baud_rate_gen:brg_inst|ov_tick ; uart_controller:uart_ctrl_inst|baud_rate_gen:brg_inst|ov_tick ; 0.000        ; 0.000      ; 0.657      ;
; 0.507 ; uart_controller:uart_ctrl_inst|uart_rx:rx_inst|valid_timeout_cnt[5] ; uart_controller:uart_ctrl_inst|uart_rx:rx_inst|valid_timeout_cnt[6] ; uart_controller:uart_ctrl_inst|baud_rate_gen:brg_inst|ov_tick ; uart_controller:uart_ctrl_inst|baud_rate_gen:brg_inst|ov_tick ; 0.000        ; 0.000      ; 0.659      ;
; 0.508 ; uart_controller:uart_ctrl_inst|uart_rx:rx_inst|state.START          ; uart_controller:uart_ctrl_inst|uart_rx:rx_inst|state.DATA           ; uart_controller:uart_ctrl_inst|baud_rate_gen:brg_inst|ov_tick ; uart_controller:uart_ctrl_inst|baud_rate_gen:brg_inst|ov_tick ; 0.000        ; 0.000      ; 0.660      ;
; 0.509 ; uart_controller:uart_ctrl_inst|uart_rx:rx_inst|valid_timeout_cnt[6] ; uart_controller:uart_ctrl_inst|uart_rx:rx_inst|valid_timeout_cnt[7] ; uart_controller:uart_ctrl_inst|baud_rate_gen:brg_inst|ov_tick ; uart_controller:uart_ctrl_inst|baud_rate_gen:brg_inst|ov_tick ; 0.000        ; 0.000      ; 0.661      ;
; 0.513 ; uart_controller:uart_ctrl_inst|uart_rx:rx_inst|rx_reg[7]            ; uart_controller:uart_ctrl_inst|uart_rx:rx_inst|data_out[7]          ; uart_controller:uart_ctrl_inst|baud_rate_gen:brg_inst|ov_tick ; uart_controller:uart_ctrl_inst|baud_rate_gen:brg_inst|ov_tick ; 0.000        ; -0.001     ; 0.664      ;
; 0.513 ; uart_controller:uart_ctrl_inst|uart_rx:rx_inst|valid_timeout_cnt[0] ; uart_controller:uart_ctrl_inst|uart_rx:rx_inst|valid_timeout_cnt[1] ; uart_controller:uart_ctrl_inst|baud_rate_gen:brg_inst|ov_tick ; uart_controller:uart_ctrl_inst|baud_rate_gen:brg_inst|ov_tick ; 0.000        ; 0.000      ; 0.665      ;
; 0.516 ; uart_controller:uart_ctrl_inst|uart_rx:rx_inst|valid_timeout_cnt[2] ; uart_controller:uart_ctrl_inst|uart_rx:rx_inst|valid_timeout_cnt[3] ; uart_controller:uart_ctrl_inst|baud_rate_gen:brg_inst|ov_tick ; uart_controller:uart_ctrl_inst|baud_rate_gen:brg_inst|ov_tick ; 0.000        ; 0.000      ; 0.668      ;
; 0.516 ; uart_controller:uart_ctrl_inst|uart_rx:rx_inst|valid_timeout_cnt[4] ; uart_controller:uart_ctrl_inst|uart_rx:rx_inst|valid_timeout_cnt[5] ; uart_controller:uart_ctrl_inst|baud_rate_gen:brg_inst|ov_tick ; uart_controller:uart_ctrl_inst|baud_rate_gen:brg_inst|ov_tick ; 0.000        ; 0.000      ; 0.668      ;
; 0.518 ; uart_controller:uart_ctrl_inst|uart_rx:rx_inst|rx_reg[0]            ; uart_controller:uart_ctrl_inst|uart_rx:rx_inst|data_out[0]          ; uart_controller:uart_ctrl_inst|baud_rate_gen:brg_inst|ov_tick ; uart_controller:uart_ctrl_inst|baud_rate_gen:brg_inst|ov_tick ; 0.000        ; -0.001     ; 0.669      ;
; 0.524 ; uart_controller:uart_ctrl_inst|uart_rx:rx_inst|tick_cnt[0]          ; uart_controller:uart_ctrl_inst|uart_rx:rx_inst|bit_cnt[1]           ; uart_controller:uart_ctrl_inst|baud_rate_gen:brg_inst|ov_tick ; uart_controller:uart_ctrl_inst|baud_rate_gen:brg_inst|ov_tick ; 0.000        ; 0.000      ; 0.676      ;
; 0.531 ; uart_controller:uart_ctrl_inst|uart_rx:rx_inst|valid_timeout_cnt[3] ; uart_controller:uart_ctrl_inst|uart_rx:rx_inst|rx_valid             ; uart_controller:uart_ctrl_inst|baud_rate_gen:brg_inst|ov_tick ; uart_controller:uart_ctrl_inst|baud_rate_gen:brg_inst|ov_tick ; 0.000        ; 0.000      ; 0.683      ;
; 0.531 ; uart_controller:uart_ctrl_inst|uart_rx:rx_inst|valid_timeout_cnt[1] ; uart_controller:uart_ctrl_inst|uart_rx:rx_inst|valid_timeout_cnt[3] ; uart_controller:uart_ctrl_inst|baud_rate_gen:brg_inst|ov_tick ; uart_controller:uart_ctrl_inst|baud_rate_gen:brg_inst|ov_tick ; 0.000        ; 0.000      ; 0.683      ;
; 0.533 ; uart_controller:uart_ctrl_inst|uart_rx:rx_inst|valid_timeout_cnt[3] ; uart_controller:uart_ctrl_inst|uart_rx:rx_inst|valid_timeout_cnt[5] ; uart_controller:uart_ctrl_inst|baud_rate_gen:brg_inst|ov_tick ; uart_controller:uart_ctrl_inst|baud_rate_gen:brg_inst|ov_tick ; 0.000        ; 0.000      ; 0.685      ;
; 0.534 ; uart_controller:uart_ctrl_inst|uart_rx:rx_inst|tick_cnt[2]          ; uart_controller:uart_ctrl_inst|uart_rx:rx_inst|tick_cnt[2]          ; uart_controller:uart_ctrl_inst|baud_rate_gen:brg_inst|ov_tick ; uart_controller:uart_ctrl_inst|baud_rate_gen:brg_inst|ov_tick ; 0.000        ; 0.000      ; 0.686      ;
; 0.542 ; uart_controller:uart_ctrl_inst|uart_rx:rx_inst|valid_timeout_cnt[5] ; uart_controller:uart_ctrl_inst|uart_rx:rx_inst|valid_timeout_cnt[7] ; uart_controller:uart_ctrl_inst|baud_rate_gen:brg_inst|ov_tick ; uart_controller:uart_ctrl_inst|baud_rate_gen:brg_inst|ov_tick ; 0.000        ; 0.000      ; 0.694      ;
; 0.548 ; uart_controller:uart_ctrl_inst|uart_rx:rx_inst|valid_timeout_cnt[7] ; uart_controller:uart_ctrl_inst|uart_rx:rx_inst|rx_valid             ; uart_controller:uart_ctrl_inst|baud_rate_gen:brg_inst|ov_tick ; uart_controller:uart_ctrl_inst|baud_rate_gen:brg_inst|ov_tick ; 0.000        ; 0.000      ; 0.700      ;
; 0.548 ; uart_controller:uart_ctrl_inst|uart_rx:rx_inst|valid_timeout_cnt[0] ; uart_controller:uart_ctrl_inst|uart_rx:rx_inst|valid_timeout_cnt[2] ; uart_controller:uart_ctrl_inst|baud_rate_gen:brg_inst|ov_tick ; uart_controller:uart_ctrl_inst|baud_rate_gen:brg_inst|ov_tick ; 0.000        ; 0.000      ; 0.700      ;
; 0.551 ; uart_controller:uart_ctrl_inst|uart_rx:rx_inst|valid_timeout_cnt[2] ; uart_controller:uart_ctrl_inst|uart_rx:rx_inst|valid_timeout_cnt[4] ; uart_controller:uart_ctrl_inst|baud_rate_gen:brg_inst|ov_tick ; uart_controller:uart_ctrl_inst|baud_rate_gen:brg_inst|ov_tick ; 0.000        ; 0.000      ; 0.703      ;
; 0.551 ; uart_controller:uart_ctrl_inst|uart_rx:rx_inst|valid_timeout_cnt[4] ; uart_controller:uart_ctrl_inst|uart_rx:rx_inst|valid_timeout_cnt[6] ; uart_controller:uart_ctrl_inst|baud_rate_gen:brg_inst|ov_tick ; uart_controller:uart_ctrl_inst|baud_rate_gen:brg_inst|ov_tick ; 0.000        ; 0.000      ; 0.703      ;
; 0.564 ; uart_controller:uart_ctrl_inst|uart_rx:rx_inst|state.STOP           ; uart_controller:uart_ctrl_inst|uart_rx:rx_inst|bit_cnt[0]           ; uart_controller:uart_ctrl_inst|baud_rate_gen:brg_inst|ov_tick ; uart_controller:uart_ctrl_inst|baud_rate_gen:brg_inst|ov_tick ; 0.000        ; 0.000      ; 0.716      ;
; 0.566 ; uart_controller:uart_ctrl_inst|uart_rx:rx_inst|valid_timeout_cnt[1] ; uart_controller:uart_ctrl_inst|uart_rx:rx_inst|valid_timeout_cnt[4] ; uart_controller:uart_ctrl_inst|baud_rate_gen:brg_inst|ov_tick ; uart_controller:uart_ctrl_inst|baud_rate_gen:brg_inst|ov_tick ; 0.000        ; 0.000      ; 0.718      ;
; 0.568 ; uart_controller:uart_ctrl_inst|uart_rx:rx_inst|state.DATA           ; uart_controller:uart_ctrl_inst|uart_rx:rx_inst|bit_cnt[0]           ; uart_controller:uart_ctrl_inst|baud_rate_gen:brg_inst|ov_tick ; uart_controller:uart_ctrl_inst|baud_rate_gen:brg_inst|ov_tick ; 0.000        ; 0.000      ; 0.720      ;
; 0.568 ; uart_controller:uart_ctrl_inst|uart_rx:rx_inst|valid_timeout_cnt[3] ; uart_controller:uart_ctrl_inst|uart_rx:rx_inst|valid_timeout_cnt[6] ; uart_controller:uart_ctrl_inst|baud_rate_gen:brg_inst|ov_tick ; uart_controller:uart_ctrl_inst|baud_rate_gen:brg_inst|ov_tick ; 0.000        ; 0.000      ; 0.720      ;
; 0.574 ; uart_controller:uart_ctrl_inst|uart_rx:rx_inst|tick_cnt[0]          ; uart_controller:uart_ctrl_inst|uart_rx:rx_inst|tick_cnt[1]          ; uart_controller:uart_ctrl_inst|baud_rate_gen:brg_inst|ov_tick ; uart_controller:uart_ctrl_inst|baud_rate_gen:brg_inst|ov_tick ; 0.000        ; 0.000      ; 0.726      ;
; 0.576 ; uart_controller:uart_ctrl_inst|uart_rx:rx_inst|state.IDLE           ; uart_controller:uart_ctrl_inst|uart_rx:rx_inst|state.START          ; uart_controller:uart_ctrl_inst|baud_rate_gen:brg_inst|ov_tick ; uart_controller:uart_ctrl_inst|baud_rate_gen:brg_inst|ov_tick ; 0.000        ; 0.000      ; 0.728      ;
; 0.583 ; uart_controller:uart_ctrl_inst|uart_rx:rx_inst|valid_timeout_cnt[0] ; uart_controller:uart_ctrl_inst|uart_rx:rx_inst|valid_timeout_cnt[3] ; uart_controller:uart_ctrl_inst|baud_rate_gen:brg_inst|ov_tick ; uart_controller:uart_ctrl_inst|baud_rate_gen:brg_inst|ov_tick ; 0.000        ; 0.000      ; 0.735      ;
; 0.586 ; uart_controller:uart_ctrl_inst|uart_rx:rx_inst|valid_timeout_cnt[2] ; uart_controller:uart_ctrl_inst|uart_rx:rx_inst|valid_timeout_cnt[5] ; uart_controller:uart_ctrl_inst|baud_rate_gen:brg_inst|ov_tick ; uart_controller:uart_ctrl_inst|baud_rate_gen:brg_inst|ov_tick ; 0.000        ; 0.000      ; 0.738      ;
; 0.586 ; uart_controller:uart_ctrl_inst|uart_rx:rx_inst|valid_timeout_cnt[4] ; uart_controller:uart_ctrl_inst|uart_rx:rx_inst|valid_timeout_cnt[7] ; uart_controller:uart_ctrl_inst|baud_rate_gen:brg_inst|ov_tick ; uart_controller:uart_ctrl_inst|baud_rate_gen:brg_inst|ov_tick ; 0.000        ; 0.000      ; 0.738      ;
; 0.587 ; uart_controller:uart_ctrl_inst|uart_rx:rx_inst|valid_timeout_cnt[2] ; uart_controller:uart_ctrl_inst|uart_rx:rx_inst|rx_valid             ; uart_controller:uart_ctrl_inst|baud_rate_gen:brg_inst|ov_tick ; uart_controller:uart_ctrl_inst|baud_rate_gen:brg_inst|ov_tick ; 0.000        ; 0.000      ; 0.739      ;
; 0.589 ; uart_controller:uart_ctrl_inst|uart_rx:rx_inst|tick_cnt[2]          ; uart_controller:uart_ctrl_inst|uart_rx:rx_inst|samples[0]           ; uart_controller:uart_ctrl_inst|baud_rate_gen:brg_inst|ov_tick ; uart_controller:uart_ctrl_inst|baud_rate_gen:brg_inst|ov_tick ; 0.000        ; 0.003      ; 0.744      ;
; 0.601 ; uart_controller:uart_ctrl_inst|uart_rx:rx_inst|valid_timeout_cnt[1] ; uart_controller:uart_ctrl_inst|uart_rx:rx_inst|valid_timeout_cnt[5] ; uart_controller:uart_ctrl_inst|baud_rate_gen:brg_inst|ov_tick ; uart_controller:uart_ctrl_inst|baud_rate_gen:brg_inst|ov_tick ; 0.000        ; 0.000      ; 0.753      ;
; 0.603 ; uart_controller:uart_ctrl_inst|uart_rx:rx_inst|valid_timeout_cnt[3] ; uart_controller:uart_ctrl_inst|uart_rx:rx_inst|valid_timeout_cnt[7] ; uart_controller:uart_ctrl_inst|baud_rate_gen:brg_inst|ov_tick ; uart_controller:uart_ctrl_inst|baud_rate_gen:brg_inst|ov_tick ; 0.000        ; 0.000      ; 0.755      ;
; 0.604 ; uart_controller:uart_ctrl_inst|uart_rx:rx_inst|tick_cnt[1]          ; uart_controller:uart_ctrl_inst|uart_rx:rx_inst|bit_cnt[1]           ; uart_controller:uart_ctrl_inst|baud_rate_gen:brg_inst|ov_tick ; uart_controller:uart_ctrl_inst|baud_rate_gen:brg_inst|ov_tick ; 0.000        ; 0.000      ; 0.756      ;
; 0.607 ; uart_controller:uart_ctrl_inst|uart_rx:rx_inst|state.IDLE           ; uart_controller:uart_ctrl_inst|uart_rx:rx_inst|tick_cnt[2]          ; uart_controller:uart_ctrl_inst|baud_rate_gen:brg_inst|ov_tick ; uart_controller:uart_ctrl_inst|baud_rate_gen:brg_inst|ov_tick ; 0.000        ; 0.000      ; 0.759      ;
; 0.614 ; uart_controller:uart_ctrl_inst|uart_rx:rx_inst|rx_valid             ; uart_controller:uart_ctrl_inst|uart_rx:rx_inst|valid_timeout_cnt[0] ; uart_controller:uart_ctrl_inst|baud_rate_gen:brg_inst|ov_tick ; uart_controller:uart_ctrl_inst|baud_rate_gen:brg_inst|ov_tick ; 0.000        ; 0.000      ; 0.766      ;
; 0.614 ; uart_controller:uart_ctrl_inst|uart_rx:rx_inst|rx_valid             ; uart_controller:uart_ctrl_inst|uart_rx:rx_inst|valid_timeout_cnt[1] ; uart_controller:uart_ctrl_inst|baud_rate_gen:brg_inst|ov_tick ; uart_controller:uart_ctrl_inst|baud_rate_gen:brg_inst|ov_tick ; 0.000        ; 0.000      ; 0.766      ;
; 0.614 ; uart_controller:uart_ctrl_inst|uart_rx:rx_inst|rx_valid             ; uart_controller:uart_ctrl_inst|uart_rx:rx_inst|valid_timeout_cnt[2] ; uart_controller:uart_ctrl_inst|baud_rate_gen:brg_inst|ov_tick ; uart_controller:uart_ctrl_inst|baud_rate_gen:brg_inst|ov_tick ; 0.000        ; 0.000      ; 0.766      ;
; 0.614 ; uart_controller:uart_ctrl_inst|uart_rx:rx_inst|rx_valid             ; uart_controller:uart_ctrl_inst|uart_rx:rx_inst|valid_timeout_cnt[3] ; uart_controller:uart_ctrl_inst|baud_rate_gen:brg_inst|ov_tick ; uart_controller:uart_ctrl_inst|baud_rate_gen:brg_inst|ov_tick ; 0.000        ; 0.000      ; 0.766      ;
; 0.614 ; uart_controller:uart_ctrl_inst|uart_rx:rx_inst|rx_valid             ; uart_controller:uart_ctrl_inst|uart_rx:rx_inst|valid_timeout_cnt[4] ; uart_controller:uart_ctrl_inst|baud_rate_gen:brg_inst|ov_tick ; uart_controller:uart_ctrl_inst|baud_rate_gen:brg_inst|ov_tick ; 0.000        ; 0.000      ; 0.766      ;
; 0.614 ; uart_controller:uart_ctrl_inst|uart_rx:rx_inst|rx_valid             ; uart_controller:uart_ctrl_inst|uart_rx:rx_inst|valid_timeout_cnt[5] ; uart_controller:uart_ctrl_inst|baud_rate_gen:brg_inst|ov_tick ; uart_controller:uart_ctrl_inst|baud_rate_gen:brg_inst|ov_tick ; 0.000        ; 0.000      ; 0.766      ;
; 0.614 ; uart_controller:uart_ctrl_inst|uart_rx:rx_inst|rx_valid             ; uart_controller:uart_ctrl_inst|uart_rx:rx_inst|valid_timeout_cnt[7] ; uart_controller:uart_ctrl_inst|baud_rate_gen:brg_inst|ov_tick ; uart_controller:uart_ctrl_inst|baud_rate_gen:brg_inst|ov_tick ; 0.000        ; 0.000      ; 0.766      ;
; 0.614 ; uart_controller:uart_ctrl_inst|uart_rx:rx_inst|rx_valid             ; uart_controller:uart_ctrl_inst|uart_rx:rx_inst|valid_timeout_cnt[6] ; uart_controller:uart_ctrl_inst|baud_rate_gen:brg_inst|ov_tick ; uart_controller:uart_ctrl_inst|baud_rate_gen:brg_inst|ov_tick ; 0.000        ; 0.000      ; 0.766      ;
; 0.618 ; uart_controller:uart_ctrl_inst|uart_rx:rx_inst|valid_timeout_cnt[0] ; uart_controller:uart_ctrl_inst|uart_rx:rx_inst|valid_timeout_cnt[4] ; uart_controller:uart_ctrl_inst|baud_rate_gen:brg_inst|ov_tick ; uart_controller:uart_ctrl_inst|baud_rate_gen:brg_inst|ov_tick ; 0.000        ; 0.000      ; 0.770      ;
; 0.621 ; uart_controller:uart_ctrl_inst|uart_rx:rx_inst|valid_timeout_cnt[2] ; uart_controller:uart_ctrl_inst|uart_rx:rx_inst|valid_timeout_cnt[6] ; uart_controller:uart_ctrl_inst|baud_rate_gen:brg_inst|ov_tick ; uart_controller:uart_ctrl_inst|baud_rate_gen:brg_inst|ov_tick ; 0.000        ; 0.000      ; 0.773      ;
; 0.631 ; uart_controller:uart_ctrl_inst|uart_rx:rx_inst|state.STOP           ; uart_controller:uart_ctrl_inst|uart_rx:rx_inst|state.IDLE           ; uart_controller:uart_ctrl_inst|baud_rate_gen:brg_inst|ov_tick ; uart_controller:uart_ctrl_inst|baud_rate_gen:brg_inst|ov_tick ; 0.000        ; 0.000      ; 0.783      ;
; 0.635 ; uart_controller:uart_ctrl_inst|uart_rx:rx_inst|tick_cnt[2]          ; uart_controller:uart_ctrl_inst|uart_rx:rx_inst|bit_cnt[1]           ; uart_controller:uart_ctrl_inst|baud_rate_gen:brg_inst|ov_tick ; uart_controller:uart_ctrl_inst|baud_rate_gen:brg_inst|ov_tick ; 0.000        ; 0.000      ; 0.787      ;
; 0.636 ; uart_controller:uart_ctrl_inst|uart_rx:rx_inst|valid_timeout_cnt[1] ; uart_controller:uart_ctrl_inst|uart_rx:rx_inst|valid_timeout_cnt[6] ; uart_controller:uart_ctrl_inst|baud_rate_gen:brg_inst|ov_tick ; uart_controller:uart_ctrl_inst|baud_rate_gen:brg_inst|ov_tick ; 0.000        ; 0.000      ; 0.788      ;
; 0.653 ; uart_controller:uart_ctrl_inst|uart_rx:rx_inst|valid_timeout_cnt[0] ; uart_controller:uart_ctrl_inst|uart_rx:rx_inst|valid_timeout_cnt[5] ; uart_controller:uart_ctrl_inst|baud_rate_gen:brg_inst|ov_tick ; uart_controller:uart_ctrl_inst|baud_rate_gen:brg_inst|ov_tick ; 0.000        ; 0.000      ; 0.805      ;
; 0.655 ; uart_controller:uart_ctrl_inst|uart_rx:rx_inst|tick_cnt[0]          ; uart_controller:uart_ctrl_inst|uart_rx:rx_inst|bit_cnt[2]           ; uart_controller:uart_ctrl_inst|baud_rate_gen:brg_inst|ov_tick ; uart_controller:uart_ctrl_inst|baud_rate_gen:brg_inst|ov_tick ; 0.000        ; 0.000      ; 0.807      ;
; 0.656 ; uart_controller:uart_ctrl_inst|uart_rx:rx_inst|valid_timeout_cnt[2] ; uart_controller:uart_ctrl_inst|uart_rx:rx_inst|valid_timeout_cnt[7] ; uart_controller:uart_ctrl_inst|baud_rate_gen:brg_inst|ov_tick ; uart_controller:uart_ctrl_inst|baud_rate_gen:brg_inst|ov_tick ; 0.000        ; 0.000      ; 0.808      ;
; 0.658 ; uart_controller:uart_ctrl_inst|uart_rx:rx_inst|valid_timeout_cnt[5] ; uart_controller:uart_ctrl_inst|uart_rx:rx_inst|rx_valid             ; uart_controller:uart_ctrl_inst|baud_rate_gen:brg_inst|ov_tick ; uart_controller:uart_ctrl_inst|baud_rate_gen:brg_inst|ov_tick ; 0.000        ; 0.000      ; 0.810      ;
; 0.659 ; uart_controller:uart_ctrl_inst|uart_rx:rx_inst|state.DATA           ; uart_controller:uart_ctrl_inst|uart_rx:rx_inst|bit_cnt[1]           ; uart_controller:uart_ctrl_inst|baud_rate_gen:brg_inst|ov_tick ; uart_controller:uart_ctrl_inst|baud_rate_gen:brg_inst|ov_tick ; 0.000        ; 0.000      ; 0.811      ;
; 0.661 ; uart_controller:uart_ctrl_inst|uart_rx:rx_inst|rx_valid             ; uart_controller:uart_ctrl_inst|uart_rx:rx_inst|rx_valid             ; uart_controller:uart_ctrl_inst|baud_rate_gen:brg_inst|ov_tick ; uart_controller:uart_ctrl_inst|baud_rate_gen:brg_inst|ov_tick ; 0.000        ; 0.000      ; 0.813      ;
; 0.665 ; uart_controller:uart_ctrl_inst|uart_rx:rx_inst|valid_timeout_cnt[4] ; uart_controller:uart_ctrl_inst|uart_rx:rx_inst|rx_valid             ; uart_controller:uart_ctrl_inst|baud_rate_gen:brg_inst|ov_tick ; uart_controller:uart_ctrl_inst|baud_rate_gen:brg_inst|ov_tick ; 0.000        ; 0.000      ; 0.817      ;
; 0.671 ; uart_controller:uart_ctrl_inst|uart_rx:rx_inst|valid_timeout_cnt[1] ; uart_controller:uart_ctrl_inst|uart_rx:rx_inst|valid_timeout_cnt[7] ; uart_controller:uart_ctrl_inst|baud_rate_gen:brg_inst|ov_tick ; uart_controller:uart_ctrl_inst|baud_rate_gen:brg_inst|ov_tick ; 0.000        ; 0.000      ; 0.823      ;
; 0.688 ; uart_controller:uart_ctrl_inst|uart_rx:rx_inst|valid_timeout_cnt[0] ; uart_controller:uart_ctrl_inst|uart_rx:rx_inst|valid_timeout_cnt[6] ; uart_controller:uart_ctrl_inst|baud_rate_gen:brg_inst|ov_tick ; uart_controller:uart_ctrl_inst|baud_rate_gen:brg_inst|ov_tick ; 0.000        ; 0.000      ; 0.840      ;
; 0.697 ; uart_controller:uart_ctrl_inst|uart_rx:rx_inst|tick_cnt[0]          ; uart_controller:uart_ctrl_inst|uart_rx:rx_inst|samples[1]           ; uart_controller:uart_ctrl_inst|baud_rate_gen:brg_inst|ov_tick ; uart_controller:uart_ctrl_inst|baud_rate_gen:brg_inst|ov_tick ; 0.000        ; 0.003      ; 0.852      ;
; 0.698 ; uart_controller:uart_ctrl_inst|uart_rx:rx_inst|tick_cnt[0]          ; uart_controller:uart_ctrl_inst|uart_rx:rx_inst|samples[2]           ; uart_controller:uart_ctrl_inst|baud_rate_gen:brg_inst|ov_tick ; uart_controller:uart_ctrl_inst|baud_rate_gen:brg_inst|ov_tick ; 0.000        ; 0.003      ; 0.853      ;
; 0.718 ; uart_controller:uart_ctrl_inst|uart_rx:rx_inst|state.DATA           ; uart_controller:uart_ctrl_inst|uart_rx:rx_inst|samples[0]           ; uart_controller:uart_ctrl_inst|baud_rate_gen:brg_inst|ov_tick ; uart_controller:uart_ctrl_inst|baud_rate_gen:brg_inst|ov_tick ; 0.000        ; 0.003      ; 0.873      ;
+-------+---------------------------------------------------------------------+---------------------------------------------------------------------+---------------------------------------------------------------+---------------------------------------------------------------+--------------+------------+------------+


+--------------------------------------------------------------------------------------------------------------------------------------------------------------------------------------------------------------------------------------------------------------------------------------------------------------------+
; Fast Model Hold: 'uart_controller:uart_ctrl_inst|baud_rate_gen:brg_inst|uart_tick'                                                                                                                                                                                                                                 ;
+-------+---------------------------------------------------------------+---------------------------------------------------------------+-----------------------------------------------------------------+-----------------------------------------------------------------+--------------+------------+------------+
; Slack ; From Node                                                     ; To Node                                                       ; Launch Clock                                                    ; Latch Clock                                                     ; Relationship ; Clock Skew ; Data Delay ;
+-------+---------------------------------------------------------------+---------------------------------------------------------------+-----------------------------------------------------------------+-----------------------------------------------------------------+--------------+------------+------------+
; 0.215 ; uart_controller:uart_ctrl_inst|uart_tx:tx_inst|state.DATA     ; uart_controller:uart_ctrl_inst|uart_tx:tx_inst|state.DATA     ; uart_controller:uart_ctrl_inst|baud_rate_gen:brg_inst|uart_tick ; uart_controller:uart_ctrl_inst|baud_rate_gen:brg_inst|uart_tick ; 0.000        ; 0.000      ; 0.367      ;
; 0.215 ; uart_controller:uart_ctrl_inst|uart_tx:tx_inst|bit_cnt[0]     ; uart_controller:uart_ctrl_inst|uart_tx:tx_inst|bit_cnt[0]     ; uart_controller:uart_ctrl_inst|baud_rate_gen:brg_inst|uart_tick ; uart_controller:uart_ctrl_inst|baud_rate_gen:brg_inst|uart_tick ; 0.000        ; 0.000      ; 0.367      ;
; 0.215 ; uart_controller:uart_ctrl_inst|uart_tx:tx_inst|bit_cnt[1]     ; uart_controller:uart_ctrl_inst|uart_tx:tx_inst|bit_cnt[1]     ; uart_controller:uart_ctrl_inst|baud_rate_gen:brg_inst|uart_tick ; uart_controller:uart_ctrl_inst|baud_rate_gen:brg_inst|uart_tick ; 0.000        ; 0.000      ; 0.367      ;
; 0.215 ; uart_controller:uart_ctrl_inst|uart_tx:tx_inst|bit_cnt[2]     ; uart_controller:uart_ctrl_inst|uart_tx:tx_inst|bit_cnt[2]     ; uart_controller:uart_ctrl_inst|baud_rate_gen:brg_inst|uart_tick ; uart_controller:uart_ctrl_inst|baud_rate_gen:brg_inst|uart_tick ; 0.000        ; 0.000      ; 0.367      ;
; 0.215 ; uart_controller:uart_ctrl_inst|uart_tx:tx_inst|state.IDLE     ; uart_controller:uart_ctrl_inst|uart_tx:tx_inst|state.IDLE     ; uart_controller:uart_ctrl_inst|baud_rate_gen:brg_inst|uart_tick ; uart_controller:uart_ctrl_inst|baud_rate_gen:brg_inst|uart_tick ; 0.000        ; 0.000      ; 0.367      ;
; 0.215 ; uart_controller:uart_ctrl_inst|uart_tx:tx_inst|tx_reg[4]      ; uart_controller:uart_ctrl_inst|uart_tx:tx_inst|tx_reg[4]      ; uart_controller:uart_ctrl_inst|baud_rate_gen:brg_inst|uart_tick ; uart_controller:uart_ctrl_inst|baud_rate_gen:brg_inst|uart_tick ; 0.000        ; 0.000      ; 0.367      ;
; 0.215 ; uart_controller:uart_ctrl_inst|uart_tx:tx_inst|tx_reg[3]      ; uart_controller:uart_ctrl_inst|uart_tx:tx_inst|tx_reg[3]      ; uart_controller:uart_ctrl_inst|baud_rate_gen:brg_inst|uart_tick ; uart_controller:uart_ctrl_inst|baud_rate_gen:brg_inst|uart_tick ; 0.000        ; 0.000      ; 0.367      ;
; 0.215 ; uart_controller:uart_ctrl_inst|uart_tx:tx_inst|tx_reg[2]      ; uart_controller:uart_ctrl_inst|uart_tx:tx_inst|tx_reg[2]      ; uart_controller:uart_ctrl_inst|baud_rate_gen:brg_inst|uart_tick ; uart_controller:uart_ctrl_inst|baud_rate_gen:brg_inst|uart_tick ; 0.000        ; 0.000      ; 0.367      ;
; 0.241 ; uart_controller:uart_ctrl_inst|uart_tx:tx_inst|timeout_cnt[7] ; uart_controller:uart_ctrl_inst|uart_tx:tx_inst|timeout_cnt[7] ; uart_controller:uart_ctrl_inst|baud_rate_gen:brg_inst|uart_tick ; uart_controller:uart_ctrl_inst|baud_rate_gen:brg_inst|uart_tick ; 0.000        ; 0.000      ; 0.393      ;
; 0.264 ; uart_controller:uart_ctrl_inst|uart_tx:tx_inst|state.START    ; uart_controller:uart_ctrl_inst|uart_tx:tx_inst|bit_cnt[2]     ; uart_controller:uart_ctrl_inst|baud_rate_gen:brg_inst|uart_tick ; uart_controller:uart_ctrl_inst|baud_rate_gen:brg_inst|uart_tick ; 0.000        ; 0.000      ; 0.416      ;
; 0.267 ; uart_controller:uart_ctrl_inst|uart_tx:tx_inst|state.START    ; uart_controller:uart_ctrl_inst|uart_tx:tx_inst|bit_cnt[0]     ; uart_controller:uart_ctrl_inst|baud_rate_gen:brg_inst|uart_tick ; uart_controller:uart_ctrl_inst|baud_rate_gen:brg_inst|uart_tick ; 0.000        ; 0.000      ; 0.419      ;
; 0.354 ; uart_controller:uart_ctrl_inst|uart_tx:tx_inst|timeout_cnt[0] ; uart_controller:uart_ctrl_inst|uart_tx:tx_inst|timeout_cnt[0] ; uart_controller:uart_ctrl_inst|baud_rate_gen:brg_inst|uart_tick ; uart_controller:uart_ctrl_inst|baud_rate_gen:brg_inst|uart_tick ; 0.000        ; 0.000      ; 0.506      ;
; 0.357 ; uart_controller:uart_ctrl_inst|uart_tx:tx_inst|tx_reg[3]      ; uart_controller:uart_ctrl_inst|uart_tx:tx_inst|tx_reg[2]      ; uart_controller:uart_ctrl_inst|baud_rate_gen:brg_inst|uart_tick ; uart_controller:uart_ctrl_inst|baud_rate_gen:brg_inst|uart_tick ; 0.000        ; 0.000      ; 0.509      ;
; 0.358 ; uart_controller:uart_ctrl_inst|uart_tx:tx_inst|timeout_cnt[6] ; uart_controller:uart_ctrl_inst|uart_tx:tx_inst|timeout_cnt[6] ; uart_controller:uart_ctrl_inst|baud_rate_gen:brg_inst|uart_tick ; uart_controller:uart_ctrl_inst|baud_rate_gen:brg_inst|uart_tick ; 0.000        ; 0.000      ; 0.510      ;
; 0.360 ; uart_controller:uart_ctrl_inst|uart_tx:tx_inst|timeout_cnt[4] ; uart_controller:uart_ctrl_inst|uart_tx:tx_inst|timeout_cnt[4] ; uart_controller:uart_ctrl_inst|baud_rate_gen:brg_inst|uart_tick ; uart_controller:uart_ctrl_inst|baud_rate_gen:brg_inst|uart_tick ; 0.000        ; 0.000      ; 0.512      ;
; 0.371 ; uart_controller:uart_ctrl_inst|uart_tx:tx_inst|timeout_cnt[1] ; uart_controller:uart_ctrl_inst|uart_tx:tx_inst|timeout_cnt[1] ; uart_controller:uart_ctrl_inst|baud_rate_gen:brg_inst|uart_tick ; uart_controller:uart_ctrl_inst|baud_rate_gen:brg_inst|uart_tick ; 0.000        ; 0.000      ; 0.523      ;
; 0.374 ; uart_controller:uart_ctrl_inst|uart_tx:tx_inst|timeout_cnt[3] ; uart_controller:uart_ctrl_inst|uart_tx:tx_inst|timeout_cnt[3] ; uart_controller:uart_ctrl_inst|baud_rate_gen:brg_inst|uart_tick ; uart_controller:uart_ctrl_inst|baud_rate_gen:brg_inst|uart_tick ; 0.000        ; 0.000      ; 0.526      ;
; 0.421 ; uart_controller:uart_ctrl_inst|uart_tx:tx_inst|state.IDLE     ; uart_controller:uart_ctrl_inst|uart_tx:tx_inst|tx             ; uart_controller:uart_ctrl_inst|baud_rate_gen:brg_inst|uart_tick ; uart_controller:uart_ctrl_inst|baud_rate_gen:brg_inst|uart_tick ; 0.000        ; 0.000      ; 0.573      ;
; 0.423 ; uart_controller:uart_ctrl_inst|uart_tx:tx_inst|tx_reg[1]      ; uart_controller:uart_ctrl_inst|uart_tx:tx_inst|tx_reg[0]      ; uart_controller:uart_ctrl_inst|baud_rate_gen:brg_inst|uart_tick ; uart_controller:uart_ctrl_inst|baud_rate_gen:brg_inst|uart_tick ; 0.000        ; 0.024      ; 0.599      ;
; 0.442 ; uart_controller:uart_ctrl_inst|uart_tx:tx_inst|tx_reg[4]      ; uart_controller:uart_ctrl_inst|uart_tx:tx_inst|tx_reg[3]      ; uart_controller:uart_ctrl_inst|baud_rate_gen:brg_inst|uart_tick ; uart_controller:uart_ctrl_inst|baud_rate_gen:brg_inst|uart_tick ; 0.000        ; 0.000      ; 0.594      ;
; 0.444 ; uart_controller:uart_ctrl_inst|uart_tx:tx_inst|timeout_cnt[5] ; uart_controller:uart_ctrl_inst|uart_tx:tx_inst|timeout_cnt[5] ; uart_controller:uart_ctrl_inst|baud_rate_gen:brg_inst|uart_tick ; uart_controller:uart_ctrl_inst|baud_rate_gen:brg_inst|uart_tick ; 0.000        ; 0.000      ; 0.596      ;
; 0.448 ; uart_controller:uart_ctrl_inst|uart_tx:tx_inst|timeout_cnt[2] ; uart_controller:uart_ctrl_inst|uart_tx:tx_inst|timeout_cnt[2] ; uart_controller:uart_ctrl_inst|baud_rate_gen:brg_inst|uart_tick ; uart_controller:uart_ctrl_inst|baud_rate_gen:brg_inst|uart_tick ; 0.000        ; 0.000      ; 0.600      ;
; 0.451 ; uart_controller:uart_ctrl_inst|uart_tx:tx_inst|bit_cnt[0]     ; uart_controller:uart_ctrl_inst|uart_tx:tx_inst|bit_cnt[1]     ; uart_controller:uart_ctrl_inst|baud_rate_gen:brg_inst|uart_tick ; uart_controller:uart_ctrl_inst|baud_rate_gen:brg_inst|uart_tick ; 0.000        ; 0.000      ; 0.603      ;
; 0.455 ; uart_controller:uart_ctrl_inst|uart_tx:tx_inst|state.DATA     ; uart_controller:uart_ctrl_inst|uart_tx:tx_inst|tx             ; uart_controller:uart_ctrl_inst|baud_rate_gen:brg_inst|uart_tick ; uart_controller:uart_ctrl_inst|baud_rate_gen:brg_inst|uart_tick ; 0.000        ; 0.000      ; 0.607      ;
; 0.459 ; uart_controller:uart_ctrl_inst|uart_tx:tx_inst|state.DATA     ; uart_controller:uart_ctrl_inst|uart_tx:tx_inst|bit_cnt[0]     ; uart_controller:uart_ctrl_inst|baud_rate_gen:brg_inst|uart_tick ; uart_controller:uart_ctrl_inst|baud_rate_gen:brg_inst|uart_tick ; 0.000        ; 0.000      ; 0.611      ;
; 0.464 ; uart_controller:uart_ctrl_inst|uart_tx:tx_inst|state.IDLE     ; uart_controller:uart_ctrl_inst|uart_tx:tx_inst|state.START    ; uart_controller:uart_ctrl_inst|baud_rate_gen:brg_inst|uart_tick ; uart_controller:uart_ctrl_inst|baud_rate_gen:brg_inst|uart_tick ; 0.000        ; 0.000      ; 0.616      ;
; 0.464 ; uart_controller:uart_ctrl_inst|uart_tx:tx_inst|state.DATA     ; uart_controller:uart_ctrl_inst|uart_tx:tx_inst|bit_cnt[1]     ; uart_controller:uart_ctrl_inst|baud_rate_gen:brg_inst|uart_tick ; uart_controller:uart_ctrl_inst|baud_rate_gen:brg_inst|uart_tick ; 0.000        ; 0.000      ; 0.616      ;
; 0.470 ; uart_controller:uart_ctrl_inst|uart_tx:tx_inst|tx_reg[0]      ; uart_controller:uart_ctrl_inst|uart_tx:tx_inst|tx             ; uart_controller:uart_ctrl_inst|baud_rate_gen:brg_inst|uart_tick ; uart_controller:uart_ctrl_inst|baud_rate_gen:brg_inst|uart_tick ; 0.000        ; -0.023     ; 0.599      ;
; 0.472 ; uart_controller:uart_ctrl_inst|uart_tx:tx_inst|tx_reg[2]      ; uart_controller:uart_ctrl_inst|uart_tx:tx_inst|tx_reg[1]      ; uart_controller:uart_ctrl_inst|baud_rate_gen:brg_inst|uart_tick ; uart_controller:uart_ctrl_inst|baud_rate_gen:brg_inst|uart_tick ; 0.000        ; -0.024     ; 0.600      ;
; 0.473 ; uart_controller:uart_ctrl_inst|uart_tx:tx_inst|state.DATA     ; uart_controller:uart_ctrl_inst|uart_tx:tx_inst|tx_reg[0]      ; uart_controller:uart_ctrl_inst|baud_rate_gen:brg_inst|uart_tick ; uart_controller:uart_ctrl_inst|baud_rate_gen:brg_inst|uart_tick ; 0.000        ; 0.023      ; 0.648      ;
; 0.480 ; uart_controller:uart_ctrl_inst|uart_tx:tx_inst|state.DATA     ; uart_controller:uart_ctrl_inst|uart_tx:tx_inst|tx_reg[1]      ; uart_controller:uart_ctrl_inst|baud_rate_gen:brg_inst|uart_tick ; uart_controller:uart_ctrl_inst|baud_rate_gen:brg_inst|uart_tick ; 0.000        ; -0.001     ; 0.631      ;
; 0.489 ; uart_rx_packet_new:packet_inst|tx_data[0]                     ; uart_controller:uart_ctrl_inst|uart_tx:tx_inst|tx_reg[4]      ; CLOCK_50                                                        ; uart_controller:uart_ctrl_inst|baud_rate_gen:brg_inst|uart_tick ; 0.000        ; -0.250     ; 0.391      ;
; 0.489 ; uart_rx_packet_new:packet_inst|tx_data[1]                     ; uart_controller:uart_ctrl_inst|uart_tx:tx_inst|tx_reg[1]      ; CLOCK_50                                                        ; uart_controller:uart_ctrl_inst|baud_rate_gen:brg_inst|uart_tick ; 0.000        ; -0.250     ; 0.391      ;
; 0.496 ; uart_controller:uart_ctrl_inst|uart_tx:tx_inst|timeout_cnt[6] ; uart_controller:uart_ctrl_inst|uart_tx:tx_inst|timeout_cnt[7] ; uart_controller:uart_ctrl_inst|baud_rate_gen:brg_inst|uart_tick ; uart_controller:uart_ctrl_inst|baud_rate_gen:brg_inst|uart_tick ; 0.000        ; 0.000      ; 0.648      ;
; 0.498 ; uart_controller:uart_ctrl_inst|uart_tx:tx_inst|timeout_cnt[4] ; uart_controller:uart_ctrl_inst|uart_tx:tx_inst|timeout_cnt[5] ; uart_controller:uart_ctrl_inst|baud_rate_gen:brg_inst|uart_tick ; uart_controller:uart_ctrl_inst|baud_rate_gen:brg_inst|uart_tick ; 0.000        ; 0.000      ; 0.650      ;
; 0.500 ; uart_controller:uart_ctrl_inst|uart_tx:tx_inst|bit_cnt[1]     ; uart_controller:uart_ctrl_inst|uart_tx:tx_inst|state.STOP     ; uart_controller:uart_ctrl_inst|baud_rate_gen:brg_inst|uart_tick ; uart_controller:uart_ctrl_inst|baud_rate_gen:brg_inst|uart_tick ; 0.000        ; 0.000      ; 0.652      ;
; 0.501 ; uart_rx_packet_new:packet_inst|LEDR[15]                       ; uart_controller:uart_ctrl_inst|uart_tx:tx_inst|state.START    ; CLOCK_50                                                        ; uart_controller:uart_ctrl_inst|baud_rate_gen:brg_inst|uart_tick ; 0.000        ; -0.250     ; 0.403      ;
; 0.511 ; uart_controller:uart_ctrl_inst|uart_tx:tx_inst|timeout_cnt[1] ; uart_controller:uart_ctrl_inst|uart_tx:tx_inst|timeout_cnt[2] ; uart_controller:uart_ctrl_inst|baud_rate_gen:brg_inst|uart_tick ; uart_controller:uart_ctrl_inst|baud_rate_gen:brg_inst|uart_tick ; 0.000        ; 0.000      ; 0.663      ;
; 0.514 ; uart_controller:uart_ctrl_inst|uart_tx:tx_inst|state.IDLE     ; uart_controller:uart_ctrl_inst|uart_tx:tx_inst|timeout_cnt[0] ; uart_controller:uart_ctrl_inst|baud_rate_gen:brg_inst|uart_tick ; uart_controller:uart_ctrl_inst|baud_rate_gen:brg_inst|uart_tick ; 0.000        ; -0.001     ; 0.665      ;
; 0.514 ; uart_controller:uart_ctrl_inst|uart_tx:tx_inst|state.IDLE     ; uart_controller:uart_ctrl_inst|uart_tx:tx_inst|timeout_cnt[1] ; uart_controller:uart_ctrl_inst|baud_rate_gen:brg_inst|uart_tick ; uart_controller:uart_ctrl_inst|baud_rate_gen:brg_inst|uart_tick ; 0.000        ; -0.001     ; 0.665      ;
; 0.514 ; uart_controller:uart_ctrl_inst|uart_tx:tx_inst|state.IDLE     ; uart_controller:uart_ctrl_inst|uart_tx:tx_inst|timeout_cnt[2] ; uart_controller:uart_ctrl_inst|baud_rate_gen:brg_inst|uart_tick ; uart_controller:uart_ctrl_inst|baud_rate_gen:brg_inst|uart_tick ; 0.000        ; -0.001     ; 0.665      ;
; 0.514 ; uart_controller:uart_ctrl_inst|uart_tx:tx_inst|state.IDLE     ; uart_controller:uart_ctrl_inst|uart_tx:tx_inst|timeout_cnt[3] ; uart_controller:uart_ctrl_inst|baud_rate_gen:brg_inst|uart_tick ; uart_controller:uart_ctrl_inst|baud_rate_gen:brg_inst|uart_tick ; 0.000        ; -0.001     ; 0.665      ;
; 0.514 ; uart_controller:uart_ctrl_inst|uart_tx:tx_inst|state.IDLE     ; uart_controller:uart_ctrl_inst|uart_tx:tx_inst|timeout_cnt[4] ; uart_controller:uart_ctrl_inst|baud_rate_gen:brg_inst|uart_tick ; uart_controller:uart_ctrl_inst|baud_rate_gen:brg_inst|uart_tick ; 0.000        ; -0.001     ; 0.665      ;
; 0.514 ; uart_controller:uart_ctrl_inst|uart_tx:tx_inst|state.IDLE     ; uart_controller:uart_ctrl_inst|uart_tx:tx_inst|timeout_cnt[5] ; uart_controller:uart_ctrl_inst|baud_rate_gen:brg_inst|uart_tick ; uart_controller:uart_ctrl_inst|baud_rate_gen:brg_inst|uart_tick ; 0.000        ; -0.001     ; 0.665      ;
; 0.514 ; uart_controller:uart_ctrl_inst|uart_tx:tx_inst|state.IDLE     ; uart_controller:uart_ctrl_inst|uart_tx:tx_inst|timeout_cnt[6] ; uart_controller:uart_ctrl_inst|baud_rate_gen:brg_inst|uart_tick ; uart_controller:uart_ctrl_inst|baud_rate_gen:brg_inst|uart_tick ; 0.000        ; -0.001     ; 0.665      ;
; 0.514 ; uart_controller:uart_ctrl_inst|uart_tx:tx_inst|state.IDLE     ; uart_controller:uart_ctrl_inst|uart_tx:tx_inst|timeout_cnt[7] ; uart_controller:uart_ctrl_inst|baud_rate_gen:brg_inst|uart_tick ; uart_controller:uart_ctrl_inst|baud_rate_gen:brg_inst|uart_tick ; 0.000        ; -0.001     ; 0.665      ;
; 0.514 ; uart_controller:uart_ctrl_inst|uart_tx:tx_inst|timeout_cnt[3] ; uart_controller:uart_ctrl_inst|uart_tx:tx_inst|timeout_cnt[4] ; uart_controller:uart_ctrl_inst|baud_rate_gen:brg_inst|uart_tick ; uart_controller:uart_ctrl_inst|baud_rate_gen:brg_inst|uart_tick ; 0.000        ; 0.000      ; 0.666      ;
; 0.530 ; uart_controller:uart_ctrl_inst|uart_tx:tx_inst|bit_cnt[1]     ; uart_controller:uart_ctrl_inst|uart_tx:tx_inst|bit_cnt[2]     ; uart_controller:uart_ctrl_inst|baud_rate_gen:brg_inst|uart_tick ; uart_controller:uart_ctrl_inst|baud_rate_gen:brg_inst|uart_tick ; 0.000        ; 0.000      ; 0.682      ;
; 0.533 ; uart_controller:uart_ctrl_inst|uart_tx:tx_inst|timeout_cnt[4] ; uart_controller:uart_ctrl_inst|uart_tx:tx_inst|timeout_cnt[6] ; uart_controller:uart_ctrl_inst|baud_rate_gen:brg_inst|uart_tick ; uart_controller:uart_ctrl_inst|baud_rate_gen:brg_inst|uart_tick ; 0.000        ; 0.000      ; 0.685      ;
; 0.546 ; uart_controller:uart_ctrl_inst|uart_tx:tx_inst|timeout_cnt[1] ; uart_controller:uart_ctrl_inst|uart_tx:tx_inst|timeout_cnt[3] ; uart_controller:uart_ctrl_inst|baud_rate_gen:brg_inst|uart_tick ; uart_controller:uart_ctrl_inst|baud_rate_gen:brg_inst|uart_tick ; 0.000        ; 0.000      ; 0.698      ;
; 0.547 ; uart_controller:uart_ctrl_inst|uart_tx:tx_inst|timeout_cnt[0] ; uart_controller:uart_ctrl_inst|uart_tx:tx_inst|timeout_cnt[1] ; uart_controller:uart_ctrl_inst|baud_rate_gen:brg_inst|uart_tick ; uart_controller:uart_ctrl_inst|baud_rate_gen:brg_inst|uart_tick ; 0.000        ; 0.000      ; 0.699      ;
; 0.549 ; uart_controller:uart_ctrl_inst|uart_tx:tx_inst|timeout_cnt[3] ; uart_controller:uart_ctrl_inst|uart_tx:tx_inst|timeout_cnt[5] ; uart_controller:uart_ctrl_inst|baud_rate_gen:brg_inst|uart_tick ; uart_controller:uart_ctrl_inst|baud_rate_gen:brg_inst|uart_tick ; 0.000        ; 0.000      ; 0.701      ;
; 0.553 ; uart_controller:uart_ctrl_inst|uart_tx:tx_inst|state.DATA     ; uart_controller:uart_ctrl_inst|uart_tx:tx_inst|tx_reg[2]      ; uart_controller:uart_ctrl_inst|baud_rate_gen:brg_inst|uart_tick ; uart_controller:uart_ctrl_inst|baud_rate_gen:brg_inst|uart_tick ; 0.000        ; 0.023      ; 0.728      ;
; 0.554 ; uart_controller:uart_ctrl_inst|uart_tx:tx_inst|state.START    ; uart_controller:uart_ctrl_inst|uart_tx:tx_inst|state.DATA     ; uart_controller:uart_ctrl_inst|baud_rate_gen:brg_inst|uart_tick ; uart_controller:uart_ctrl_inst|baud_rate_gen:brg_inst|uart_tick ; 0.000        ; 0.000      ; 0.706      ;
; 0.563 ; uart_controller:uart_ctrl_inst|uart_tx:tx_inst|state.DATA     ; uart_controller:uart_ctrl_inst|uart_tx:tx_inst|tx_reg[3]      ; uart_controller:uart_ctrl_inst|baud_rate_gen:brg_inst|uart_tick ; uart_controller:uart_ctrl_inst|baud_rate_gen:brg_inst|uart_tick ; 0.000        ; 0.023      ; 0.738      ;
; 0.568 ; uart_controller:uart_ctrl_inst|uart_tx:tx_inst|timeout_cnt[4] ; uart_controller:uart_ctrl_inst|uart_tx:tx_inst|timeout_cnt[7] ; uart_controller:uart_ctrl_inst|baud_rate_gen:brg_inst|uart_tick ; uart_controller:uart_ctrl_inst|baud_rate_gen:brg_inst|uart_tick ; 0.000        ; 0.000      ; 0.720      ;
; 0.570 ; uart_rx_packet_new:packet_inst|tx_data[0]                     ; uart_controller:uart_ctrl_inst|uart_tx:tx_inst|tx_reg[0]      ; CLOCK_50                                                        ; uart_controller:uart_ctrl_inst|baud_rate_gen:brg_inst|uart_tick ; 0.000        ; -0.250     ; 0.472      ;
; 0.581 ; uart_controller:uart_ctrl_inst|uart_tx:tx_inst|timeout_cnt[1] ; uart_controller:uart_ctrl_inst|uart_tx:tx_inst|timeout_cnt[4] ; uart_controller:uart_ctrl_inst|baud_rate_gen:brg_inst|uart_tick ; uart_controller:uart_ctrl_inst|baud_rate_gen:brg_inst|uart_tick ; 0.000        ; 0.000      ; 0.733      ;
; 0.582 ; uart_controller:uart_ctrl_inst|uart_tx:tx_inst|timeout_cnt[0] ; uart_controller:uart_ctrl_inst|uart_tx:tx_inst|timeout_cnt[2] ; uart_controller:uart_ctrl_inst|baud_rate_gen:brg_inst|uart_tick ; uart_controller:uart_ctrl_inst|baud_rate_gen:brg_inst|uart_tick ; 0.000        ; 0.000      ; 0.734      ;
; 0.582 ; uart_controller:uart_ctrl_inst|uart_tx:tx_inst|timeout_cnt[5] ; uart_controller:uart_ctrl_inst|uart_tx:tx_inst|timeout_cnt[6] ; uart_controller:uart_ctrl_inst|baud_rate_gen:brg_inst|uart_tick ; uart_controller:uart_ctrl_inst|baud_rate_gen:brg_inst|uart_tick ; 0.000        ; 0.000      ; 0.734      ;
; 0.584 ; uart_controller:uart_ctrl_inst|uart_tx:tx_inst|timeout_cnt[3] ; uart_controller:uart_ctrl_inst|uart_tx:tx_inst|timeout_cnt[6] ; uart_controller:uart_ctrl_inst|baud_rate_gen:brg_inst|uart_tick ; uart_controller:uart_ctrl_inst|baud_rate_gen:brg_inst|uart_tick ; 0.000        ; 0.000      ; 0.736      ;
; 0.587 ; uart_controller:uart_ctrl_inst|uart_tx:tx_inst|bit_cnt[0]     ; uart_controller:uart_ctrl_inst|uart_tx:tx_inst|state.STOP     ; uart_controller:uart_ctrl_inst|baud_rate_gen:brg_inst|uart_tick ; uart_controller:uart_ctrl_inst|baud_rate_gen:brg_inst|uart_tick ; 0.000        ; 0.000      ; 0.739      ;
; 0.588 ; uart_controller:uart_ctrl_inst|uart_tx:tx_inst|timeout_cnt[2] ; uart_controller:uart_ctrl_inst|uart_tx:tx_inst|timeout_cnt[3] ; uart_controller:uart_ctrl_inst|baud_rate_gen:brg_inst|uart_tick ; uart_controller:uart_ctrl_inst|baud_rate_gen:brg_inst|uart_tick ; 0.000        ; 0.000      ; 0.740      ;
; 0.590 ; uart_controller:uart_ctrl_inst|uart_tx:tx_inst|state.IDLE     ; uart_controller:uart_ctrl_inst|uart_tx:tx_inst|tx_reg[2]      ; uart_controller:uart_ctrl_inst|baud_rate_gen:brg_inst|uart_tick ; uart_controller:uart_ctrl_inst|baud_rate_gen:brg_inst|uart_tick ; 0.000        ; 0.023      ; 0.765      ;
; 0.590 ; uart_controller:uart_ctrl_inst|uart_tx:tx_inst|bit_cnt[0]     ; uart_controller:uart_ctrl_inst|uart_tx:tx_inst|bit_cnt[2]     ; uart_controller:uart_ctrl_inst|baud_rate_gen:brg_inst|uart_tick ; uart_controller:uart_ctrl_inst|baud_rate_gen:brg_inst|uart_tick ; 0.000        ; 0.000      ; 0.742      ;
; 0.591 ; uart_controller:uart_ctrl_inst|uart_tx:tx_inst|state.IDLE     ; uart_controller:uart_ctrl_inst|uart_tx:tx_inst|tx_reg[3]      ; uart_controller:uart_ctrl_inst|baud_rate_gen:brg_inst|uart_tick ; uart_controller:uart_ctrl_inst|baud_rate_gen:brg_inst|uart_tick ; 0.000        ; 0.023      ; 0.766      ;
; 0.605 ; uart_controller:uart_ctrl_inst|uart_tx:tx_inst|state.START    ; uart_controller:uart_ctrl_inst|uart_tx:tx_inst|bit_cnt[1]     ; uart_controller:uart_ctrl_inst|baud_rate_gen:brg_inst|uart_tick ; uart_controller:uart_ctrl_inst|baud_rate_gen:brg_inst|uart_tick ; 0.000        ; 0.000      ; 0.757      ;
; 0.616 ; uart_controller:uart_ctrl_inst|uart_tx:tx_inst|timeout_cnt[1] ; uart_controller:uart_ctrl_inst|uart_tx:tx_inst|timeout_cnt[5] ; uart_controller:uart_ctrl_inst|baud_rate_gen:brg_inst|uart_tick ; uart_controller:uart_ctrl_inst|baud_rate_gen:brg_inst|uart_tick ; 0.000        ; 0.000      ; 0.768      ;
; 0.617 ; uart_controller:uart_ctrl_inst|uart_tx:tx_inst|timeout_cnt[0] ; uart_controller:uart_ctrl_inst|uart_tx:tx_inst|timeout_cnt[3] ; uart_controller:uart_ctrl_inst|baud_rate_gen:brg_inst|uart_tick ; uart_controller:uart_ctrl_inst|baud_rate_gen:brg_inst|uart_tick ; 0.000        ; 0.000      ; 0.769      ;
; 0.617 ; uart_controller:uart_ctrl_inst|uart_tx:tx_inst|timeout_cnt[5] ; uart_controller:uart_ctrl_inst|uart_tx:tx_inst|timeout_cnt[7] ; uart_controller:uart_ctrl_inst|baud_rate_gen:brg_inst|uart_tick ; uart_controller:uart_ctrl_inst|baud_rate_gen:brg_inst|uart_tick ; 0.000        ; 0.000      ; 0.769      ;
; 0.619 ; uart_controller:uart_ctrl_inst|uart_tx:tx_inst|timeout_cnt[3] ; uart_controller:uart_ctrl_inst|uart_tx:tx_inst|timeout_cnt[7] ; uart_controller:uart_ctrl_inst|baud_rate_gen:brg_inst|uart_tick ; uart_controller:uart_ctrl_inst|baud_rate_gen:brg_inst|uart_tick ; 0.000        ; 0.000      ; 0.771      ;
; 0.623 ; uart_controller:uart_ctrl_inst|uart_tx:tx_inst|timeout_cnt[2] ; uart_controller:uart_ctrl_inst|uart_tx:tx_inst|timeout_cnt[4] ; uart_controller:uart_ctrl_inst|baud_rate_gen:brg_inst|uart_tick ; uart_controller:uart_ctrl_inst|baud_rate_gen:brg_inst|uart_tick ; 0.000        ; 0.000      ; 0.775      ;
; 0.632 ; uart_controller:uart_ctrl_inst|uart_tx:tx_inst|state.START    ; uart_controller:uart_ctrl_inst|uart_tx:tx_inst|tx_reg[4]      ; uart_controller:uart_ctrl_inst|baud_rate_gen:brg_inst|uart_tick ; uart_controller:uart_ctrl_inst|baud_rate_gen:brg_inst|uart_tick ; 0.000        ; 0.023      ; 0.807      ;
; 0.633 ; uart_controller:uart_ctrl_inst|uart_tx:tx_inst|bit_cnt[2]     ; uart_controller:uart_ctrl_inst|uart_tx:tx_inst|state.STOP     ; uart_controller:uart_ctrl_inst|baud_rate_gen:brg_inst|uart_tick ; uart_controller:uart_ctrl_inst|baud_rate_gen:brg_inst|uart_tick ; 0.000        ; 0.000      ; 0.785      ;
; 0.639 ; uart_controller:uart_ctrl_inst|uart_tx:tx_inst|state.STOP     ; uart_controller:uart_ctrl_inst|uart_tx:tx_inst|tx_reg[2]      ; uart_controller:uart_ctrl_inst|baud_rate_gen:brg_inst|uart_tick ; uart_controller:uart_ctrl_inst|baud_rate_gen:brg_inst|uart_tick ; 0.000        ; 0.023      ; 0.814      ;
; 0.640 ; uart_controller:uart_ctrl_inst|uart_tx:tx_inst|state.STOP     ; uart_controller:uart_ctrl_inst|uart_tx:tx_inst|tx_reg[3]      ; uart_controller:uart_ctrl_inst|baud_rate_gen:brg_inst|uart_tick ; uart_controller:uart_ctrl_inst|baud_rate_gen:brg_inst|uart_tick ; 0.000        ; 0.023      ; 0.815      ;
; 0.645 ; uart_controller:uart_ctrl_inst|uart_tx:tx_inst|state.DATA     ; uart_controller:uart_ctrl_inst|uart_tx:tx_inst|state.STOP     ; uart_controller:uart_ctrl_inst|baud_rate_gen:brg_inst|uart_tick ; uart_controller:uart_ctrl_inst|baud_rate_gen:brg_inst|uart_tick ; 0.000        ; 0.000      ; 0.797      ;
; 0.648 ; uart_controller:uart_ctrl_inst|uart_tx:tx_inst|state.DATA     ; uart_controller:uart_ctrl_inst|uart_tx:tx_inst|state.IDLE     ; uart_controller:uart_ctrl_inst|baud_rate_gen:brg_inst|uart_tick ; uart_controller:uart_ctrl_inst|baud_rate_gen:brg_inst|uart_tick ; 0.000        ; 0.000      ; 0.800      ;
; 0.651 ; uart_controller:uart_ctrl_inst|uart_tx:tx_inst|timeout_cnt[1] ; uart_controller:uart_ctrl_inst|uart_tx:tx_inst|timeout_cnt[6] ; uart_controller:uart_ctrl_inst|baud_rate_gen:brg_inst|uart_tick ; uart_controller:uart_ctrl_inst|baud_rate_gen:brg_inst|uart_tick ; 0.000        ; 0.000      ; 0.803      ;
; 0.652 ; uart_controller:uart_ctrl_inst|uart_tx:tx_inst|timeout_cnt[0] ; uart_controller:uart_ctrl_inst|uart_tx:tx_inst|timeout_cnt[4] ; uart_controller:uart_ctrl_inst|baud_rate_gen:brg_inst|uart_tick ; uart_controller:uart_ctrl_inst|baud_rate_gen:brg_inst|uart_tick ; 0.000        ; 0.000      ; 0.804      ;
; 0.658 ; uart_controller:uart_ctrl_inst|uart_tx:tx_inst|timeout_cnt[2] ; uart_controller:uart_ctrl_inst|uart_tx:tx_inst|timeout_cnt[5] ; uart_controller:uart_ctrl_inst|baud_rate_gen:brg_inst|uart_tick ; uart_controller:uart_ctrl_inst|baud_rate_gen:brg_inst|uart_tick ; 0.000        ; 0.000      ; 0.810      ;
; 0.664 ; uart_controller:uart_ctrl_inst|uart_tx:tx_inst|state.DATA     ; uart_controller:uart_ctrl_inst|uart_tx:tx_inst|bit_cnt[2]     ; uart_controller:uart_ctrl_inst|baud_rate_gen:brg_inst|uart_tick ; uart_controller:uart_ctrl_inst|baud_rate_gen:brg_inst|uart_tick ; 0.000        ; 0.000      ; 0.816      ;
; 0.665 ; uart_controller:uart_ctrl_inst|uart_tx:tx_inst|state.STOP     ; uart_controller:uart_ctrl_inst|uart_tx:tx_inst|bit_cnt[0]     ; uart_controller:uart_ctrl_inst|baud_rate_gen:brg_inst|uart_tick ; uart_controller:uart_ctrl_inst|baud_rate_gen:brg_inst|uart_tick ; 0.000        ; 0.000      ; 0.817      ;
; 0.666 ; uart_controller:uart_ctrl_inst|uart_tx:tx_inst|state.STOP     ; uart_controller:uart_ctrl_inst|uart_tx:tx_inst|state.IDLE     ; uart_controller:uart_ctrl_inst|baud_rate_gen:brg_inst|uart_tick ; uart_controller:uart_ctrl_inst|baud_rate_gen:brg_inst|uart_tick ; 0.000        ; 0.000      ; 0.818      ;
; 0.667 ; uart_controller:uart_ctrl_inst|uart_tx:tx_inst|state.STOP     ; uart_controller:uart_ctrl_inst|uart_tx:tx_inst|bit_cnt[2]     ; uart_controller:uart_ctrl_inst|baud_rate_gen:brg_inst|uart_tick ; uart_controller:uart_ctrl_inst|baud_rate_gen:brg_inst|uart_tick ; 0.000        ; 0.000      ; 0.819      ;
; 0.669 ; uart_controller:uart_ctrl_inst|uart_tx:tx_inst|state.STOP     ; uart_controller:uart_ctrl_inst|uart_tx:tx_inst|tx             ; uart_controller:uart_ctrl_inst|baud_rate_gen:brg_inst|uart_tick ; uart_controller:uart_ctrl_inst|baud_rate_gen:brg_inst|uart_tick ; 0.000        ; 0.000      ; 0.821      ;
; 0.686 ; uart_controller:uart_ctrl_inst|uart_tx:tx_inst|timeout_cnt[1] ; uart_controller:uart_ctrl_inst|uart_tx:tx_inst|timeout_cnt[7] ; uart_controller:uart_ctrl_inst|baud_rate_gen:brg_inst|uart_tick ; uart_controller:uart_ctrl_inst|baud_rate_gen:brg_inst|uart_tick ; 0.000        ; 0.000      ; 0.838      ;
; 0.687 ; uart_controller:uart_ctrl_inst|uart_tx:tx_inst|timeout_cnt[0] ; uart_controller:uart_ctrl_inst|uart_tx:tx_inst|timeout_cnt[5] ; uart_controller:uart_ctrl_inst|baud_rate_gen:brg_inst|uart_tick ; uart_controller:uart_ctrl_inst|baud_rate_gen:brg_inst|uart_tick ; 0.000        ; 0.000      ; 0.839      ;
; 0.693 ; uart_controller:uart_ctrl_inst|uart_tx:tx_inst|timeout_cnt[2] ; uart_controller:uart_ctrl_inst|uart_tx:tx_inst|timeout_cnt[6] ; uart_controller:uart_ctrl_inst|baud_rate_gen:brg_inst|uart_tick ; uart_controller:uart_ctrl_inst|baud_rate_gen:brg_inst|uart_tick ; 0.000        ; 0.000      ; 0.845      ;
; 0.700 ; uart_controller:uart_ctrl_inst|uart_tx:tx_inst|state.IDLE     ; uart_controller:uart_ctrl_inst|uart_tx:tx_inst|state.STOP     ; uart_controller:uart_ctrl_inst|baud_rate_gen:brg_inst|uart_tick ; uart_controller:uart_ctrl_inst|baud_rate_gen:brg_inst|uart_tick ; 0.000        ; 0.000      ; 0.852      ;
; 0.702 ; uart_controller:uart_ctrl_inst|uart_tx:tx_inst|state.IDLE     ; uart_controller:uart_ctrl_inst|uart_tx:tx_inst|state.DATA     ; uart_controller:uart_ctrl_inst|baud_rate_gen:brg_inst|uart_tick ; uart_controller:uart_ctrl_inst|baud_rate_gen:brg_inst|uart_tick ; 0.000        ; 0.000      ; 0.854      ;
; 0.722 ; uart_controller:uart_ctrl_inst|uart_tx:tx_inst|timeout_cnt[0] ; uart_controller:uart_ctrl_inst|uart_tx:tx_inst|timeout_cnt[6] ; uart_controller:uart_ctrl_inst|baud_rate_gen:brg_inst|uart_tick ; uart_controller:uart_ctrl_inst|baud_rate_gen:brg_inst|uart_tick ; 0.000        ; 0.000      ; 0.874      ;
; 0.725 ; uart_controller:uart_ctrl_inst|uart_tx:tx_inst|bit_cnt[1]     ; uart_controller:uart_ctrl_inst|uart_tx:tx_inst|state.DATA     ; uart_controller:uart_ctrl_inst|baud_rate_gen:brg_inst|uart_tick ; uart_controller:uart_ctrl_inst|baud_rate_gen:brg_inst|uart_tick ; 0.000        ; 0.000      ; 0.877      ;
; 0.728 ; uart_controller:uart_ctrl_inst|uart_tx:tx_inst|timeout_cnt[2] ; uart_controller:uart_ctrl_inst|uart_tx:tx_inst|timeout_cnt[7] ; uart_controller:uart_ctrl_inst|baud_rate_gen:brg_inst|uart_tick ; uart_controller:uart_ctrl_inst|baud_rate_gen:brg_inst|uart_tick ; 0.000        ; 0.000      ; 0.880      ;
; 0.729 ; uart_controller:uart_ctrl_inst|uart_tx:tx_inst|bit_cnt[1]     ; uart_controller:uart_ctrl_inst|uart_tx:tx_inst|state.IDLE     ; uart_controller:uart_ctrl_inst|baud_rate_gen:brg_inst|uart_tick ; uart_controller:uart_ctrl_inst|baud_rate_gen:brg_inst|uart_tick ; 0.000        ; 0.000      ; 0.881      ;
; 0.729 ; uart_controller:uart_ctrl_inst|uart_tx:tx_inst|state.START    ; uart_controller:uart_ctrl_inst|uart_tx:tx_inst|state.IDLE     ; uart_controller:uart_ctrl_inst|baud_rate_gen:brg_inst|uart_tick ; uart_controller:uart_ctrl_inst|baud_rate_gen:brg_inst|uart_tick ; 0.000        ; 0.000      ; 0.881      ;
; 0.752 ; uart_controller:uart_ctrl_inst|uart_tx:tx_inst|timeout_cnt[6] ; uart_controller:uart_ctrl_inst|uart_tx:tx_inst|state.IDLE     ; uart_controller:uart_ctrl_inst|baud_rate_gen:brg_inst|uart_tick ; uart_controller:uart_ctrl_inst|baud_rate_gen:brg_inst|uart_tick ; 0.000        ; 0.001      ; 0.905      ;
; 0.753 ; uart_controller:uart_ctrl_inst|uart_tx:tx_inst|timeout_cnt[6] ; uart_controller:uart_ctrl_inst|uart_tx:tx_inst|state.STOP     ; uart_controller:uart_ctrl_inst|baud_rate_gen:brg_inst|uart_tick ; uart_controller:uart_ctrl_inst|baud_rate_gen:brg_inst|uart_tick ; 0.000        ; 0.001      ; 0.906      ;
; 0.755 ; uart_controller:uart_ctrl_inst|uart_tx:tx_inst|timeout_cnt[6] ; uart_controller:uart_ctrl_inst|uart_tx:tx_inst|state.DATA     ; uart_controller:uart_ctrl_inst|baud_rate_gen:brg_inst|uart_tick ; uart_controller:uart_ctrl_inst|baud_rate_gen:brg_inst|uart_tick ; 0.000        ; 0.001      ; 0.908      ;
; 0.757 ; uart_controller:uart_ctrl_inst|uart_tx:tx_inst|timeout_cnt[0] ; uart_controller:uart_ctrl_inst|uart_tx:tx_inst|timeout_cnt[7] ; uart_controller:uart_ctrl_inst|baud_rate_gen:brg_inst|uart_tick ; uart_controller:uart_ctrl_inst|baud_rate_gen:brg_inst|uart_tick ; 0.000        ; 0.000      ; 0.909      ;
+-------+---------------------------------------------------------------+---------------------------------------------------------------+-----------------------------------------------------------------+-----------------------------------------------------------------+--------------+------------+------------+


+------------------------------------------------------------------------------------------------------------------------------------------------------------------------------------------------------------------------------------------------+
; Fast Model Recovery: 'uart_controller:uart_ctrl_inst|baud_rate_gen:brg_inst|ov_tick'                                                                                                                                                           ;
+--------+-----------------------------------------+---------------------------------------------------------------------+--------------+---------------------------------------------------------------+--------------+------------+------------+
; Slack  ; From Node                               ; To Node                                                             ; Launch Clock ; Latch Clock                                                   ; Relationship ; Clock Skew ; Data Delay ;
+--------+-----------------------------------------+---------------------------------------------------------------------+--------------+---------------------------------------------------------------+--------------+------------+------------+
; -0.205 ; uart_rx_packet_new:packet_inst|rx_clear ; uart_controller:uart_ctrl_inst|uart_rx:rx_inst|valid_timeout_cnt[0] ; CLOCK_50     ; uart_controller:uart_ctrl_inst|baud_rate_gen:brg_inst|ov_tick ; 1.000        ; -0.250     ; 0.987      ;
; -0.205 ; uart_rx_packet_new:packet_inst|rx_clear ; uart_controller:uart_ctrl_inst|uart_rx:rx_inst|valid_timeout_cnt[1] ; CLOCK_50     ; uart_controller:uart_ctrl_inst|baud_rate_gen:brg_inst|ov_tick ; 1.000        ; -0.250     ; 0.987      ;
; -0.205 ; uart_rx_packet_new:packet_inst|rx_clear ; uart_controller:uart_ctrl_inst|uart_rx:rx_inst|valid_timeout_cnt[2] ; CLOCK_50     ; uart_controller:uart_ctrl_inst|baud_rate_gen:brg_inst|ov_tick ; 1.000        ; -0.250     ; 0.987      ;
; -0.205 ; uart_rx_packet_new:packet_inst|rx_clear ; uart_controller:uart_ctrl_inst|uart_rx:rx_inst|valid_timeout_cnt[3] ; CLOCK_50     ; uart_controller:uart_ctrl_inst|baud_rate_gen:brg_inst|ov_tick ; 1.000        ; -0.250     ; 0.987      ;
; -0.205 ; uart_rx_packet_new:packet_inst|rx_clear ; uart_controller:uart_ctrl_inst|uart_rx:rx_inst|valid_timeout_cnt[4] ; CLOCK_50     ; uart_controller:uart_ctrl_inst|baud_rate_gen:brg_inst|ov_tick ; 1.000        ; -0.250     ; 0.987      ;
; -0.205 ; uart_rx_packet_new:packet_inst|rx_clear ; uart_controller:uart_ctrl_inst|uart_rx:rx_inst|valid_timeout_cnt[5] ; CLOCK_50     ; uart_controller:uart_ctrl_inst|baud_rate_gen:brg_inst|ov_tick ; 1.000        ; -0.250     ; 0.987      ;
; -0.205 ; uart_rx_packet_new:packet_inst|rx_clear ; uart_controller:uart_ctrl_inst|uart_rx:rx_inst|valid_timeout_cnt[7] ; CLOCK_50     ; uart_controller:uart_ctrl_inst|baud_rate_gen:brg_inst|ov_tick ; 1.000        ; -0.250     ; 0.987      ;
; -0.205 ; uart_rx_packet_new:packet_inst|rx_clear ; uart_controller:uart_ctrl_inst|uart_rx:rx_inst|valid_timeout_cnt[6] ; CLOCK_50     ; uart_controller:uart_ctrl_inst|baud_rate_gen:brg_inst|ov_tick ; 1.000        ; -0.250     ; 0.987      ;
; -0.205 ; uart_rx_packet_new:packet_inst|rx_clear ; uart_controller:uart_ctrl_inst|uart_rx:rx_inst|rx_valid             ; CLOCK_50     ; uart_controller:uart_ctrl_inst|baud_rate_gen:brg_inst|ov_tick ; 1.000        ; -0.250     ; 0.987      ;
+--------+-----------------------------------------+---------------------------------------------------------------------+--------------+---------------------------------------------------------------+--------------+------------+------------+


+-----------------------------------------------------------------------------------------------------------------------------------------------------------------------------------------------------------------------------------------------+
; Fast Model Removal: 'uart_controller:uart_ctrl_inst|baud_rate_gen:brg_inst|ov_tick'                                                                                                                                                           ;
+-------+-----------------------------------------+---------------------------------------------------------------------+--------------+---------------------------------------------------------------+--------------+------------+------------+
; Slack ; From Node                               ; To Node                                                             ; Launch Clock ; Latch Clock                                                   ; Relationship ; Clock Skew ; Data Delay ;
+-------+-----------------------------------------+---------------------------------------------------------------------+--------------+---------------------------------------------------------------+--------------+------------+------------+
; 1.085 ; uart_rx_packet_new:packet_inst|rx_clear ; uart_controller:uart_ctrl_inst|uart_rx:rx_inst|valid_timeout_cnt[0] ; CLOCK_50     ; uart_controller:uart_ctrl_inst|baud_rate_gen:brg_inst|ov_tick ; 0.000        ; -0.250     ; 0.987      ;
; 1.085 ; uart_rx_packet_new:packet_inst|rx_clear ; uart_controller:uart_ctrl_inst|uart_rx:rx_inst|valid_timeout_cnt[1] ; CLOCK_50     ; uart_controller:uart_ctrl_inst|baud_rate_gen:brg_inst|ov_tick ; 0.000        ; -0.250     ; 0.987      ;
; 1.085 ; uart_rx_packet_new:packet_inst|rx_clear ; uart_controller:uart_ctrl_inst|uart_rx:rx_inst|valid_timeout_cnt[2] ; CLOCK_50     ; uart_controller:uart_ctrl_inst|baud_rate_gen:brg_inst|ov_tick ; 0.000        ; -0.250     ; 0.987      ;
; 1.085 ; uart_rx_packet_new:packet_inst|rx_clear ; uart_controller:uart_ctrl_inst|uart_rx:rx_inst|valid_timeout_cnt[3] ; CLOCK_50     ; uart_controller:uart_ctrl_inst|baud_rate_gen:brg_inst|ov_tick ; 0.000        ; -0.250     ; 0.987      ;
; 1.085 ; uart_rx_packet_new:packet_inst|rx_clear ; uart_controller:uart_ctrl_inst|uart_rx:rx_inst|valid_timeout_cnt[4] ; CLOCK_50     ; uart_controller:uart_ctrl_inst|baud_rate_gen:brg_inst|ov_tick ; 0.000        ; -0.250     ; 0.987      ;
; 1.085 ; uart_rx_packet_new:packet_inst|rx_clear ; uart_controller:uart_ctrl_inst|uart_rx:rx_inst|valid_timeout_cnt[5] ; CLOCK_50     ; uart_controller:uart_ctrl_inst|baud_rate_gen:brg_inst|ov_tick ; 0.000        ; -0.250     ; 0.987      ;
; 1.085 ; uart_rx_packet_new:packet_inst|rx_clear ; uart_controller:uart_ctrl_inst|uart_rx:rx_inst|valid_timeout_cnt[7] ; CLOCK_50     ; uart_controller:uart_ctrl_inst|baud_rate_gen:brg_inst|ov_tick ; 0.000        ; -0.250     ; 0.987      ;
; 1.085 ; uart_rx_packet_new:packet_inst|rx_clear ; uart_controller:uart_ctrl_inst|uart_rx:rx_inst|valid_timeout_cnt[6] ; CLOCK_50     ; uart_controller:uart_ctrl_inst|baud_rate_gen:brg_inst|ov_tick ; 0.000        ; -0.250     ; 0.987      ;
; 1.085 ; uart_rx_packet_new:packet_inst|rx_clear ; uart_controller:uart_ctrl_inst|uart_rx:rx_inst|rx_valid             ; CLOCK_50     ; uart_controller:uart_ctrl_inst|baud_rate_gen:brg_inst|ov_tick ; 0.000        ; -0.250     ; 0.987      ;
+-------+-----------------------------------------+---------------------------------------------------------------------+--------------+---------------------------------------------------------------+--------------+------------+------------+


+-----------------------------------------------------------------------------------------------------------------------------------------------------------------------------------------------------------+
; Fast Model Minimum Pulse Width: 'CLOCK_50'                                                                                                                                                                ;
+--------+--------------+----------------+------------------+----------+------------+-----------------------------------------------------------------------------------------------------------------------+
; Slack  ; Actual Width ; Required Width ; Type             ; Clock    ; Clock Edge ; Target                                                                                                                ;
+--------+--------------+----------------+------------------+----------+------------+-----------------------------------------------------------------------------------------------------------------------+
; -1.627 ; 0.500        ; 2.127          ; High Pulse Width ; CLOCK_50 ; Rise       ; uart_rx_packet_new:packet_inst|altsyncram:buffer_rtl_0|altsyncram_09c1:auto_generated|ram_block1a0~porta_address_reg0 ;
; -1.627 ; 0.500        ; 2.127          ; Low Pulse Width  ; CLOCK_50 ; Rise       ; uart_rx_packet_new:packet_inst|altsyncram:buffer_rtl_0|altsyncram_09c1:auto_generated|ram_block1a0~porta_address_reg0 ;
; -1.627 ; 0.500        ; 2.127          ; High Pulse Width ; CLOCK_50 ; Rise       ; uart_rx_packet_new:packet_inst|altsyncram:buffer_rtl_0|altsyncram_09c1:auto_generated|ram_block1a0~porta_address_reg1 ;
; -1.627 ; 0.500        ; 2.127          ; Low Pulse Width  ; CLOCK_50 ; Rise       ; uart_rx_packet_new:packet_inst|altsyncram:buffer_rtl_0|altsyncram_09c1:auto_generated|ram_block1a0~porta_address_reg1 ;
; -1.627 ; 0.500        ; 2.127          ; High Pulse Width ; CLOCK_50 ; Rise       ; uart_rx_packet_new:packet_inst|altsyncram:buffer_rtl_0|altsyncram_09c1:auto_generated|ram_block1a0~porta_address_reg2 ;
; -1.627 ; 0.500        ; 2.127          ; Low Pulse Width  ; CLOCK_50 ; Rise       ; uart_rx_packet_new:packet_inst|altsyncram:buffer_rtl_0|altsyncram_09c1:auto_generated|ram_block1a0~porta_address_reg2 ;
; -1.627 ; 0.500        ; 2.127          ; High Pulse Width ; CLOCK_50 ; Rise       ; uart_rx_packet_new:packet_inst|altsyncram:buffer_rtl_0|altsyncram_09c1:auto_generated|ram_block1a0~porta_address_reg3 ;
; -1.627 ; 0.500        ; 2.127          ; Low Pulse Width  ; CLOCK_50 ; Rise       ; uart_rx_packet_new:packet_inst|altsyncram:buffer_rtl_0|altsyncram_09c1:auto_generated|ram_block1a0~porta_address_reg3 ;
; -1.627 ; 0.500        ; 2.127          ; High Pulse Width ; CLOCK_50 ; Rise       ; uart_rx_packet_new:packet_inst|altsyncram:buffer_rtl_0|altsyncram_09c1:auto_generated|ram_block1a0~porta_address_reg4 ;
; -1.627 ; 0.500        ; 2.127          ; Low Pulse Width  ; CLOCK_50 ; Rise       ; uart_rx_packet_new:packet_inst|altsyncram:buffer_rtl_0|altsyncram_09c1:auto_generated|ram_block1a0~porta_address_reg4 ;
; -1.627 ; 0.500        ; 2.127          ; High Pulse Width ; CLOCK_50 ; Rise       ; uart_rx_packet_new:packet_inst|altsyncram:buffer_rtl_0|altsyncram_09c1:auto_generated|ram_block1a0~porta_address_reg5 ;
; -1.627 ; 0.500        ; 2.127          ; Low Pulse Width  ; CLOCK_50 ; Rise       ; uart_rx_packet_new:packet_inst|altsyncram:buffer_rtl_0|altsyncram_09c1:auto_generated|ram_block1a0~porta_address_reg5 ;
; -1.627 ; 0.500        ; 2.127          ; High Pulse Width ; CLOCK_50 ; Rise       ; uart_rx_packet_new:packet_inst|altsyncram:buffer_rtl_0|altsyncram_09c1:auto_generated|ram_block1a0~porta_address_reg6 ;
; -1.627 ; 0.500        ; 2.127          ; Low Pulse Width  ; CLOCK_50 ; Rise       ; uart_rx_packet_new:packet_inst|altsyncram:buffer_rtl_0|altsyncram_09c1:auto_generated|ram_block1a0~porta_address_reg6 ;
; -1.627 ; 0.500        ; 2.127          ; High Pulse Width ; CLOCK_50 ; Rise       ; uart_rx_packet_new:packet_inst|altsyncram:buffer_rtl_0|altsyncram_09c1:auto_generated|ram_block1a0~porta_address_reg7 ;
; -1.627 ; 0.500        ; 2.127          ; Low Pulse Width  ; CLOCK_50 ; Rise       ; uart_rx_packet_new:packet_inst|altsyncram:buffer_rtl_0|altsyncram_09c1:auto_generated|ram_block1a0~porta_address_reg7 ;
; -1.627 ; 0.500        ; 2.127          ; High Pulse Width ; CLOCK_50 ; Rise       ; uart_rx_packet_new:packet_inst|altsyncram:buffer_rtl_0|altsyncram_09c1:auto_generated|ram_block1a0~porta_datain_reg0  ;
; -1.627 ; 0.500        ; 2.127          ; Low Pulse Width  ; CLOCK_50 ; Rise       ; uart_rx_packet_new:packet_inst|altsyncram:buffer_rtl_0|altsyncram_09c1:auto_generated|ram_block1a0~porta_datain_reg0  ;
; -1.627 ; 0.500        ; 2.127          ; High Pulse Width ; CLOCK_50 ; Rise       ; uart_rx_packet_new:packet_inst|altsyncram:buffer_rtl_0|altsyncram_09c1:auto_generated|ram_block1a0~porta_datain_reg1  ;
; -1.627 ; 0.500        ; 2.127          ; Low Pulse Width  ; CLOCK_50 ; Rise       ; uart_rx_packet_new:packet_inst|altsyncram:buffer_rtl_0|altsyncram_09c1:auto_generated|ram_block1a0~porta_datain_reg1  ;
; -1.627 ; 0.500        ; 2.127          ; High Pulse Width ; CLOCK_50 ; Rise       ; uart_rx_packet_new:packet_inst|altsyncram:buffer_rtl_0|altsyncram_09c1:auto_generated|ram_block1a0~porta_datain_reg2  ;
; -1.627 ; 0.500        ; 2.127          ; Low Pulse Width  ; CLOCK_50 ; Rise       ; uart_rx_packet_new:packet_inst|altsyncram:buffer_rtl_0|altsyncram_09c1:auto_generated|ram_block1a0~porta_datain_reg2  ;
; -1.627 ; 0.500        ; 2.127          ; High Pulse Width ; CLOCK_50 ; Rise       ; uart_rx_packet_new:packet_inst|altsyncram:buffer_rtl_0|altsyncram_09c1:auto_generated|ram_block1a0~porta_datain_reg3  ;
; -1.627 ; 0.500        ; 2.127          ; Low Pulse Width  ; CLOCK_50 ; Rise       ; uart_rx_packet_new:packet_inst|altsyncram:buffer_rtl_0|altsyncram_09c1:auto_generated|ram_block1a0~porta_datain_reg3  ;
; -1.627 ; 0.500        ; 2.127          ; High Pulse Width ; CLOCK_50 ; Rise       ; uart_rx_packet_new:packet_inst|altsyncram:buffer_rtl_0|altsyncram_09c1:auto_generated|ram_block1a0~porta_datain_reg4  ;
; -1.627 ; 0.500        ; 2.127          ; Low Pulse Width  ; CLOCK_50 ; Rise       ; uart_rx_packet_new:packet_inst|altsyncram:buffer_rtl_0|altsyncram_09c1:auto_generated|ram_block1a0~porta_datain_reg4  ;
; -1.627 ; 0.500        ; 2.127          ; High Pulse Width ; CLOCK_50 ; Rise       ; uart_rx_packet_new:packet_inst|altsyncram:buffer_rtl_0|altsyncram_09c1:auto_generated|ram_block1a0~porta_datain_reg5  ;
; -1.627 ; 0.500        ; 2.127          ; Low Pulse Width  ; CLOCK_50 ; Rise       ; uart_rx_packet_new:packet_inst|altsyncram:buffer_rtl_0|altsyncram_09c1:auto_generated|ram_block1a0~porta_datain_reg5  ;
; -1.627 ; 0.500        ; 2.127          ; High Pulse Width ; CLOCK_50 ; Rise       ; uart_rx_packet_new:packet_inst|altsyncram:buffer_rtl_0|altsyncram_09c1:auto_generated|ram_block1a0~porta_datain_reg6  ;
; -1.627 ; 0.500        ; 2.127          ; Low Pulse Width  ; CLOCK_50 ; Rise       ; uart_rx_packet_new:packet_inst|altsyncram:buffer_rtl_0|altsyncram_09c1:auto_generated|ram_block1a0~porta_datain_reg6  ;
; -1.627 ; 0.500        ; 2.127          ; High Pulse Width ; CLOCK_50 ; Rise       ; uart_rx_packet_new:packet_inst|altsyncram:buffer_rtl_0|altsyncram_09c1:auto_generated|ram_block1a0~porta_datain_reg7  ;
; -1.627 ; 0.500        ; 2.127          ; Low Pulse Width  ; CLOCK_50 ; Rise       ; uart_rx_packet_new:packet_inst|altsyncram:buffer_rtl_0|altsyncram_09c1:auto_generated|ram_block1a0~porta_datain_reg7  ;
; -1.627 ; 0.500        ; 2.127          ; High Pulse Width ; CLOCK_50 ; Rise       ; uart_rx_packet_new:packet_inst|altsyncram:buffer_rtl_0|altsyncram_09c1:auto_generated|ram_block1a0~porta_memory_reg0  ;
; -1.627 ; 0.500        ; 2.127          ; Low Pulse Width  ; CLOCK_50 ; Rise       ; uart_rx_packet_new:packet_inst|altsyncram:buffer_rtl_0|altsyncram_09c1:auto_generated|ram_block1a0~porta_memory_reg0  ;
; -1.627 ; 0.500        ; 2.127          ; High Pulse Width ; CLOCK_50 ; Rise       ; uart_rx_packet_new:packet_inst|altsyncram:buffer_rtl_0|altsyncram_09c1:auto_generated|ram_block1a0~porta_we_reg       ;
; -1.627 ; 0.500        ; 2.127          ; Low Pulse Width  ; CLOCK_50 ; Rise       ; uart_rx_packet_new:packet_inst|altsyncram:buffer_rtl_0|altsyncram_09c1:auto_generated|ram_block1a0~porta_we_reg       ;
; -1.627 ; 0.500        ; 2.127          ; High Pulse Width ; CLOCK_50 ; Rise       ; uart_rx_packet_new:packet_inst|altsyncram:buffer_rtl_0|altsyncram_09c1:auto_generated|ram_block1a0~portb_address_reg0 ;
; -1.627 ; 0.500        ; 2.127          ; Low Pulse Width  ; CLOCK_50 ; Rise       ; uart_rx_packet_new:packet_inst|altsyncram:buffer_rtl_0|altsyncram_09c1:auto_generated|ram_block1a0~portb_address_reg0 ;
; -1.627 ; 0.500        ; 2.127          ; High Pulse Width ; CLOCK_50 ; Rise       ; uart_rx_packet_new:packet_inst|altsyncram:buffer_rtl_0|altsyncram_09c1:auto_generated|ram_block1a0~portb_address_reg1 ;
; -1.627 ; 0.500        ; 2.127          ; Low Pulse Width  ; CLOCK_50 ; Rise       ; uart_rx_packet_new:packet_inst|altsyncram:buffer_rtl_0|altsyncram_09c1:auto_generated|ram_block1a0~portb_address_reg1 ;
; -1.627 ; 0.500        ; 2.127          ; High Pulse Width ; CLOCK_50 ; Rise       ; uart_rx_packet_new:packet_inst|altsyncram:buffer_rtl_0|altsyncram_09c1:auto_generated|ram_block1a0~portb_address_reg2 ;
; -1.627 ; 0.500        ; 2.127          ; Low Pulse Width  ; CLOCK_50 ; Rise       ; uart_rx_packet_new:packet_inst|altsyncram:buffer_rtl_0|altsyncram_09c1:auto_generated|ram_block1a0~portb_address_reg2 ;
; -1.627 ; 0.500        ; 2.127          ; High Pulse Width ; CLOCK_50 ; Rise       ; uart_rx_packet_new:packet_inst|altsyncram:buffer_rtl_0|altsyncram_09c1:auto_generated|ram_block1a0~portb_address_reg3 ;
; -1.627 ; 0.500        ; 2.127          ; Low Pulse Width  ; CLOCK_50 ; Rise       ; uart_rx_packet_new:packet_inst|altsyncram:buffer_rtl_0|altsyncram_09c1:auto_generated|ram_block1a0~portb_address_reg3 ;
; -1.627 ; 0.500        ; 2.127          ; High Pulse Width ; CLOCK_50 ; Rise       ; uart_rx_packet_new:packet_inst|altsyncram:buffer_rtl_0|altsyncram_09c1:auto_generated|ram_block1a0~portb_address_reg4 ;
; -1.627 ; 0.500        ; 2.127          ; Low Pulse Width  ; CLOCK_50 ; Rise       ; uart_rx_packet_new:packet_inst|altsyncram:buffer_rtl_0|altsyncram_09c1:auto_generated|ram_block1a0~portb_address_reg4 ;
; -1.627 ; 0.500        ; 2.127          ; High Pulse Width ; CLOCK_50 ; Rise       ; uart_rx_packet_new:packet_inst|altsyncram:buffer_rtl_0|altsyncram_09c1:auto_generated|ram_block1a0~portb_address_reg5 ;
; -1.627 ; 0.500        ; 2.127          ; Low Pulse Width  ; CLOCK_50 ; Rise       ; uart_rx_packet_new:packet_inst|altsyncram:buffer_rtl_0|altsyncram_09c1:auto_generated|ram_block1a0~portb_address_reg5 ;
; -1.627 ; 0.500        ; 2.127          ; High Pulse Width ; CLOCK_50 ; Rise       ; uart_rx_packet_new:packet_inst|altsyncram:buffer_rtl_0|altsyncram_09c1:auto_generated|ram_block1a0~portb_address_reg6 ;
; -1.627 ; 0.500        ; 2.127          ; Low Pulse Width  ; CLOCK_50 ; Rise       ; uart_rx_packet_new:packet_inst|altsyncram:buffer_rtl_0|altsyncram_09c1:auto_generated|ram_block1a0~portb_address_reg6 ;
; -1.627 ; 0.500        ; 2.127          ; High Pulse Width ; CLOCK_50 ; Rise       ; uart_rx_packet_new:packet_inst|altsyncram:buffer_rtl_0|altsyncram_09c1:auto_generated|ram_block1a0~portb_address_reg7 ;
; -1.627 ; 0.500        ; 2.127          ; Low Pulse Width  ; CLOCK_50 ; Rise       ; uart_rx_packet_new:packet_inst|altsyncram:buffer_rtl_0|altsyncram_09c1:auto_generated|ram_block1a0~portb_address_reg7 ;
; -1.627 ; 0.500        ; 2.127          ; High Pulse Width ; CLOCK_50 ; Rise       ; uart_rx_packet_new:packet_inst|altsyncram:buffer_rtl_0|altsyncram_09c1:auto_generated|ram_block1a1~porta_memory_reg0  ;
; -1.627 ; 0.500        ; 2.127          ; Low Pulse Width  ; CLOCK_50 ; Rise       ; uart_rx_packet_new:packet_inst|altsyncram:buffer_rtl_0|altsyncram_09c1:auto_generated|ram_block1a1~porta_memory_reg0  ;
; -1.627 ; 0.500        ; 2.127          ; High Pulse Width ; CLOCK_50 ; Rise       ; uart_rx_packet_new:packet_inst|altsyncram:buffer_rtl_0|altsyncram_09c1:auto_generated|ram_block1a2~porta_memory_reg0  ;
; -1.627 ; 0.500        ; 2.127          ; Low Pulse Width  ; CLOCK_50 ; Rise       ; uart_rx_packet_new:packet_inst|altsyncram:buffer_rtl_0|altsyncram_09c1:auto_generated|ram_block1a2~porta_memory_reg0  ;
; -1.627 ; 0.500        ; 2.127          ; High Pulse Width ; CLOCK_50 ; Rise       ; uart_rx_packet_new:packet_inst|altsyncram:buffer_rtl_0|altsyncram_09c1:auto_generated|ram_block1a3~porta_memory_reg0  ;
; -1.627 ; 0.500        ; 2.127          ; Low Pulse Width  ; CLOCK_50 ; Rise       ; uart_rx_packet_new:packet_inst|altsyncram:buffer_rtl_0|altsyncram_09c1:auto_generated|ram_block1a3~porta_memory_reg0  ;
; -1.627 ; 0.500        ; 2.127          ; High Pulse Width ; CLOCK_50 ; Rise       ; uart_rx_packet_new:packet_inst|altsyncram:buffer_rtl_0|altsyncram_09c1:auto_generated|ram_block1a4~porta_memory_reg0  ;
; -1.627 ; 0.500        ; 2.127          ; Low Pulse Width  ; CLOCK_50 ; Rise       ; uart_rx_packet_new:packet_inst|altsyncram:buffer_rtl_0|altsyncram_09c1:auto_generated|ram_block1a4~porta_memory_reg0  ;
; -1.627 ; 0.500        ; 2.127          ; High Pulse Width ; CLOCK_50 ; Rise       ; uart_rx_packet_new:packet_inst|altsyncram:buffer_rtl_0|altsyncram_09c1:auto_generated|ram_block1a5~porta_memory_reg0  ;
; -1.627 ; 0.500        ; 2.127          ; Low Pulse Width  ; CLOCK_50 ; Rise       ; uart_rx_packet_new:packet_inst|altsyncram:buffer_rtl_0|altsyncram_09c1:auto_generated|ram_block1a5~porta_memory_reg0  ;
; -1.627 ; 0.500        ; 2.127          ; High Pulse Width ; CLOCK_50 ; Rise       ; uart_rx_packet_new:packet_inst|altsyncram:buffer_rtl_0|altsyncram_09c1:auto_generated|ram_block1a6~porta_memory_reg0  ;
; -1.627 ; 0.500        ; 2.127          ; Low Pulse Width  ; CLOCK_50 ; Rise       ; uart_rx_packet_new:packet_inst|altsyncram:buffer_rtl_0|altsyncram_09c1:auto_generated|ram_block1a6~porta_memory_reg0  ;
; -1.627 ; 0.500        ; 2.127          ; High Pulse Width ; CLOCK_50 ; Rise       ; uart_rx_packet_new:packet_inst|altsyncram:buffer_rtl_0|altsyncram_09c1:auto_generated|ram_block1a7~porta_memory_reg0  ;
; -1.627 ; 0.500        ; 2.127          ; Low Pulse Width  ; CLOCK_50 ; Rise       ; uart_rx_packet_new:packet_inst|altsyncram:buffer_rtl_0|altsyncram_09c1:auto_generated|ram_block1a7~porta_memory_reg0  ;
; -1.380 ; 1.000        ; 2.380          ; Port Rate        ; CLOCK_50 ; Rise       ; CLOCK_50                                                                                                              ;
; -0.500 ; 0.500        ; 1.000          ; High Pulse Width ; CLOCK_50 ; Rise       ; packet_cnt[0]                                                                                                         ;
; -0.500 ; 0.500        ; 1.000          ; Low Pulse Width  ; CLOCK_50 ; Rise       ; packet_cnt[0]                                                                                                         ;
; -0.500 ; 0.500        ; 1.000          ; High Pulse Width ; CLOCK_50 ; Rise       ; packet_cnt[10]                                                                                                        ;
; -0.500 ; 0.500        ; 1.000          ; Low Pulse Width  ; CLOCK_50 ; Rise       ; packet_cnt[10]                                                                                                        ;
; -0.500 ; 0.500        ; 1.000          ; High Pulse Width ; CLOCK_50 ; Rise       ; packet_cnt[11]                                                                                                        ;
; -0.500 ; 0.500        ; 1.000          ; Low Pulse Width  ; CLOCK_50 ; Rise       ; packet_cnt[11]                                                                                                        ;
; -0.500 ; 0.500        ; 1.000          ; High Pulse Width ; CLOCK_50 ; Rise       ; packet_cnt[1]                                                                                                         ;
; -0.500 ; 0.500        ; 1.000          ; Low Pulse Width  ; CLOCK_50 ; Rise       ; packet_cnt[1]                                                                                                         ;
; -0.500 ; 0.500        ; 1.000          ; High Pulse Width ; CLOCK_50 ; Rise       ; packet_cnt[2]                                                                                                         ;
; -0.500 ; 0.500        ; 1.000          ; Low Pulse Width  ; CLOCK_50 ; Rise       ; packet_cnt[2]                                                                                                         ;
; -0.500 ; 0.500        ; 1.000          ; High Pulse Width ; CLOCK_50 ; Rise       ; packet_cnt[3]                                                                                                         ;
; -0.500 ; 0.500        ; 1.000          ; Low Pulse Width  ; CLOCK_50 ; Rise       ; packet_cnt[3]                                                                                                         ;
; -0.500 ; 0.500        ; 1.000          ; High Pulse Width ; CLOCK_50 ; Rise       ; packet_cnt[4]                                                                                                         ;
; -0.500 ; 0.500        ; 1.000          ; Low Pulse Width  ; CLOCK_50 ; Rise       ; packet_cnt[4]                                                                                                         ;
; -0.500 ; 0.500        ; 1.000          ; High Pulse Width ; CLOCK_50 ; Rise       ; packet_cnt[5]                                                                                                         ;
; -0.500 ; 0.500        ; 1.000          ; Low Pulse Width  ; CLOCK_50 ; Rise       ; packet_cnt[5]                                                                                                         ;
; -0.500 ; 0.500        ; 1.000          ; High Pulse Width ; CLOCK_50 ; Rise       ; packet_cnt[6]                                                                                                         ;
; -0.500 ; 0.500        ; 1.000          ; Low Pulse Width  ; CLOCK_50 ; Rise       ; packet_cnt[6]                                                                                                         ;
; -0.500 ; 0.500        ; 1.000          ; High Pulse Width ; CLOCK_50 ; Rise       ; packet_cnt[7]                                                                                                         ;
; -0.500 ; 0.500        ; 1.000          ; Low Pulse Width  ; CLOCK_50 ; Rise       ; packet_cnt[7]                                                                                                         ;
; -0.500 ; 0.500        ; 1.000          ; High Pulse Width ; CLOCK_50 ; Rise       ; packet_cnt[8]                                                                                                         ;
; -0.500 ; 0.500        ; 1.000          ; Low Pulse Width  ; CLOCK_50 ; Rise       ; packet_cnt[8]                                                                                                         ;
; -0.500 ; 0.500        ; 1.000          ; High Pulse Width ; CLOCK_50 ; Rise       ; packet_cnt[9]                                                                                                         ;
; -0.500 ; 0.500        ; 1.000          ; Low Pulse Width  ; CLOCK_50 ; Rise       ; packet_cnt[9]                                                                                                         ;
; -0.500 ; 0.500        ; 1.000          ; High Pulse Width ; CLOCK_50 ; Rise       ; packet_valid_d                                                                                                        ;
; -0.500 ; 0.500        ; 1.000          ; Low Pulse Width  ; CLOCK_50 ; Rise       ; packet_valid_d                                                                                                        ;
; -0.500 ; 0.500        ; 1.000          ; High Pulse Width ; CLOCK_50 ; Rise       ; sram_packet_writer:sram_writer_inst|addr_latch[0]                                                                     ;
; -0.500 ; 0.500        ; 1.000          ; Low Pulse Width  ; CLOCK_50 ; Rise       ; sram_packet_writer:sram_writer_inst|addr_latch[0]                                                                     ;
; -0.500 ; 0.500        ; 1.000          ; High Pulse Width ; CLOCK_50 ; Rise       ; sram_packet_writer:sram_writer_inst|addr_latch[10]                                                                    ;
; -0.500 ; 0.500        ; 1.000          ; Low Pulse Width  ; CLOCK_50 ; Rise       ; sram_packet_writer:sram_writer_inst|addr_latch[10]                                                                    ;
; -0.500 ; 0.500        ; 1.000          ; High Pulse Width ; CLOCK_50 ; Rise       ; sram_packet_writer:sram_writer_inst|addr_latch[11]                                                                    ;
; -0.500 ; 0.500        ; 1.000          ; Low Pulse Width  ; CLOCK_50 ; Rise       ; sram_packet_writer:sram_writer_inst|addr_latch[11]                                                                    ;
; -0.500 ; 0.500        ; 1.000          ; High Pulse Width ; CLOCK_50 ; Rise       ; sram_packet_writer:sram_writer_inst|addr_latch[12]                                                                    ;
+--------+--------------+----------------+------------------+----------+------------+-----------------------------------------------------------------------------------------------------------------------+


+--------------------------------------------------------------------------------------------------------------------------------------------------------------------------------------------------------------+
; Fast Model Minimum Pulse Width: 'uart_controller:uart_ctrl_inst|baud_rate_gen:brg_inst|ov_tick'                                                                                                              ;
+--------+--------------+----------------+------------------+---------------------------------------------------------------+------------+---------------------------------------------------------------------+
; Slack  ; Actual Width ; Required Width ; Type             ; Clock                                                         ; Clock Edge ; Target                                                              ;
+--------+--------------+----------------+------------------+---------------------------------------------------------------+------------+---------------------------------------------------------------------+
; -0.500 ; 0.500        ; 1.000          ; High Pulse Width ; uart_controller:uart_ctrl_inst|baud_rate_gen:brg_inst|ov_tick ; Rise       ; uart_controller:uart_ctrl_inst|uart_rx:rx_inst|bit_cnt[0]           ;
; -0.500 ; 0.500        ; 1.000          ; Low Pulse Width  ; uart_controller:uart_ctrl_inst|baud_rate_gen:brg_inst|ov_tick ; Rise       ; uart_controller:uart_ctrl_inst|uart_rx:rx_inst|bit_cnt[0]           ;
; -0.500 ; 0.500        ; 1.000          ; High Pulse Width ; uart_controller:uart_ctrl_inst|baud_rate_gen:brg_inst|ov_tick ; Rise       ; uart_controller:uart_ctrl_inst|uart_rx:rx_inst|bit_cnt[1]           ;
; -0.500 ; 0.500        ; 1.000          ; Low Pulse Width  ; uart_controller:uart_ctrl_inst|baud_rate_gen:brg_inst|ov_tick ; Rise       ; uart_controller:uart_ctrl_inst|uart_rx:rx_inst|bit_cnt[1]           ;
; -0.500 ; 0.500        ; 1.000          ; High Pulse Width ; uart_controller:uart_ctrl_inst|baud_rate_gen:brg_inst|ov_tick ; Rise       ; uart_controller:uart_ctrl_inst|uart_rx:rx_inst|bit_cnt[2]           ;
; -0.500 ; 0.500        ; 1.000          ; Low Pulse Width  ; uart_controller:uart_ctrl_inst|baud_rate_gen:brg_inst|ov_tick ; Rise       ; uart_controller:uart_ctrl_inst|uart_rx:rx_inst|bit_cnt[2]           ;
; -0.500 ; 0.500        ; 1.000          ; High Pulse Width ; uart_controller:uart_ctrl_inst|baud_rate_gen:brg_inst|ov_tick ; Rise       ; uart_controller:uart_ctrl_inst|uart_rx:rx_inst|data_out[0]          ;
; -0.500 ; 0.500        ; 1.000          ; Low Pulse Width  ; uart_controller:uart_ctrl_inst|baud_rate_gen:brg_inst|ov_tick ; Rise       ; uart_controller:uart_ctrl_inst|uart_rx:rx_inst|data_out[0]          ;
; -0.500 ; 0.500        ; 1.000          ; High Pulse Width ; uart_controller:uart_ctrl_inst|baud_rate_gen:brg_inst|ov_tick ; Rise       ; uart_controller:uart_ctrl_inst|uart_rx:rx_inst|data_out[1]          ;
; -0.500 ; 0.500        ; 1.000          ; Low Pulse Width  ; uart_controller:uart_ctrl_inst|baud_rate_gen:brg_inst|ov_tick ; Rise       ; uart_controller:uart_ctrl_inst|uart_rx:rx_inst|data_out[1]          ;
; -0.500 ; 0.500        ; 1.000          ; High Pulse Width ; uart_controller:uart_ctrl_inst|baud_rate_gen:brg_inst|ov_tick ; Rise       ; uart_controller:uart_ctrl_inst|uart_rx:rx_inst|data_out[2]          ;
; -0.500 ; 0.500        ; 1.000          ; Low Pulse Width  ; uart_controller:uart_ctrl_inst|baud_rate_gen:brg_inst|ov_tick ; Rise       ; uart_controller:uart_ctrl_inst|uart_rx:rx_inst|data_out[2]          ;
; -0.500 ; 0.500        ; 1.000          ; High Pulse Width ; uart_controller:uart_ctrl_inst|baud_rate_gen:brg_inst|ov_tick ; Rise       ; uart_controller:uart_ctrl_inst|uart_rx:rx_inst|data_out[3]          ;
; -0.500 ; 0.500        ; 1.000          ; Low Pulse Width  ; uart_controller:uart_ctrl_inst|baud_rate_gen:brg_inst|ov_tick ; Rise       ; uart_controller:uart_ctrl_inst|uart_rx:rx_inst|data_out[3]          ;
; -0.500 ; 0.500        ; 1.000          ; High Pulse Width ; uart_controller:uart_ctrl_inst|baud_rate_gen:brg_inst|ov_tick ; Rise       ; uart_controller:uart_ctrl_inst|uart_rx:rx_inst|data_out[4]          ;
; -0.500 ; 0.500        ; 1.000          ; Low Pulse Width  ; uart_controller:uart_ctrl_inst|baud_rate_gen:brg_inst|ov_tick ; Rise       ; uart_controller:uart_ctrl_inst|uart_rx:rx_inst|data_out[4]          ;
; -0.500 ; 0.500        ; 1.000          ; High Pulse Width ; uart_controller:uart_ctrl_inst|baud_rate_gen:brg_inst|ov_tick ; Rise       ; uart_controller:uart_ctrl_inst|uart_rx:rx_inst|data_out[5]          ;
; -0.500 ; 0.500        ; 1.000          ; Low Pulse Width  ; uart_controller:uart_ctrl_inst|baud_rate_gen:brg_inst|ov_tick ; Rise       ; uart_controller:uart_ctrl_inst|uart_rx:rx_inst|data_out[5]          ;
; -0.500 ; 0.500        ; 1.000          ; High Pulse Width ; uart_controller:uart_ctrl_inst|baud_rate_gen:brg_inst|ov_tick ; Rise       ; uart_controller:uart_ctrl_inst|uart_rx:rx_inst|data_out[6]          ;
; -0.500 ; 0.500        ; 1.000          ; Low Pulse Width  ; uart_controller:uart_ctrl_inst|baud_rate_gen:brg_inst|ov_tick ; Rise       ; uart_controller:uart_ctrl_inst|uart_rx:rx_inst|data_out[6]          ;
; -0.500 ; 0.500        ; 1.000          ; High Pulse Width ; uart_controller:uart_ctrl_inst|baud_rate_gen:brg_inst|ov_tick ; Rise       ; uart_controller:uart_ctrl_inst|uart_rx:rx_inst|data_out[7]          ;
; -0.500 ; 0.500        ; 1.000          ; Low Pulse Width  ; uart_controller:uart_ctrl_inst|baud_rate_gen:brg_inst|ov_tick ; Rise       ; uart_controller:uart_ctrl_inst|uart_rx:rx_inst|data_out[7]          ;
; -0.500 ; 0.500        ; 1.000          ; High Pulse Width ; uart_controller:uart_ctrl_inst|baud_rate_gen:brg_inst|ov_tick ; Rise       ; uart_controller:uart_ctrl_inst|uart_rx:rx_inst|rx_reg[0]            ;
; -0.500 ; 0.500        ; 1.000          ; Low Pulse Width  ; uart_controller:uart_ctrl_inst|baud_rate_gen:brg_inst|ov_tick ; Rise       ; uart_controller:uart_ctrl_inst|uart_rx:rx_inst|rx_reg[0]            ;
; -0.500 ; 0.500        ; 1.000          ; High Pulse Width ; uart_controller:uart_ctrl_inst|baud_rate_gen:brg_inst|ov_tick ; Rise       ; uart_controller:uart_ctrl_inst|uart_rx:rx_inst|rx_reg[1]            ;
; -0.500 ; 0.500        ; 1.000          ; Low Pulse Width  ; uart_controller:uart_ctrl_inst|baud_rate_gen:brg_inst|ov_tick ; Rise       ; uart_controller:uart_ctrl_inst|uart_rx:rx_inst|rx_reg[1]            ;
; -0.500 ; 0.500        ; 1.000          ; High Pulse Width ; uart_controller:uart_ctrl_inst|baud_rate_gen:brg_inst|ov_tick ; Rise       ; uart_controller:uart_ctrl_inst|uart_rx:rx_inst|rx_reg[2]            ;
; -0.500 ; 0.500        ; 1.000          ; Low Pulse Width  ; uart_controller:uart_ctrl_inst|baud_rate_gen:brg_inst|ov_tick ; Rise       ; uart_controller:uart_ctrl_inst|uart_rx:rx_inst|rx_reg[2]            ;
; -0.500 ; 0.500        ; 1.000          ; High Pulse Width ; uart_controller:uart_ctrl_inst|baud_rate_gen:brg_inst|ov_tick ; Rise       ; uart_controller:uart_ctrl_inst|uart_rx:rx_inst|rx_reg[3]            ;
; -0.500 ; 0.500        ; 1.000          ; Low Pulse Width  ; uart_controller:uart_ctrl_inst|baud_rate_gen:brg_inst|ov_tick ; Rise       ; uart_controller:uart_ctrl_inst|uart_rx:rx_inst|rx_reg[3]            ;
; -0.500 ; 0.500        ; 1.000          ; High Pulse Width ; uart_controller:uart_ctrl_inst|baud_rate_gen:brg_inst|ov_tick ; Rise       ; uart_controller:uart_ctrl_inst|uart_rx:rx_inst|rx_reg[4]            ;
; -0.500 ; 0.500        ; 1.000          ; Low Pulse Width  ; uart_controller:uart_ctrl_inst|baud_rate_gen:brg_inst|ov_tick ; Rise       ; uart_controller:uart_ctrl_inst|uart_rx:rx_inst|rx_reg[4]            ;
; -0.500 ; 0.500        ; 1.000          ; High Pulse Width ; uart_controller:uart_ctrl_inst|baud_rate_gen:brg_inst|ov_tick ; Rise       ; uart_controller:uart_ctrl_inst|uart_rx:rx_inst|rx_reg[5]            ;
; -0.500 ; 0.500        ; 1.000          ; Low Pulse Width  ; uart_controller:uart_ctrl_inst|baud_rate_gen:brg_inst|ov_tick ; Rise       ; uart_controller:uart_ctrl_inst|uart_rx:rx_inst|rx_reg[5]            ;
; -0.500 ; 0.500        ; 1.000          ; High Pulse Width ; uart_controller:uart_ctrl_inst|baud_rate_gen:brg_inst|ov_tick ; Rise       ; uart_controller:uart_ctrl_inst|uart_rx:rx_inst|rx_reg[6]            ;
; -0.500 ; 0.500        ; 1.000          ; Low Pulse Width  ; uart_controller:uart_ctrl_inst|baud_rate_gen:brg_inst|ov_tick ; Rise       ; uart_controller:uart_ctrl_inst|uart_rx:rx_inst|rx_reg[6]            ;
; -0.500 ; 0.500        ; 1.000          ; High Pulse Width ; uart_controller:uart_ctrl_inst|baud_rate_gen:brg_inst|ov_tick ; Rise       ; uart_controller:uart_ctrl_inst|uart_rx:rx_inst|rx_reg[7]            ;
; -0.500 ; 0.500        ; 1.000          ; Low Pulse Width  ; uart_controller:uart_ctrl_inst|baud_rate_gen:brg_inst|ov_tick ; Rise       ; uart_controller:uart_ctrl_inst|uart_rx:rx_inst|rx_reg[7]            ;
; -0.500 ; 0.500        ; 1.000          ; High Pulse Width ; uart_controller:uart_ctrl_inst|baud_rate_gen:brg_inst|ov_tick ; Rise       ; uart_controller:uart_ctrl_inst|uart_rx:rx_inst|rx_valid             ;
; -0.500 ; 0.500        ; 1.000          ; Low Pulse Width  ; uart_controller:uart_ctrl_inst|baud_rate_gen:brg_inst|ov_tick ; Rise       ; uart_controller:uart_ctrl_inst|uart_rx:rx_inst|rx_valid             ;
; -0.500 ; 0.500        ; 1.000          ; High Pulse Width ; uart_controller:uart_ctrl_inst|baud_rate_gen:brg_inst|ov_tick ; Rise       ; uart_controller:uart_ctrl_inst|uart_rx:rx_inst|samples[0]           ;
; -0.500 ; 0.500        ; 1.000          ; Low Pulse Width  ; uart_controller:uart_ctrl_inst|baud_rate_gen:brg_inst|ov_tick ; Rise       ; uart_controller:uart_ctrl_inst|uart_rx:rx_inst|samples[0]           ;
; -0.500 ; 0.500        ; 1.000          ; High Pulse Width ; uart_controller:uart_ctrl_inst|baud_rate_gen:brg_inst|ov_tick ; Rise       ; uart_controller:uart_ctrl_inst|uart_rx:rx_inst|samples[1]           ;
; -0.500 ; 0.500        ; 1.000          ; Low Pulse Width  ; uart_controller:uart_ctrl_inst|baud_rate_gen:brg_inst|ov_tick ; Rise       ; uart_controller:uart_ctrl_inst|uart_rx:rx_inst|samples[1]           ;
; -0.500 ; 0.500        ; 1.000          ; High Pulse Width ; uart_controller:uart_ctrl_inst|baud_rate_gen:brg_inst|ov_tick ; Rise       ; uart_controller:uart_ctrl_inst|uart_rx:rx_inst|samples[2]           ;
; -0.500 ; 0.500        ; 1.000          ; Low Pulse Width  ; uart_controller:uart_ctrl_inst|baud_rate_gen:brg_inst|ov_tick ; Rise       ; uart_controller:uart_ctrl_inst|uart_rx:rx_inst|samples[2]           ;
; -0.500 ; 0.500        ; 1.000          ; High Pulse Width ; uart_controller:uart_ctrl_inst|baud_rate_gen:brg_inst|ov_tick ; Rise       ; uart_controller:uart_ctrl_inst|uart_rx:rx_inst|state.DATA           ;
; -0.500 ; 0.500        ; 1.000          ; Low Pulse Width  ; uart_controller:uart_ctrl_inst|baud_rate_gen:brg_inst|ov_tick ; Rise       ; uart_controller:uart_ctrl_inst|uart_rx:rx_inst|state.DATA           ;
; -0.500 ; 0.500        ; 1.000          ; High Pulse Width ; uart_controller:uart_ctrl_inst|baud_rate_gen:brg_inst|ov_tick ; Rise       ; uart_controller:uart_ctrl_inst|uart_rx:rx_inst|state.IDLE           ;
; -0.500 ; 0.500        ; 1.000          ; Low Pulse Width  ; uart_controller:uart_ctrl_inst|baud_rate_gen:brg_inst|ov_tick ; Rise       ; uart_controller:uart_ctrl_inst|uart_rx:rx_inst|state.IDLE           ;
; -0.500 ; 0.500        ; 1.000          ; High Pulse Width ; uart_controller:uart_ctrl_inst|baud_rate_gen:brg_inst|ov_tick ; Rise       ; uart_controller:uart_ctrl_inst|uart_rx:rx_inst|state.START          ;
; -0.500 ; 0.500        ; 1.000          ; Low Pulse Width  ; uart_controller:uart_ctrl_inst|baud_rate_gen:brg_inst|ov_tick ; Rise       ; uart_controller:uart_ctrl_inst|uart_rx:rx_inst|state.START          ;
; -0.500 ; 0.500        ; 1.000          ; High Pulse Width ; uart_controller:uart_ctrl_inst|baud_rate_gen:brg_inst|ov_tick ; Rise       ; uart_controller:uart_ctrl_inst|uart_rx:rx_inst|state.STOP           ;
; -0.500 ; 0.500        ; 1.000          ; Low Pulse Width  ; uart_controller:uart_ctrl_inst|baud_rate_gen:brg_inst|ov_tick ; Rise       ; uart_controller:uart_ctrl_inst|uart_rx:rx_inst|state.STOP           ;
; -0.500 ; 0.500        ; 1.000          ; High Pulse Width ; uart_controller:uart_ctrl_inst|baud_rate_gen:brg_inst|ov_tick ; Rise       ; uart_controller:uart_ctrl_inst|uart_rx:rx_inst|tick_cnt[0]          ;
; -0.500 ; 0.500        ; 1.000          ; Low Pulse Width  ; uart_controller:uart_ctrl_inst|baud_rate_gen:brg_inst|ov_tick ; Rise       ; uart_controller:uart_ctrl_inst|uart_rx:rx_inst|tick_cnt[0]          ;
; -0.500 ; 0.500        ; 1.000          ; High Pulse Width ; uart_controller:uart_ctrl_inst|baud_rate_gen:brg_inst|ov_tick ; Rise       ; uart_controller:uart_ctrl_inst|uart_rx:rx_inst|tick_cnt[1]          ;
; -0.500 ; 0.500        ; 1.000          ; Low Pulse Width  ; uart_controller:uart_ctrl_inst|baud_rate_gen:brg_inst|ov_tick ; Rise       ; uart_controller:uart_ctrl_inst|uart_rx:rx_inst|tick_cnt[1]          ;
; -0.500 ; 0.500        ; 1.000          ; High Pulse Width ; uart_controller:uart_ctrl_inst|baud_rate_gen:brg_inst|ov_tick ; Rise       ; uart_controller:uart_ctrl_inst|uart_rx:rx_inst|tick_cnt[2]          ;
; -0.500 ; 0.500        ; 1.000          ; Low Pulse Width  ; uart_controller:uart_ctrl_inst|baud_rate_gen:brg_inst|ov_tick ; Rise       ; uart_controller:uart_ctrl_inst|uart_rx:rx_inst|tick_cnt[2]          ;
; -0.500 ; 0.500        ; 1.000          ; High Pulse Width ; uart_controller:uart_ctrl_inst|baud_rate_gen:brg_inst|ov_tick ; Rise       ; uart_controller:uart_ctrl_inst|uart_rx:rx_inst|valid_timeout_cnt[0] ;
; -0.500 ; 0.500        ; 1.000          ; Low Pulse Width  ; uart_controller:uart_ctrl_inst|baud_rate_gen:brg_inst|ov_tick ; Rise       ; uart_controller:uart_ctrl_inst|uart_rx:rx_inst|valid_timeout_cnt[0] ;
; -0.500 ; 0.500        ; 1.000          ; High Pulse Width ; uart_controller:uart_ctrl_inst|baud_rate_gen:brg_inst|ov_tick ; Rise       ; uart_controller:uart_ctrl_inst|uart_rx:rx_inst|valid_timeout_cnt[1] ;
; -0.500 ; 0.500        ; 1.000          ; Low Pulse Width  ; uart_controller:uart_ctrl_inst|baud_rate_gen:brg_inst|ov_tick ; Rise       ; uart_controller:uart_ctrl_inst|uart_rx:rx_inst|valid_timeout_cnt[1] ;
; -0.500 ; 0.500        ; 1.000          ; High Pulse Width ; uart_controller:uart_ctrl_inst|baud_rate_gen:brg_inst|ov_tick ; Rise       ; uart_controller:uart_ctrl_inst|uart_rx:rx_inst|valid_timeout_cnt[2] ;
; -0.500 ; 0.500        ; 1.000          ; Low Pulse Width  ; uart_controller:uart_ctrl_inst|baud_rate_gen:brg_inst|ov_tick ; Rise       ; uart_controller:uart_ctrl_inst|uart_rx:rx_inst|valid_timeout_cnt[2] ;
; -0.500 ; 0.500        ; 1.000          ; High Pulse Width ; uart_controller:uart_ctrl_inst|baud_rate_gen:brg_inst|ov_tick ; Rise       ; uart_controller:uart_ctrl_inst|uart_rx:rx_inst|valid_timeout_cnt[3] ;
; -0.500 ; 0.500        ; 1.000          ; Low Pulse Width  ; uart_controller:uart_ctrl_inst|baud_rate_gen:brg_inst|ov_tick ; Rise       ; uart_controller:uart_ctrl_inst|uart_rx:rx_inst|valid_timeout_cnt[3] ;
; -0.500 ; 0.500        ; 1.000          ; High Pulse Width ; uart_controller:uart_ctrl_inst|baud_rate_gen:brg_inst|ov_tick ; Rise       ; uart_controller:uart_ctrl_inst|uart_rx:rx_inst|valid_timeout_cnt[4] ;
; -0.500 ; 0.500        ; 1.000          ; Low Pulse Width  ; uart_controller:uart_ctrl_inst|baud_rate_gen:brg_inst|ov_tick ; Rise       ; uart_controller:uart_ctrl_inst|uart_rx:rx_inst|valid_timeout_cnt[4] ;
; -0.500 ; 0.500        ; 1.000          ; High Pulse Width ; uart_controller:uart_ctrl_inst|baud_rate_gen:brg_inst|ov_tick ; Rise       ; uart_controller:uart_ctrl_inst|uart_rx:rx_inst|valid_timeout_cnt[5] ;
; -0.500 ; 0.500        ; 1.000          ; Low Pulse Width  ; uart_controller:uart_ctrl_inst|baud_rate_gen:brg_inst|ov_tick ; Rise       ; uart_controller:uart_ctrl_inst|uart_rx:rx_inst|valid_timeout_cnt[5] ;
; -0.500 ; 0.500        ; 1.000          ; High Pulse Width ; uart_controller:uart_ctrl_inst|baud_rate_gen:brg_inst|ov_tick ; Rise       ; uart_controller:uart_ctrl_inst|uart_rx:rx_inst|valid_timeout_cnt[6] ;
; -0.500 ; 0.500        ; 1.000          ; Low Pulse Width  ; uart_controller:uart_ctrl_inst|baud_rate_gen:brg_inst|ov_tick ; Rise       ; uart_controller:uart_ctrl_inst|uart_rx:rx_inst|valid_timeout_cnt[6] ;
; -0.500 ; 0.500        ; 1.000          ; High Pulse Width ; uart_controller:uart_ctrl_inst|baud_rate_gen:brg_inst|ov_tick ; Rise       ; uart_controller:uart_ctrl_inst|uart_rx:rx_inst|valid_timeout_cnt[7] ;
; -0.500 ; 0.500        ; 1.000          ; Low Pulse Width  ; uart_controller:uart_ctrl_inst|baud_rate_gen:brg_inst|ov_tick ; Rise       ; uart_controller:uart_ctrl_inst|uart_rx:rx_inst|valid_timeout_cnt[7] ;
; 0.500  ; 0.500        ; 0.000          ; High Pulse Width ; uart_controller:uart_ctrl_inst|baud_rate_gen:brg_inst|ov_tick ; Rise       ; uart_ctrl_inst|brg_inst|ov_tick|regout                              ;
; 0.500  ; 0.500        ; 0.000          ; Low Pulse Width  ; uart_controller:uart_ctrl_inst|baud_rate_gen:brg_inst|ov_tick ; Rise       ; uart_ctrl_inst|brg_inst|ov_tick|regout                              ;
; 0.500  ; 0.500        ; 0.000          ; High Pulse Width ; uart_controller:uart_ctrl_inst|baud_rate_gen:brg_inst|ov_tick ; Rise       ; uart_ctrl_inst|brg_inst|ov_tick~clkctrl|inclk[0]                    ;
; 0.500  ; 0.500        ; 0.000          ; Low Pulse Width  ; uart_controller:uart_ctrl_inst|baud_rate_gen:brg_inst|ov_tick ; Rise       ; uart_ctrl_inst|brg_inst|ov_tick~clkctrl|inclk[0]                    ;
; 0.500  ; 0.500        ; 0.000          ; High Pulse Width ; uart_controller:uart_ctrl_inst|baud_rate_gen:brg_inst|ov_tick ; Rise       ; uart_ctrl_inst|brg_inst|ov_tick~clkctrl|outclk                      ;
; 0.500  ; 0.500        ; 0.000          ; Low Pulse Width  ; uart_controller:uart_ctrl_inst|baud_rate_gen:brg_inst|ov_tick ; Rise       ; uart_ctrl_inst|brg_inst|ov_tick~clkctrl|outclk                      ;
; 0.500  ; 0.500        ; 0.000          ; High Pulse Width ; uart_controller:uart_ctrl_inst|baud_rate_gen:brg_inst|ov_tick ; Rise       ; uart_ctrl_inst|rx_inst|bit_cnt[0]|clk                               ;
; 0.500  ; 0.500        ; 0.000          ; Low Pulse Width  ; uart_controller:uart_ctrl_inst|baud_rate_gen:brg_inst|ov_tick ; Rise       ; uart_ctrl_inst|rx_inst|bit_cnt[0]|clk                               ;
; 0.500  ; 0.500        ; 0.000          ; High Pulse Width ; uart_controller:uart_ctrl_inst|baud_rate_gen:brg_inst|ov_tick ; Rise       ; uart_ctrl_inst|rx_inst|bit_cnt[1]|clk                               ;
; 0.500  ; 0.500        ; 0.000          ; Low Pulse Width  ; uart_controller:uart_ctrl_inst|baud_rate_gen:brg_inst|ov_tick ; Rise       ; uart_ctrl_inst|rx_inst|bit_cnt[1]|clk                               ;
; 0.500  ; 0.500        ; 0.000          ; High Pulse Width ; uart_controller:uart_ctrl_inst|baud_rate_gen:brg_inst|ov_tick ; Rise       ; uart_ctrl_inst|rx_inst|bit_cnt[2]|clk                               ;
; 0.500  ; 0.500        ; 0.000          ; Low Pulse Width  ; uart_controller:uart_ctrl_inst|baud_rate_gen:brg_inst|ov_tick ; Rise       ; uart_ctrl_inst|rx_inst|bit_cnt[2]|clk                               ;
; 0.500  ; 0.500        ; 0.000          ; High Pulse Width ; uart_controller:uart_ctrl_inst|baud_rate_gen:brg_inst|ov_tick ; Rise       ; uart_ctrl_inst|rx_inst|data_out[0]|clk                              ;
; 0.500  ; 0.500        ; 0.000          ; Low Pulse Width  ; uart_controller:uart_ctrl_inst|baud_rate_gen:brg_inst|ov_tick ; Rise       ; uart_ctrl_inst|rx_inst|data_out[0]|clk                              ;
; 0.500  ; 0.500        ; 0.000          ; High Pulse Width ; uart_controller:uart_ctrl_inst|baud_rate_gen:brg_inst|ov_tick ; Rise       ; uart_ctrl_inst|rx_inst|data_out[1]|clk                              ;
; 0.500  ; 0.500        ; 0.000          ; Low Pulse Width  ; uart_controller:uart_ctrl_inst|baud_rate_gen:brg_inst|ov_tick ; Rise       ; uart_ctrl_inst|rx_inst|data_out[1]|clk                              ;
; 0.500  ; 0.500        ; 0.000          ; High Pulse Width ; uart_controller:uart_ctrl_inst|baud_rate_gen:brg_inst|ov_tick ; Rise       ; uart_ctrl_inst|rx_inst|data_out[2]|clk                              ;
; 0.500  ; 0.500        ; 0.000          ; Low Pulse Width  ; uart_controller:uart_ctrl_inst|baud_rate_gen:brg_inst|ov_tick ; Rise       ; uart_ctrl_inst|rx_inst|data_out[2]|clk                              ;
; 0.500  ; 0.500        ; 0.000          ; High Pulse Width ; uart_controller:uart_ctrl_inst|baud_rate_gen:brg_inst|ov_tick ; Rise       ; uart_ctrl_inst|rx_inst|data_out[3]|clk                              ;
; 0.500  ; 0.500        ; 0.000          ; Low Pulse Width  ; uart_controller:uart_ctrl_inst|baud_rate_gen:brg_inst|ov_tick ; Rise       ; uart_ctrl_inst|rx_inst|data_out[3]|clk                              ;
; 0.500  ; 0.500        ; 0.000          ; High Pulse Width ; uart_controller:uart_ctrl_inst|baud_rate_gen:brg_inst|ov_tick ; Rise       ; uart_ctrl_inst|rx_inst|data_out[4]|clk                              ;
; 0.500  ; 0.500        ; 0.000          ; Low Pulse Width  ; uart_controller:uart_ctrl_inst|baud_rate_gen:brg_inst|ov_tick ; Rise       ; uart_ctrl_inst|rx_inst|data_out[4]|clk                              ;
; 0.500  ; 0.500        ; 0.000          ; High Pulse Width ; uart_controller:uart_ctrl_inst|baud_rate_gen:brg_inst|ov_tick ; Rise       ; uart_ctrl_inst|rx_inst|data_out[5]|clk                              ;
; 0.500  ; 0.500        ; 0.000          ; Low Pulse Width  ; uart_controller:uart_ctrl_inst|baud_rate_gen:brg_inst|ov_tick ; Rise       ; uart_ctrl_inst|rx_inst|data_out[5]|clk                              ;
+--------+--------------+----------------+------------------+---------------------------------------------------------------+------------+---------------------------------------------------------------------+


+----------------------------------------------------------------------------------------------------------------------------------------------------------------------------------------------------------+
; Fast Model Minimum Pulse Width: 'uart_controller:uart_ctrl_inst|baud_rate_gen:brg_inst|uart_tick'                                                                                                        ;
+--------+--------------+----------------+------------------+-----------------------------------------------------------------+------------+---------------------------------------------------------------+
; Slack  ; Actual Width ; Required Width ; Type             ; Clock                                                           ; Clock Edge ; Target                                                        ;
+--------+--------------+----------------+------------------+-----------------------------------------------------------------+------------+---------------------------------------------------------------+
; -0.500 ; 0.500        ; 1.000          ; High Pulse Width ; uart_controller:uart_ctrl_inst|baud_rate_gen:brg_inst|uart_tick ; Rise       ; uart_controller:uart_ctrl_inst|uart_tx:tx_inst|bit_cnt[0]     ;
; -0.500 ; 0.500        ; 1.000          ; Low Pulse Width  ; uart_controller:uart_ctrl_inst|baud_rate_gen:brg_inst|uart_tick ; Rise       ; uart_controller:uart_ctrl_inst|uart_tx:tx_inst|bit_cnt[0]     ;
; -0.500 ; 0.500        ; 1.000          ; High Pulse Width ; uart_controller:uart_ctrl_inst|baud_rate_gen:brg_inst|uart_tick ; Rise       ; uart_controller:uart_ctrl_inst|uart_tx:tx_inst|bit_cnt[1]     ;
; -0.500 ; 0.500        ; 1.000          ; Low Pulse Width  ; uart_controller:uart_ctrl_inst|baud_rate_gen:brg_inst|uart_tick ; Rise       ; uart_controller:uart_ctrl_inst|uart_tx:tx_inst|bit_cnt[1]     ;
; -0.500 ; 0.500        ; 1.000          ; High Pulse Width ; uart_controller:uart_ctrl_inst|baud_rate_gen:brg_inst|uart_tick ; Rise       ; uart_controller:uart_ctrl_inst|uart_tx:tx_inst|bit_cnt[2]     ;
; -0.500 ; 0.500        ; 1.000          ; Low Pulse Width  ; uart_controller:uart_ctrl_inst|baud_rate_gen:brg_inst|uart_tick ; Rise       ; uart_controller:uart_ctrl_inst|uart_tx:tx_inst|bit_cnt[2]     ;
; -0.500 ; 0.500        ; 1.000          ; High Pulse Width ; uart_controller:uart_ctrl_inst|baud_rate_gen:brg_inst|uart_tick ; Rise       ; uart_controller:uart_ctrl_inst|uart_tx:tx_inst|state.DATA     ;
; -0.500 ; 0.500        ; 1.000          ; Low Pulse Width  ; uart_controller:uart_ctrl_inst|baud_rate_gen:brg_inst|uart_tick ; Rise       ; uart_controller:uart_ctrl_inst|uart_tx:tx_inst|state.DATA     ;
; -0.500 ; 0.500        ; 1.000          ; High Pulse Width ; uart_controller:uart_ctrl_inst|baud_rate_gen:brg_inst|uart_tick ; Rise       ; uart_controller:uart_ctrl_inst|uart_tx:tx_inst|state.IDLE     ;
; -0.500 ; 0.500        ; 1.000          ; Low Pulse Width  ; uart_controller:uart_ctrl_inst|baud_rate_gen:brg_inst|uart_tick ; Rise       ; uart_controller:uart_ctrl_inst|uart_tx:tx_inst|state.IDLE     ;
; -0.500 ; 0.500        ; 1.000          ; High Pulse Width ; uart_controller:uart_ctrl_inst|baud_rate_gen:brg_inst|uart_tick ; Rise       ; uart_controller:uart_ctrl_inst|uart_tx:tx_inst|state.START    ;
; -0.500 ; 0.500        ; 1.000          ; Low Pulse Width  ; uart_controller:uart_ctrl_inst|baud_rate_gen:brg_inst|uart_tick ; Rise       ; uart_controller:uart_ctrl_inst|uart_tx:tx_inst|state.START    ;
; -0.500 ; 0.500        ; 1.000          ; High Pulse Width ; uart_controller:uart_ctrl_inst|baud_rate_gen:brg_inst|uart_tick ; Rise       ; uart_controller:uart_ctrl_inst|uart_tx:tx_inst|state.STOP     ;
; -0.500 ; 0.500        ; 1.000          ; Low Pulse Width  ; uart_controller:uart_ctrl_inst|baud_rate_gen:brg_inst|uart_tick ; Rise       ; uart_controller:uart_ctrl_inst|uart_tx:tx_inst|state.STOP     ;
; -0.500 ; 0.500        ; 1.000          ; High Pulse Width ; uart_controller:uart_ctrl_inst|baud_rate_gen:brg_inst|uart_tick ; Rise       ; uart_controller:uart_ctrl_inst|uart_tx:tx_inst|timeout_cnt[0] ;
; -0.500 ; 0.500        ; 1.000          ; Low Pulse Width  ; uart_controller:uart_ctrl_inst|baud_rate_gen:brg_inst|uart_tick ; Rise       ; uart_controller:uart_ctrl_inst|uart_tx:tx_inst|timeout_cnt[0] ;
; -0.500 ; 0.500        ; 1.000          ; High Pulse Width ; uart_controller:uart_ctrl_inst|baud_rate_gen:brg_inst|uart_tick ; Rise       ; uart_controller:uart_ctrl_inst|uart_tx:tx_inst|timeout_cnt[1] ;
; -0.500 ; 0.500        ; 1.000          ; Low Pulse Width  ; uart_controller:uart_ctrl_inst|baud_rate_gen:brg_inst|uart_tick ; Rise       ; uart_controller:uart_ctrl_inst|uart_tx:tx_inst|timeout_cnt[1] ;
; -0.500 ; 0.500        ; 1.000          ; High Pulse Width ; uart_controller:uart_ctrl_inst|baud_rate_gen:brg_inst|uart_tick ; Rise       ; uart_controller:uart_ctrl_inst|uart_tx:tx_inst|timeout_cnt[2] ;
; -0.500 ; 0.500        ; 1.000          ; Low Pulse Width  ; uart_controller:uart_ctrl_inst|baud_rate_gen:brg_inst|uart_tick ; Rise       ; uart_controller:uart_ctrl_inst|uart_tx:tx_inst|timeout_cnt[2] ;
; -0.500 ; 0.500        ; 1.000          ; High Pulse Width ; uart_controller:uart_ctrl_inst|baud_rate_gen:brg_inst|uart_tick ; Rise       ; uart_controller:uart_ctrl_inst|uart_tx:tx_inst|timeout_cnt[3] ;
; -0.500 ; 0.500        ; 1.000          ; Low Pulse Width  ; uart_controller:uart_ctrl_inst|baud_rate_gen:brg_inst|uart_tick ; Rise       ; uart_controller:uart_ctrl_inst|uart_tx:tx_inst|timeout_cnt[3] ;
; -0.500 ; 0.500        ; 1.000          ; High Pulse Width ; uart_controller:uart_ctrl_inst|baud_rate_gen:brg_inst|uart_tick ; Rise       ; uart_controller:uart_ctrl_inst|uart_tx:tx_inst|timeout_cnt[4] ;
; -0.500 ; 0.500        ; 1.000          ; Low Pulse Width  ; uart_controller:uart_ctrl_inst|baud_rate_gen:brg_inst|uart_tick ; Rise       ; uart_controller:uart_ctrl_inst|uart_tx:tx_inst|timeout_cnt[4] ;
; -0.500 ; 0.500        ; 1.000          ; High Pulse Width ; uart_controller:uart_ctrl_inst|baud_rate_gen:brg_inst|uart_tick ; Rise       ; uart_controller:uart_ctrl_inst|uart_tx:tx_inst|timeout_cnt[5] ;
; -0.500 ; 0.500        ; 1.000          ; Low Pulse Width  ; uart_controller:uart_ctrl_inst|baud_rate_gen:brg_inst|uart_tick ; Rise       ; uart_controller:uart_ctrl_inst|uart_tx:tx_inst|timeout_cnt[5] ;
; -0.500 ; 0.500        ; 1.000          ; High Pulse Width ; uart_controller:uart_ctrl_inst|baud_rate_gen:brg_inst|uart_tick ; Rise       ; uart_controller:uart_ctrl_inst|uart_tx:tx_inst|timeout_cnt[6] ;
; -0.500 ; 0.500        ; 1.000          ; Low Pulse Width  ; uart_controller:uart_ctrl_inst|baud_rate_gen:brg_inst|uart_tick ; Rise       ; uart_controller:uart_ctrl_inst|uart_tx:tx_inst|timeout_cnt[6] ;
; -0.500 ; 0.500        ; 1.000          ; High Pulse Width ; uart_controller:uart_ctrl_inst|baud_rate_gen:brg_inst|uart_tick ; Rise       ; uart_controller:uart_ctrl_inst|uart_tx:tx_inst|timeout_cnt[7] ;
; -0.500 ; 0.500        ; 1.000          ; Low Pulse Width  ; uart_controller:uart_ctrl_inst|baud_rate_gen:brg_inst|uart_tick ; Rise       ; uart_controller:uart_ctrl_inst|uart_tx:tx_inst|timeout_cnt[7] ;
; -0.500 ; 0.500        ; 1.000          ; High Pulse Width ; uart_controller:uart_ctrl_inst|baud_rate_gen:brg_inst|uart_tick ; Rise       ; uart_controller:uart_ctrl_inst|uart_tx:tx_inst|tx             ;
; -0.500 ; 0.500        ; 1.000          ; Low Pulse Width  ; uart_controller:uart_ctrl_inst|baud_rate_gen:brg_inst|uart_tick ; Rise       ; uart_controller:uart_ctrl_inst|uart_tx:tx_inst|tx             ;
; -0.500 ; 0.500        ; 1.000          ; High Pulse Width ; uart_controller:uart_ctrl_inst|baud_rate_gen:brg_inst|uart_tick ; Rise       ; uart_controller:uart_ctrl_inst|uart_tx:tx_inst|tx_reg[0]      ;
; -0.500 ; 0.500        ; 1.000          ; Low Pulse Width  ; uart_controller:uart_ctrl_inst|baud_rate_gen:brg_inst|uart_tick ; Rise       ; uart_controller:uart_ctrl_inst|uart_tx:tx_inst|tx_reg[0]      ;
; -0.500 ; 0.500        ; 1.000          ; High Pulse Width ; uart_controller:uart_ctrl_inst|baud_rate_gen:brg_inst|uart_tick ; Rise       ; uart_controller:uart_ctrl_inst|uart_tx:tx_inst|tx_reg[1]      ;
; -0.500 ; 0.500        ; 1.000          ; Low Pulse Width  ; uart_controller:uart_ctrl_inst|baud_rate_gen:brg_inst|uart_tick ; Rise       ; uart_controller:uart_ctrl_inst|uart_tx:tx_inst|tx_reg[1]      ;
; -0.500 ; 0.500        ; 1.000          ; High Pulse Width ; uart_controller:uart_ctrl_inst|baud_rate_gen:brg_inst|uart_tick ; Rise       ; uart_controller:uart_ctrl_inst|uart_tx:tx_inst|tx_reg[2]      ;
; -0.500 ; 0.500        ; 1.000          ; Low Pulse Width  ; uart_controller:uart_ctrl_inst|baud_rate_gen:brg_inst|uart_tick ; Rise       ; uart_controller:uart_ctrl_inst|uart_tx:tx_inst|tx_reg[2]      ;
; -0.500 ; 0.500        ; 1.000          ; High Pulse Width ; uart_controller:uart_ctrl_inst|baud_rate_gen:brg_inst|uart_tick ; Rise       ; uart_controller:uart_ctrl_inst|uart_tx:tx_inst|tx_reg[3]      ;
; -0.500 ; 0.500        ; 1.000          ; Low Pulse Width  ; uart_controller:uart_ctrl_inst|baud_rate_gen:brg_inst|uart_tick ; Rise       ; uart_controller:uart_ctrl_inst|uart_tx:tx_inst|tx_reg[3]      ;
; -0.500 ; 0.500        ; 1.000          ; High Pulse Width ; uart_controller:uart_ctrl_inst|baud_rate_gen:brg_inst|uart_tick ; Rise       ; uart_controller:uart_ctrl_inst|uart_tx:tx_inst|tx_reg[4]      ;
; -0.500 ; 0.500        ; 1.000          ; Low Pulse Width  ; uart_controller:uart_ctrl_inst|baud_rate_gen:brg_inst|uart_tick ; Rise       ; uart_controller:uart_ctrl_inst|uart_tx:tx_inst|tx_reg[4]      ;
; 0.500  ; 0.500        ; 0.000          ; High Pulse Width ; uart_controller:uart_ctrl_inst|baud_rate_gen:brg_inst|uart_tick ; Rise       ; uart_ctrl_inst|brg_inst|uart_tick|regout                      ;
; 0.500  ; 0.500        ; 0.000          ; Low Pulse Width  ; uart_controller:uart_ctrl_inst|baud_rate_gen:brg_inst|uart_tick ; Rise       ; uart_ctrl_inst|brg_inst|uart_tick|regout                      ;
; 0.500  ; 0.500        ; 0.000          ; High Pulse Width ; uart_controller:uart_ctrl_inst|baud_rate_gen:brg_inst|uart_tick ; Rise       ; uart_ctrl_inst|brg_inst|uart_tick~clkctrl|inclk[0]            ;
; 0.500  ; 0.500        ; 0.000          ; Low Pulse Width  ; uart_controller:uart_ctrl_inst|baud_rate_gen:brg_inst|uart_tick ; Rise       ; uart_ctrl_inst|brg_inst|uart_tick~clkctrl|inclk[0]            ;
; 0.500  ; 0.500        ; 0.000          ; High Pulse Width ; uart_controller:uart_ctrl_inst|baud_rate_gen:brg_inst|uart_tick ; Rise       ; uart_ctrl_inst|brg_inst|uart_tick~clkctrl|outclk              ;
; 0.500  ; 0.500        ; 0.000          ; Low Pulse Width  ; uart_controller:uart_ctrl_inst|baud_rate_gen:brg_inst|uart_tick ; Rise       ; uart_ctrl_inst|brg_inst|uart_tick~clkctrl|outclk              ;
; 0.500  ; 0.500        ; 0.000          ; High Pulse Width ; uart_controller:uart_ctrl_inst|baud_rate_gen:brg_inst|uart_tick ; Rise       ; uart_ctrl_inst|tx_inst|bit_cnt[0]|clk                         ;
; 0.500  ; 0.500        ; 0.000          ; Low Pulse Width  ; uart_controller:uart_ctrl_inst|baud_rate_gen:brg_inst|uart_tick ; Rise       ; uart_ctrl_inst|tx_inst|bit_cnt[0]|clk                         ;
; 0.500  ; 0.500        ; 0.000          ; High Pulse Width ; uart_controller:uart_ctrl_inst|baud_rate_gen:brg_inst|uart_tick ; Rise       ; uart_ctrl_inst|tx_inst|bit_cnt[1]|clk                         ;
; 0.500  ; 0.500        ; 0.000          ; Low Pulse Width  ; uart_controller:uart_ctrl_inst|baud_rate_gen:brg_inst|uart_tick ; Rise       ; uart_ctrl_inst|tx_inst|bit_cnt[1]|clk                         ;
; 0.500  ; 0.500        ; 0.000          ; High Pulse Width ; uart_controller:uart_ctrl_inst|baud_rate_gen:brg_inst|uart_tick ; Rise       ; uart_ctrl_inst|tx_inst|bit_cnt[2]|clk                         ;
; 0.500  ; 0.500        ; 0.000          ; Low Pulse Width  ; uart_controller:uart_ctrl_inst|baud_rate_gen:brg_inst|uart_tick ; Rise       ; uart_ctrl_inst|tx_inst|bit_cnt[2]|clk                         ;
; 0.500  ; 0.500        ; 0.000          ; High Pulse Width ; uart_controller:uart_ctrl_inst|baud_rate_gen:brg_inst|uart_tick ; Rise       ; uart_ctrl_inst|tx_inst|state.DATA|clk                         ;
; 0.500  ; 0.500        ; 0.000          ; Low Pulse Width  ; uart_controller:uart_ctrl_inst|baud_rate_gen:brg_inst|uart_tick ; Rise       ; uart_ctrl_inst|tx_inst|state.DATA|clk                         ;
; 0.500  ; 0.500        ; 0.000          ; High Pulse Width ; uart_controller:uart_ctrl_inst|baud_rate_gen:brg_inst|uart_tick ; Rise       ; uart_ctrl_inst|tx_inst|state.IDLE|clk                         ;
; 0.500  ; 0.500        ; 0.000          ; Low Pulse Width  ; uart_controller:uart_ctrl_inst|baud_rate_gen:brg_inst|uart_tick ; Rise       ; uart_ctrl_inst|tx_inst|state.IDLE|clk                         ;
; 0.500  ; 0.500        ; 0.000          ; High Pulse Width ; uart_controller:uart_ctrl_inst|baud_rate_gen:brg_inst|uart_tick ; Rise       ; uart_ctrl_inst|tx_inst|state.START|clk                        ;
; 0.500  ; 0.500        ; 0.000          ; Low Pulse Width  ; uart_controller:uart_ctrl_inst|baud_rate_gen:brg_inst|uart_tick ; Rise       ; uart_ctrl_inst|tx_inst|state.START|clk                        ;
; 0.500  ; 0.500        ; 0.000          ; High Pulse Width ; uart_controller:uart_ctrl_inst|baud_rate_gen:brg_inst|uart_tick ; Rise       ; uart_ctrl_inst|tx_inst|state.STOP|clk                         ;
; 0.500  ; 0.500        ; 0.000          ; Low Pulse Width  ; uart_controller:uart_ctrl_inst|baud_rate_gen:brg_inst|uart_tick ; Rise       ; uart_ctrl_inst|tx_inst|state.STOP|clk                         ;
; 0.500  ; 0.500        ; 0.000          ; High Pulse Width ; uart_controller:uart_ctrl_inst|baud_rate_gen:brg_inst|uart_tick ; Rise       ; uart_ctrl_inst|tx_inst|timeout_cnt[0]|clk                     ;
; 0.500  ; 0.500        ; 0.000          ; Low Pulse Width  ; uart_controller:uart_ctrl_inst|baud_rate_gen:brg_inst|uart_tick ; Rise       ; uart_ctrl_inst|tx_inst|timeout_cnt[0]|clk                     ;
; 0.500  ; 0.500        ; 0.000          ; High Pulse Width ; uart_controller:uart_ctrl_inst|baud_rate_gen:brg_inst|uart_tick ; Rise       ; uart_ctrl_inst|tx_inst|timeout_cnt[1]|clk                     ;
; 0.500  ; 0.500        ; 0.000          ; Low Pulse Width  ; uart_controller:uart_ctrl_inst|baud_rate_gen:brg_inst|uart_tick ; Rise       ; uart_ctrl_inst|tx_inst|timeout_cnt[1]|clk                     ;
; 0.500  ; 0.500        ; 0.000          ; High Pulse Width ; uart_controller:uart_ctrl_inst|baud_rate_gen:brg_inst|uart_tick ; Rise       ; uart_ctrl_inst|tx_inst|timeout_cnt[2]|clk                     ;
; 0.500  ; 0.500        ; 0.000          ; Low Pulse Width  ; uart_controller:uart_ctrl_inst|baud_rate_gen:brg_inst|uart_tick ; Rise       ; uart_ctrl_inst|tx_inst|timeout_cnt[2]|clk                     ;
; 0.500  ; 0.500        ; 0.000          ; High Pulse Width ; uart_controller:uart_ctrl_inst|baud_rate_gen:brg_inst|uart_tick ; Rise       ; uart_ctrl_inst|tx_inst|timeout_cnt[3]|clk                     ;
; 0.500  ; 0.500        ; 0.000          ; Low Pulse Width  ; uart_controller:uart_ctrl_inst|baud_rate_gen:brg_inst|uart_tick ; Rise       ; uart_ctrl_inst|tx_inst|timeout_cnt[3]|clk                     ;
; 0.500  ; 0.500        ; 0.000          ; High Pulse Width ; uart_controller:uart_ctrl_inst|baud_rate_gen:brg_inst|uart_tick ; Rise       ; uart_ctrl_inst|tx_inst|timeout_cnt[4]|clk                     ;
; 0.500  ; 0.500        ; 0.000          ; Low Pulse Width  ; uart_controller:uart_ctrl_inst|baud_rate_gen:brg_inst|uart_tick ; Rise       ; uart_ctrl_inst|tx_inst|timeout_cnt[4]|clk                     ;
; 0.500  ; 0.500        ; 0.000          ; High Pulse Width ; uart_controller:uart_ctrl_inst|baud_rate_gen:brg_inst|uart_tick ; Rise       ; uart_ctrl_inst|tx_inst|timeout_cnt[5]|clk                     ;
; 0.500  ; 0.500        ; 0.000          ; Low Pulse Width  ; uart_controller:uart_ctrl_inst|baud_rate_gen:brg_inst|uart_tick ; Rise       ; uart_ctrl_inst|tx_inst|timeout_cnt[5]|clk                     ;
; 0.500  ; 0.500        ; 0.000          ; High Pulse Width ; uart_controller:uart_ctrl_inst|baud_rate_gen:brg_inst|uart_tick ; Rise       ; uart_ctrl_inst|tx_inst|timeout_cnt[6]|clk                     ;
; 0.500  ; 0.500        ; 0.000          ; Low Pulse Width  ; uart_controller:uart_ctrl_inst|baud_rate_gen:brg_inst|uart_tick ; Rise       ; uart_ctrl_inst|tx_inst|timeout_cnt[6]|clk                     ;
; 0.500  ; 0.500        ; 0.000          ; High Pulse Width ; uart_controller:uart_ctrl_inst|baud_rate_gen:brg_inst|uart_tick ; Rise       ; uart_ctrl_inst|tx_inst|timeout_cnt[7]|clk                     ;
; 0.500  ; 0.500        ; 0.000          ; Low Pulse Width  ; uart_controller:uart_ctrl_inst|baud_rate_gen:brg_inst|uart_tick ; Rise       ; uart_ctrl_inst|tx_inst|timeout_cnt[7]|clk                     ;
; 0.500  ; 0.500        ; 0.000          ; High Pulse Width ; uart_controller:uart_ctrl_inst|baud_rate_gen:brg_inst|uart_tick ; Rise       ; uart_ctrl_inst|tx_inst|tx_reg[0]|clk                          ;
; 0.500  ; 0.500        ; 0.000          ; Low Pulse Width  ; uart_controller:uart_ctrl_inst|baud_rate_gen:brg_inst|uart_tick ; Rise       ; uart_ctrl_inst|tx_inst|tx_reg[0]|clk                          ;
; 0.500  ; 0.500        ; 0.000          ; High Pulse Width ; uart_controller:uart_ctrl_inst|baud_rate_gen:brg_inst|uart_tick ; Rise       ; uart_ctrl_inst|tx_inst|tx_reg[1]|clk                          ;
; 0.500  ; 0.500        ; 0.000          ; Low Pulse Width  ; uart_controller:uart_ctrl_inst|baud_rate_gen:brg_inst|uart_tick ; Rise       ; uart_ctrl_inst|tx_inst|tx_reg[1]|clk                          ;
; 0.500  ; 0.500        ; 0.000          ; High Pulse Width ; uart_controller:uart_ctrl_inst|baud_rate_gen:brg_inst|uart_tick ; Rise       ; uart_ctrl_inst|tx_inst|tx_reg[2]|clk                          ;
; 0.500  ; 0.500        ; 0.000          ; Low Pulse Width  ; uart_controller:uart_ctrl_inst|baud_rate_gen:brg_inst|uart_tick ; Rise       ; uart_ctrl_inst|tx_inst|tx_reg[2]|clk                          ;
; 0.500  ; 0.500        ; 0.000          ; High Pulse Width ; uart_controller:uart_ctrl_inst|baud_rate_gen:brg_inst|uart_tick ; Rise       ; uart_ctrl_inst|tx_inst|tx_reg[3]|clk                          ;
; 0.500  ; 0.500        ; 0.000          ; Low Pulse Width  ; uart_controller:uart_ctrl_inst|baud_rate_gen:brg_inst|uart_tick ; Rise       ; uart_ctrl_inst|tx_inst|tx_reg[3]|clk                          ;
; 0.500  ; 0.500        ; 0.000          ; High Pulse Width ; uart_controller:uart_ctrl_inst|baud_rate_gen:brg_inst|uart_tick ; Rise       ; uart_ctrl_inst|tx_inst|tx_reg[4]|clk                          ;
; 0.500  ; 0.500        ; 0.000          ; Low Pulse Width  ; uart_controller:uart_ctrl_inst|baud_rate_gen:brg_inst|uart_tick ; Rise       ; uart_ctrl_inst|tx_inst|tx_reg[4]|clk                          ;
; 0.500  ; 0.500        ; 0.000          ; High Pulse Width ; uart_controller:uart_ctrl_inst|baud_rate_gen:brg_inst|uart_tick ; Rise       ; uart_ctrl_inst|tx_inst|tx|clk                                 ;
; 0.500  ; 0.500        ; 0.000          ; Low Pulse Width  ; uart_controller:uart_ctrl_inst|baud_rate_gen:brg_inst|uart_tick ; Rise       ; uart_ctrl_inst|tx_inst|tx|clk                                 ;
+--------+--------------+----------------+------------------+-----------------------------------------------------------------+------------+---------------------------------------------------------------+


+----------------------------------------------------------------------------------------------------------------------------------------------------------------------------+
; Setup Times                                                                                                                                                                ;
+-----------+-----------------------------------------------------------------+-------+-------+------------+-----------------------------------------------------------------+
; Data Port ; Clock Port                                                      ; Rise  ; Fall  ; Clock Edge ; Clock Reference                                                 ;
+-----------+-----------------------------------------------------------------+-------+-------+------------+-----------------------------------------------------------------+
; UART_RXD  ; uart_controller:uart_ctrl_inst|baud_rate_gen:brg_inst|ov_tick   ; 3.525 ; 3.525 ; Rise       ; uart_controller:uart_ctrl_inst|baud_rate_gen:brg_inst|ov_tick   ;
; KEY[*]    ; uart_controller:uart_ctrl_inst|baud_rate_gen:brg_inst|uart_tick ; 3.176 ; 3.176 ; Rise       ; uart_controller:uart_ctrl_inst|baud_rate_gen:brg_inst|uart_tick ;
;  KEY[1]   ; uart_controller:uart_ctrl_inst|baud_rate_gen:brg_inst|uart_tick ; 3.176 ; 3.176 ; Rise       ; uart_controller:uart_ctrl_inst|baud_rate_gen:brg_inst|uart_tick ;
+-----------+-----------------------------------------------------------------+-------+-------+------------+-----------------------------------------------------------------+


+------------------------------------------------------------------------------------------------------------------------------------------------------------------------------+
; Hold Times                                                                                                                                                                   ;
+-----------+-----------------------------------------------------------------+--------+--------+------------+-----------------------------------------------------------------+
; Data Port ; Clock Port                                                      ; Rise   ; Fall   ; Clock Edge ; Clock Reference                                                 ;
+-----------+-----------------------------------------------------------------+--------+--------+------------+-----------------------------------------------------------------+
; UART_RXD  ; uart_controller:uart_ctrl_inst|baud_rate_gen:brg_inst|ov_tick   ; -2.800 ; -2.800 ; Rise       ; uart_controller:uart_ctrl_inst|baud_rate_gen:brg_inst|ov_tick   ;
; KEY[*]    ; uart_controller:uart_ctrl_inst|baud_rate_gen:brg_inst|uart_tick ; -3.056 ; -3.056 ; Rise       ; uart_controller:uart_ctrl_inst|baud_rate_gen:brg_inst|uart_tick ;
;  KEY[1]   ; uart_controller:uart_ctrl_inst|baud_rate_gen:brg_inst|uart_tick ; -3.056 ; -3.056 ; Rise       ; uart_controller:uart_ctrl_inst|baud_rate_gen:brg_inst|uart_tick ;
+-----------+-----------------------------------------------------------------+--------+--------+------------+-----------------------------------------------------------------+


+---------------------------------------------------------------------------------------------------------------------------------------------------------------------------------+
; Clock to Output Times                                                                                                                                                           ;
+----------------+-----------------------------------------------------------------+-------+-------+------------+-----------------------------------------------------------------+
; Data Port      ; Clock Port                                                      ; Rise  ; Fall  ; Clock Edge ; Clock Reference                                                 ;
+----------------+-----------------------------------------------------------------+-------+-------+------------+-----------------------------------------------------------------+
; HEX0[*]        ; CLOCK_50                                                        ; 5.210 ; 5.210 ; Rise       ; CLOCK_50                                                        ;
;  HEX0[0]       ; CLOCK_50                                                        ; 5.210 ; 5.210 ; Rise       ; CLOCK_50                                                        ;
;  HEX0[1]       ; CLOCK_50                                                        ; 5.180 ; 5.180 ; Rise       ; CLOCK_50                                                        ;
;  HEX0[2]       ; CLOCK_50                                                        ; 5.188 ; 5.188 ; Rise       ; CLOCK_50                                                        ;
;  HEX0[3]       ; CLOCK_50                                                        ; 5.096 ; 5.096 ; Rise       ; CLOCK_50                                                        ;
;  HEX0[4]       ; CLOCK_50                                                        ; 5.088 ; 5.088 ; Rise       ; CLOCK_50                                                        ;
;  HEX0[5]       ; CLOCK_50                                                        ; 5.072 ; 5.072 ; Rise       ; CLOCK_50                                                        ;
;  HEX0[6]       ; CLOCK_50                                                        ; 5.081 ; 5.081 ; Rise       ; CLOCK_50                                                        ;
; HEX1[*]        ; CLOCK_50                                                        ; 4.198 ; 4.198 ; Rise       ; CLOCK_50                                                        ;
;  HEX1[0]       ; CLOCK_50                                                        ; 4.198 ; 4.198 ; Rise       ; CLOCK_50                                                        ;
;  HEX1[1]       ; CLOCK_50                                                        ; 4.197 ; 4.197 ; Rise       ; CLOCK_50                                                        ;
;  HEX1[2]       ; CLOCK_50                                                        ; 3.971 ; 3.971 ; Rise       ; CLOCK_50                                                        ;
;  HEX1[3]       ; CLOCK_50                                                        ; 3.948 ; 3.948 ; Rise       ; CLOCK_50                                                        ;
;  HEX1[4]       ; CLOCK_50                                                        ; 3.994 ; 3.994 ; Rise       ; CLOCK_50                                                        ;
;  HEX1[5]       ; CLOCK_50                                                        ; 4.084 ; 4.084 ; Rise       ; CLOCK_50                                                        ;
;  HEX1[6]       ; CLOCK_50                                                        ; 4.105 ; 4.105 ; Rise       ; CLOCK_50                                                        ;
; HEX2[*]        ; CLOCK_50                                                        ; 4.290 ; 4.290 ; Rise       ; CLOCK_50                                                        ;
;  HEX2[0]       ; CLOCK_50                                                        ; 4.218 ; 4.218 ; Rise       ; CLOCK_50                                                        ;
;  HEX2[1]       ; CLOCK_50                                                        ; 4.111 ; 4.111 ; Rise       ; CLOCK_50                                                        ;
;  HEX2[2]       ; CLOCK_50                                                        ; 4.185 ; 4.185 ; Rise       ; CLOCK_50                                                        ;
;  HEX2[3]       ; CLOCK_50                                                        ; 4.161 ; 4.161 ; Rise       ; CLOCK_50                                                        ;
;  HEX2[4]       ; CLOCK_50                                                        ; 4.237 ; 4.237 ; Rise       ; CLOCK_50                                                        ;
;  HEX2[5]       ; CLOCK_50                                                        ; 4.290 ; 4.290 ; Rise       ; CLOCK_50                                                        ;
;  HEX2[6]       ; CLOCK_50                                                        ; 4.256 ; 4.256 ; Rise       ; CLOCK_50                                                        ;
; LEDR[*]        ; CLOCK_50                                                        ; 5.269 ; 5.269 ; Rise       ; CLOCK_50                                                        ;
;  LEDR[9]       ; CLOCK_50                                                        ; 4.620 ; 4.620 ; Rise       ; CLOCK_50                                                        ;
;  LEDR[10]      ; CLOCK_50                                                        ; 4.180 ; 4.180 ; Rise       ; CLOCK_50                                                        ;
;  LEDR[11]      ; CLOCK_50                                                        ; 4.159 ; 4.159 ; Rise       ; CLOCK_50                                                        ;
;  LEDR[12]      ; CLOCK_50                                                        ; 4.063 ; 4.063 ; Rise       ; CLOCK_50                                                        ;
;  LEDR[13]      ; CLOCK_50                                                        ; 5.031 ; 5.031 ; Rise       ; CLOCK_50                                                        ;
;  LEDR[15]      ; CLOCK_50                                                        ; 3.869 ; 3.869 ; Rise       ; CLOCK_50                                                        ;
;  LEDR[16]      ; CLOCK_50                                                        ; 3.802 ; 3.802 ; Rise       ; CLOCK_50                                                        ;
;  LEDR[17]      ; CLOCK_50                                                        ; 5.269 ; 5.269 ; Rise       ; CLOCK_50                                                        ;
; SRAM_ADDR[*]   ; CLOCK_50                                                        ; 4.168 ; 4.168 ; Rise       ; CLOCK_50                                                        ;
;  SRAM_ADDR[0]  ; CLOCK_50                                                        ; 4.112 ; 4.112 ; Rise       ; CLOCK_50                                                        ;
;  SRAM_ADDR[1]  ; CLOCK_50                                                        ; 4.129 ; 4.129 ; Rise       ; CLOCK_50                                                        ;
;  SRAM_ADDR[2]  ; CLOCK_50                                                        ; 4.082 ; 4.082 ; Rise       ; CLOCK_50                                                        ;
;  SRAM_ADDR[3]  ; CLOCK_50                                                        ; 4.168 ; 4.168 ; Rise       ; CLOCK_50                                                        ;
;  SRAM_ADDR[4]  ; CLOCK_50                                                        ; 4.000 ; 4.000 ; Rise       ; CLOCK_50                                                        ;
;  SRAM_ADDR[5]  ; CLOCK_50                                                        ; 4.030 ; 4.030 ; Rise       ; CLOCK_50                                                        ;
;  SRAM_ADDR[6]  ; CLOCK_50                                                        ; 4.031 ; 4.031 ; Rise       ; CLOCK_50                                                        ;
;  SRAM_ADDR[7]  ; CLOCK_50                                                        ; 4.030 ; 4.030 ; Rise       ; CLOCK_50                                                        ;
;  SRAM_ADDR[8]  ; CLOCK_50                                                        ; 3.956 ; 3.956 ; Rise       ; CLOCK_50                                                        ;
;  SRAM_ADDR[9]  ; CLOCK_50                                                        ; 3.918 ; 3.918 ; Rise       ; CLOCK_50                                                        ;
;  SRAM_ADDR[10] ; CLOCK_50                                                        ; 3.945 ; 3.945 ; Rise       ; CLOCK_50                                                        ;
;  SRAM_ADDR[11] ; CLOCK_50                                                        ; 3.914 ; 3.914 ; Rise       ; CLOCK_50                                                        ;
;  SRAM_ADDR[12] ; CLOCK_50                                                        ; 3.905 ; 3.905 ; Rise       ; CLOCK_50                                                        ;
;  SRAM_ADDR[13] ; CLOCK_50                                                        ; 3.946 ; 3.946 ; Rise       ; CLOCK_50                                                        ;
;  SRAM_ADDR[14] ; CLOCK_50                                                        ; 3.895 ; 3.895 ; Rise       ; CLOCK_50                                                        ;
;  SRAM_ADDR[15] ; CLOCK_50                                                        ; 3.884 ; 3.884 ; Rise       ; CLOCK_50                                                        ;
;  SRAM_ADDR[16] ; CLOCK_50                                                        ; 3.823 ; 3.823 ; Rise       ; CLOCK_50                                                        ;
;  SRAM_ADDR[17] ; CLOCK_50                                                        ; 3.806 ; 3.806 ; Rise       ; CLOCK_50                                                        ;
; SRAM_DQ[*]     ; CLOCK_50                                                        ; 4.124 ; 4.124 ; Rise       ; CLOCK_50                                                        ;
;  SRAM_DQ[0]    ; CLOCK_50                                                        ; 3.922 ; 3.922 ; Rise       ; CLOCK_50                                                        ;
;  SRAM_DQ[1]    ; CLOCK_50                                                        ; 3.838 ; 3.838 ; Rise       ; CLOCK_50                                                        ;
;  SRAM_DQ[2]    ; CLOCK_50                                                        ; 4.030 ; 4.030 ; Rise       ; CLOCK_50                                                        ;
;  SRAM_DQ[3]    ; CLOCK_50                                                        ; 4.001 ; 4.001 ; Rise       ; CLOCK_50                                                        ;
;  SRAM_DQ[4]    ; CLOCK_50                                                        ; 3.873 ; 3.873 ; Rise       ; CLOCK_50                                                        ;
;  SRAM_DQ[5]    ; CLOCK_50                                                        ; 3.903 ; 3.903 ; Rise       ; CLOCK_50                                                        ;
;  SRAM_DQ[6]    ; CLOCK_50                                                        ; 3.904 ; 3.904 ; Rise       ; CLOCK_50                                                        ;
;  SRAM_DQ[7]    ; CLOCK_50                                                        ; 3.873 ; 3.873 ; Rise       ; CLOCK_50                                                        ;
;  SRAM_DQ[8]    ; CLOCK_50                                                        ; 4.068 ; 4.068 ; Rise       ; CLOCK_50                                                        ;
;  SRAM_DQ[9]    ; CLOCK_50                                                        ; 4.124 ; 4.124 ; Rise       ; CLOCK_50                                                        ;
;  SRAM_DQ[10]   ; CLOCK_50                                                        ; 3.929 ; 3.929 ; Rise       ; CLOCK_50                                                        ;
;  SRAM_DQ[11]   ; CLOCK_50                                                        ; 4.027 ; 4.027 ; Rise       ; CLOCK_50                                                        ;
;  SRAM_DQ[12]   ; CLOCK_50                                                        ; 3.925 ; 3.925 ; Rise       ; CLOCK_50                                                        ;
;  SRAM_DQ[13]   ; CLOCK_50                                                        ; 3.928 ; 3.928 ; Rise       ; CLOCK_50                                                        ;
;  SRAM_DQ[14]   ; CLOCK_50                                                        ; 3.907 ; 3.907 ; Rise       ; CLOCK_50                                                        ;
;  SRAM_DQ[15]   ; CLOCK_50                                                        ; 3.938 ; 3.938 ; Rise       ; CLOCK_50                                                        ;
; SRAM_WE_N      ; CLOCK_50                                                        ; 3.697 ; 3.697 ; Rise       ; CLOCK_50                                                        ;
; LEDR[*]        ; uart_controller:uart_ctrl_inst|baud_rate_gen:brg_inst|ov_tick   ; 4.736 ; 4.736 ; Rise       ; uart_controller:uart_ctrl_inst|baud_rate_gen:brg_inst|ov_tick   ;
;  LEDR[0]       ; uart_controller:uart_ctrl_inst|baud_rate_gen:brg_inst|ov_tick   ; 4.106 ; 4.106 ; Rise       ; uart_controller:uart_ctrl_inst|baud_rate_gen:brg_inst|ov_tick   ;
;  LEDR[1]       ; uart_controller:uart_ctrl_inst|baud_rate_gen:brg_inst|ov_tick   ; 4.143 ; 4.143 ; Rise       ; uart_controller:uart_ctrl_inst|baud_rate_gen:brg_inst|ov_tick   ;
;  LEDR[2]       ; uart_controller:uart_ctrl_inst|baud_rate_gen:brg_inst|ov_tick   ; 4.069 ; 4.069 ; Rise       ; uart_controller:uart_ctrl_inst|baud_rate_gen:brg_inst|ov_tick   ;
;  LEDR[3]       ; uart_controller:uart_ctrl_inst|baud_rate_gen:brg_inst|ov_tick   ; 4.096 ; 4.096 ; Rise       ; uart_controller:uart_ctrl_inst|baud_rate_gen:brg_inst|ov_tick   ;
;  LEDR[4]       ; uart_controller:uart_ctrl_inst|baud_rate_gen:brg_inst|ov_tick   ; 4.208 ; 4.208 ; Rise       ; uart_controller:uart_ctrl_inst|baud_rate_gen:brg_inst|ov_tick   ;
;  LEDR[5]       ; uart_controller:uart_ctrl_inst|baud_rate_gen:brg_inst|ov_tick   ; 4.736 ; 4.736 ; Rise       ; uart_controller:uart_ctrl_inst|baud_rate_gen:brg_inst|ov_tick   ;
;  LEDR[6]       ; uart_controller:uart_ctrl_inst|baud_rate_gen:brg_inst|ov_tick   ; 4.117 ; 4.117 ; Rise       ; uart_controller:uart_ctrl_inst|baud_rate_gen:brg_inst|ov_tick   ;
;  LEDR[7]       ; uart_controller:uart_ctrl_inst|baud_rate_gen:brg_inst|ov_tick   ; 4.120 ; 4.120 ; Rise       ; uart_controller:uart_ctrl_inst|baud_rate_gen:brg_inst|ov_tick   ;
;  LEDR[8]       ; uart_controller:uart_ctrl_inst|baud_rate_gen:brg_inst|ov_tick   ; 3.642 ; 3.642 ; Rise       ; uart_controller:uart_ctrl_inst|baud_rate_gen:brg_inst|ov_tick   ;
; rx_valid_led   ; uart_controller:uart_ctrl_inst|baud_rate_gen:brg_inst|ov_tick   ; 3.629 ; 3.629 ; Rise       ; uart_controller:uart_ctrl_inst|baud_rate_gen:brg_inst|ov_tick   ;
; state_led[*]   ; uart_controller:uart_ctrl_inst|baud_rate_gen:brg_inst|ov_tick   ; 4.111 ; 4.111 ; Rise       ; uart_controller:uart_ctrl_inst|baud_rate_gen:brg_inst|ov_tick   ;
;  state_led[0]  ; uart_controller:uart_ctrl_inst|baud_rate_gen:brg_inst|ov_tick   ; 3.901 ; 3.901 ; Rise       ; uart_controller:uart_ctrl_inst|baud_rate_gen:brg_inst|ov_tick   ;
;  state_led[1]  ; uart_controller:uart_ctrl_inst|baud_rate_gen:brg_inst|ov_tick   ; 4.111 ; 4.111 ; Rise       ; uart_controller:uart_ctrl_inst|baud_rate_gen:brg_inst|ov_tick   ;
; LEDR[*]        ; uart_controller:uart_ctrl_inst|baud_rate_gen:brg_inst|uart_tick ; 3.577 ; 3.577 ; Rise       ; uart_controller:uart_ctrl_inst|baud_rate_gen:brg_inst|uart_tick ;
;  LEDR[14]      ; uart_controller:uart_ctrl_inst|baud_rate_gen:brg_inst|uart_tick ; 3.577 ; 3.577 ; Rise       ; uart_controller:uart_ctrl_inst|baud_rate_gen:brg_inst|uart_tick ;
; UART_TXD       ; uart_controller:uart_ctrl_inst|baud_rate_gen:brg_inst|uart_tick ; 4.890 ; 4.890 ; Rise       ; uart_controller:uart_ctrl_inst|baud_rate_gen:brg_inst|uart_tick ;
; tx_busy_led    ; uart_controller:uart_ctrl_inst|baud_rate_gen:brg_inst|uart_tick ; 3.538 ; 3.538 ; Rise       ; uart_controller:uart_ctrl_inst|baud_rate_gen:brg_inst|uart_tick ;
+----------------+-----------------------------------------------------------------+-------+-------+------------+-----------------------------------------------------------------+


+---------------------------------------------------------------------------------------------------------------------------------------------------------------------------------+
; Minimum Clock to Output Times                                                                                                                                                   ;
+----------------+-----------------------------------------------------------------+-------+-------+------------+-----------------------------------------------------------------+
; Data Port      ; Clock Port                                                      ; Rise  ; Fall  ; Clock Edge ; Clock Reference                                                 ;
+----------------+-----------------------------------------------------------------+-------+-------+------------+-----------------------------------------------------------------+
; HEX0[*]        ; CLOCK_50                                                        ; 4.206 ; 4.206 ; Rise       ; CLOCK_50                                                        ;
;  HEX0[0]       ; CLOCK_50                                                        ; 4.345 ; 4.345 ; Rise       ; CLOCK_50                                                        ;
;  HEX0[1]       ; CLOCK_50                                                        ; 4.314 ; 4.314 ; Rise       ; CLOCK_50                                                        ;
;  HEX0[2]       ; CLOCK_50                                                        ; 4.316 ; 4.316 ; Rise       ; CLOCK_50                                                        ;
;  HEX0[3]       ; CLOCK_50                                                        ; 4.223 ; 4.223 ; Rise       ; CLOCK_50                                                        ;
;  HEX0[4]       ; CLOCK_50                                                        ; 4.230 ; 4.230 ; Rise       ; CLOCK_50                                                        ;
;  HEX0[5]       ; CLOCK_50                                                        ; 4.217 ; 4.217 ; Rise       ; CLOCK_50                                                        ;
;  HEX0[6]       ; CLOCK_50                                                        ; 4.206 ; 4.206 ; Rise       ; CLOCK_50                                                        ;
; HEX1[*]        ; CLOCK_50                                                        ; 3.829 ; 3.829 ; Rise       ; CLOCK_50                                                        ;
;  HEX1[0]       ; CLOCK_50                                                        ; 4.081 ; 4.081 ; Rise       ; CLOCK_50                                                        ;
;  HEX1[1]       ; CLOCK_50                                                        ; 4.081 ; 4.081 ; Rise       ; CLOCK_50                                                        ;
;  HEX1[2]       ; CLOCK_50                                                        ; 3.853 ; 3.853 ; Rise       ; CLOCK_50                                                        ;
;  HEX1[3]       ; CLOCK_50                                                        ; 3.829 ; 3.829 ; Rise       ; CLOCK_50                                                        ;
;  HEX1[4]       ; CLOCK_50                                                        ; 3.875 ; 3.875 ; Rise       ; CLOCK_50                                                        ;
;  HEX1[5]       ; CLOCK_50                                                        ; 3.965 ; 3.965 ; Rise       ; CLOCK_50                                                        ;
;  HEX1[6]       ; CLOCK_50                                                        ; 3.986 ; 3.986 ; Rise       ; CLOCK_50                                                        ;
; HEX2[*]        ; CLOCK_50                                                        ; 3.992 ; 3.992 ; Rise       ; CLOCK_50                                                        ;
;  HEX2[0]       ; CLOCK_50                                                        ; 4.098 ; 4.098 ; Rise       ; CLOCK_50                                                        ;
;  HEX2[1]       ; CLOCK_50                                                        ; 3.992 ; 3.992 ; Rise       ; CLOCK_50                                                        ;
;  HEX2[2]       ; CLOCK_50                                                        ; 4.059 ; 4.059 ; Rise       ; CLOCK_50                                                        ;
;  HEX2[3]       ; CLOCK_50                                                        ; 4.040 ; 4.040 ; Rise       ; CLOCK_50                                                        ;
;  HEX2[4]       ; CLOCK_50                                                        ; 4.110 ; 4.110 ; Rise       ; CLOCK_50                                                        ;
;  HEX2[5]       ; CLOCK_50                                                        ; 4.168 ; 4.168 ; Rise       ; CLOCK_50                                                        ;
;  HEX2[6]       ; CLOCK_50                                                        ; 4.134 ; 4.134 ; Rise       ; CLOCK_50                                                        ;
; LEDR[*]        ; CLOCK_50                                                        ; 3.802 ; 3.802 ; Rise       ; CLOCK_50                                                        ;
;  LEDR[9]       ; CLOCK_50                                                        ; 4.116 ; 4.116 ; Rise       ; CLOCK_50                                                        ;
;  LEDR[10]      ; CLOCK_50                                                        ; 4.062 ; 4.062 ; Rise       ; CLOCK_50                                                        ;
;  LEDR[11]      ; CLOCK_50                                                        ; 4.064 ; 4.064 ; Rise       ; CLOCK_50                                                        ;
;  LEDR[12]      ; CLOCK_50                                                        ; 3.909 ; 3.909 ; Rise       ; CLOCK_50                                                        ;
;  LEDR[13]      ; CLOCK_50                                                        ; 4.378 ; 4.378 ; Rise       ; CLOCK_50                                                        ;
;  LEDR[15]      ; CLOCK_50                                                        ; 3.869 ; 3.869 ; Rise       ; CLOCK_50                                                        ;
;  LEDR[16]      ; CLOCK_50                                                        ; 3.802 ; 3.802 ; Rise       ; CLOCK_50                                                        ;
;  LEDR[17]      ; CLOCK_50                                                        ; 4.574 ; 4.574 ; Rise       ; CLOCK_50                                                        ;
; SRAM_ADDR[*]   ; CLOCK_50                                                        ; 3.806 ; 3.806 ; Rise       ; CLOCK_50                                                        ;
;  SRAM_ADDR[0]  ; CLOCK_50                                                        ; 4.112 ; 4.112 ; Rise       ; CLOCK_50                                                        ;
;  SRAM_ADDR[1]  ; CLOCK_50                                                        ; 4.129 ; 4.129 ; Rise       ; CLOCK_50                                                        ;
;  SRAM_ADDR[2]  ; CLOCK_50                                                        ; 4.082 ; 4.082 ; Rise       ; CLOCK_50                                                        ;
;  SRAM_ADDR[3]  ; CLOCK_50                                                        ; 4.168 ; 4.168 ; Rise       ; CLOCK_50                                                        ;
;  SRAM_ADDR[4]  ; CLOCK_50                                                        ; 4.000 ; 4.000 ; Rise       ; CLOCK_50                                                        ;
;  SRAM_ADDR[5]  ; CLOCK_50                                                        ; 4.030 ; 4.030 ; Rise       ; CLOCK_50                                                        ;
;  SRAM_ADDR[6]  ; CLOCK_50                                                        ; 4.031 ; 4.031 ; Rise       ; CLOCK_50                                                        ;
;  SRAM_ADDR[7]  ; CLOCK_50                                                        ; 4.030 ; 4.030 ; Rise       ; CLOCK_50                                                        ;
;  SRAM_ADDR[8]  ; CLOCK_50                                                        ; 3.956 ; 3.956 ; Rise       ; CLOCK_50                                                        ;
;  SRAM_ADDR[9]  ; CLOCK_50                                                        ; 3.918 ; 3.918 ; Rise       ; CLOCK_50                                                        ;
;  SRAM_ADDR[10] ; CLOCK_50                                                        ; 3.945 ; 3.945 ; Rise       ; CLOCK_50                                                        ;
;  SRAM_ADDR[11] ; CLOCK_50                                                        ; 3.914 ; 3.914 ; Rise       ; CLOCK_50                                                        ;
;  SRAM_ADDR[12] ; CLOCK_50                                                        ; 3.905 ; 3.905 ; Rise       ; CLOCK_50                                                        ;
;  SRAM_ADDR[13] ; CLOCK_50                                                        ; 3.946 ; 3.946 ; Rise       ; CLOCK_50                                                        ;
;  SRAM_ADDR[14] ; CLOCK_50                                                        ; 3.895 ; 3.895 ; Rise       ; CLOCK_50                                                        ;
;  SRAM_ADDR[15] ; CLOCK_50                                                        ; 3.884 ; 3.884 ; Rise       ; CLOCK_50                                                        ;
;  SRAM_ADDR[16] ; CLOCK_50                                                        ; 3.823 ; 3.823 ; Rise       ; CLOCK_50                                                        ;
;  SRAM_ADDR[17] ; CLOCK_50                                                        ; 3.806 ; 3.806 ; Rise       ; CLOCK_50                                                        ;
; SRAM_DQ[*]     ; CLOCK_50                                                        ; 3.838 ; 3.838 ; Rise       ; CLOCK_50                                                        ;
;  SRAM_DQ[0]    ; CLOCK_50                                                        ; 3.922 ; 3.922 ; Rise       ; CLOCK_50                                                        ;
;  SRAM_DQ[1]    ; CLOCK_50                                                        ; 3.838 ; 3.838 ; Rise       ; CLOCK_50                                                        ;
;  SRAM_DQ[2]    ; CLOCK_50                                                        ; 4.030 ; 4.030 ; Rise       ; CLOCK_50                                                        ;
;  SRAM_DQ[3]    ; CLOCK_50                                                        ; 4.001 ; 4.001 ; Rise       ; CLOCK_50                                                        ;
;  SRAM_DQ[4]    ; CLOCK_50                                                        ; 3.873 ; 3.873 ; Rise       ; CLOCK_50                                                        ;
;  SRAM_DQ[5]    ; CLOCK_50                                                        ; 3.903 ; 3.903 ; Rise       ; CLOCK_50                                                        ;
;  SRAM_DQ[6]    ; CLOCK_50                                                        ; 3.904 ; 3.904 ; Rise       ; CLOCK_50                                                        ;
;  SRAM_DQ[7]    ; CLOCK_50                                                        ; 3.873 ; 3.873 ; Rise       ; CLOCK_50                                                        ;
;  SRAM_DQ[8]    ; CLOCK_50                                                        ; 4.068 ; 4.068 ; Rise       ; CLOCK_50                                                        ;
;  SRAM_DQ[9]    ; CLOCK_50                                                        ; 4.124 ; 4.124 ; Rise       ; CLOCK_50                                                        ;
;  SRAM_DQ[10]   ; CLOCK_50                                                        ; 3.929 ; 3.929 ; Rise       ; CLOCK_50                                                        ;
;  SRAM_DQ[11]   ; CLOCK_50                                                        ; 4.027 ; 4.027 ; Rise       ; CLOCK_50                                                        ;
;  SRAM_DQ[12]   ; CLOCK_50                                                        ; 3.925 ; 3.925 ; Rise       ; CLOCK_50                                                        ;
;  SRAM_DQ[13]   ; CLOCK_50                                                        ; 3.928 ; 3.928 ; Rise       ; CLOCK_50                                                        ;
;  SRAM_DQ[14]   ; CLOCK_50                                                        ; 3.907 ; 3.907 ; Rise       ; CLOCK_50                                                        ;
;  SRAM_DQ[15]   ; CLOCK_50                                                        ; 3.938 ; 3.938 ; Rise       ; CLOCK_50                                                        ;
; SRAM_WE_N      ; CLOCK_50                                                        ; 3.697 ; 3.697 ; Rise       ; CLOCK_50                                                        ;
; LEDR[*]        ; uart_controller:uart_ctrl_inst|baud_rate_gen:brg_inst|ov_tick   ; 3.642 ; 3.642 ; Rise       ; uart_controller:uart_ctrl_inst|baud_rate_gen:brg_inst|ov_tick   ;
;  LEDR[0]       ; uart_controller:uart_ctrl_inst|baud_rate_gen:brg_inst|ov_tick   ; 4.106 ; 4.106 ; Rise       ; uart_controller:uart_ctrl_inst|baud_rate_gen:brg_inst|ov_tick   ;
;  LEDR[1]       ; uart_controller:uart_ctrl_inst|baud_rate_gen:brg_inst|ov_tick   ; 4.143 ; 4.143 ; Rise       ; uart_controller:uart_ctrl_inst|baud_rate_gen:brg_inst|ov_tick   ;
;  LEDR[2]       ; uart_controller:uart_ctrl_inst|baud_rate_gen:brg_inst|ov_tick   ; 4.069 ; 4.069 ; Rise       ; uart_controller:uart_ctrl_inst|baud_rate_gen:brg_inst|ov_tick   ;
;  LEDR[3]       ; uart_controller:uart_ctrl_inst|baud_rate_gen:brg_inst|ov_tick   ; 4.096 ; 4.096 ; Rise       ; uart_controller:uart_ctrl_inst|baud_rate_gen:brg_inst|ov_tick   ;
;  LEDR[4]       ; uart_controller:uart_ctrl_inst|baud_rate_gen:brg_inst|ov_tick   ; 4.208 ; 4.208 ; Rise       ; uart_controller:uart_ctrl_inst|baud_rate_gen:brg_inst|ov_tick   ;
;  LEDR[5]       ; uart_controller:uart_ctrl_inst|baud_rate_gen:brg_inst|ov_tick   ; 4.736 ; 4.736 ; Rise       ; uart_controller:uart_ctrl_inst|baud_rate_gen:brg_inst|ov_tick   ;
;  LEDR[6]       ; uart_controller:uart_ctrl_inst|baud_rate_gen:brg_inst|ov_tick   ; 4.117 ; 4.117 ; Rise       ; uart_controller:uart_ctrl_inst|baud_rate_gen:brg_inst|ov_tick   ;
;  LEDR[7]       ; uart_controller:uart_ctrl_inst|baud_rate_gen:brg_inst|ov_tick   ; 4.120 ; 4.120 ; Rise       ; uart_controller:uart_ctrl_inst|baud_rate_gen:brg_inst|ov_tick   ;
;  LEDR[8]       ; uart_controller:uart_ctrl_inst|baud_rate_gen:brg_inst|ov_tick   ; 3.642 ; 3.642 ; Rise       ; uart_controller:uart_ctrl_inst|baud_rate_gen:brg_inst|ov_tick   ;
; rx_valid_led   ; uart_controller:uart_ctrl_inst|baud_rate_gen:brg_inst|ov_tick   ; 3.629 ; 3.629 ; Rise       ; uart_controller:uart_ctrl_inst|baud_rate_gen:brg_inst|ov_tick   ;
; state_led[*]   ; uart_controller:uart_ctrl_inst|baud_rate_gen:brg_inst|ov_tick   ; 3.702 ; 3.702 ; Rise       ; uart_controller:uart_ctrl_inst|baud_rate_gen:brg_inst|ov_tick   ;
;  state_led[0]  ; uart_controller:uart_ctrl_inst|baud_rate_gen:brg_inst|ov_tick   ; 3.752 ; 3.752 ; Rise       ; uart_controller:uart_ctrl_inst|baud_rate_gen:brg_inst|ov_tick   ;
;  state_led[1]  ; uart_controller:uart_ctrl_inst|baud_rate_gen:brg_inst|ov_tick   ; 3.702 ; 3.702 ; Rise       ; uart_controller:uart_ctrl_inst|baud_rate_gen:brg_inst|ov_tick   ;
; LEDR[*]        ; uart_controller:uart_ctrl_inst|baud_rate_gen:brg_inst|uart_tick ; 3.577 ; 3.577 ; Rise       ; uart_controller:uart_ctrl_inst|baud_rate_gen:brg_inst|uart_tick ;
;  LEDR[14]      ; uart_controller:uart_ctrl_inst|baud_rate_gen:brg_inst|uart_tick ; 3.577 ; 3.577 ; Rise       ; uart_controller:uart_ctrl_inst|baud_rate_gen:brg_inst|uart_tick ;
; UART_TXD       ; uart_controller:uart_ctrl_inst|baud_rate_gen:brg_inst|uart_tick ; 4.890 ; 4.890 ; Rise       ; uart_controller:uart_ctrl_inst|baud_rate_gen:brg_inst|uart_tick ;
; tx_busy_led    ; uart_controller:uart_ctrl_inst|baud_rate_gen:brg_inst|uart_tick ; 3.538 ; 3.538 ; Rise       ; uart_controller:uart_ctrl_inst|baud_rate_gen:brg_inst|uart_tick ;
+----------------+-----------------------------------------------------------------+-------+-------+------------+-----------------------------------------------------------------+


+-------------------------------------------------------------------------+
; Output Enable Times                                                     ;
+--------------+------------+-------+------+------------+-----------------+
; Data Port    ; Clock Port ; Rise  ; Fall ; Clock Edge ; Clock Reference ;
+--------------+------------+-------+------+------------+-----------------+
; SRAM_DQ[*]   ; CLOCK_50   ; 3.790 ;      ; Rise       ; CLOCK_50        ;
;  SRAM_DQ[0]  ; CLOCK_50   ; 4.017 ;      ; Rise       ; CLOCK_50        ;
;  SRAM_DQ[1]  ; CLOCK_50   ; 4.031 ;      ; Rise       ; CLOCK_50        ;
;  SRAM_DQ[2]  ; CLOCK_50   ; 4.031 ;      ; Rise       ; CLOCK_50        ;
;  SRAM_DQ[3]  ; CLOCK_50   ; 4.011 ;      ; Rise       ; CLOCK_50        ;
;  SRAM_DQ[4]  ; CLOCK_50   ; 3.972 ;      ; Rise       ; CLOCK_50        ;
;  SRAM_DQ[5]  ; CLOCK_50   ; 4.007 ;      ; Rise       ; CLOCK_50        ;
;  SRAM_DQ[6]  ; CLOCK_50   ; 4.007 ;      ; Rise       ; CLOCK_50        ;
;  SRAM_DQ[7]  ; CLOCK_50   ; 3.997 ;      ; Rise       ; CLOCK_50        ;
;  SRAM_DQ[8]  ; CLOCK_50   ; 3.919 ;      ; Rise       ; CLOCK_50        ;
;  SRAM_DQ[9]  ; CLOCK_50   ; 3.919 ;      ; Rise       ; CLOCK_50        ;
;  SRAM_DQ[10] ; CLOCK_50   ; 3.923 ;      ; Rise       ; CLOCK_50        ;
;  SRAM_DQ[11] ; CLOCK_50   ; 3.923 ;      ; Rise       ; CLOCK_50        ;
;  SRAM_DQ[12] ; CLOCK_50   ; 3.913 ;      ; Rise       ; CLOCK_50        ;
;  SRAM_DQ[13] ; CLOCK_50   ; 3.913 ;      ; Rise       ; CLOCK_50        ;
;  SRAM_DQ[14] ; CLOCK_50   ; 3.893 ;      ; Rise       ; CLOCK_50        ;
;  SRAM_DQ[15] ; CLOCK_50   ; 3.790 ;      ; Rise       ; CLOCK_50        ;
+--------------+------------+-------+------+------------+-----------------+


+-------------------------------------------------------------------------+
; Minimum Output Enable Times                                             ;
+--------------+------------+-------+------+------------+-----------------+
; Data Port    ; Clock Port ; Rise  ; Fall ; Clock Edge ; Clock Reference ;
+--------------+------------+-------+------+------------+-----------------+
; SRAM_DQ[*]   ; CLOCK_50   ; 3.790 ;      ; Rise       ; CLOCK_50        ;
;  SRAM_DQ[0]  ; CLOCK_50   ; 4.017 ;      ; Rise       ; CLOCK_50        ;
;  SRAM_DQ[1]  ; CLOCK_50   ; 4.031 ;      ; Rise       ; CLOCK_50        ;
;  SRAM_DQ[2]  ; CLOCK_50   ; 4.031 ;      ; Rise       ; CLOCK_50        ;
;  SRAM_DQ[3]  ; CLOCK_50   ; 4.011 ;      ; Rise       ; CLOCK_50        ;
;  SRAM_DQ[4]  ; CLOCK_50   ; 3.972 ;      ; Rise       ; CLOCK_50        ;
;  SRAM_DQ[5]  ; CLOCK_50   ; 4.007 ;      ; Rise       ; CLOCK_50        ;
;  SRAM_DQ[6]  ; CLOCK_50   ; 4.007 ;      ; Rise       ; CLOCK_50        ;
;  SRAM_DQ[7]  ; CLOCK_50   ; 3.997 ;      ; Rise       ; CLOCK_50        ;
;  SRAM_DQ[8]  ; CLOCK_50   ; 3.919 ;      ; Rise       ; CLOCK_50        ;
;  SRAM_DQ[9]  ; CLOCK_50   ; 3.919 ;      ; Rise       ; CLOCK_50        ;
;  SRAM_DQ[10] ; CLOCK_50   ; 3.923 ;      ; Rise       ; CLOCK_50        ;
;  SRAM_DQ[11] ; CLOCK_50   ; 3.923 ;      ; Rise       ; CLOCK_50        ;
;  SRAM_DQ[12] ; CLOCK_50   ; 3.913 ;      ; Rise       ; CLOCK_50        ;
;  SRAM_DQ[13] ; CLOCK_50   ; 3.913 ;      ; Rise       ; CLOCK_50        ;
;  SRAM_DQ[14] ; CLOCK_50   ; 3.893 ;      ; Rise       ; CLOCK_50        ;
;  SRAM_DQ[15] ; CLOCK_50   ; 3.790 ;      ; Rise       ; CLOCK_50        ;
+--------------+------------+-------+------+------------+-----------------+


+----------------------------------------------------------------------------------+
; Output Disable Times                                                             ;
+--------------+------------+-----------+-----------+------------+-----------------+
; Data Port    ; Clock Port ; 0 to Hi-Z ; 1 to Hi-Z ; Clock Edge ; Clock Reference ;
+--------------+------------+-----------+-----------+------------+-----------------+
; SRAM_DQ[*]   ; CLOCK_50   ; 3.790     ;           ; Rise       ; CLOCK_50        ;
;  SRAM_DQ[0]  ; CLOCK_50   ; 4.017     ;           ; Rise       ; CLOCK_50        ;
;  SRAM_DQ[1]  ; CLOCK_50   ; 4.031     ;           ; Rise       ; CLOCK_50        ;
;  SRAM_DQ[2]  ; CLOCK_50   ; 4.031     ;           ; Rise       ; CLOCK_50        ;
;  SRAM_DQ[3]  ; CLOCK_50   ; 4.011     ;           ; Rise       ; CLOCK_50        ;
;  SRAM_DQ[4]  ; CLOCK_50   ; 3.972     ;           ; Rise       ; CLOCK_50        ;
;  SRAM_DQ[5]  ; CLOCK_50   ; 4.007     ;           ; Rise       ; CLOCK_50        ;
;  SRAM_DQ[6]  ; CLOCK_50   ; 4.007     ;           ; Rise       ; CLOCK_50        ;
;  SRAM_DQ[7]  ; CLOCK_50   ; 3.997     ;           ; Rise       ; CLOCK_50        ;
;  SRAM_DQ[8]  ; CLOCK_50   ; 3.919     ;           ; Rise       ; CLOCK_50        ;
;  SRAM_DQ[9]  ; CLOCK_50   ; 3.919     ;           ; Rise       ; CLOCK_50        ;
;  SRAM_DQ[10] ; CLOCK_50   ; 3.923     ;           ; Rise       ; CLOCK_50        ;
;  SRAM_DQ[11] ; CLOCK_50   ; 3.923     ;           ; Rise       ; CLOCK_50        ;
;  SRAM_DQ[12] ; CLOCK_50   ; 3.913     ;           ; Rise       ; CLOCK_50        ;
;  SRAM_DQ[13] ; CLOCK_50   ; 3.913     ;           ; Rise       ; CLOCK_50        ;
;  SRAM_DQ[14] ; CLOCK_50   ; 3.893     ;           ; Rise       ; CLOCK_50        ;
;  SRAM_DQ[15] ; CLOCK_50   ; 3.790     ;           ; Rise       ; CLOCK_50        ;
+--------------+------------+-----------+-----------+------------+-----------------+


+----------------------------------------------------------------------------------+
; Minimum Output Disable Times                                                     ;
+--------------+------------+-----------+-----------+------------+-----------------+
; Data Port    ; Clock Port ; 0 to Hi-Z ; 1 to Hi-Z ; Clock Edge ; Clock Reference ;
+--------------+------------+-----------+-----------+------------+-----------------+
; SRAM_DQ[*]   ; CLOCK_50   ; 3.790     ;           ; Rise       ; CLOCK_50        ;
;  SRAM_DQ[0]  ; CLOCK_50   ; 4.017     ;           ; Rise       ; CLOCK_50        ;
;  SRAM_DQ[1]  ; CLOCK_50   ; 4.031     ;           ; Rise       ; CLOCK_50        ;
;  SRAM_DQ[2]  ; CLOCK_50   ; 4.031     ;           ; Rise       ; CLOCK_50        ;
;  SRAM_DQ[3]  ; CLOCK_50   ; 4.011     ;           ; Rise       ; CLOCK_50        ;
;  SRAM_DQ[4]  ; CLOCK_50   ; 3.972     ;           ; Rise       ; CLOCK_50        ;
;  SRAM_DQ[5]  ; CLOCK_50   ; 4.007     ;           ; Rise       ; CLOCK_50        ;
;  SRAM_DQ[6]  ; CLOCK_50   ; 4.007     ;           ; Rise       ; CLOCK_50        ;
;  SRAM_DQ[7]  ; CLOCK_50   ; 3.997     ;           ; Rise       ; CLOCK_50        ;
;  SRAM_DQ[8]  ; CLOCK_50   ; 3.919     ;           ; Rise       ; CLOCK_50        ;
;  SRAM_DQ[9]  ; CLOCK_50   ; 3.919     ;           ; Rise       ; CLOCK_50        ;
;  SRAM_DQ[10] ; CLOCK_50   ; 3.923     ;           ; Rise       ; CLOCK_50        ;
;  SRAM_DQ[11] ; CLOCK_50   ; 3.923     ;           ; Rise       ; CLOCK_50        ;
;  SRAM_DQ[12] ; CLOCK_50   ; 3.913     ;           ; Rise       ; CLOCK_50        ;
;  SRAM_DQ[13] ; CLOCK_50   ; 3.913     ;           ; Rise       ; CLOCK_50        ;
;  SRAM_DQ[14] ; CLOCK_50   ; 3.893     ;           ; Rise       ; CLOCK_50        ;
;  SRAM_DQ[15] ; CLOCK_50   ; 3.790     ;           ; Rise       ; CLOCK_50        ;
+--------------+------------+-----------+-----------+------------+-----------------+


+--------------------------------------------------------------------------------------------------------------------------------+
; Multicorner Timing Analysis Summary                                                                                            ;
+------------------------------------------------------------------+----------+-------+----------+---------+---------------------+
; Clock                                                            ; Setup    ; Hold  ; Recovery ; Removal ; Minimum Pulse Width ;
+------------------------------------------------------------------+----------+-------+----------+---------+---------------------+
; Worst-case Slack                                                 ; -4.193   ; 0.089 ; -1.218   ; 1.085   ; -1.627              ;
;  CLOCK_50                                                        ; -4.193   ; 0.089 ; N/A      ; N/A     ; -1.627              ;
;  uart_controller:uart_ctrl_inst|baud_rate_gen:brg_inst|ov_tick   ; -2.147   ; 0.215 ; -1.218   ; 1.085   ; -0.500              ;
;  uart_controller:uart_ctrl_inst|baud_rate_gen:brg_inst|uart_tick ; -1.594   ; 0.215 ; N/A      ; N/A     ; -0.500              ;
; Design-wide TNS                                                  ; -522.675 ; 0.0   ; -10.962  ; 0.0     ; -363.762            ;
;  CLOCK_50                                                        ; -443.118 ; 0.000 ; N/A      ; N/A     ; -304.762            ;
;  uart_controller:uart_ctrl_inst|baud_rate_gen:brg_inst|ov_tick   ; -61.616  ; 0.000 ; -10.962  ; 0.000   ; -38.000             ;
;  uart_controller:uart_ctrl_inst|baud_rate_gen:brg_inst|uart_tick ; -17.941  ; 0.000 ; N/A      ; N/A     ; -21.000             ;
+------------------------------------------------------------------+----------+-------+----------+---------+---------------------+


+----------------------------------------------------------------------------------------------------------------------------------------------------------------------------+
; Setup Times                                                                                                                                                                ;
+-----------+-----------------------------------------------------------------+-------+-------+------------+-----------------------------------------------------------------+
; Data Port ; Clock Port                                                      ; Rise  ; Fall  ; Clock Edge ; Clock Reference                                                 ;
+-----------+-----------------------------------------------------------------+-------+-------+------------+-----------------------------------------------------------------+
; UART_RXD  ; uart_controller:uart_ctrl_inst|baud_rate_gen:brg_inst|ov_tick   ; 6.431 ; 6.431 ; Rise       ; uart_controller:uart_ctrl_inst|baud_rate_gen:brg_inst|ov_tick   ;
; KEY[*]    ; uart_controller:uart_ctrl_inst|baud_rate_gen:brg_inst|uart_tick ; 5.672 ; 5.672 ; Rise       ; uart_controller:uart_ctrl_inst|baud_rate_gen:brg_inst|uart_tick ;
;  KEY[1]   ; uart_controller:uart_ctrl_inst|baud_rate_gen:brg_inst|uart_tick ; 5.672 ; 5.672 ; Rise       ; uart_controller:uart_ctrl_inst|baud_rate_gen:brg_inst|uart_tick ;
+-----------+-----------------------------------------------------------------+-------+-------+------------+-----------------------------------------------------------------+


+------------------------------------------------------------------------------------------------------------------------------------------------------------------------------+
; Hold Times                                                                                                                                                                   ;
+-----------+-----------------------------------------------------------------+--------+--------+------------+-----------------------------------------------------------------+
; Data Port ; Clock Port                                                      ; Rise   ; Fall   ; Clock Edge ; Clock Reference                                                 ;
+-----------+-----------------------------------------------------------------+--------+--------+------------+-----------------------------------------------------------------+
; UART_RXD  ; uart_controller:uart_ctrl_inst|baud_rate_gen:brg_inst|ov_tick   ; -2.800 ; -2.800 ; Rise       ; uart_controller:uart_ctrl_inst|baud_rate_gen:brg_inst|ov_tick   ;
; KEY[*]    ; uart_controller:uart_ctrl_inst|baud_rate_gen:brg_inst|uart_tick ; -3.056 ; -3.056 ; Rise       ; uart_controller:uart_ctrl_inst|baud_rate_gen:brg_inst|uart_tick ;
;  KEY[1]   ; uart_controller:uart_ctrl_inst|baud_rate_gen:brg_inst|uart_tick ; -3.056 ; -3.056 ; Rise       ; uart_controller:uart_ctrl_inst|baud_rate_gen:brg_inst|uart_tick ;
+-----------+-----------------------------------------------------------------+--------+--------+------------+-----------------------------------------------------------------+


+---------------------------------------------------------------------------------------------------------------------------------------------------------------------------------+
; Clock to Output Times                                                                                                                                                           ;
+----------------+-----------------------------------------------------------------+-------+-------+------------+-----------------------------------------------------------------+
; Data Port      ; Clock Port                                                      ; Rise  ; Fall  ; Clock Edge ; Clock Reference                                                 ;
+----------------+-----------------------------------------------------------------+-------+-------+------------+-----------------------------------------------------------------+
; HEX0[*]        ; CLOCK_50                                                        ; 9.740 ; 9.740 ; Rise       ; CLOCK_50                                                        ;
;  HEX0[0]       ; CLOCK_50                                                        ; 9.740 ; 9.740 ; Rise       ; CLOCK_50                                                        ;
;  HEX0[1]       ; CLOCK_50                                                        ; 9.709 ; 9.709 ; Rise       ; CLOCK_50                                                        ;
;  HEX0[2]       ; CLOCK_50                                                        ; 9.715 ; 9.715 ; Rise       ; CLOCK_50                                                        ;
;  HEX0[3]       ; CLOCK_50                                                        ; 9.499 ; 9.499 ; Rise       ; CLOCK_50                                                        ;
;  HEX0[4]       ; CLOCK_50                                                        ; 9.486 ; 9.486 ; Rise       ; CLOCK_50                                                        ;
;  HEX0[5]       ; CLOCK_50                                                        ; 9.469 ; 9.469 ; Rise       ; CLOCK_50                                                        ;
;  HEX0[6]       ; CLOCK_50                                                        ; 9.479 ; 9.479 ; Rise       ; CLOCK_50                                                        ;
; HEX1[*]        ; CLOCK_50                                                        ; 7.638 ; 7.638 ; Rise       ; CLOCK_50                                                        ;
;  HEX1[0]       ; CLOCK_50                                                        ; 7.638 ; 7.638 ; Rise       ; CLOCK_50                                                        ;
;  HEX1[1]       ; CLOCK_50                                                        ; 7.636 ; 7.636 ; Rise       ; CLOCK_50                                                        ;
;  HEX1[2]       ; CLOCK_50                                                        ; 7.231 ; 7.231 ; Rise       ; CLOCK_50                                                        ;
;  HEX1[3]       ; CLOCK_50                                                        ; 7.198 ; 7.198 ; Rise       ; CLOCK_50                                                        ;
;  HEX1[4]       ; CLOCK_50                                                        ; 7.263 ; 7.263 ; Rise       ; CLOCK_50                                                        ;
;  HEX1[5]       ; CLOCK_50                                                        ; 7.463 ; 7.463 ; Rise       ; CLOCK_50                                                        ;
;  HEX1[6]       ; CLOCK_50                                                        ; 7.510 ; 7.510 ; Rise       ; CLOCK_50                                                        ;
; HEX2[*]        ; CLOCK_50                                                        ; 7.865 ; 7.865 ; Rise       ; CLOCK_50                                                        ;
;  HEX2[0]       ; CLOCK_50                                                        ; 7.752 ; 7.752 ; Rise       ; CLOCK_50                                                        ;
;  HEX2[1]       ; CLOCK_50                                                        ; 7.543 ; 7.543 ; Rise       ; CLOCK_50                                                        ;
;  HEX2[2]       ; CLOCK_50                                                        ; 7.628 ; 7.628 ; Rise       ; CLOCK_50                                                        ;
;  HEX2[3]       ; CLOCK_50                                                        ; 7.590 ; 7.590 ; Rise       ; CLOCK_50                                                        ;
;  HEX2[4]       ; CLOCK_50                                                        ; 7.784 ; 7.784 ; Rise       ; CLOCK_50                                                        ;
;  HEX2[5]       ; CLOCK_50                                                        ; 7.865 ; 7.865 ; Rise       ; CLOCK_50                                                        ;
;  HEX2[6]       ; CLOCK_50                                                        ; 7.839 ; 7.839 ; Rise       ; CLOCK_50                                                        ;
; LEDR[*]        ; CLOCK_50                                                        ; 9.977 ; 9.977 ; Rise       ; CLOCK_50                                                        ;
;  LEDR[9]       ; CLOCK_50                                                        ; 8.629 ; 8.629 ; Rise       ; CLOCK_50                                                        ;
;  LEDR[10]      ; CLOCK_50                                                        ; 7.558 ; 7.558 ; Rise       ; CLOCK_50                                                        ;
;  LEDR[11]      ; CLOCK_50                                                        ; 7.557 ; 7.557 ; Rise       ; CLOCK_50                                                        ;
;  LEDR[12]      ; CLOCK_50                                                        ; 7.290 ; 7.290 ; Rise       ; CLOCK_50                                                        ;
;  LEDR[13]      ; CLOCK_50                                                        ; 9.398 ; 9.398 ; Rise       ; CLOCK_50                                                        ;
;  LEDR[15]      ; CLOCK_50                                                        ; 6.808 ; 6.808 ; Rise       ; CLOCK_50                                                        ;
;  LEDR[16]      ; CLOCK_50                                                        ; 6.663 ; 6.663 ; Rise       ; CLOCK_50                                                        ;
;  LEDR[17]      ; CLOCK_50                                                        ; 9.977 ; 9.977 ; Rise       ; CLOCK_50                                                        ;
; SRAM_ADDR[*]   ; CLOCK_50                                                        ; 7.452 ; 7.452 ; Rise       ; CLOCK_50                                                        ;
;  SRAM_ADDR[0]  ; CLOCK_50                                                        ; 7.350 ; 7.350 ; Rise       ; CLOCK_50                                                        ;
;  SRAM_ADDR[1]  ; CLOCK_50                                                        ; 7.378 ; 7.378 ; Rise       ; CLOCK_50                                                        ;
;  SRAM_ADDR[2]  ; CLOCK_50                                                        ; 7.262 ; 7.262 ; Rise       ; CLOCK_50                                                        ;
;  SRAM_ADDR[3]  ; CLOCK_50                                                        ; 7.452 ; 7.452 ; Rise       ; CLOCK_50                                                        ;
;  SRAM_ADDR[4]  ; CLOCK_50                                                        ; 7.074 ; 7.074 ; Rise       ; CLOCK_50                                                        ;
;  SRAM_ADDR[5]  ; CLOCK_50                                                        ; 7.167 ; 7.167 ; Rise       ; CLOCK_50                                                        ;
;  SRAM_ADDR[6]  ; CLOCK_50                                                        ; 7.150 ; 7.150 ; Rise       ; CLOCK_50                                                        ;
;  SRAM_ADDR[7]  ; CLOCK_50                                                        ; 7.139 ; 7.139 ; Rise       ; CLOCK_50                                                        ;
;  SRAM_ADDR[8]  ; CLOCK_50                                                        ; 6.975 ; 6.975 ; Rise       ; CLOCK_50                                                        ;
;  SRAM_ADDR[9]  ; CLOCK_50                                                        ; 6.904 ; 6.904 ; Rise       ; CLOCK_50                                                        ;
;  SRAM_ADDR[10] ; CLOCK_50                                                        ; 6.959 ; 6.959 ; Rise       ; CLOCK_50                                                        ;
;  SRAM_ADDR[11] ; CLOCK_50                                                        ; 6.902 ; 6.902 ; Rise       ; CLOCK_50                                                        ;
;  SRAM_ADDR[12] ; CLOCK_50                                                        ; 6.895 ; 6.895 ; Rise       ; CLOCK_50                                                        ;
;  SRAM_ADDR[13] ; CLOCK_50                                                        ; 6.934 ; 6.934 ; Rise       ; CLOCK_50                                                        ;
;  SRAM_ADDR[14] ; CLOCK_50                                                        ; 6.896 ; 6.896 ; Rise       ; CLOCK_50                                                        ;
;  SRAM_ADDR[15] ; CLOCK_50                                                        ; 6.869 ; 6.869 ; Rise       ; CLOCK_50                                                        ;
;  SRAM_ADDR[16] ; CLOCK_50                                                        ; 6.696 ; 6.696 ; Rise       ; CLOCK_50                                                        ;
;  SRAM_ADDR[17] ; CLOCK_50                                                        ; 6.675 ; 6.675 ; Rise       ; CLOCK_50                                                        ;
; SRAM_DQ[*]     ; CLOCK_50                                                        ; 7.374 ; 7.374 ; Rise       ; CLOCK_50                                                        ;
;  SRAM_DQ[0]    ; CLOCK_50                                                        ; 6.929 ; 6.929 ; Rise       ; CLOCK_50                                                        ;
;  SRAM_DQ[1]    ; CLOCK_50                                                        ; 6.726 ; 6.726 ; Rise       ; CLOCK_50                                                        ;
;  SRAM_DQ[2]    ; CLOCK_50                                                        ; 7.155 ; 7.155 ; Rise       ; CLOCK_50                                                        ;
;  SRAM_DQ[3]    ; CLOCK_50                                                        ; 7.114 ; 7.114 ; Rise       ; CLOCK_50                                                        ;
;  SRAM_DQ[4]    ; CLOCK_50                                                        ; 6.866 ; 6.866 ; Rise       ; CLOCK_50                                                        ;
;  SRAM_DQ[5]    ; CLOCK_50                                                        ; 6.909 ; 6.909 ; Rise       ; CLOCK_50                                                        ;
;  SRAM_DQ[6]    ; CLOCK_50                                                        ; 6.913 ; 6.913 ; Rise       ; CLOCK_50                                                        ;
;  SRAM_DQ[7]    ; CLOCK_50                                                        ; 6.864 ; 6.864 ; Rise       ; CLOCK_50                                                        ;
;  SRAM_DQ[8]    ; CLOCK_50                                                        ; 7.202 ; 7.202 ; Rise       ; CLOCK_50                                                        ;
;  SRAM_DQ[9]    ; CLOCK_50                                                        ; 7.374 ; 7.374 ; Rise       ; CLOCK_50                                                        ;
;  SRAM_DQ[10]   ; CLOCK_50                                                        ; 6.916 ; 6.916 ; Rise       ; CLOCK_50                                                        ;
;  SRAM_DQ[11]   ; CLOCK_50                                                        ; 7.137 ; 7.137 ; Rise       ; CLOCK_50                                                        ;
;  SRAM_DQ[12]   ; CLOCK_50                                                        ; 6.916 ; 6.916 ; Rise       ; CLOCK_50                                                        ;
;  SRAM_DQ[13]   ; CLOCK_50                                                        ; 6.926 ; 6.926 ; Rise       ; CLOCK_50                                                        ;
;  SRAM_DQ[14]   ; CLOCK_50                                                        ; 6.892 ; 6.892 ; Rise       ; CLOCK_50                                                        ;
;  SRAM_DQ[15]   ; CLOCK_50                                                        ; 6.951 ; 6.951 ; Rise       ; CLOCK_50                                                        ;
; SRAM_WE_N      ; CLOCK_50                                                        ; 6.436 ; 6.436 ; Rise       ; CLOCK_50                                                        ;
; LEDR[*]        ; uart_controller:uart_ctrl_inst|baud_rate_gen:brg_inst|ov_tick   ; 8.614 ; 8.614 ; Rise       ; uart_controller:uart_ctrl_inst|baud_rate_gen:brg_inst|ov_tick   ;
;  LEDR[0]       ; uart_controller:uart_ctrl_inst|baud_rate_gen:brg_inst|ov_tick   ; 7.506 ; 7.506 ; Rise       ; uart_controller:uart_ctrl_inst|baud_rate_gen:brg_inst|ov_tick   ;
;  LEDR[1]       ; uart_controller:uart_ctrl_inst|baud_rate_gen:brg_inst|ov_tick   ; 7.561 ; 7.561 ; Rise       ; uart_controller:uart_ctrl_inst|baud_rate_gen:brg_inst|ov_tick   ;
;  LEDR[2]       ; uart_controller:uart_ctrl_inst|baud_rate_gen:brg_inst|ov_tick   ; 7.467 ; 7.467 ; Rise       ; uart_controller:uart_ctrl_inst|baud_rate_gen:brg_inst|ov_tick   ;
;  LEDR[3]       ; uart_controller:uart_ctrl_inst|baud_rate_gen:brg_inst|ov_tick   ; 7.508 ; 7.508 ; Rise       ; uart_controller:uart_ctrl_inst|baud_rate_gen:brg_inst|ov_tick   ;
;  LEDR[4]       ; uart_controller:uart_ctrl_inst|baud_rate_gen:brg_inst|ov_tick   ; 7.641 ; 7.641 ; Rise       ; uart_controller:uart_ctrl_inst|baud_rate_gen:brg_inst|ov_tick   ;
;  LEDR[5]       ; uart_controller:uart_ctrl_inst|baud_rate_gen:brg_inst|ov_tick   ; 8.614 ; 8.614 ; Rise       ; uart_controller:uart_ctrl_inst|baud_rate_gen:brg_inst|ov_tick   ;
;  LEDR[6]       ; uart_controller:uart_ctrl_inst|baud_rate_gen:brg_inst|ov_tick   ; 7.539 ; 7.539 ; Rise       ; uart_controller:uart_ctrl_inst|baud_rate_gen:brg_inst|ov_tick   ;
;  LEDR[7]       ; uart_controller:uart_ctrl_inst|baud_rate_gen:brg_inst|ov_tick   ; 7.365 ; 7.365 ; Rise       ; uart_controller:uart_ctrl_inst|baud_rate_gen:brg_inst|ov_tick   ;
;  LEDR[8]       ; uart_controller:uart_ctrl_inst|baud_rate_gen:brg_inst|ov_tick   ; 6.548 ; 6.548 ; Rise       ; uart_controller:uart_ctrl_inst|baud_rate_gen:brg_inst|ov_tick   ;
; rx_valid_led   ; uart_controller:uart_ctrl_inst|baud_rate_gen:brg_inst|ov_tick   ; 6.529 ; 6.529 ; Rise       ; uart_controller:uart_ctrl_inst|baud_rate_gen:brg_inst|ov_tick   ;
; state_led[*]   ; uart_controller:uart_ctrl_inst|baud_rate_gen:brg_inst|ov_tick   ; 7.612 ; 7.612 ; Rise       ; uart_controller:uart_ctrl_inst|baud_rate_gen:brg_inst|ov_tick   ;
;  state_led[0]  ; uart_controller:uart_ctrl_inst|baud_rate_gen:brg_inst|ov_tick   ; 7.116 ; 7.116 ; Rise       ; uart_controller:uart_ctrl_inst|baud_rate_gen:brg_inst|ov_tick   ;
;  state_led[1]  ; uart_controller:uart_ctrl_inst|baud_rate_gen:brg_inst|ov_tick   ; 7.612 ; 7.612 ; Rise       ; uart_controller:uart_ctrl_inst|baud_rate_gen:brg_inst|ov_tick   ;
; LEDR[*]        ; uart_controller:uart_ctrl_inst|baud_rate_gen:brg_inst|uart_tick ; 6.359 ; 6.359 ; Rise       ; uart_controller:uart_ctrl_inst|baud_rate_gen:brg_inst|uart_tick ;
;  LEDR[14]      ; uart_controller:uart_ctrl_inst|baud_rate_gen:brg_inst|uart_tick ; 6.359 ; 6.359 ; Rise       ; uart_controller:uart_ctrl_inst|baud_rate_gen:brg_inst|uart_tick ;
; UART_TXD       ; uart_controller:uart_ctrl_inst|baud_rate_gen:brg_inst|uart_tick ; 9.184 ; 9.184 ; Rise       ; uart_controller:uart_ctrl_inst|baud_rate_gen:brg_inst|uart_tick ;
; tx_busy_led    ; uart_controller:uart_ctrl_inst|baud_rate_gen:brg_inst|uart_tick ; 6.314 ; 6.314 ; Rise       ; uart_controller:uart_ctrl_inst|baud_rate_gen:brg_inst|uart_tick ;
+----------------+-----------------------------------------------------------------+-------+-------+------------+-----------------------------------------------------------------+


+---------------------------------------------------------------------------------------------------------------------------------------------------------------------------------+
; Minimum Clock to Output Times                                                                                                                                                   ;
+----------------+-----------------------------------------------------------------+-------+-------+------------+-----------------------------------------------------------------+
; Data Port      ; Clock Port                                                      ; Rise  ; Fall  ; Clock Edge ; Clock Reference                                                 ;
+----------------+-----------------------------------------------------------------+-------+-------+------------+-----------------------------------------------------------------+
; HEX0[*]        ; CLOCK_50                                                        ; 4.206 ; 4.206 ; Rise       ; CLOCK_50                                                        ;
;  HEX0[0]       ; CLOCK_50                                                        ; 4.345 ; 4.345 ; Rise       ; CLOCK_50                                                        ;
;  HEX0[1]       ; CLOCK_50                                                        ; 4.314 ; 4.314 ; Rise       ; CLOCK_50                                                        ;
;  HEX0[2]       ; CLOCK_50                                                        ; 4.316 ; 4.316 ; Rise       ; CLOCK_50                                                        ;
;  HEX0[3]       ; CLOCK_50                                                        ; 4.223 ; 4.223 ; Rise       ; CLOCK_50                                                        ;
;  HEX0[4]       ; CLOCK_50                                                        ; 4.230 ; 4.230 ; Rise       ; CLOCK_50                                                        ;
;  HEX0[5]       ; CLOCK_50                                                        ; 4.217 ; 4.217 ; Rise       ; CLOCK_50                                                        ;
;  HEX0[6]       ; CLOCK_50                                                        ; 4.206 ; 4.206 ; Rise       ; CLOCK_50                                                        ;
; HEX1[*]        ; CLOCK_50                                                        ; 3.829 ; 3.829 ; Rise       ; CLOCK_50                                                        ;
;  HEX1[0]       ; CLOCK_50                                                        ; 4.081 ; 4.081 ; Rise       ; CLOCK_50                                                        ;
;  HEX1[1]       ; CLOCK_50                                                        ; 4.081 ; 4.081 ; Rise       ; CLOCK_50                                                        ;
;  HEX1[2]       ; CLOCK_50                                                        ; 3.853 ; 3.853 ; Rise       ; CLOCK_50                                                        ;
;  HEX1[3]       ; CLOCK_50                                                        ; 3.829 ; 3.829 ; Rise       ; CLOCK_50                                                        ;
;  HEX1[4]       ; CLOCK_50                                                        ; 3.875 ; 3.875 ; Rise       ; CLOCK_50                                                        ;
;  HEX1[5]       ; CLOCK_50                                                        ; 3.965 ; 3.965 ; Rise       ; CLOCK_50                                                        ;
;  HEX1[6]       ; CLOCK_50                                                        ; 3.986 ; 3.986 ; Rise       ; CLOCK_50                                                        ;
; HEX2[*]        ; CLOCK_50                                                        ; 3.992 ; 3.992 ; Rise       ; CLOCK_50                                                        ;
;  HEX2[0]       ; CLOCK_50                                                        ; 4.098 ; 4.098 ; Rise       ; CLOCK_50                                                        ;
;  HEX2[1]       ; CLOCK_50                                                        ; 3.992 ; 3.992 ; Rise       ; CLOCK_50                                                        ;
;  HEX2[2]       ; CLOCK_50                                                        ; 4.059 ; 4.059 ; Rise       ; CLOCK_50                                                        ;
;  HEX2[3]       ; CLOCK_50                                                        ; 4.040 ; 4.040 ; Rise       ; CLOCK_50                                                        ;
;  HEX2[4]       ; CLOCK_50                                                        ; 4.110 ; 4.110 ; Rise       ; CLOCK_50                                                        ;
;  HEX2[5]       ; CLOCK_50                                                        ; 4.168 ; 4.168 ; Rise       ; CLOCK_50                                                        ;
;  HEX2[6]       ; CLOCK_50                                                        ; 4.134 ; 4.134 ; Rise       ; CLOCK_50                                                        ;
; LEDR[*]        ; CLOCK_50                                                        ; 3.802 ; 3.802 ; Rise       ; CLOCK_50                                                        ;
;  LEDR[9]       ; CLOCK_50                                                        ; 4.116 ; 4.116 ; Rise       ; CLOCK_50                                                        ;
;  LEDR[10]      ; CLOCK_50                                                        ; 4.062 ; 4.062 ; Rise       ; CLOCK_50                                                        ;
;  LEDR[11]      ; CLOCK_50                                                        ; 4.064 ; 4.064 ; Rise       ; CLOCK_50                                                        ;
;  LEDR[12]      ; CLOCK_50                                                        ; 3.909 ; 3.909 ; Rise       ; CLOCK_50                                                        ;
;  LEDR[13]      ; CLOCK_50                                                        ; 4.378 ; 4.378 ; Rise       ; CLOCK_50                                                        ;
;  LEDR[15]      ; CLOCK_50                                                        ; 3.869 ; 3.869 ; Rise       ; CLOCK_50                                                        ;
;  LEDR[16]      ; CLOCK_50                                                        ; 3.802 ; 3.802 ; Rise       ; CLOCK_50                                                        ;
;  LEDR[17]      ; CLOCK_50                                                        ; 4.574 ; 4.574 ; Rise       ; CLOCK_50                                                        ;
; SRAM_ADDR[*]   ; CLOCK_50                                                        ; 3.806 ; 3.806 ; Rise       ; CLOCK_50                                                        ;
;  SRAM_ADDR[0]  ; CLOCK_50                                                        ; 4.112 ; 4.112 ; Rise       ; CLOCK_50                                                        ;
;  SRAM_ADDR[1]  ; CLOCK_50                                                        ; 4.129 ; 4.129 ; Rise       ; CLOCK_50                                                        ;
;  SRAM_ADDR[2]  ; CLOCK_50                                                        ; 4.082 ; 4.082 ; Rise       ; CLOCK_50                                                        ;
;  SRAM_ADDR[3]  ; CLOCK_50                                                        ; 4.168 ; 4.168 ; Rise       ; CLOCK_50                                                        ;
;  SRAM_ADDR[4]  ; CLOCK_50                                                        ; 4.000 ; 4.000 ; Rise       ; CLOCK_50                                                        ;
;  SRAM_ADDR[5]  ; CLOCK_50                                                        ; 4.030 ; 4.030 ; Rise       ; CLOCK_50                                                        ;
;  SRAM_ADDR[6]  ; CLOCK_50                                                        ; 4.031 ; 4.031 ; Rise       ; CLOCK_50                                                        ;
;  SRAM_ADDR[7]  ; CLOCK_50                                                        ; 4.030 ; 4.030 ; Rise       ; CLOCK_50                                                        ;
;  SRAM_ADDR[8]  ; CLOCK_50                                                        ; 3.956 ; 3.956 ; Rise       ; CLOCK_50                                                        ;
;  SRAM_ADDR[9]  ; CLOCK_50                                                        ; 3.918 ; 3.918 ; Rise       ; CLOCK_50                                                        ;
;  SRAM_ADDR[10] ; CLOCK_50                                                        ; 3.945 ; 3.945 ; Rise       ; CLOCK_50                                                        ;
;  SRAM_ADDR[11] ; CLOCK_50                                                        ; 3.914 ; 3.914 ; Rise       ; CLOCK_50                                                        ;
;  SRAM_ADDR[12] ; CLOCK_50                                                        ; 3.905 ; 3.905 ; Rise       ; CLOCK_50                                                        ;
;  SRAM_ADDR[13] ; CLOCK_50                                                        ; 3.946 ; 3.946 ; Rise       ; CLOCK_50                                                        ;
;  SRAM_ADDR[14] ; CLOCK_50                                                        ; 3.895 ; 3.895 ; Rise       ; CLOCK_50                                                        ;
;  SRAM_ADDR[15] ; CLOCK_50                                                        ; 3.884 ; 3.884 ; Rise       ; CLOCK_50                                                        ;
;  SRAM_ADDR[16] ; CLOCK_50                                                        ; 3.823 ; 3.823 ; Rise       ; CLOCK_50                                                        ;
;  SRAM_ADDR[17] ; CLOCK_50                                                        ; 3.806 ; 3.806 ; Rise       ; CLOCK_50                                                        ;
; SRAM_DQ[*]     ; CLOCK_50                                                        ; 3.838 ; 3.838 ; Rise       ; CLOCK_50                                                        ;
;  SRAM_DQ[0]    ; CLOCK_50                                                        ; 3.922 ; 3.922 ; Rise       ; CLOCK_50                                                        ;
;  SRAM_DQ[1]    ; CLOCK_50                                                        ; 3.838 ; 3.838 ; Rise       ; CLOCK_50                                                        ;
;  SRAM_DQ[2]    ; CLOCK_50                                                        ; 4.030 ; 4.030 ; Rise       ; CLOCK_50                                                        ;
;  SRAM_DQ[3]    ; CLOCK_50                                                        ; 4.001 ; 4.001 ; Rise       ; CLOCK_50                                                        ;
;  SRAM_DQ[4]    ; CLOCK_50                                                        ; 3.873 ; 3.873 ; Rise       ; CLOCK_50                                                        ;
;  SRAM_DQ[5]    ; CLOCK_50                                                        ; 3.903 ; 3.903 ; Rise       ; CLOCK_50                                                        ;
;  SRAM_DQ[6]    ; CLOCK_50                                                        ; 3.904 ; 3.904 ; Rise       ; CLOCK_50                                                        ;
;  SRAM_DQ[7]    ; CLOCK_50                                                        ; 3.873 ; 3.873 ; Rise       ; CLOCK_50                                                        ;
;  SRAM_DQ[8]    ; CLOCK_50                                                        ; 4.068 ; 4.068 ; Rise       ; CLOCK_50                                                        ;
;  SRAM_DQ[9]    ; CLOCK_50                                                        ; 4.124 ; 4.124 ; Rise       ; CLOCK_50                                                        ;
;  SRAM_DQ[10]   ; CLOCK_50                                                        ; 3.929 ; 3.929 ; Rise       ; CLOCK_50                                                        ;
;  SRAM_DQ[11]   ; CLOCK_50                                                        ; 4.027 ; 4.027 ; Rise       ; CLOCK_50                                                        ;
;  SRAM_DQ[12]   ; CLOCK_50                                                        ; 3.925 ; 3.925 ; Rise       ; CLOCK_50                                                        ;
;  SRAM_DQ[13]   ; CLOCK_50                                                        ; 3.928 ; 3.928 ; Rise       ; CLOCK_50                                                        ;
;  SRAM_DQ[14]   ; CLOCK_50                                                        ; 3.907 ; 3.907 ; Rise       ; CLOCK_50                                                        ;
;  SRAM_DQ[15]   ; CLOCK_50                                                        ; 3.938 ; 3.938 ; Rise       ; CLOCK_50                                                        ;
; SRAM_WE_N      ; CLOCK_50                                                        ; 3.697 ; 3.697 ; Rise       ; CLOCK_50                                                        ;
; LEDR[*]        ; uart_controller:uart_ctrl_inst|baud_rate_gen:brg_inst|ov_tick   ; 3.642 ; 3.642 ; Rise       ; uart_controller:uart_ctrl_inst|baud_rate_gen:brg_inst|ov_tick   ;
;  LEDR[0]       ; uart_controller:uart_ctrl_inst|baud_rate_gen:brg_inst|ov_tick   ; 4.106 ; 4.106 ; Rise       ; uart_controller:uart_ctrl_inst|baud_rate_gen:brg_inst|ov_tick   ;
;  LEDR[1]       ; uart_controller:uart_ctrl_inst|baud_rate_gen:brg_inst|ov_tick   ; 4.143 ; 4.143 ; Rise       ; uart_controller:uart_ctrl_inst|baud_rate_gen:brg_inst|ov_tick   ;
;  LEDR[2]       ; uart_controller:uart_ctrl_inst|baud_rate_gen:brg_inst|ov_tick   ; 4.069 ; 4.069 ; Rise       ; uart_controller:uart_ctrl_inst|baud_rate_gen:brg_inst|ov_tick   ;
;  LEDR[3]       ; uart_controller:uart_ctrl_inst|baud_rate_gen:brg_inst|ov_tick   ; 4.096 ; 4.096 ; Rise       ; uart_controller:uart_ctrl_inst|baud_rate_gen:brg_inst|ov_tick   ;
;  LEDR[4]       ; uart_controller:uart_ctrl_inst|baud_rate_gen:brg_inst|ov_tick   ; 4.208 ; 4.208 ; Rise       ; uart_controller:uart_ctrl_inst|baud_rate_gen:brg_inst|ov_tick   ;
;  LEDR[5]       ; uart_controller:uart_ctrl_inst|baud_rate_gen:brg_inst|ov_tick   ; 4.736 ; 4.736 ; Rise       ; uart_controller:uart_ctrl_inst|baud_rate_gen:brg_inst|ov_tick   ;
;  LEDR[6]       ; uart_controller:uart_ctrl_inst|baud_rate_gen:brg_inst|ov_tick   ; 4.117 ; 4.117 ; Rise       ; uart_controller:uart_ctrl_inst|baud_rate_gen:brg_inst|ov_tick   ;
;  LEDR[7]       ; uart_controller:uart_ctrl_inst|baud_rate_gen:brg_inst|ov_tick   ; 4.120 ; 4.120 ; Rise       ; uart_controller:uart_ctrl_inst|baud_rate_gen:brg_inst|ov_tick   ;
;  LEDR[8]       ; uart_controller:uart_ctrl_inst|baud_rate_gen:brg_inst|ov_tick   ; 3.642 ; 3.642 ; Rise       ; uart_controller:uart_ctrl_inst|baud_rate_gen:brg_inst|ov_tick   ;
; rx_valid_led   ; uart_controller:uart_ctrl_inst|baud_rate_gen:brg_inst|ov_tick   ; 3.629 ; 3.629 ; Rise       ; uart_controller:uart_ctrl_inst|baud_rate_gen:brg_inst|ov_tick   ;
; state_led[*]   ; uart_controller:uart_ctrl_inst|baud_rate_gen:brg_inst|ov_tick   ; 3.702 ; 3.702 ; Rise       ; uart_controller:uart_ctrl_inst|baud_rate_gen:brg_inst|ov_tick   ;
;  state_led[0]  ; uart_controller:uart_ctrl_inst|baud_rate_gen:brg_inst|ov_tick   ; 3.752 ; 3.752 ; Rise       ; uart_controller:uart_ctrl_inst|baud_rate_gen:brg_inst|ov_tick   ;
;  state_led[1]  ; uart_controller:uart_ctrl_inst|baud_rate_gen:brg_inst|ov_tick   ; 3.702 ; 3.702 ; Rise       ; uart_controller:uart_ctrl_inst|baud_rate_gen:brg_inst|ov_tick   ;
; LEDR[*]        ; uart_controller:uart_ctrl_inst|baud_rate_gen:brg_inst|uart_tick ; 3.577 ; 3.577 ; Rise       ; uart_controller:uart_ctrl_inst|baud_rate_gen:brg_inst|uart_tick ;
;  LEDR[14]      ; uart_controller:uart_ctrl_inst|baud_rate_gen:brg_inst|uart_tick ; 3.577 ; 3.577 ; Rise       ; uart_controller:uart_ctrl_inst|baud_rate_gen:brg_inst|uart_tick ;
; UART_TXD       ; uart_controller:uart_ctrl_inst|baud_rate_gen:brg_inst|uart_tick ; 4.890 ; 4.890 ; Rise       ; uart_controller:uart_ctrl_inst|baud_rate_gen:brg_inst|uart_tick ;
; tx_busy_led    ; uart_controller:uart_ctrl_inst|baud_rate_gen:brg_inst|uart_tick ; 3.538 ; 3.538 ; Rise       ; uart_controller:uart_ctrl_inst|baud_rate_gen:brg_inst|uart_tick ;
+----------------+-----------------------------------------------------------------+-------+-------+------------+-----------------------------------------------------------------+


+-------------------------------------------------------------------------------------------------------------------------------------------------------------------------------+
; Setup Transfers                                                                                                                                                               ;
+-----------------------------------------------------------------+-----------------------------------------------------------------+----------+----------+----------+----------+
; From Clock                                                      ; To Clock                                                        ; RR Paths ; FR Paths ; RF Paths ; FF Paths ;
+-----------------------------------------------------------------+-----------------------------------------------------------------+----------+----------+----------+----------+
; CLOCK_50                                                        ; CLOCK_50                                                        ; 2972     ; 0        ; 0        ; 0        ;
; uart_controller:uart_ctrl_inst|baud_rate_gen:brg_inst|ov_tick   ; CLOCK_50                                                        ; 211      ; 0        ; 0        ; 0        ;
; uart_controller:uart_ctrl_inst|baud_rate_gen:brg_inst|uart_tick ; CLOCK_50                                                        ; 42       ; 0        ; 0        ; 0        ;
; CLOCK_50                                                        ; uart_controller:uart_ctrl_inst|baud_rate_gen:brg_inst|ov_tick   ; 29       ; 0        ; 0        ; 0        ;
; uart_controller:uart_ctrl_inst|baud_rate_gen:brg_inst|ov_tick   ; uart_controller:uart_ctrl_inst|baud_rate_gen:brg_inst|ov_tick   ; 301      ; 0        ; 0        ; 0        ;
; CLOCK_50                                                        ; uart_controller:uart_ctrl_inst|baud_rate_gen:brg_inst|uart_tick ; 6        ; 0        ; 0        ; 0        ;
; uart_controller:uart_ctrl_inst|baud_rate_gen:brg_inst|uart_tick ; uart_controller:uart_ctrl_inst|baud_rate_gen:brg_inst|uart_tick ; 144      ; 0        ; 0        ; 0        ;
+-----------------------------------------------------------------+-----------------------------------------------------------------+----------+----------+----------+----------+
Entries labeled "false path" only account for clock-to-clock false paths and not path-based false paths. As a result, actual path counts may be lower than reported.


+-------------------------------------------------------------------------------------------------------------------------------------------------------------------------------+
; Hold Transfers                                                                                                                                                                ;
+-----------------------------------------------------------------+-----------------------------------------------------------------+----------+----------+----------+----------+
; From Clock                                                      ; To Clock                                                        ; RR Paths ; FR Paths ; RF Paths ; FF Paths ;
+-----------------------------------------------------------------+-----------------------------------------------------------------+----------+----------+----------+----------+
; CLOCK_50                                                        ; CLOCK_50                                                        ; 2972     ; 0        ; 0        ; 0        ;
; uart_controller:uart_ctrl_inst|baud_rate_gen:brg_inst|ov_tick   ; CLOCK_50                                                        ; 211      ; 0        ; 0        ; 0        ;
; uart_controller:uart_ctrl_inst|baud_rate_gen:brg_inst|uart_tick ; CLOCK_50                                                        ; 42       ; 0        ; 0        ; 0        ;
; CLOCK_50                                                        ; uart_controller:uart_ctrl_inst|baud_rate_gen:brg_inst|ov_tick   ; 29       ; 0        ; 0        ; 0        ;
; uart_controller:uart_ctrl_inst|baud_rate_gen:brg_inst|ov_tick   ; uart_controller:uart_ctrl_inst|baud_rate_gen:brg_inst|ov_tick   ; 301      ; 0        ; 0        ; 0        ;
; CLOCK_50                                                        ; uart_controller:uart_ctrl_inst|baud_rate_gen:brg_inst|uart_tick ; 6        ; 0        ; 0        ; 0        ;
; uart_controller:uart_ctrl_inst|baud_rate_gen:brg_inst|uart_tick ; uart_controller:uart_ctrl_inst|baud_rate_gen:brg_inst|uart_tick ; 144      ; 0        ; 0        ; 0        ;
+-----------------------------------------------------------------+-----------------------------------------------------------------+----------+----------+----------+----------+
Entries labeled "false path" only account for clock-to-clock false paths and not path-based false paths. As a result, actual path counts may be lower than reported.


+------------------------------------------------------------------------------------------------------------------------+
; Recovery Transfers                                                                                                     ;
+------------+---------------------------------------------------------------+----------+----------+----------+----------+
; From Clock ; To Clock                                                      ; RR Paths ; FR Paths ; RF Paths ; FF Paths ;
+------------+---------------------------------------------------------------+----------+----------+----------+----------+
; CLOCK_50   ; uart_controller:uart_ctrl_inst|baud_rate_gen:brg_inst|ov_tick ; 9        ; 0        ; 0        ; 0        ;
+------------+---------------------------------------------------------------+----------+----------+----------+----------+
Entries labeled "false path" only account for clock-to-clock false paths and not path-based false paths. As a result, actual path counts may be lower than reported.


+------------------------------------------------------------------------------------------------------------------------+
; Removal Transfers                                                                                                      ;
+------------+---------------------------------------------------------------+----------+----------+----------+----------+
; From Clock ; To Clock                                                      ; RR Paths ; FR Paths ; RF Paths ; FF Paths ;
+------------+---------------------------------------------------------------+----------+----------+----------+----------+
; CLOCK_50   ; uart_controller:uart_ctrl_inst|baud_rate_gen:brg_inst|ov_tick ; 9        ; 0        ; 0        ; 0        ;
+------------+---------------------------------------------------------------+----------+----------+----------+----------+
Entries labeled "false path" only account for clock-to-clock false paths and not path-based false paths. As a result, actual path counts may be lower than reported.


---------------
; Report TCCS ;
---------------
No dedicated SERDES Transmitter circuitry present in device or used in design


---------------
; Report RSKM ;
---------------
No dedicated SERDES Receiver circuitry present in device or used in design


+------------------------------------------------+
; Unconstrained Paths                            ;
+---------------------------------+-------+------+
; Property                        ; Setup ; Hold ;
+---------------------------------+-------+------+
; Illegal Clocks                  ; 0     ; 0    ;
; Unconstrained Clocks            ; 0     ; 0    ;
; Unconstrained Input Ports       ; 2     ; 2    ;
; Unconstrained Input Port Paths  ; 166   ; 166  ;
; Unconstrained Output Ports      ; 79    ; 79   ;
; Unconstrained Output Port Paths ; 217   ; 217  ;
+---------------------------------+-------+------+


+------------------------------------+
; TimeQuest Timing Analyzer Messages ;
+------------------------------------+
Info: *******************************************************************
Info: Running Quartus II 64-Bit TimeQuest Timing Analyzer
    Info: Version 13.0.1 Build 232 06/12/2013 Service Pack 1 SJ Web Edition
    Info: Processing started: Fri May 22 09:07:43 2026
Info: Command: quartus_sta UART_SRAM -c UART_SRAM
Info: qsta_default_script.tcl version: #1
Warning (20028): Parallel compilation is not licensed and has been disabled
Info (21077): Low junction temperature is 0 degrees C
Info (21077): High junction temperature is 85 degrees C
Critical Warning (332012): Synopsys Design Constraints File file not found: 'UART_SRAM.sdc'. A Synopsys Design Constraints File is required by the TimeQuest Timing Analyzer to get proper timing constraints. Without it, the Compiler will not properly optimize the design.
Info (332142): No user constrained base clocks found in the design. Calling "derive_clocks -period 1.0"
Info (332105): Deriving Clocks
    Info (332105): create_clock -period 1.000 -name CLOCK_50 CLOCK_50
    Info (332105): create_clock -period 1.000 -name uart_controller:uart_ctrl_inst|baud_rate_gen:brg_inst|uart_tick uart_controller:uart_ctrl_inst|baud_rate_gen:brg_inst|uart_tick
    Info (332105): create_clock -period 1.000 -name uart_controller:uart_ctrl_inst|baud_rate_gen:brg_inst|ov_tick uart_controller:uart_ctrl_inst|baud_rate_gen:brg_inst|ov_tick
Info: Found TIMEQUEST_REPORT_SCRIPT_INCLUDE_DEFAULT_ANALYSIS = ON
Info: Analyzing Slow Model
Critical Warning (332148): Timing requirements not met
Info (332146): Worst-case setup slack is -4.193
    Info (332119):     Slack End Point TNS Clock 
    Info (332119): ========= ============= =====================
    Info (332119):    -4.193      -443.118 CLOCK_50 
    Info (332119):    -2.147       -61.616 uart_controller:uart_ctrl_inst|baud_rate_gen:brg_inst|ov_tick 
    Info (332119):    -1.594       -17.941 uart_controller:uart_ctrl_inst|baud_rate_gen:brg_inst|uart_tick 
Info (332146): Worst-case hold slack is 0.320
    Info (332119):     Slack End Point TNS Clock 
    Info (332119): ========= ============= =====================
    Info (332119):     0.320         0.000 CLOCK_50 
    Info (332119):     0.391         0.000 uart_controller:uart_ctrl_inst|baud_rate_gen:brg_inst|ov_tick 
    Info (332119):     0.391         0.000 uart_controller:uart_ctrl_inst|baud_rate_gen:brg_inst|uart_tick 
Info (332146): Worst-case recovery slack is -1.218
    Info (332119):     Slack End Point TNS Clock 
    Info (332119): ========= ============= =====================
    Info (332119):    -1.218       -10.962 uart_controller:uart_ctrl_inst|baud_rate_gen:brg_inst|ov_tick 
Info (332146): Worst-case removal slack is 1.988
    Info (332119):     Slack End Point TNS Clock 
    Info (332119): ========= ============= =====================
    Info (332119):     1.988         0.000 uart_controller:uart_ctrl_inst|baud_rate_gen:brg_inst|ov_tick 
Info (332146): Worst-case minimum pulse width slack is -1.627
    Info (332119):     Slack End Point TNS Clock 
    Info (332119): ========= ============= =====================
    Info (332119):    -1.627      -304.762 CLOCK_50 
    Info (332119):    -0.500       -38.000 uart_controller:uart_ctrl_inst|baud_rate_gen:brg_inst|ov_tick 
    Info (332119):    -0.500       -21.000 uart_controller:uart_ctrl_inst|baud_rate_gen:brg_inst|uart_tick 
Info (332001): The selected device family is not supported by the report_metastability command.
Info: Analyzing Fast Model
Critical Warning (332148): Timing requirements not met
Info (332146): Worst-case setup slack is -1.931
    Info (332119):     Slack End Point TNS Clock 
    Info (332119): ========= ============= =====================
    Info (332119):    -1.931      -114.019 CLOCK_50 
    Info (332119):    -0.480       -10.348 uart_controller:uart_ctrl_inst|baud_rate_gen:brg_inst|ov_tick 
    Info (332119):    -0.158        -0.516 uart_controller:uart_ctrl_inst|baud_rate_gen:brg_inst|uart_tick 
Info (332146): Worst-case hold slack is 0.089
    Info (332119):     Slack End Point TNS Clock 
    Info (332119): ========= ============= =====================
    Info (332119):     0.089         0.000 CLOCK_50 
    Info (332119):     0.215         0.000 uart_controller:uart_ctrl_inst|baud_rate_gen:brg_inst|ov_tick 
    Info (332119):     0.215         0.000 uart_controller:uart_ctrl_inst|baud_rate_gen:brg_inst|uart_tick 
Info (332146): Worst-case recovery slack is -0.205
    Info (332119):     Slack End Point TNS Clock 
    Info (332119): ========= ============= =====================
    Info (332119):    -0.205        -1.845 uart_controller:uart_ctrl_inst|baud_rate_gen:brg_inst|ov_tick 
Info (332146): Worst-case removal slack is 1.085
    Info (332119):     Slack End Point TNS Clock 
    Info (332119): ========= ============= =====================
    Info (332119):     1.085         0.000 uart_controller:uart_ctrl_inst|baud_rate_gen:brg_inst|ov_tick 
Info (332146): Worst-case minimum pulse width slack is -1.627
    Info (332119):     Slack End Point TNS Clock 
    Info (332119): ========= ============= =====================
    Info (332119):    -1.627      -304.762 CLOCK_50 
    Info (332119):    -0.500       -38.000 uart_controller:uart_ctrl_inst|baud_rate_gen:brg_inst|ov_tick 
    Info (332119):    -0.500       -21.000 uart_controller:uart_ctrl_inst|baud_rate_gen:brg_inst|uart_tick 
Info (332001): The selected device family is not supported by the report_metastability command.
Info (332102): Design is not fully constrained for setup requirements
Info (332102): Design is not fully constrained for hold requirements
Info: Quartus II 64-Bit TimeQuest Timing Analyzer was successful. 0 errors, 4 warnings
    Info: Peak virtual memory: 4568 megabytes
    Info: Processing ended: Fri May 22 09:07:44 2026
    Info: Elapsed time: 00:00:01
    Info: Total CPU time (on all processors): 00:00:01


