TimeQuest Timing Analyzer report for UART_SRAM
Fri May 22 09:25:51 2026
Quartus II 64-Bit Version 13.0.1 Build 232 06/12/2013 Service Pack 1 SJ Web Edition


---------------------
; Table of Contents ;
---------------------
  1. Legal Notice
  2. TimeQuest Timing Analyzer Summary
  3. Parallel Compilation
  4. Clocks
  5. Slow Model Fmax Summary
  6. Slow Model Setup Summary
  7. Slow Model Hold Summary
  8. Slow Model Recovery Summary
  9. Slow Model Removal Summary
 10. Slow Model Minimum Pulse Width Summary
 11. Slow Model Setup: 'CLOCK_50'
 12. Slow Model Setup: 'uart_controller:uart_ctrl_inst|baud_rate_gen:brg_inst|ov_tick'
 13. Slow Model Setup: 'uart_controller:uart_ctrl_inst|baud_rate_gen:brg_inst|uart_tick'
 14. Slow Model Hold: 'CLOCK_50'
 15. Slow Model Hold: 'uart_controller:uart_ctrl_inst|baud_rate_gen:brg_inst|ov_tick'
 16. Slow Model Hold: 'uart_controller:uart_ctrl_inst|baud_rate_gen:brg_inst|uart_tick'
 17. Slow Model Recovery: 'uart_controller:uart_ctrl_inst|baud_rate_gen:brg_inst|ov_tick'
 18. Slow Model Removal: 'uart_controller:uart_ctrl_inst|baud_rate_gen:brg_inst|ov_tick'
 19. Slow Model Minimum Pulse Width: 'CLOCK_50'
 20. Slow Model Minimum Pulse Width: 'uart_controller:uart_ctrl_inst|baud_rate_gen:brg_inst|ov_tick'
 21. Slow Model Minimum Pulse Width: 'uart_controller:uart_ctrl_inst|baud_rate_gen:brg_inst|uart_tick'
 22. Setup Times
 23. Hold Times
 24. Clock to Output Times
 25. Minimum Clock to Output Times
 26. Output Enable Times
 27. Minimum Output Enable Times
 28. Output Disable Times
 29. Minimum Output Disable Times
 30. Fast Model Setup Summary
 31. Fast Model Hold Summary
 32. Fast Model Recovery Summary
 33. Fast Model Removal Summary
 34. Fast Model Minimum Pulse Width Summary
 35. Fast Model Setup: 'CLOCK_50'
 36. Fast Model Setup: 'uart_controller:uart_ctrl_inst|baud_rate_gen:brg_inst|ov_tick'
 37. Fast Model Setup: 'uart_controller:uart_ctrl_inst|baud_rate_gen:brg_inst|uart_tick'
 38. Fast Model Hold: 'CLOCK_50'
 39. Fast Model Hold: 'uart_controller:uart_ctrl_inst|baud_rate_gen:brg_inst|ov_tick'
 40. Fast Model Hold: 'uart_controller:uart_ctrl_inst|baud_rate_gen:brg_inst|uart_tick'
 41. Fast Model Recovery: 'uart_controller:uart_ctrl_inst|baud_rate_gen:brg_inst|ov_tick'
 42. Fast Model Removal: 'uart_controller:uart_ctrl_inst|baud_rate_gen:brg_inst|ov_tick'
 43. Fast Model Minimum Pulse Width: 'CLOCK_50'
 44. Fast Model Minimum Pulse Width: 'uart_controller:uart_ctrl_inst|baud_rate_gen:brg_inst|ov_tick'
 45. Fast Model Minimum Pulse Width: 'uart_controller:uart_ctrl_inst|baud_rate_gen:brg_inst|uart_tick'
 46. Setup Times
 47. Hold Times
 48. Clock to Output Times
 49. Minimum Clock to Output Times
 50. Output Enable Times
 51. Minimum Output Enable Times
 52. Output Disable Times
 53. Minimum Output Disable Times
 54. Multicorner Timing Analysis Summary
 55. Setup Times
 56. Hold Times
 57. Clock to Output Times
 58. Minimum Clock to Output Times
 59. Setup Transfers
 60. Hold Transfers
 61. Recovery Transfers
 62. Removal Transfers
 63. Report TCCS
 64. Report RSKM
 65. Unconstrained Paths
 66. TimeQuest Timing Analyzer Messages



----------------
; Legal Notice ;
----------------
Copyright (C) 1991-2013 Altera Corporation
Your use of Altera Corporation's design tools, logic functions 
and other software and tools, and its AMPP partner logic 
functions, and any output files from any of the foregoing 
(including device programming or simulation files), and any 
associated documentation or information are expressly subject 
to the terms and conditions of the Altera Program License 
Subscription Agreement, Altera MegaCore Function License 
Agreement, or other applicable license agreement, including, 
without limitation, that your use is for the sole purpose of 
programming logic devices manufactured by Altera and sold by 
Altera or its authorized distributors.  Please refer to the 
applicable agreement for further details.



+----------------------------------------------------------------------------------------+
; TimeQuest Timing Analyzer Summary                                                      ;
+--------------------+-------------------------------------------------------------------+
; Quartus II Version ; Version 13.0.1 Build 232 06/12/2013 Service Pack 1 SJ Web Edition ;
; Revision Name      ; UART_SRAM                                                         ;
; Device Family      ; Cyclone II                                                        ;
; Device Name        ; EP2C35F672C6                                                      ;
; Timing Models      ; Final                                                             ;
; Delay Model        ; Combined                                                          ;
; Rise/Fall Delays   ; Unavailable                                                       ;
+--------------------+-------------------------------------------------------------------+


Parallel compilation was disabled, but you have multiple processors available. Enable parallel compilation to reduce compilation time.
+-------------------------------------+
; Parallel Compilation                ;
+----------------------------+--------+
; Processors                 ; Number ;
+----------------------------+--------+
; Number detected on machine ; 8      ;
; Maximum allowed            ; 1      ;
+----------------------------+--------+


+--------------------------------------------------------------------------------------------------------------------------------------------------------------------------------------------------------------------------------------------------------------------------------------------------+
; Clocks                                                                                                                                                                                                                                                                                           ;
+-----------------------------------------------------------------+------+--------+------------+-------+-------+------------+-----------+-------------+-------+--------+-----------+------------+----------+--------+--------+---------------------------------------------------------------------+
; Clock Name                                                      ; Type ; Period ; Frequency  ; Rise  ; Fall  ; Duty Cycle ; Divide by ; Multiply by ; Phase ; Offset ; Edge List ; Edge Shift ; Inverted ; Master ; Source ; Targets                                                             ;
+-----------------------------------------------------------------+------+--------+------------+-------+-------+------------+-----------+-------------+-------+--------+-----------+------------+----------+--------+--------+---------------------------------------------------------------------+
; CLOCK_50                                                        ; Base ; 1.000  ; 1000.0 MHz ; 0.000 ; 0.500 ;            ;           ;             ;       ;        ;           ;            ;          ;        ;        ; { CLOCK_50 }                                                        ;
; uart_controller:uart_ctrl_inst|baud_rate_gen:brg_inst|ov_tick   ; Base ; 1.000  ; 1000.0 MHz ; 0.000 ; 0.500 ;            ;           ;             ;       ;        ;           ;            ;          ;        ;        ; { uart_controller:uart_ctrl_inst|baud_rate_gen:brg_inst|ov_tick }   ;
; uart_controller:uart_ctrl_inst|baud_rate_gen:brg_inst|uart_tick ; Base ; 1.000  ; 1000.0 MHz ; 0.000 ; 0.500 ;            ;           ;             ;       ;        ;           ;            ;          ;        ;        ; { uart_controller:uart_ctrl_inst|baud_rate_gen:brg_inst|uart_tick } ;
+-----------------------------------------------------------------+------+--------+------------+-------+-------+------------+-----------+-------------+-------+--------+-----------+------------+----------+--------+--------+---------------------------------------------------------------------+


+-------------------------------------------------------------------------------------------------------+
; Slow Model Fmax Summary                                                                               ;
+------------+-----------------+-----------------------------------------------------------------+------+
; Fmax       ; Restricted Fmax ; Clock Name                                                      ; Note ;
+------------+-----------------+-----------------------------------------------------------------+------+
; 191.94 MHz ; 191.94 MHz      ; CLOCK_50                                                        ;      ;
; 289.77 MHz ; 289.77 MHz      ; uart_controller:uart_ctrl_inst|baud_rate_gen:brg_inst|ov_tick   ;      ;
; 388.05 MHz ; 388.05 MHz      ; uart_controller:uart_ctrl_inst|baud_rate_gen:brg_inst|uart_tick ;      ;
+------------+-----------------+-----------------------------------------------------------------+------+
This panel reports FMAX for every clock in the design, regardless of the user-specified clock periods.  FMAX is only computed for paths where the source and destination registers or ports are driven by the same clock.  Paths of different clocks, including generated clocks, are ignored.  For paths between a clock and its inversion, FMAX is computed as if the rising and falling edges are scaled along with FMAX, such that the duty cycle (in terms of a percentage) is maintained. Altera recommends that you always use clock constraints and other slack reports for sign-off analysis.


+------------------------------------------------------------------------------------------+
; Slow Model Setup Summary                                                                 ;
+-----------------------------------------------------------------+--------+---------------+
; Clock                                                           ; Slack  ; End Point TNS ;
+-----------------------------------------------------------------+--------+---------------+
; CLOCK_50                                                        ; -4.210 ; -457.190      ;
; uart_controller:uart_ctrl_inst|baud_rate_gen:brg_inst|ov_tick   ; -2.451 ; -60.397       ;
; uart_controller:uart_ctrl_inst|baud_rate_gen:brg_inst|uart_tick ; -1.577 ; -17.037       ;
+-----------------------------------------------------------------+--------+---------------+


+-----------------------------------------------------------------------------------------+
; Slow Model Hold Summary                                                                 ;
+-----------------------------------------------------------------+-------+---------------+
; Clock                                                           ; Slack ; End Point TNS ;
+-----------------------------------------------------------------+-------+---------------+
; CLOCK_50                                                        ; 0.391 ; 0.000         ;
; uart_controller:uart_ctrl_inst|baud_rate_gen:brg_inst|ov_tick   ; 0.391 ; 0.000         ;
; uart_controller:uart_ctrl_inst|baud_rate_gen:brg_inst|uart_tick ; 0.391 ; 0.000         ;
+-----------------------------------------------------------------+-------+---------------+


+----------------------------------------------------------------------------------------+
; Slow Model Recovery Summary                                                            ;
+---------------------------------------------------------------+--------+---------------+
; Clock                                                         ; Slack  ; End Point TNS ;
+---------------------------------------------------------------+--------+---------------+
; uart_controller:uart_ctrl_inst|baud_rate_gen:brg_inst|ov_tick ; -1.226 ; -11.034       ;
+---------------------------------------------------------------+--------+---------------+


+---------------------------------------------------------------------------------------+
; Slow Model Removal Summary                                                            ;
+---------------------------------------------------------------+-------+---------------+
; Clock                                                         ; Slack ; End Point TNS ;
+---------------------------------------------------------------+-------+---------------+
; uart_controller:uart_ctrl_inst|baud_rate_gen:brg_inst|ov_tick ; 1.996 ; 0.000         ;
+---------------------------------------------------------------+-------+---------------+


+------------------------------------------------------------------------------------------+
; Slow Model Minimum Pulse Width Summary                                                   ;
+-----------------------------------------------------------------+--------+---------------+
; Clock                                                           ; Slack  ; End Point TNS ;
+-----------------------------------------------------------------+--------+---------------+
; CLOCK_50                                                        ; -1.627 ; -304.762      ;
; uart_controller:uart_ctrl_inst|baud_rate_gen:brg_inst|ov_tick   ; -0.500 ; -38.000       ;
; uart_controller:uart_ctrl_inst|baud_rate_gen:brg_inst|uart_tick ; -0.500 ; -21.000       ;
+-----------------------------------------------------------------+--------+---------------+


+------------------------------------------------------------------------------------------------------------------------------------------------------------------------------------------------------------------------------------------------------------------------------------------------------------------------------+
; Slow Model Setup: 'CLOCK_50'                                                                                                                                                                                                                                                                                                 ;
+--------+-----------------------------------------------------------------------------------------------------------------------+-----------------------------------------------------------------------------------------------------------------------+--------------+-------------+--------------+------------+------------+
; Slack  ; From Node                                                                                                             ; To Node                                                                                                               ; Launch Clock ; Latch Clock ; Relationship ; Clock Skew ; Data Delay ;
+--------+-----------------------------------------------------------------------------------------------------------------------+-----------------------------------------------------------------------------------------------------------------------+--------------+-------------+--------------+------------+------------+
; -4.210 ; uart_rx_packet_new:packet_inst|altsyncram:buffer_rtl_0|altsyncram_09c1:auto_generated|ram_block1a0~portb_address_reg0 ; sram_packet_writer:sram_writer_inst|w_data[9]                                                                         ; CLOCK_50     ; CLOCK_50    ; 1.000        ; -0.088     ; 5.158      ;
; -4.210 ; uart_rx_packet_new:packet_inst|altsyncram:buffer_rtl_0|altsyncram_09c1:auto_generated|ram_block1a0~portb_address_reg1 ; sram_packet_writer:sram_writer_inst|w_data[9]                                                                         ; CLOCK_50     ; CLOCK_50    ; 1.000        ; -0.088     ; 5.158      ;
; -4.210 ; uart_rx_packet_new:packet_inst|altsyncram:buffer_rtl_0|altsyncram_09c1:auto_generated|ram_block1a0~portb_address_reg2 ; sram_packet_writer:sram_writer_inst|w_data[9]                                                                         ; CLOCK_50     ; CLOCK_50    ; 1.000        ; -0.088     ; 5.158      ;
; -4.210 ; uart_rx_packet_new:packet_inst|altsyncram:buffer_rtl_0|altsyncram_09c1:auto_generated|ram_block1a0~portb_address_reg3 ; sram_packet_writer:sram_writer_inst|w_data[9]                                                                         ; CLOCK_50     ; CLOCK_50    ; 1.000        ; -0.088     ; 5.158      ;
; -4.210 ; uart_rx_packet_new:packet_inst|altsyncram:buffer_rtl_0|altsyncram_09c1:auto_generated|ram_block1a0~portb_address_reg4 ; sram_packet_writer:sram_writer_inst|w_data[9]                                                                         ; CLOCK_50     ; CLOCK_50    ; 1.000        ; -0.088     ; 5.158      ;
; -4.210 ; uart_rx_packet_new:packet_inst|altsyncram:buffer_rtl_0|altsyncram_09c1:auto_generated|ram_block1a0~portb_address_reg5 ; sram_packet_writer:sram_writer_inst|w_data[9]                                                                         ; CLOCK_50     ; CLOCK_50    ; 1.000        ; -0.088     ; 5.158      ;
; -4.210 ; uart_rx_packet_new:packet_inst|altsyncram:buffer_rtl_0|altsyncram_09c1:auto_generated|ram_block1a0~portb_address_reg6 ; sram_packet_writer:sram_writer_inst|w_data[9]                                                                         ; CLOCK_50     ; CLOCK_50    ; 1.000        ; -0.088     ; 5.158      ;
; -4.210 ; uart_rx_packet_new:packet_inst|altsyncram:buffer_rtl_0|altsyncram_09c1:auto_generated|ram_block1a0~portb_address_reg7 ; sram_packet_writer:sram_writer_inst|w_data[9]                                                                         ; CLOCK_50     ; CLOCK_50    ; 1.000        ; -0.088     ; 5.158      ;
; -4.072 ; uart_rx_packet_new:packet_inst|altsyncram:buffer_rtl_0|altsyncram_09c1:auto_generated|ram_block1a0~portb_address_reg0 ; sram_packet_writer:sram_writer_inst|w_data[15]                                                                        ; CLOCK_50     ; CLOCK_50    ; 1.000        ; -0.088     ; 5.020      ;
; -4.072 ; uart_rx_packet_new:packet_inst|altsyncram:buffer_rtl_0|altsyncram_09c1:auto_generated|ram_block1a0~portb_address_reg1 ; sram_packet_writer:sram_writer_inst|w_data[15]                                                                        ; CLOCK_50     ; CLOCK_50    ; 1.000        ; -0.088     ; 5.020      ;
; -4.072 ; uart_rx_packet_new:packet_inst|altsyncram:buffer_rtl_0|altsyncram_09c1:auto_generated|ram_block1a0~portb_address_reg2 ; sram_packet_writer:sram_writer_inst|w_data[15]                                                                        ; CLOCK_50     ; CLOCK_50    ; 1.000        ; -0.088     ; 5.020      ;
; -4.072 ; uart_rx_packet_new:packet_inst|altsyncram:buffer_rtl_0|altsyncram_09c1:auto_generated|ram_block1a0~portb_address_reg3 ; sram_packet_writer:sram_writer_inst|w_data[15]                                                                        ; CLOCK_50     ; CLOCK_50    ; 1.000        ; -0.088     ; 5.020      ;
; -4.072 ; uart_rx_packet_new:packet_inst|altsyncram:buffer_rtl_0|altsyncram_09c1:auto_generated|ram_block1a0~portb_address_reg4 ; sram_packet_writer:sram_writer_inst|w_data[15]                                                                        ; CLOCK_50     ; CLOCK_50    ; 1.000        ; -0.088     ; 5.020      ;
; -4.072 ; uart_rx_packet_new:packet_inst|altsyncram:buffer_rtl_0|altsyncram_09c1:auto_generated|ram_block1a0~portb_address_reg5 ; sram_packet_writer:sram_writer_inst|w_data[15]                                                                        ; CLOCK_50     ; CLOCK_50    ; 1.000        ; -0.088     ; 5.020      ;
; -4.072 ; uart_rx_packet_new:packet_inst|altsyncram:buffer_rtl_0|altsyncram_09c1:auto_generated|ram_block1a0~portb_address_reg6 ; sram_packet_writer:sram_writer_inst|w_data[15]                                                                        ; CLOCK_50     ; CLOCK_50    ; 1.000        ; -0.088     ; 5.020      ;
; -4.072 ; uart_rx_packet_new:packet_inst|altsyncram:buffer_rtl_0|altsyncram_09c1:auto_generated|ram_block1a0~portb_address_reg7 ; sram_packet_writer:sram_writer_inst|w_data[15]                                                                        ; CLOCK_50     ; CLOCK_50    ; 1.000        ; -0.088     ; 5.020      ;
; -4.069 ; uart_rx_packet_new:packet_inst|altsyncram:buffer_rtl_0|altsyncram_09c1:auto_generated|ram_block1a0~portb_address_reg0 ; sram_packet_writer:sram_writer_inst|w_data[14]                                                                        ; CLOCK_50     ; CLOCK_50    ; 1.000        ; -0.088     ; 5.017      ;
; -4.069 ; uart_rx_packet_new:packet_inst|altsyncram:buffer_rtl_0|altsyncram_09c1:auto_generated|ram_block1a0~portb_address_reg1 ; sram_packet_writer:sram_writer_inst|w_data[14]                                                                        ; CLOCK_50     ; CLOCK_50    ; 1.000        ; -0.088     ; 5.017      ;
; -4.069 ; uart_rx_packet_new:packet_inst|altsyncram:buffer_rtl_0|altsyncram_09c1:auto_generated|ram_block1a0~portb_address_reg2 ; sram_packet_writer:sram_writer_inst|w_data[14]                                                                        ; CLOCK_50     ; CLOCK_50    ; 1.000        ; -0.088     ; 5.017      ;
; -4.069 ; uart_rx_packet_new:packet_inst|altsyncram:buffer_rtl_0|altsyncram_09c1:auto_generated|ram_block1a0~portb_address_reg3 ; sram_packet_writer:sram_writer_inst|w_data[14]                                                                        ; CLOCK_50     ; CLOCK_50    ; 1.000        ; -0.088     ; 5.017      ;
; -4.069 ; uart_rx_packet_new:packet_inst|altsyncram:buffer_rtl_0|altsyncram_09c1:auto_generated|ram_block1a0~portb_address_reg4 ; sram_packet_writer:sram_writer_inst|w_data[14]                                                                        ; CLOCK_50     ; CLOCK_50    ; 1.000        ; -0.088     ; 5.017      ;
; -4.069 ; uart_rx_packet_new:packet_inst|altsyncram:buffer_rtl_0|altsyncram_09c1:auto_generated|ram_block1a0~portb_address_reg5 ; sram_packet_writer:sram_writer_inst|w_data[14]                                                                        ; CLOCK_50     ; CLOCK_50    ; 1.000        ; -0.088     ; 5.017      ;
; -4.069 ; uart_rx_packet_new:packet_inst|altsyncram:buffer_rtl_0|altsyncram_09c1:auto_generated|ram_block1a0~portb_address_reg6 ; sram_packet_writer:sram_writer_inst|w_data[14]                                                                        ; CLOCK_50     ; CLOCK_50    ; 1.000        ; -0.088     ; 5.017      ;
; -4.069 ; uart_rx_packet_new:packet_inst|altsyncram:buffer_rtl_0|altsyncram_09c1:auto_generated|ram_block1a0~portb_address_reg7 ; sram_packet_writer:sram_writer_inst|w_data[14]                                                                        ; CLOCK_50     ; CLOCK_50    ; 1.000        ; -0.088     ; 5.017      ;
; -4.060 ; uart_rx_packet_new:packet_inst|altsyncram:buffer_rtl_0|altsyncram_09c1:auto_generated|ram_block1a0~portb_address_reg0 ; sram_packet_writer:sram_writer_inst|w_data[13]                                                                        ; CLOCK_50     ; CLOCK_50    ; 1.000        ; -0.088     ; 5.008      ;
; -4.060 ; uart_rx_packet_new:packet_inst|altsyncram:buffer_rtl_0|altsyncram_09c1:auto_generated|ram_block1a0~portb_address_reg1 ; sram_packet_writer:sram_writer_inst|w_data[13]                                                                        ; CLOCK_50     ; CLOCK_50    ; 1.000        ; -0.088     ; 5.008      ;
; -4.060 ; uart_rx_packet_new:packet_inst|altsyncram:buffer_rtl_0|altsyncram_09c1:auto_generated|ram_block1a0~portb_address_reg2 ; sram_packet_writer:sram_writer_inst|w_data[13]                                                                        ; CLOCK_50     ; CLOCK_50    ; 1.000        ; -0.088     ; 5.008      ;
; -4.060 ; uart_rx_packet_new:packet_inst|altsyncram:buffer_rtl_0|altsyncram_09c1:auto_generated|ram_block1a0~portb_address_reg3 ; sram_packet_writer:sram_writer_inst|w_data[13]                                                                        ; CLOCK_50     ; CLOCK_50    ; 1.000        ; -0.088     ; 5.008      ;
; -4.060 ; uart_rx_packet_new:packet_inst|altsyncram:buffer_rtl_0|altsyncram_09c1:auto_generated|ram_block1a0~portb_address_reg4 ; sram_packet_writer:sram_writer_inst|w_data[13]                                                                        ; CLOCK_50     ; CLOCK_50    ; 1.000        ; -0.088     ; 5.008      ;
; -4.060 ; uart_rx_packet_new:packet_inst|altsyncram:buffer_rtl_0|altsyncram_09c1:auto_generated|ram_block1a0~portb_address_reg5 ; sram_packet_writer:sram_writer_inst|w_data[13]                                                                        ; CLOCK_50     ; CLOCK_50    ; 1.000        ; -0.088     ; 5.008      ;
; -4.060 ; uart_rx_packet_new:packet_inst|altsyncram:buffer_rtl_0|altsyncram_09c1:auto_generated|ram_block1a0~portb_address_reg6 ; sram_packet_writer:sram_writer_inst|w_data[13]                                                                        ; CLOCK_50     ; CLOCK_50    ; 1.000        ; -0.088     ; 5.008      ;
; -4.060 ; uart_rx_packet_new:packet_inst|altsyncram:buffer_rtl_0|altsyncram_09c1:auto_generated|ram_block1a0~portb_address_reg7 ; sram_packet_writer:sram_writer_inst|w_data[13]                                                                        ; CLOCK_50     ; CLOCK_50    ; 1.000        ; -0.088     ; 5.008      ;
; -4.018 ; uart_rx_packet_new:packet_inst|altsyncram:buffer_rtl_0|altsyncram_09c1:auto_generated|ram_block1a0~portb_address_reg0 ; sram_packet_writer:sram_writer_inst|w_data[10]                                                                        ; CLOCK_50     ; CLOCK_50    ; 1.000        ; -0.088     ; 4.966      ;
; -4.018 ; uart_rx_packet_new:packet_inst|altsyncram:buffer_rtl_0|altsyncram_09c1:auto_generated|ram_block1a0~portb_address_reg1 ; sram_packet_writer:sram_writer_inst|w_data[10]                                                                        ; CLOCK_50     ; CLOCK_50    ; 1.000        ; -0.088     ; 4.966      ;
; -4.018 ; uart_rx_packet_new:packet_inst|altsyncram:buffer_rtl_0|altsyncram_09c1:auto_generated|ram_block1a0~portb_address_reg2 ; sram_packet_writer:sram_writer_inst|w_data[10]                                                                        ; CLOCK_50     ; CLOCK_50    ; 1.000        ; -0.088     ; 4.966      ;
; -4.018 ; uart_rx_packet_new:packet_inst|altsyncram:buffer_rtl_0|altsyncram_09c1:auto_generated|ram_block1a0~portb_address_reg3 ; sram_packet_writer:sram_writer_inst|w_data[10]                                                                        ; CLOCK_50     ; CLOCK_50    ; 1.000        ; -0.088     ; 4.966      ;
; -4.018 ; uart_rx_packet_new:packet_inst|altsyncram:buffer_rtl_0|altsyncram_09c1:auto_generated|ram_block1a0~portb_address_reg4 ; sram_packet_writer:sram_writer_inst|w_data[10]                                                                        ; CLOCK_50     ; CLOCK_50    ; 1.000        ; -0.088     ; 4.966      ;
; -4.018 ; uart_rx_packet_new:packet_inst|altsyncram:buffer_rtl_0|altsyncram_09c1:auto_generated|ram_block1a0~portb_address_reg5 ; sram_packet_writer:sram_writer_inst|w_data[10]                                                                        ; CLOCK_50     ; CLOCK_50    ; 1.000        ; -0.088     ; 4.966      ;
; -4.018 ; uart_rx_packet_new:packet_inst|altsyncram:buffer_rtl_0|altsyncram_09c1:auto_generated|ram_block1a0~portb_address_reg6 ; sram_packet_writer:sram_writer_inst|w_data[10]                                                                        ; CLOCK_50     ; CLOCK_50    ; 1.000        ; -0.088     ; 4.966      ;
; -4.018 ; uart_rx_packet_new:packet_inst|altsyncram:buffer_rtl_0|altsyncram_09c1:auto_generated|ram_block1a0~portb_address_reg7 ; sram_packet_writer:sram_writer_inst|w_data[10]                                                                        ; CLOCK_50     ; CLOCK_50    ; 1.000        ; -0.088     ; 4.966      ;
; -3.994 ; uart_rx_packet_new:packet_inst|altsyncram:buffer_rtl_0|altsyncram_09c1:auto_generated|ram_block1a0~portb_address_reg0 ; sram_packet_writer:sram_writer_inst|w_data[8]                                                                         ; CLOCK_50     ; CLOCK_50    ; 1.000        ; -0.088     ; 4.942      ;
; -3.994 ; uart_rx_packet_new:packet_inst|altsyncram:buffer_rtl_0|altsyncram_09c1:auto_generated|ram_block1a0~portb_address_reg1 ; sram_packet_writer:sram_writer_inst|w_data[8]                                                                         ; CLOCK_50     ; CLOCK_50    ; 1.000        ; -0.088     ; 4.942      ;
; -3.994 ; uart_rx_packet_new:packet_inst|altsyncram:buffer_rtl_0|altsyncram_09c1:auto_generated|ram_block1a0~portb_address_reg2 ; sram_packet_writer:sram_writer_inst|w_data[8]                                                                         ; CLOCK_50     ; CLOCK_50    ; 1.000        ; -0.088     ; 4.942      ;
; -3.994 ; uart_rx_packet_new:packet_inst|altsyncram:buffer_rtl_0|altsyncram_09c1:auto_generated|ram_block1a0~portb_address_reg3 ; sram_packet_writer:sram_writer_inst|w_data[8]                                                                         ; CLOCK_50     ; CLOCK_50    ; 1.000        ; -0.088     ; 4.942      ;
; -3.994 ; uart_rx_packet_new:packet_inst|altsyncram:buffer_rtl_0|altsyncram_09c1:auto_generated|ram_block1a0~portb_address_reg4 ; sram_packet_writer:sram_writer_inst|w_data[8]                                                                         ; CLOCK_50     ; CLOCK_50    ; 1.000        ; -0.088     ; 4.942      ;
; -3.994 ; uart_rx_packet_new:packet_inst|altsyncram:buffer_rtl_0|altsyncram_09c1:auto_generated|ram_block1a0~portb_address_reg5 ; sram_packet_writer:sram_writer_inst|w_data[8]                                                                         ; CLOCK_50     ; CLOCK_50    ; 1.000        ; -0.088     ; 4.942      ;
; -3.994 ; uart_rx_packet_new:packet_inst|altsyncram:buffer_rtl_0|altsyncram_09c1:auto_generated|ram_block1a0~portb_address_reg6 ; sram_packet_writer:sram_writer_inst|w_data[8]                                                                         ; CLOCK_50     ; CLOCK_50    ; 1.000        ; -0.088     ; 4.942      ;
; -3.994 ; uart_rx_packet_new:packet_inst|altsyncram:buffer_rtl_0|altsyncram_09c1:auto_generated|ram_block1a0~portb_address_reg7 ; sram_packet_writer:sram_writer_inst|w_data[8]                                                                         ; CLOCK_50     ; CLOCK_50    ; 1.000        ; -0.088     ; 4.942      ;
; -3.985 ; uart_rx_packet_new:packet_inst|timeout_cnt[20]                                                                        ; uart_rx_packet_new:packet_inst|state.WAIT_SEND                                                                        ; CLOCK_50     ; CLOCK_50    ; 1.000        ; 0.029      ; 5.050      ;
; -3.938 ; uart_rx_packet_new:packet_inst|timeout_cnt[18]                                                                        ; uart_rx_packet_new:packet_inst|state.WAIT_SEND                                                                        ; CLOCK_50     ; CLOCK_50    ; 1.000        ; 0.029      ; 5.003      ;
; -3.870 ; uart_rx_packet_new:packet_inst|altsyncram:buffer_rtl_0|altsyncram_09c1:auto_generated|ram_block1a0~portb_address_reg0 ; sram_packet_writer:sram_writer_inst|data_low[4]                                                                       ; CLOCK_50     ; CLOCK_50    ; 1.000        ; -0.089     ; 4.817      ;
; -3.870 ; uart_rx_packet_new:packet_inst|altsyncram:buffer_rtl_0|altsyncram_09c1:auto_generated|ram_block1a0~portb_address_reg1 ; sram_packet_writer:sram_writer_inst|data_low[4]                                                                       ; CLOCK_50     ; CLOCK_50    ; 1.000        ; -0.089     ; 4.817      ;
; -3.870 ; uart_rx_packet_new:packet_inst|altsyncram:buffer_rtl_0|altsyncram_09c1:auto_generated|ram_block1a0~portb_address_reg2 ; sram_packet_writer:sram_writer_inst|data_low[4]                                                                       ; CLOCK_50     ; CLOCK_50    ; 1.000        ; -0.089     ; 4.817      ;
; -3.870 ; uart_rx_packet_new:packet_inst|altsyncram:buffer_rtl_0|altsyncram_09c1:auto_generated|ram_block1a0~portb_address_reg3 ; sram_packet_writer:sram_writer_inst|data_low[4]                                                                       ; CLOCK_50     ; CLOCK_50    ; 1.000        ; -0.089     ; 4.817      ;
; -3.870 ; uart_rx_packet_new:packet_inst|altsyncram:buffer_rtl_0|altsyncram_09c1:auto_generated|ram_block1a0~portb_address_reg4 ; sram_packet_writer:sram_writer_inst|data_low[4]                                                                       ; CLOCK_50     ; CLOCK_50    ; 1.000        ; -0.089     ; 4.817      ;
; -3.870 ; uart_rx_packet_new:packet_inst|altsyncram:buffer_rtl_0|altsyncram_09c1:auto_generated|ram_block1a0~portb_address_reg5 ; sram_packet_writer:sram_writer_inst|data_low[4]                                                                       ; CLOCK_50     ; CLOCK_50    ; 1.000        ; -0.089     ; 4.817      ;
; -3.870 ; uart_rx_packet_new:packet_inst|altsyncram:buffer_rtl_0|altsyncram_09c1:auto_generated|ram_block1a0~portb_address_reg6 ; sram_packet_writer:sram_writer_inst|data_low[4]                                                                       ; CLOCK_50     ; CLOCK_50    ; 1.000        ; -0.089     ; 4.817      ;
; -3.870 ; uart_rx_packet_new:packet_inst|altsyncram:buffer_rtl_0|altsyncram_09c1:auto_generated|ram_block1a0~portb_address_reg7 ; sram_packet_writer:sram_writer_inst|data_low[4]                                                                       ; CLOCK_50     ; CLOCK_50    ; 1.000        ; -0.089     ; 4.817      ;
; -3.856 ; uart_rx_packet_new:packet_inst|timeout_cnt[11]                                                                        ; uart_rx_packet_new:packet_inst|state.WAIT_SEND                                                                        ; CLOCK_50     ; CLOCK_50    ; 1.000        ; 0.033      ; 4.925      ;
; -3.844 ; uart_rx_packet_new:packet_inst|timeout_cnt[19]                                                                        ; uart_rx_packet_new:packet_inst|state.WAIT_SEND                                                                        ; CLOCK_50     ; CLOCK_50    ; 1.000        ; 0.029      ; 4.909      ;
; -3.836 ; uart_rx_packet_new:packet_inst|altsyncram:buffer_rtl_0|altsyncram_09c1:auto_generated|ram_block1a0~portb_address_reg0 ; sram_packet_writer:sram_writer_inst|w_data[11]                                                                        ; CLOCK_50     ; CLOCK_50    ; 1.000        ; -0.088     ; 4.784      ;
; -3.836 ; uart_rx_packet_new:packet_inst|altsyncram:buffer_rtl_0|altsyncram_09c1:auto_generated|ram_block1a0~portb_address_reg1 ; sram_packet_writer:sram_writer_inst|w_data[11]                                                                        ; CLOCK_50     ; CLOCK_50    ; 1.000        ; -0.088     ; 4.784      ;
; -3.836 ; uart_rx_packet_new:packet_inst|altsyncram:buffer_rtl_0|altsyncram_09c1:auto_generated|ram_block1a0~portb_address_reg2 ; sram_packet_writer:sram_writer_inst|w_data[11]                                                                        ; CLOCK_50     ; CLOCK_50    ; 1.000        ; -0.088     ; 4.784      ;
; -3.836 ; uart_rx_packet_new:packet_inst|altsyncram:buffer_rtl_0|altsyncram_09c1:auto_generated|ram_block1a0~portb_address_reg3 ; sram_packet_writer:sram_writer_inst|w_data[11]                                                                        ; CLOCK_50     ; CLOCK_50    ; 1.000        ; -0.088     ; 4.784      ;
; -3.836 ; uart_rx_packet_new:packet_inst|altsyncram:buffer_rtl_0|altsyncram_09c1:auto_generated|ram_block1a0~portb_address_reg4 ; sram_packet_writer:sram_writer_inst|w_data[11]                                                                        ; CLOCK_50     ; CLOCK_50    ; 1.000        ; -0.088     ; 4.784      ;
; -3.836 ; uart_rx_packet_new:packet_inst|altsyncram:buffer_rtl_0|altsyncram_09c1:auto_generated|ram_block1a0~portb_address_reg5 ; sram_packet_writer:sram_writer_inst|w_data[11]                                                                        ; CLOCK_50     ; CLOCK_50    ; 1.000        ; -0.088     ; 4.784      ;
; -3.836 ; uart_rx_packet_new:packet_inst|altsyncram:buffer_rtl_0|altsyncram_09c1:auto_generated|ram_block1a0~portb_address_reg6 ; sram_packet_writer:sram_writer_inst|w_data[11]                                                                        ; CLOCK_50     ; CLOCK_50    ; 1.000        ; -0.088     ; 4.784      ;
; -3.836 ; uart_rx_packet_new:packet_inst|altsyncram:buffer_rtl_0|altsyncram_09c1:auto_generated|ram_block1a0~portb_address_reg7 ; sram_packet_writer:sram_writer_inst|w_data[11]                                                                        ; CLOCK_50     ; CLOCK_50    ; 1.000        ; -0.088     ; 4.784      ;
; -3.820 ; uart_rx_packet_new:packet_inst|timeout_cnt[15]                                                                        ; uart_rx_packet_new:packet_inst|state.WAIT_SEND                                                                        ; CLOCK_50     ; CLOCK_50    ; 1.000        ; 0.033      ; 4.889      ;
; -3.807 ; uart_rx_packet_new:packet_inst|timeout_cnt[10]                                                                        ; uart_rx_packet_new:packet_inst|state.WAIT_SEND                                                                        ; CLOCK_50     ; CLOCK_50    ; 1.000        ; 0.033      ; 4.876      ;
; -3.795 ; uart_rx_packet_new:packet_inst|timeout_cnt[29]                                                                        ; uart_rx_packet_new:packet_inst|state.WAIT_SEND                                                                        ; CLOCK_50     ; CLOCK_50    ; 1.000        ; 0.029      ; 4.860      ;
; -3.768 ; uart_rx_packet_new:packet_inst|timeout_cnt[20]                                                                        ; uart_rx_packet_new:packet_inst|state.ACK                                                                              ; CLOCK_50     ; CLOCK_50    ; 1.000        ; 0.000      ; 4.804      ;
; -3.742 ; uart_rx_packet_new:packet_inst|timeout_cnt[20]                                                                        ; uart_rx_packet_new:packet_inst|state.RECOVERY                                                                         ; CLOCK_50     ; CLOCK_50    ; 1.000        ; -0.008     ; 4.770      ;
; -3.740 ; sram_packet_writer:sram_writer_inst|current_state.IDLE                                                                ; uart_rx_packet_new:packet_inst|altsyncram:buffer_rtl_0|altsyncram_09c1:auto_generated|ram_block1a0~portb_address_reg7 ; CLOCK_50     ; CLOCK_50    ; 1.000        ; 0.084      ; 4.789      ;
; -3.721 ; uart_rx_packet_new:packet_inst|timeout_cnt[18]                                                                        ; uart_rx_packet_new:packet_inst|state.ACK                                                                              ; CLOCK_50     ; CLOCK_50    ; 1.000        ; 0.000      ; 4.757      ;
; -3.720 ; uart_rx_packet_new:packet_inst|timeout_cnt[21]                                                                        ; uart_rx_packet_new:packet_inst|state.WAIT_SEND                                                                        ; CLOCK_50     ; CLOCK_50    ; 1.000        ; 0.029      ; 4.785      ;
; -3.714 ; uart_rx_packet_new:packet_inst|timeout_cnt[24]                                                                        ; uart_rx_packet_new:packet_inst|state.WAIT_SEND                                                                        ; CLOCK_50     ; CLOCK_50    ; 1.000        ; 0.029      ; 4.779      ;
; -3.695 ; uart_rx_packet_new:packet_inst|timeout_cnt[18]                                                                        ; uart_rx_packet_new:packet_inst|state.RECOVERY                                                                         ; CLOCK_50     ; CLOCK_50    ; 1.000        ; -0.008     ; 4.723      ;
; -3.694 ; sram_packet_writer:sram_writer_inst|current_state.FINISH                                                              ; uart_rx_packet_new:packet_inst|altsyncram:buffer_rtl_0|altsyncram_09c1:auto_generated|ram_block1a0~portb_address_reg7 ; CLOCK_50     ; CLOCK_50    ; 1.000        ; 0.084      ; 4.743      ;
; -3.678 ; uart_rx_packet_new:packet_inst|timeout_cnt[1]                                                                         ; uart_rx_packet_new:packet_inst|state.WAIT_SEND                                                                        ; CLOCK_50     ; CLOCK_50    ; 1.000        ; 0.033      ; 4.747      ;
; -3.675 ; sram_packet_writer:sram_writer_inst|packet_pd_address_latch[7]                                                        ; sram_packet_writer:sram_writer_inst|w_data[13]                                                                        ; CLOCK_50     ; CLOCK_50    ; 1.000        ; -0.003     ; 4.708      ;
; -3.674 ; uart_rx_packet_new:packet_inst|altsyncram:buffer_rtl_0|altsyncram_09c1:auto_generated|ram_block1a0~portb_address_reg0 ; sram_packet_writer:sram_writer_inst|data_low[1]                                                                       ; CLOCK_50     ; CLOCK_50    ; 1.000        ; -0.088     ; 4.622      ;
; -3.674 ; uart_rx_packet_new:packet_inst|altsyncram:buffer_rtl_0|altsyncram_09c1:auto_generated|ram_block1a0~portb_address_reg1 ; sram_packet_writer:sram_writer_inst|data_low[1]                                                                       ; CLOCK_50     ; CLOCK_50    ; 1.000        ; -0.088     ; 4.622      ;
; -3.674 ; uart_rx_packet_new:packet_inst|altsyncram:buffer_rtl_0|altsyncram_09c1:auto_generated|ram_block1a0~portb_address_reg2 ; sram_packet_writer:sram_writer_inst|data_low[1]                                                                       ; CLOCK_50     ; CLOCK_50    ; 1.000        ; -0.088     ; 4.622      ;
; -3.674 ; uart_rx_packet_new:packet_inst|altsyncram:buffer_rtl_0|altsyncram_09c1:auto_generated|ram_block1a0~portb_address_reg3 ; sram_packet_writer:sram_writer_inst|data_low[1]                                                                       ; CLOCK_50     ; CLOCK_50    ; 1.000        ; -0.088     ; 4.622      ;
; -3.674 ; uart_rx_packet_new:packet_inst|altsyncram:buffer_rtl_0|altsyncram_09c1:auto_generated|ram_block1a0~portb_address_reg4 ; sram_packet_writer:sram_writer_inst|data_low[1]                                                                       ; CLOCK_50     ; CLOCK_50    ; 1.000        ; -0.088     ; 4.622      ;
; -3.674 ; uart_rx_packet_new:packet_inst|altsyncram:buffer_rtl_0|altsyncram_09c1:auto_generated|ram_block1a0~portb_address_reg5 ; sram_packet_writer:sram_writer_inst|data_low[1]                                                                       ; CLOCK_50     ; CLOCK_50    ; 1.000        ; -0.088     ; 4.622      ;
; -3.674 ; uart_rx_packet_new:packet_inst|altsyncram:buffer_rtl_0|altsyncram_09c1:auto_generated|ram_block1a0~portb_address_reg6 ; sram_packet_writer:sram_writer_inst|data_low[1]                                                                       ; CLOCK_50     ; CLOCK_50    ; 1.000        ; -0.088     ; 4.622      ;
; -3.674 ; uart_rx_packet_new:packet_inst|altsyncram:buffer_rtl_0|altsyncram_09c1:auto_generated|ram_block1a0~portb_address_reg7 ; sram_packet_writer:sram_writer_inst|data_low[1]                                                                       ; CLOCK_50     ; CLOCK_50    ; 1.000        ; -0.088     ; 4.622      ;
; -3.673 ; uart_rx_packet_new:packet_inst|timeout_cnt[25]                                                                        ; uart_rx_packet_new:packet_inst|state.WAIT_SEND                                                                        ; CLOCK_50     ; CLOCK_50    ; 1.000        ; 0.029      ; 4.738      ;
; -3.671 ; uart_rx_packet_new:packet_inst|timeout_cnt[2]                                                                         ; uart_rx_packet_new:packet_inst|state.WAIT_SEND                                                                        ; CLOCK_50     ; CLOCK_50    ; 1.000        ; 0.033      ; 4.740      ;
; -3.667 ; uart_rx_packet_new:packet_inst|byte_cnt[0]                                                                            ; uart_rx_packet_new:packet_inst|state.ACK                                                                              ; CLOCK_50     ; CLOCK_50    ; 1.000        ; -0.031     ; 4.672      ;
; -3.654 ; uart_rx_packet_new:packet_inst|byte_cnt[6]                                                                            ; uart_rx_packet_new:packet_inst|state.ACK                                                                              ; CLOCK_50     ; CLOCK_50    ; 1.000        ; -0.030     ; 4.660      ;
; -3.647 ; sram_packet_writer:sram_writer_inst|packet_pd_address_latch[7]                                                        ; sram_packet_writer:sram_writer_inst|w_data[10]                                                                        ; CLOCK_50     ; CLOCK_50    ; 1.000        ; -0.003     ; 4.680      ;
; -3.639 ; uart_rx_packet_new:packet_inst|timeout_cnt[11]                                                                        ; uart_rx_packet_new:packet_inst|state.ACK                                                                              ; CLOCK_50     ; CLOCK_50    ; 1.000        ; 0.004      ; 4.679      ;
; -3.632 ; uart_rx_packet_new:packet_inst|timeout_cnt[23]                                                                        ; uart_rx_packet_new:packet_inst|state.WAIT_SEND                                                                        ; CLOCK_50     ; CLOCK_50    ; 1.000        ; 0.029      ; 4.697      ;
; -3.627 ; uart_rx_packet_new:packet_inst|timeout_cnt[19]                                                                        ; uart_rx_packet_new:packet_inst|state.ACK                                                                              ; CLOCK_50     ; CLOCK_50    ; 1.000        ; 0.000      ; 4.663      ;
; -3.618 ; uart_rx_packet_new:packet_inst|byte_cnt[2]                                                                            ; uart_rx_packet_new:packet_inst|state.ACK                                                                              ; CLOCK_50     ; CLOCK_50    ; 1.000        ; -0.031     ; 4.623      ;
; -3.613 ; uart_rx_packet_new:packet_inst|timeout_cnt[11]                                                                        ; uart_rx_packet_new:packet_inst|state.RECOVERY                                                                         ; CLOCK_50     ; CLOCK_50    ; 1.000        ; -0.004     ; 4.645      ;
; -3.610 ; sram_packet_writer:sram_writer_inst|packet_pd_address_latch[7]                                                        ; sram_packet_writer:sram_writer_inst|w_data[8]                                                                         ; CLOCK_50     ; CLOCK_50    ; 1.000        ; -0.003     ; 4.643      ;
+--------+-----------------------------------------------------------------------------------------------------------------------+-----------------------------------------------------------------------------------------------------------------------+--------------+-------------+--------------+------------+------------+


+-----------------------------------------------------------------------------------------------------------------------------------------------------------------------------------------------------------------------------------------------------------------------------------------------------------+
; Slow Model Setup: 'uart_controller:uart_ctrl_inst|baud_rate_gen:brg_inst|ov_tick'                                                                                                                                                                                                                         ;
+--------+------------------------------------------------------------+------------------------------------------------------------+---------------------------------------------------------------+---------------------------------------------------------------+--------------+------------+------------+
; Slack  ; From Node                                                  ; To Node                                                    ; Launch Clock                                                  ; Latch Clock                                                   ; Relationship ; Clock Skew ; Data Delay ;
+--------+------------------------------------------------------------+------------------------------------------------------------+---------------------------------------------------------------+---------------------------------------------------------------+--------------+------------+------------+
; -2.451 ; uart_controller:uart_ctrl_inst|uart_rx:rx_inst|tick_cnt[1] ; uart_controller:uart_ctrl_inst|uart_rx:rx_inst|state.STOP  ; uart_controller:uart_ctrl_inst|baud_rate_gen:brg_inst|ov_tick ; uart_controller:uart_ctrl_inst|baud_rate_gen:brg_inst|ov_tick ; 1.000        ; -0.002     ; 3.485      ;
; -2.451 ; uart_controller:uart_ctrl_inst|uart_rx:rx_inst|tick_cnt[1] ; uart_controller:uart_ctrl_inst|uart_rx:rx_inst|state.START ; uart_controller:uart_ctrl_inst|baud_rate_gen:brg_inst|ov_tick ; uart_controller:uart_ctrl_inst|baud_rate_gen:brg_inst|ov_tick ; 1.000        ; -0.002     ; 3.485      ;
; -2.241 ; uart_controller:uart_ctrl_inst|uart_rx:rx_inst|bit_cnt[1]  ; uart_controller:uart_ctrl_inst|uart_rx:rx_inst|state.STOP  ; uart_controller:uart_ctrl_inst|baud_rate_gen:brg_inst|ov_tick ; uart_controller:uart_ctrl_inst|baud_rate_gen:brg_inst|ov_tick ; 1.000        ; -0.002     ; 3.275      ;
; -2.241 ; uart_controller:uart_ctrl_inst|uart_rx:rx_inst|bit_cnt[1]  ; uart_controller:uart_ctrl_inst|uart_rx:rx_inst|state.START ; uart_controller:uart_ctrl_inst|baud_rate_gen:brg_inst|ov_tick ; uart_controller:uart_ctrl_inst|baud_rate_gen:brg_inst|ov_tick ; 1.000        ; -0.002     ; 3.275      ;
; -2.132 ; uart_controller:uart_ctrl_inst|uart_rx:rx_inst|tick_cnt[2] ; uart_controller:uart_ctrl_inst|uart_rx:rx_inst|state.STOP  ; uart_controller:uart_ctrl_inst|baud_rate_gen:brg_inst|ov_tick ; uart_controller:uart_ctrl_inst|baud_rate_gen:brg_inst|ov_tick ; 1.000        ; -0.002     ; 3.166      ;
; -2.132 ; uart_controller:uart_ctrl_inst|uart_rx:rx_inst|tick_cnt[2] ; uart_controller:uart_ctrl_inst|uart_rx:rx_inst|state.START ; uart_controller:uart_ctrl_inst|baud_rate_gen:brg_inst|ov_tick ; uart_controller:uart_ctrl_inst|baud_rate_gen:brg_inst|ov_tick ; 1.000        ; -0.002     ; 3.166      ;
; -2.007 ; uart_controller:uart_ctrl_inst|uart_rx:rx_inst|tick_cnt[1] ; uart_controller:uart_ctrl_inst|uart_rx:rx_inst|state.IDLE  ; uart_controller:uart_ctrl_inst|baud_rate_gen:brg_inst|ov_tick ; uart_controller:uart_ctrl_inst|baud_rate_gen:brg_inst|ov_tick ; 1.000        ; 0.000      ; 3.043      ;
; -2.007 ; uart_controller:uart_ctrl_inst|uart_rx:rx_inst|tick_cnt[1] ; uart_controller:uart_ctrl_inst|uart_rx:rx_inst|state.DATA  ; uart_controller:uart_ctrl_inst|baud_rate_gen:brg_inst|ov_tick ; uart_controller:uart_ctrl_inst|baud_rate_gen:brg_inst|ov_tick ; 1.000        ; 0.000      ; 3.043      ;
; -2.001 ; uart_controller:uart_ctrl_inst|uart_rx:rx_inst|tick_cnt[0] ; uart_controller:uart_ctrl_inst|uart_rx:rx_inst|state.STOP  ; uart_controller:uart_ctrl_inst|baud_rate_gen:brg_inst|ov_tick ; uart_controller:uart_ctrl_inst|baud_rate_gen:brg_inst|ov_tick ; 1.000        ; -0.002     ; 3.035      ;
; -2.001 ; uart_controller:uart_ctrl_inst|uart_rx:rx_inst|tick_cnt[0] ; uart_controller:uart_ctrl_inst|uart_rx:rx_inst|state.START ; uart_controller:uart_ctrl_inst|baud_rate_gen:brg_inst|ov_tick ; uart_controller:uart_ctrl_inst|baud_rate_gen:brg_inst|ov_tick ; 1.000        ; -0.002     ; 3.035      ;
; -1.958 ; uart_controller:uart_ctrl_inst|uart_rx:rx_inst|bit_cnt[0]  ; uart_controller:uart_ctrl_inst|uart_rx:rx_inst|state.STOP  ; uart_controller:uart_ctrl_inst|baud_rate_gen:brg_inst|ov_tick ; uart_controller:uart_ctrl_inst|baud_rate_gen:brg_inst|ov_tick ; 1.000        ; -0.002     ; 2.992      ;
; -1.958 ; uart_controller:uart_ctrl_inst|uart_rx:rx_inst|bit_cnt[0]  ; uart_controller:uart_ctrl_inst|uart_rx:rx_inst|state.START ; uart_controller:uart_ctrl_inst|baud_rate_gen:brg_inst|ov_tick ; uart_controller:uart_ctrl_inst|baud_rate_gen:brg_inst|ov_tick ; 1.000        ; -0.002     ; 2.992      ;
; -1.877 ; uart_controller:uart_ctrl_inst|uart_rx:rx_inst|tick_cnt[1] ; uart_controller:uart_ctrl_inst|uart_rx:rx_inst|rx_reg[7]   ; uart_controller:uart_ctrl_inst|baud_rate_gen:brg_inst|ov_tick ; uart_controller:uart_ctrl_inst|baud_rate_gen:brg_inst|ov_tick ; 1.000        ; -0.002     ; 2.911      ;
; -1.877 ; uart_controller:uart_ctrl_inst|uart_rx:rx_inst|tick_cnt[1] ; uart_controller:uart_ctrl_inst|uart_rx:rx_inst|rx_reg[6]   ; uart_controller:uart_ctrl_inst|baud_rate_gen:brg_inst|ov_tick ; uart_controller:uart_ctrl_inst|baud_rate_gen:brg_inst|ov_tick ; 1.000        ; -0.002     ; 2.911      ;
; -1.877 ; uart_controller:uart_ctrl_inst|uart_rx:rx_inst|tick_cnt[1] ; uart_controller:uart_ctrl_inst|uart_rx:rx_inst|rx_reg[5]   ; uart_controller:uart_ctrl_inst|baud_rate_gen:brg_inst|ov_tick ; uart_controller:uart_ctrl_inst|baud_rate_gen:brg_inst|ov_tick ; 1.000        ; -0.002     ; 2.911      ;
; -1.877 ; uart_controller:uart_ctrl_inst|uart_rx:rx_inst|tick_cnt[1] ; uart_controller:uart_ctrl_inst|uart_rx:rx_inst|rx_reg[4]   ; uart_controller:uart_ctrl_inst|baud_rate_gen:brg_inst|ov_tick ; uart_controller:uart_ctrl_inst|baud_rate_gen:brg_inst|ov_tick ; 1.000        ; -0.002     ; 2.911      ;
; -1.877 ; uart_controller:uart_ctrl_inst|uart_rx:rx_inst|tick_cnt[1] ; uart_controller:uart_ctrl_inst|uart_rx:rx_inst|rx_reg[3]   ; uart_controller:uart_ctrl_inst|baud_rate_gen:brg_inst|ov_tick ; uart_controller:uart_ctrl_inst|baud_rate_gen:brg_inst|ov_tick ; 1.000        ; -0.002     ; 2.911      ;
; -1.877 ; uart_controller:uart_ctrl_inst|uart_rx:rx_inst|tick_cnt[1] ; uart_controller:uart_ctrl_inst|uart_rx:rx_inst|rx_reg[2]   ; uart_controller:uart_ctrl_inst|baud_rate_gen:brg_inst|ov_tick ; uart_controller:uart_ctrl_inst|baud_rate_gen:brg_inst|ov_tick ; 1.000        ; -0.002     ; 2.911      ;
; -1.877 ; uart_controller:uart_ctrl_inst|uart_rx:rx_inst|tick_cnt[1] ; uart_controller:uart_ctrl_inst|uart_rx:rx_inst|rx_reg[1]   ; uart_controller:uart_ctrl_inst|baud_rate_gen:brg_inst|ov_tick ; uart_controller:uart_ctrl_inst|baud_rate_gen:brg_inst|ov_tick ; 1.000        ; -0.002     ; 2.911      ;
; -1.877 ; uart_controller:uart_ctrl_inst|uart_rx:rx_inst|tick_cnt[1] ; uart_controller:uart_ctrl_inst|uart_rx:rx_inst|rx_reg[0]   ; uart_controller:uart_ctrl_inst|baud_rate_gen:brg_inst|ov_tick ; uart_controller:uart_ctrl_inst|baud_rate_gen:brg_inst|ov_tick ; 1.000        ; -0.002     ; 2.911      ;
; -1.858 ; uart_controller:uart_ctrl_inst|uart_rx:rx_inst|state.DATA  ; uart_controller:uart_ctrl_inst|uart_rx:rx_inst|state.STOP  ; uart_controller:uart_ctrl_inst|baud_rate_gen:brg_inst|ov_tick ; uart_controller:uart_ctrl_inst|baud_rate_gen:brg_inst|ov_tick ; 1.000        ; -0.002     ; 2.892      ;
; -1.858 ; uart_controller:uart_ctrl_inst|uart_rx:rx_inst|state.DATA  ; uart_controller:uart_ctrl_inst|uart_rx:rx_inst|state.START ; uart_controller:uart_ctrl_inst|baud_rate_gen:brg_inst|ov_tick ; uart_controller:uart_ctrl_inst|baud_rate_gen:brg_inst|ov_tick ; 1.000        ; -0.002     ; 2.892      ;
; -1.830 ; uart_controller:uart_ctrl_inst|uart_rx:rx_inst|bit_cnt[2]  ; uart_controller:uart_ctrl_inst|uart_rx:rx_inst|state.STOP  ; uart_controller:uart_ctrl_inst|baud_rate_gen:brg_inst|ov_tick ; uart_controller:uart_ctrl_inst|baud_rate_gen:brg_inst|ov_tick ; 1.000        ; -0.002     ; 2.864      ;
; -1.830 ; uart_controller:uart_ctrl_inst|uart_rx:rx_inst|bit_cnt[2]  ; uart_controller:uart_ctrl_inst|uart_rx:rx_inst|state.START ; uart_controller:uart_ctrl_inst|baud_rate_gen:brg_inst|ov_tick ; uart_controller:uart_ctrl_inst|baud_rate_gen:brg_inst|ov_tick ; 1.000        ; -0.002     ; 2.864      ;
; -1.806 ; uart_controller:uart_ctrl_inst|uart_rx:rx_inst|bit_cnt[0]  ; uart_controller:uart_ctrl_inst|uart_rx:rx_inst|bit_cnt[2]  ; uart_controller:uart_ctrl_inst|baud_rate_gen:brg_inst|ov_tick ; uart_controller:uart_ctrl_inst|baud_rate_gen:brg_inst|ov_tick ; 1.000        ; 0.000      ; 2.842      ;
; -1.797 ; uart_controller:uart_ctrl_inst|uart_rx:rx_inst|bit_cnt[1]  ; uart_controller:uart_ctrl_inst|uart_rx:rx_inst|state.IDLE  ; uart_controller:uart_ctrl_inst|baud_rate_gen:brg_inst|ov_tick ; uart_controller:uart_ctrl_inst|baud_rate_gen:brg_inst|ov_tick ; 1.000        ; 0.000      ; 2.833      ;
; -1.797 ; uart_controller:uart_ctrl_inst|uart_rx:rx_inst|bit_cnt[1]  ; uart_controller:uart_ctrl_inst|uart_rx:rx_inst|state.DATA  ; uart_controller:uart_ctrl_inst|baud_rate_gen:brg_inst|ov_tick ; uart_controller:uart_ctrl_inst|baud_rate_gen:brg_inst|ov_tick ; 1.000        ; 0.000      ; 2.833      ;
; -1.765 ; uart_controller:uart_ctrl_inst|uart_rx:rx_inst|state.DATA  ; uart_controller:uart_ctrl_inst|uart_rx:rx_inst|bit_cnt[1]  ; uart_controller:uart_ctrl_inst|baud_rate_gen:brg_inst|ov_tick ; uart_controller:uart_ctrl_inst|baud_rate_gen:brg_inst|ov_tick ; 1.000        ; 0.000      ; 2.801      ;
; -1.730 ; uart_controller:uart_ctrl_inst|uart_rx:rx_inst|state.DATA  ; uart_controller:uart_ctrl_inst|uart_rx:rx_inst|rx_reg[7]   ; uart_controller:uart_ctrl_inst|baud_rate_gen:brg_inst|ov_tick ; uart_controller:uart_ctrl_inst|baud_rate_gen:brg_inst|ov_tick ; 1.000        ; -0.002     ; 2.764      ;
; -1.730 ; uart_controller:uart_ctrl_inst|uart_rx:rx_inst|state.DATA  ; uart_controller:uart_ctrl_inst|uart_rx:rx_inst|rx_reg[6]   ; uart_controller:uart_ctrl_inst|baud_rate_gen:brg_inst|ov_tick ; uart_controller:uart_ctrl_inst|baud_rate_gen:brg_inst|ov_tick ; 1.000        ; -0.002     ; 2.764      ;
; -1.730 ; uart_controller:uart_ctrl_inst|uart_rx:rx_inst|state.DATA  ; uart_controller:uart_ctrl_inst|uart_rx:rx_inst|rx_reg[5]   ; uart_controller:uart_ctrl_inst|baud_rate_gen:brg_inst|ov_tick ; uart_controller:uart_ctrl_inst|baud_rate_gen:brg_inst|ov_tick ; 1.000        ; -0.002     ; 2.764      ;
; -1.730 ; uart_controller:uart_ctrl_inst|uart_rx:rx_inst|state.DATA  ; uart_controller:uart_ctrl_inst|uart_rx:rx_inst|rx_reg[4]   ; uart_controller:uart_ctrl_inst|baud_rate_gen:brg_inst|ov_tick ; uart_controller:uart_ctrl_inst|baud_rate_gen:brg_inst|ov_tick ; 1.000        ; -0.002     ; 2.764      ;
; -1.730 ; uart_controller:uart_ctrl_inst|uart_rx:rx_inst|state.DATA  ; uart_controller:uart_ctrl_inst|uart_rx:rx_inst|rx_reg[3]   ; uart_controller:uart_ctrl_inst|baud_rate_gen:brg_inst|ov_tick ; uart_controller:uart_ctrl_inst|baud_rate_gen:brg_inst|ov_tick ; 1.000        ; -0.002     ; 2.764      ;
; -1.730 ; uart_controller:uart_ctrl_inst|uart_rx:rx_inst|state.DATA  ; uart_controller:uart_ctrl_inst|uart_rx:rx_inst|rx_reg[2]   ; uart_controller:uart_ctrl_inst|baud_rate_gen:brg_inst|ov_tick ; uart_controller:uart_ctrl_inst|baud_rate_gen:brg_inst|ov_tick ; 1.000        ; -0.002     ; 2.764      ;
; -1.730 ; uart_controller:uart_ctrl_inst|uart_rx:rx_inst|state.DATA  ; uart_controller:uart_ctrl_inst|uart_rx:rx_inst|rx_reg[1]   ; uart_controller:uart_ctrl_inst|baud_rate_gen:brg_inst|ov_tick ; uart_controller:uart_ctrl_inst|baud_rate_gen:brg_inst|ov_tick ; 1.000        ; -0.002     ; 2.764      ;
; -1.730 ; uart_controller:uart_ctrl_inst|uart_rx:rx_inst|state.DATA  ; uart_controller:uart_ctrl_inst|uart_rx:rx_inst|rx_reg[0]   ; uart_controller:uart_ctrl_inst|baud_rate_gen:brg_inst|ov_tick ; uart_controller:uart_ctrl_inst|baud_rate_gen:brg_inst|ov_tick ; 1.000        ; -0.002     ; 2.764      ;
; -1.724 ; uart_controller:uart_ctrl_inst|uart_rx:rx_inst|tick_cnt[1] ; uart_controller:uart_ctrl_inst|uart_rx:rx_inst|bit_cnt[1]  ; uart_controller:uart_ctrl_inst|baud_rate_gen:brg_inst|ov_tick ; uart_controller:uart_ctrl_inst|baud_rate_gen:brg_inst|ov_tick ; 1.000        ; 0.000      ; 2.760      ;
; -1.723 ; uart_controller:uart_ctrl_inst|uart_rx:rx_inst|tick_cnt[1] ; uart_controller:uart_ctrl_inst|uart_rx:rx_inst|bit_cnt[2]  ; uart_controller:uart_ctrl_inst|baud_rate_gen:brg_inst|ov_tick ; uart_controller:uart_ctrl_inst|baud_rate_gen:brg_inst|ov_tick ; 1.000        ; 0.000      ; 2.759      ;
; -1.711 ; uart_rx_packet_new:packet_inst|rx_clear                    ; uart_controller:uart_ctrl_inst|uart_rx:rx_inst|state.STOP  ; CLOCK_50                                                      ; uart_controller:uart_ctrl_inst|baud_rate_gen:brg_inst|ov_tick ; 1.000        ; -0.389     ; 2.358      ;
; -1.711 ; uart_rx_packet_new:packet_inst|rx_clear                    ; uart_controller:uart_ctrl_inst|uart_rx:rx_inst|state.START ; CLOCK_50                                                      ; uart_controller:uart_ctrl_inst|baud_rate_gen:brg_inst|ov_tick ; 1.000        ; -0.389     ; 2.358      ;
; -1.688 ; uart_controller:uart_ctrl_inst|uart_rx:rx_inst|tick_cnt[2] ; uart_controller:uart_ctrl_inst|uart_rx:rx_inst|state.IDLE  ; uart_controller:uart_ctrl_inst|baud_rate_gen:brg_inst|ov_tick ; uart_controller:uart_ctrl_inst|baud_rate_gen:brg_inst|ov_tick ; 1.000        ; 0.000      ; 2.724      ;
; -1.688 ; uart_controller:uart_ctrl_inst|uart_rx:rx_inst|tick_cnt[2] ; uart_controller:uart_ctrl_inst|uart_rx:rx_inst|state.DATA  ; uart_controller:uart_ctrl_inst|baud_rate_gen:brg_inst|ov_tick ; uart_controller:uart_ctrl_inst|baud_rate_gen:brg_inst|ov_tick ; 1.000        ; 0.000      ; 2.724      ;
; -1.643 ; uart_controller:uart_ctrl_inst|uart_rx:rx_inst|tick_cnt[1] ; uart_controller:uart_ctrl_inst|uart_rx:rx_inst|tick_cnt[2] ; uart_controller:uart_ctrl_inst|baud_rate_gen:brg_inst|ov_tick ; uart_controller:uart_ctrl_inst|baud_rate_gen:brg_inst|ov_tick ; 1.000        ; 0.000      ; 2.679      ;
; -1.629 ; uart_controller:uart_ctrl_inst|uart_rx:rx_inst|state.IDLE  ; uart_controller:uart_ctrl_inst|uart_rx:rx_inst|state.IDLE  ; uart_controller:uart_ctrl_inst|baud_rate_gen:brg_inst|ov_tick ; uart_controller:uart_ctrl_inst|baud_rate_gen:brg_inst|ov_tick ; 1.000        ; 0.000      ; 2.665      ;
; -1.629 ; uart_controller:uart_ctrl_inst|uart_rx:rx_inst|state.IDLE  ; uart_controller:uart_ctrl_inst|uart_rx:rx_inst|state.DATA  ; uart_controller:uart_ctrl_inst|baud_rate_gen:brg_inst|ov_tick ; uart_controller:uart_ctrl_inst|baud_rate_gen:brg_inst|ov_tick ; 1.000        ; 0.000      ; 2.665      ;
; -1.618 ; uart_controller:uart_ctrl_inst|uart_rx:rx_inst|tick_cnt[1] ; uart_controller:uart_ctrl_inst|uart_rx:rx_inst|data_out[7] ; uart_controller:uart_ctrl_inst|baud_rate_gen:brg_inst|ov_tick ; uart_controller:uart_ctrl_inst|baud_rate_gen:brg_inst|ov_tick ; 1.000        ; -0.002     ; 2.652      ;
; -1.618 ; uart_controller:uart_ctrl_inst|uart_rx:rx_inst|tick_cnt[1] ; uart_controller:uart_ctrl_inst|uart_rx:rx_inst|data_out[5] ; uart_controller:uart_ctrl_inst|baud_rate_gen:brg_inst|ov_tick ; uart_controller:uart_ctrl_inst|baud_rate_gen:brg_inst|ov_tick ; 1.000        ; -0.002     ; 2.652      ;
; -1.618 ; uart_controller:uart_ctrl_inst|uart_rx:rx_inst|tick_cnt[1] ; uart_controller:uart_ctrl_inst|uart_rx:rx_inst|data_out[6] ; uart_controller:uart_ctrl_inst|baud_rate_gen:brg_inst|ov_tick ; uart_controller:uart_ctrl_inst|baud_rate_gen:brg_inst|ov_tick ; 1.000        ; -0.002     ; 2.652      ;
; -1.618 ; uart_controller:uart_ctrl_inst|uart_rx:rx_inst|tick_cnt[1] ; uart_controller:uart_ctrl_inst|uart_rx:rx_inst|data_out[1] ; uart_controller:uart_ctrl_inst|baud_rate_gen:brg_inst|ov_tick ; uart_controller:uart_ctrl_inst|baud_rate_gen:brg_inst|ov_tick ; 1.000        ; -0.002     ; 2.652      ;
; -1.618 ; uart_controller:uart_ctrl_inst|uart_rx:rx_inst|tick_cnt[1] ; uart_controller:uart_ctrl_inst|uart_rx:rx_inst|data_out[2] ; uart_controller:uart_ctrl_inst|baud_rate_gen:brg_inst|ov_tick ; uart_controller:uart_ctrl_inst|baud_rate_gen:brg_inst|ov_tick ; 1.000        ; -0.002     ; 2.652      ;
; -1.618 ; uart_controller:uart_ctrl_inst|uart_rx:rx_inst|tick_cnt[1] ; uart_controller:uart_ctrl_inst|uart_rx:rx_inst|data_out[3] ; uart_controller:uart_ctrl_inst|baud_rate_gen:brg_inst|ov_tick ; uart_controller:uart_ctrl_inst|baud_rate_gen:brg_inst|ov_tick ; 1.000        ; -0.002     ; 2.652      ;
; -1.618 ; uart_controller:uart_ctrl_inst|uart_rx:rx_inst|tick_cnt[1] ; uart_controller:uart_ctrl_inst|uart_rx:rx_inst|data_out[4] ; uart_controller:uart_ctrl_inst|baud_rate_gen:brg_inst|ov_tick ; uart_controller:uart_ctrl_inst|baud_rate_gen:brg_inst|ov_tick ; 1.000        ; -0.002     ; 2.652      ;
; -1.618 ; uart_controller:uart_ctrl_inst|uart_rx:rx_inst|tick_cnt[1] ; uart_controller:uart_ctrl_inst|uart_rx:rx_inst|data_out[0] ; uart_controller:uart_ctrl_inst|baud_rate_gen:brg_inst|ov_tick ; uart_controller:uart_ctrl_inst|baud_rate_gen:brg_inst|ov_tick ; 1.000        ; -0.002     ; 2.652      ;
; -1.585 ; uart_controller:uart_ctrl_inst|uart_rx:rx_inst|tick_cnt[2] ; uart_controller:uart_ctrl_inst|uart_rx:rx_inst|bit_cnt[1]  ; uart_controller:uart_ctrl_inst|baud_rate_gen:brg_inst|ov_tick ; uart_controller:uart_ctrl_inst|baud_rate_gen:brg_inst|ov_tick ; 1.000        ; 0.000      ; 2.621      ;
; -1.580 ; uart_controller:uart_ctrl_inst|uart_rx:rx_inst|tick_cnt[2] ; uart_controller:uart_ctrl_inst|uart_rx:rx_inst|rx_reg[7]   ; uart_controller:uart_ctrl_inst|baud_rate_gen:brg_inst|ov_tick ; uart_controller:uart_ctrl_inst|baud_rate_gen:brg_inst|ov_tick ; 1.000        ; -0.002     ; 2.614      ;
; -1.580 ; uart_controller:uart_ctrl_inst|uart_rx:rx_inst|tick_cnt[2] ; uart_controller:uart_ctrl_inst|uart_rx:rx_inst|rx_reg[6]   ; uart_controller:uart_ctrl_inst|baud_rate_gen:brg_inst|ov_tick ; uart_controller:uart_ctrl_inst|baud_rate_gen:brg_inst|ov_tick ; 1.000        ; -0.002     ; 2.614      ;
; -1.580 ; uart_controller:uart_ctrl_inst|uart_rx:rx_inst|tick_cnt[2] ; uart_controller:uart_ctrl_inst|uart_rx:rx_inst|rx_reg[5]   ; uart_controller:uart_ctrl_inst|baud_rate_gen:brg_inst|ov_tick ; uart_controller:uart_ctrl_inst|baud_rate_gen:brg_inst|ov_tick ; 1.000        ; -0.002     ; 2.614      ;
; -1.580 ; uart_controller:uart_ctrl_inst|uart_rx:rx_inst|tick_cnt[2] ; uart_controller:uart_ctrl_inst|uart_rx:rx_inst|rx_reg[4]   ; uart_controller:uart_ctrl_inst|baud_rate_gen:brg_inst|ov_tick ; uart_controller:uart_ctrl_inst|baud_rate_gen:brg_inst|ov_tick ; 1.000        ; -0.002     ; 2.614      ;
; -1.580 ; uart_controller:uart_ctrl_inst|uart_rx:rx_inst|tick_cnt[2] ; uart_controller:uart_ctrl_inst|uart_rx:rx_inst|rx_reg[3]   ; uart_controller:uart_ctrl_inst|baud_rate_gen:brg_inst|ov_tick ; uart_controller:uart_ctrl_inst|baud_rate_gen:brg_inst|ov_tick ; 1.000        ; -0.002     ; 2.614      ;
; -1.580 ; uart_controller:uart_ctrl_inst|uart_rx:rx_inst|tick_cnt[2] ; uart_controller:uart_ctrl_inst|uart_rx:rx_inst|rx_reg[2]   ; uart_controller:uart_ctrl_inst|baud_rate_gen:brg_inst|ov_tick ; uart_controller:uart_ctrl_inst|baud_rate_gen:brg_inst|ov_tick ; 1.000        ; -0.002     ; 2.614      ;
; -1.580 ; uart_controller:uart_ctrl_inst|uart_rx:rx_inst|tick_cnt[2] ; uart_controller:uart_ctrl_inst|uart_rx:rx_inst|rx_reg[1]   ; uart_controller:uart_ctrl_inst|baud_rate_gen:brg_inst|ov_tick ; uart_controller:uart_ctrl_inst|baud_rate_gen:brg_inst|ov_tick ; 1.000        ; -0.002     ; 2.614      ;
; -1.580 ; uart_controller:uart_ctrl_inst|uart_rx:rx_inst|tick_cnt[2] ; uart_controller:uart_ctrl_inst|uart_rx:rx_inst|rx_reg[0]   ; uart_controller:uart_ctrl_inst|baud_rate_gen:brg_inst|ov_tick ; uart_controller:uart_ctrl_inst|baud_rate_gen:brg_inst|ov_tick ; 1.000        ; -0.002     ; 2.614      ;
; -1.576 ; uart_controller:uart_ctrl_inst|uart_rx:rx_inst|state.DATA  ; uart_controller:uart_ctrl_inst|uart_rx:rx_inst|bit_cnt[2]  ; uart_controller:uart_ctrl_inst|baud_rate_gen:brg_inst|ov_tick ; uart_controller:uart_ctrl_inst|baud_rate_gen:brg_inst|ov_tick ; 1.000        ; 0.000      ; 2.612      ;
; -1.575 ; uart_controller:uart_ctrl_inst|uart_rx:rx_inst|tick_cnt[2] ; uart_controller:uart_ctrl_inst|uart_rx:rx_inst|tick_cnt[2] ; uart_controller:uart_ctrl_inst|baud_rate_gen:brg_inst|ov_tick ; uart_controller:uart_ctrl_inst|baud_rate_gen:brg_inst|ov_tick ; 1.000        ; 0.000      ; 2.611      ;
; -1.557 ; uart_controller:uart_ctrl_inst|uart_rx:rx_inst|tick_cnt[0] ; uart_controller:uart_ctrl_inst|uart_rx:rx_inst|state.IDLE  ; uart_controller:uart_ctrl_inst|baud_rate_gen:brg_inst|ov_tick ; uart_controller:uart_ctrl_inst|baud_rate_gen:brg_inst|ov_tick ; 1.000        ; 0.000      ; 2.593      ;
; -1.557 ; uart_controller:uart_ctrl_inst|uart_rx:rx_inst|tick_cnt[0] ; uart_controller:uart_ctrl_inst|uart_rx:rx_inst|state.DATA  ; uart_controller:uart_ctrl_inst|baud_rate_gen:brg_inst|ov_tick ; uart_controller:uart_ctrl_inst|baud_rate_gen:brg_inst|ov_tick ; 1.000        ; 0.000      ; 2.593      ;
; -1.537 ; uart_controller:uart_ctrl_inst|uart_rx:rx_inst|bit_cnt[0]  ; uart_controller:uart_ctrl_inst|uart_rx:rx_inst|state.IDLE  ; uart_controller:uart_ctrl_inst|baud_rate_gen:brg_inst|ov_tick ; uart_controller:uart_ctrl_inst|baud_rate_gen:brg_inst|ov_tick ; 1.000        ; 0.000      ; 2.573      ;
; -1.537 ; uart_controller:uart_ctrl_inst|uart_rx:rx_inst|bit_cnt[0]  ; uart_controller:uart_ctrl_inst|uart_rx:rx_inst|state.DATA  ; uart_controller:uart_ctrl_inst|baud_rate_gen:brg_inst|ov_tick ; uart_controller:uart_ctrl_inst|baud_rate_gen:brg_inst|ov_tick ; 1.000        ; 0.000      ; 2.573      ;
; -1.534 ; uart_rx_packet_new:packet_inst|rx_clear                    ; uart_controller:uart_ctrl_inst|uart_rx:rx_inst|state.IDLE  ; CLOCK_50                                                      ; uart_controller:uart_ctrl_inst|baud_rate_gen:brg_inst|ov_tick ; 1.000        ; -0.387     ; 2.183      ;
; -1.534 ; uart_rx_packet_new:packet_inst|rx_clear                    ; uart_controller:uart_ctrl_inst|uart_rx:rx_inst|state.DATA  ; CLOCK_50                                                      ; uart_controller:uart_ctrl_inst|baud_rate_gen:brg_inst|ov_tick ; 1.000        ; -0.387     ; 2.183      ;
; -1.500 ; uart_controller:uart_ctrl_inst|uart_rx:rx_inst|state.IDLE  ; uart_controller:uart_ctrl_inst|uart_rx:rx_inst|state.STOP  ; uart_controller:uart_ctrl_inst|baud_rate_gen:brg_inst|ov_tick ; uart_controller:uart_ctrl_inst|baud_rate_gen:brg_inst|ov_tick ; 1.000        ; -0.002     ; 2.534      ;
; -1.500 ; uart_controller:uart_ctrl_inst|uart_rx:rx_inst|state.IDLE  ; uart_controller:uart_ctrl_inst|uart_rx:rx_inst|state.START ; uart_controller:uart_ctrl_inst|baud_rate_gen:brg_inst|ov_tick ; uart_controller:uart_ctrl_inst|baud_rate_gen:brg_inst|ov_tick ; 1.000        ; -0.002     ; 2.534      ;
; -1.493 ; uart_controller:uart_ctrl_inst|uart_rx:rx_inst|bit_cnt[1]  ; uart_controller:uart_ctrl_inst|uart_rx:rx_inst|bit_cnt[2]  ; uart_controller:uart_ctrl_inst|baud_rate_gen:brg_inst|ov_tick ; uart_controller:uart_ctrl_inst|baud_rate_gen:brg_inst|ov_tick ; 1.000        ; 0.000      ; 2.529      ;
; -1.458 ; uart_controller:uart_ctrl_inst|uart_rx:rx_inst|tick_cnt[0] ; uart_controller:uart_ctrl_inst|uart_rx:rx_inst|rx_reg[7]   ; uart_controller:uart_ctrl_inst|baud_rate_gen:brg_inst|ov_tick ; uart_controller:uart_ctrl_inst|baud_rate_gen:brg_inst|ov_tick ; 1.000        ; -0.002     ; 2.492      ;
; -1.458 ; uart_controller:uart_ctrl_inst|uart_rx:rx_inst|tick_cnt[0] ; uart_controller:uart_ctrl_inst|uart_rx:rx_inst|rx_reg[6]   ; uart_controller:uart_ctrl_inst|baud_rate_gen:brg_inst|ov_tick ; uart_controller:uart_ctrl_inst|baud_rate_gen:brg_inst|ov_tick ; 1.000        ; -0.002     ; 2.492      ;
; -1.458 ; uart_controller:uart_ctrl_inst|uart_rx:rx_inst|tick_cnt[0] ; uart_controller:uart_ctrl_inst|uart_rx:rx_inst|rx_reg[5]   ; uart_controller:uart_ctrl_inst|baud_rate_gen:brg_inst|ov_tick ; uart_controller:uart_ctrl_inst|baud_rate_gen:brg_inst|ov_tick ; 1.000        ; -0.002     ; 2.492      ;
; -1.458 ; uart_controller:uart_ctrl_inst|uart_rx:rx_inst|tick_cnt[0] ; uart_controller:uart_ctrl_inst|uart_rx:rx_inst|rx_reg[4]   ; uart_controller:uart_ctrl_inst|baud_rate_gen:brg_inst|ov_tick ; uart_controller:uart_ctrl_inst|baud_rate_gen:brg_inst|ov_tick ; 1.000        ; -0.002     ; 2.492      ;
; -1.458 ; uart_controller:uart_ctrl_inst|uart_rx:rx_inst|tick_cnt[0] ; uart_controller:uart_ctrl_inst|uart_rx:rx_inst|rx_reg[3]   ; uart_controller:uart_ctrl_inst|baud_rate_gen:brg_inst|ov_tick ; uart_controller:uart_ctrl_inst|baud_rate_gen:brg_inst|ov_tick ; 1.000        ; -0.002     ; 2.492      ;
; -1.458 ; uart_controller:uart_ctrl_inst|uart_rx:rx_inst|tick_cnt[0] ; uart_controller:uart_ctrl_inst|uart_rx:rx_inst|rx_reg[2]   ; uart_controller:uart_ctrl_inst|baud_rate_gen:brg_inst|ov_tick ; uart_controller:uart_ctrl_inst|baud_rate_gen:brg_inst|ov_tick ; 1.000        ; -0.002     ; 2.492      ;
; -1.458 ; uart_controller:uart_ctrl_inst|uart_rx:rx_inst|tick_cnt[0] ; uart_controller:uart_ctrl_inst|uart_rx:rx_inst|rx_reg[1]   ; uart_controller:uart_ctrl_inst|baud_rate_gen:brg_inst|ov_tick ; uart_controller:uart_ctrl_inst|baud_rate_gen:brg_inst|ov_tick ; 1.000        ; -0.002     ; 2.492      ;
; -1.458 ; uart_controller:uart_ctrl_inst|uart_rx:rx_inst|tick_cnt[0] ; uart_controller:uart_ctrl_inst|uart_rx:rx_inst|rx_reg[0]   ; uart_controller:uart_ctrl_inst|baud_rate_gen:brg_inst|ov_tick ; uart_controller:uart_ctrl_inst|baud_rate_gen:brg_inst|ov_tick ; 1.000        ; -0.002     ; 2.492      ;
; -1.426 ; uart_controller:uart_ctrl_inst|uart_rx:rx_inst|tick_cnt[2] ; uart_controller:uart_ctrl_inst|uart_rx:rx_inst|bit_cnt[2]  ; uart_controller:uart_ctrl_inst|baud_rate_gen:brg_inst|ov_tick ; uart_controller:uart_ctrl_inst|baud_rate_gen:brg_inst|ov_tick ; 1.000        ; 0.000      ; 2.462      ;
; -1.426 ; uart_controller:uart_ctrl_inst|uart_rx:rx_inst|state.DATA  ; uart_controller:uart_ctrl_inst|uart_rx:rx_inst|state.IDLE  ; uart_controller:uart_ctrl_inst|baud_rate_gen:brg_inst|ov_tick ; uart_controller:uart_ctrl_inst|baud_rate_gen:brg_inst|ov_tick ; 1.000        ; 0.000      ; 2.462      ;
; -1.426 ; uart_controller:uart_ctrl_inst|uart_rx:rx_inst|state.DATA  ; uart_controller:uart_ctrl_inst|uart_rx:rx_inst|state.DATA  ; uart_controller:uart_ctrl_inst|baud_rate_gen:brg_inst|ov_tick ; uart_controller:uart_ctrl_inst|baud_rate_gen:brg_inst|ov_tick ; 1.000        ; 0.000      ; 2.462      ;
; -1.424 ; uart_controller:uart_ctrl_inst|uart_rx:rx_inst|state.STOP  ; uart_controller:uart_ctrl_inst|uart_rx:rx_inst|bit_cnt[1]  ; uart_controller:uart_ctrl_inst|baud_rate_gen:brg_inst|ov_tick ; uart_controller:uart_ctrl_inst|baud_rate_gen:brg_inst|ov_tick ; 1.000        ; 0.002      ; 2.462      ;
; -1.409 ; uart_controller:uart_ctrl_inst|uart_rx:rx_inst|bit_cnt[2]  ; uart_controller:uart_ctrl_inst|uart_rx:rx_inst|state.IDLE  ; uart_controller:uart_ctrl_inst|baud_rate_gen:brg_inst|ov_tick ; uart_controller:uart_ctrl_inst|baud_rate_gen:brg_inst|ov_tick ; 1.000        ; 0.000      ; 2.445      ;
; -1.409 ; uart_controller:uart_ctrl_inst|uart_rx:rx_inst|bit_cnt[2]  ; uart_controller:uart_ctrl_inst|uart_rx:rx_inst|state.DATA  ; uart_controller:uart_ctrl_inst|baud_rate_gen:brg_inst|ov_tick ; uart_controller:uart_ctrl_inst|baud_rate_gen:brg_inst|ov_tick ; 1.000        ; 0.000      ; 2.445      ;
; -1.408 ; uart_controller:uart_ctrl_inst|uart_rx:rx_inst|tick_cnt[2] ; uart_controller:uart_ctrl_inst|uart_rx:rx_inst|data_out[7] ; uart_controller:uart_ctrl_inst|baud_rate_gen:brg_inst|ov_tick ; uart_controller:uart_ctrl_inst|baud_rate_gen:brg_inst|ov_tick ; 1.000        ; -0.002     ; 2.442      ;
; -1.408 ; uart_controller:uart_ctrl_inst|uart_rx:rx_inst|tick_cnt[2] ; uart_controller:uart_ctrl_inst|uart_rx:rx_inst|data_out[5] ; uart_controller:uart_ctrl_inst|baud_rate_gen:brg_inst|ov_tick ; uart_controller:uart_ctrl_inst|baud_rate_gen:brg_inst|ov_tick ; 1.000        ; -0.002     ; 2.442      ;
; -1.408 ; uart_controller:uart_ctrl_inst|uart_rx:rx_inst|tick_cnt[2] ; uart_controller:uart_ctrl_inst|uart_rx:rx_inst|data_out[6] ; uart_controller:uart_ctrl_inst|baud_rate_gen:brg_inst|ov_tick ; uart_controller:uart_ctrl_inst|baud_rate_gen:brg_inst|ov_tick ; 1.000        ; -0.002     ; 2.442      ;
; -1.408 ; uart_controller:uart_ctrl_inst|uart_rx:rx_inst|tick_cnt[2] ; uart_controller:uart_ctrl_inst|uart_rx:rx_inst|data_out[1] ; uart_controller:uart_ctrl_inst|baud_rate_gen:brg_inst|ov_tick ; uart_controller:uart_ctrl_inst|baud_rate_gen:brg_inst|ov_tick ; 1.000        ; -0.002     ; 2.442      ;
; -1.408 ; uart_controller:uart_ctrl_inst|uart_rx:rx_inst|tick_cnt[2] ; uart_controller:uart_ctrl_inst|uart_rx:rx_inst|data_out[2] ; uart_controller:uart_ctrl_inst|baud_rate_gen:brg_inst|ov_tick ; uart_controller:uart_ctrl_inst|baud_rate_gen:brg_inst|ov_tick ; 1.000        ; -0.002     ; 2.442      ;
; -1.408 ; uart_controller:uart_ctrl_inst|uart_rx:rx_inst|tick_cnt[2] ; uart_controller:uart_ctrl_inst|uart_rx:rx_inst|data_out[3] ; uart_controller:uart_ctrl_inst|baud_rate_gen:brg_inst|ov_tick ; uart_controller:uart_ctrl_inst|baud_rate_gen:brg_inst|ov_tick ; 1.000        ; -0.002     ; 2.442      ;
; -1.408 ; uart_controller:uart_ctrl_inst|uart_rx:rx_inst|tick_cnt[2] ; uart_controller:uart_ctrl_inst|uart_rx:rx_inst|data_out[4] ; uart_controller:uart_ctrl_inst|baud_rate_gen:brg_inst|ov_tick ; uart_controller:uart_ctrl_inst|baud_rate_gen:brg_inst|ov_tick ; 1.000        ; -0.002     ; 2.442      ;
; -1.408 ; uart_controller:uart_ctrl_inst|uart_rx:rx_inst|tick_cnt[2] ; uart_controller:uart_ctrl_inst|uart_rx:rx_inst|data_out[0] ; uart_controller:uart_ctrl_inst|baud_rate_gen:brg_inst|ov_tick ; uart_controller:uart_ctrl_inst|baud_rate_gen:brg_inst|ov_tick ; 1.000        ; -0.002     ; 2.442      ;
; -1.372 ; uart_controller:uart_ctrl_inst|uart_rx:rx_inst|state.STOP  ; uart_controller:uart_ctrl_inst|uart_rx:rx_inst|data_out[7] ; uart_controller:uart_ctrl_inst|baud_rate_gen:brg_inst|ov_tick ; uart_controller:uart_ctrl_inst|baud_rate_gen:brg_inst|ov_tick ; 1.000        ; 0.000      ; 2.408      ;
; -1.372 ; uart_controller:uart_ctrl_inst|uart_rx:rx_inst|state.STOP  ; uart_controller:uart_ctrl_inst|uart_rx:rx_inst|data_out[5] ; uart_controller:uart_ctrl_inst|baud_rate_gen:brg_inst|ov_tick ; uart_controller:uart_ctrl_inst|baud_rate_gen:brg_inst|ov_tick ; 1.000        ; 0.000      ; 2.408      ;
; -1.372 ; uart_controller:uart_ctrl_inst|uart_rx:rx_inst|state.STOP  ; uart_controller:uart_ctrl_inst|uart_rx:rx_inst|data_out[6] ; uart_controller:uart_ctrl_inst|baud_rate_gen:brg_inst|ov_tick ; uart_controller:uart_ctrl_inst|baud_rate_gen:brg_inst|ov_tick ; 1.000        ; 0.000      ; 2.408      ;
; -1.372 ; uart_controller:uart_ctrl_inst|uart_rx:rx_inst|state.STOP  ; uart_controller:uart_ctrl_inst|uart_rx:rx_inst|data_out[1] ; uart_controller:uart_ctrl_inst|baud_rate_gen:brg_inst|ov_tick ; uart_controller:uart_ctrl_inst|baud_rate_gen:brg_inst|ov_tick ; 1.000        ; 0.000      ; 2.408      ;
; -1.372 ; uart_controller:uart_ctrl_inst|uart_rx:rx_inst|state.STOP  ; uart_controller:uart_ctrl_inst|uart_rx:rx_inst|data_out[2] ; uart_controller:uart_ctrl_inst|baud_rate_gen:brg_inst|ov_tick ; uart_controller:uart_ctrl_inst|baud_rate_gen:brg_inst|ov_tick ; 1.000        ; 0.000      ; 2.408      ;
+--------+------------------------------------------------------------+------------------------------------------------------------+---------------------------------------------------------------+---------------------------------------------------------------+--------------+------------+------------+


+---------------------------------------------------------------------------------------------------------------------------------------------------------------------------------------------------------------------------------------------------------------------------------------------------------------------+
; Slow Model Setup: 'uart_controller:uart_ctrl_inst|baud_rate_gen:brg_inst|uart_tick'                                                                                                                                                                                                                                 ;
+--------+---------------------------------------------------------------+---------------------------------------------------------------+-----------------------------------------------------------------+-----------------------------------------------------------------+--------------+------------+------------+
; Slack  ; From Node                                                     ; To Node                                                       ; Launch Clock                                                    ; Latch Clock                                                     ; Relationship ; Clock Skew ; Data Delay ;
+--------+---------------------------------------------------------------+---------------------------------------------------------------+-----------------------------------------------------------------+-----------------------------------------------------------------+--------------+------------+------------+
; -1.577 ; uart_controller:uart_ctrl_inst|uart_tx:tx_inst|timeout_cnt[3] ; uart_controller:uart_ctrl_inst|uart_tx:tx_inst|state.IDLE     ; uart_controller:uart_ctrl_inst|baud_rate_gen:brg_inst|uart_tick ; uart_controller:uart_ctrl_inst|baud_rate_gen:brg_inst|uart_tick ; 1.000        ; -0.003     ; 2.610      ;
; -1.538 ; uart_controller:uart_ctrl_inst|uart_tx:tx_inst|state.DATA     ; uart_controller:uart_ctrl_inst|uart_tx:tx_inst|state.IDLE     ; uart_controller:uart_ctrl_inst|baud_rate_gen:brg_inst|uart_tick ; uart_controller:uart_ctrl_inst|baud_rate_gen:brg_inst|uart_tick ; 1.000        ; -0.002     ; 2.572      ;
; -1.536 ; uart_controller:uart_ctrl_inst|uart_tx:tx_inst|timeout_cnt[4] ; uart_controller:uart_ctrl_inst|uart_tx:tx_inst|state.IDLE     ; uart_controller:uart_ctrl_inst|baud_rate_gen:brg_inst|uart_tick ; uart_controller:uart_ctrl_inst|baud_rate_gen:brg_inst|uart_tick ; 1.000        ; -0.003     ; 2.569      ;
; -1.476 ; uart_controller:uart_ctrl_inst|uart_tx:tx_inst|state.DATA     ; uart_controller:uart_ctrl_inst|uart_tx:tx_inst|state.DATA     ; uart_controller:uart_ctrl_inst|baud_rate_gen:brg_inst|uart_tick ; uart_controller:uart_ctrl_inst|baud_rate_gen:brg_inst|uart_tick ; 1.000        ; 0.000      ; 2.512      ;
; -1.415 ; uart_controller:uart_ctrl_inst|uart_tx:tx_inst|state.START    ; uart_controller:uart_ctrl_inst|uart_tx:tx_inst|state.IDLE     ; uart_controller:uart_ctrl_inst|baud_rate_gen:brg_inst|uart_tick ; uart_controller:uart_ctrl_inst|baud_rate_gen:brg_inst|uart_tick ; 1.000        ; -0.002     ; 2.449      ;
; -1.405 ; uart_controller:uart_ctrl_inst|uart_tx:tx_inst|timeout_cnt[5] ; uart_controller:uart_ctrl_inst|uart_tx:tx_inst|state.IDLE     ; uart_controller:uart_ctrl_inst|baud_rate_gen:brg_inst|uart_tick ; uart_controller:uart_ctrl_inst|baud_rate_gen:brg_inst|uart_tick ; 1.000        ; -0.003     ; 2.438      ;
; -1.399 ; uart_controller:uart_ctrl_inst|uart_tx:tx_inst|timeout_cnt[2] ; uart_controller:uart_ctrl_inst|uart_tx:tx_inst|state.IDLE     ; uart_controller:uart_ctrl_inst|baud_rate_gen:brg_inst|uart_tick ; uart_controller:uart_ctrl_inst|baud_rate_gen:brg_inst|uart_tick ; 1.000        ; -0.003     ; 2.432      ;
; -1.353 ; uart_controller:uart_ctrl_inst|uart_tx:tx_inst|state.START    ; uart_controller:uart_ctrl_inst|uart_tx:tx_inst|state.DATA     ; uart_controller:uart_ctrl_inst|baud_rate_gen:brg_inst|uart_tick ; uart_controller:uart_ctrl_inst|baud_rate_gen:brg_inst|uart_tick ; 1.000        ; 0.000      ; 2.389      ;
; -1.324 ; uart_controller:uart_ctrl_inst|uart_tx:tx_inst|bit_cnt[1]     ; uart_controller:uart_ctrl_inst|uart_tx:tx_inst|state.IDLE     ; uart_controller:uart_ctrl_inst|baud_rate_gen:brg_inst|uart_tick ; uart_controller:uart_ctrl_inst|baud_rate_gen:brg_inst|uart_tick ; 1.000        ; -0.002     ; 2.358      ;
; -1.297 ; uart_controller:uart_ctrl_inst|uart_tx:tx_inst|timeout_cnt[3] ; uart_controller:uart_ctrl_inst|uart_tx:tx_inst|state.DATA     ; uart_controller:uart_ctrl_inst|baud_rate_gen:brg_inst|uart_tick ; uart_controller:uart_ctrl_inst|baud_rate_gen:brg_inst|uart_tick ; 1.000        ; -0.001     ; 2.332      ;
; -1.279 ; uart_controller:uart_ctrl_inst|uart_tx:tx_inst|state.STOP     ; uart_controller:uart_ctrl_inst|uart_tx:tx_inst|state.IDLE     ; uart_controller:uart_ctrl_inst|baud_rate_gen:brg_inst|uart_tick ; uart_controller:uart_ctrl_inst|baud_rate_gen:brg_inst|uart_tick ; 1.000        ; -0.002     ; 2.313      ;
; -1.262 ; uart_controller:uart_ctrl_inst|uart_tx:tx_inst|bit_cnt[1]     ; uart_controller:uart_ctrl_inst|uart_tx:tx_inst|state.DATA     ; uart_controller:uart_ctrl_inst|baud_rate_gen:brg_inst|uart_tick ; uart_controller:uart_ctrl_inst|baud_rate_gen:brg_inst|uart_tick ; 1.000        ; 0.000      ; 2.298      ;
; -1.256 ; uart_controller:uart_ctrl_inst|uart_tx:tx_inst|timeout_cnt[4] ; uart_controller:uart_ctrl_inst|uart_tx:tx_inst|state.DATA     ; uart_controller:uart_ctrl_inst|baud_rate_gen:brg_inst|uart_tick ; uart_controller:uart_ctrl_inst|baud_rate_gen:brg_inst|uart_tick ; 1.000        ; -0.001     ; 2.291      ;
; -1.224 ; uart_controller:uart_ctrl_inst|uart_tx:tx_inst|state.IDLE     ; uart_controller:uart_ctrl_inst|uart_tx:tx_inst|tx_reg[1]      ; uart_controller:uart_ctrl_inst|baud_rate_gen:brg_inst|uart_tick ; uart_controller:uart_ctrl_inst|baud_rate_gen:brg_inst|uart_tick ; 1.000        ; 0.002      ; 2.262      ;
; -1.224 ; uart_controller:uart_ctrl_inst|uart_tx:tx_inst|state.IDLE     ; uart_controller:uart_ctrl_inst|uart_tx:tx_inst|tx_reg[0]      ; uart_controller:uart_ctrl_inst|baud_rate_gen:brg_inst|uart_tick ; uart_controller:uart_ctrl_inst|baud_rate_gen:brg_inst|uart_tick ; 1.000        ; 0.002      ; 2.262      ;
; -1.217 ; uart_controller:uart_ctrl_inst|uart_tx:tx_inst|state.STOP     ; uart_controller:uart_ctrl_inst|uart_tx:tx_inst|state.DATA     ; uart_controller:uart_ctrl_inst|baud_rate_gen:brg_inst|uart_tick ; uart_controller:uart_ctrl_inst|baud_rate_gen:brg_inst|uart_tick ; 1.000        ; 0.000      ; 2.253      ;
; -1.210 ; uart_controller:uart_ctrl_inst|uart_tx:tx_inst|state.IDLE     ; uart_controller:uart_ctrl_inst|uart_tx:tx_inst|tx_reg[4]      ; uart_controller:uart_ctrl_inst|baud_rate_gen:brg_inst|uart_tick ; uart_controller:uart_ctrl_inst|baud_rate_gen:brg_inst|uart_tick ; 1.000        ; 0.003      ; 2.249      ;
; -1.198 ; uart_controller:uart_ctrl_inst|uart_tx:tx_inst|bit_cnt[2]     ; uart_controller:uart_ctrl_inst|uart_tx:tx_inst|state.IDLE     ; uart_controller:uart_ctrl_inst|baud_rate_gen:brg_inst|uart_tick ; uart_controller:uart_ctrl_inst|baud_rate_gen:brg_inst|uart_tick ; 1.000        ; -0.002     ; 2.232      ;
; -1.185 ; uart_controller:uart_ctrl_inst|uart_tx:tx_inst|timeout_cnt[7] ; uart_controller:uart_ctrl_inst|uart_tx:tx_inst|state.IDLE     ; uart_controller:uart_ctrl_inst|baud_rate_gen:brg_inst|uart_tick ; uart_controller:uart_ctrl_inst|baud_rate_gen:brg_inst|uart_tick ; 1.000        ; -0.003     ; 2.218      ;
; -1.147 ; uart_controller:uart_ctrl_inst|uart_tx:tx_inst|timeout_cnt[6] ; uart_controller:uart_ctrl_inst|uart_tx:tx_inst|state.IDLE     ; uart_controller:uart_ctrl_inst|baud_rate_gen:brg_inst|uart_tick ; uart_controller:uart_ctrl_inst|baud_rate_gen:brg_inst|uart_tick ; 1.000        ; -0.003     ; 2.180      ;
; -1.136 ; uart_controller:uart_ctrl_inst|uart_tx:tx_inst|bit_cnt[2]     ; uart_controller:uart_ctrl_inst|uart_tx:tx_inst|state.DATA     ; uart_controller:uart_ctrl_inst|baud_rate_gen:brg_inst|uart_tick ; uart_controller:uart_ctrl_inst|baud_rate_gen:brg_inst|uart_tick ; 1.000        ; 0.000      ; 2.172      ;
; -1.125 ; uart_controller:uart_ctrl_inst|uart_tx:tx_inst|timeout_cnt[5] ; uart_controller:uart_ctrl_inst|uart_tx:tx_inst|state.DATA     ; uart_controller:uart_ctrl_inst|baud_rate_gen:brg_inst|uart_tick ; uart_controller:uart_ctrl_inst|baud_rate_gen:brg_inst|uart_tick ; 1.000        ; -0.001     ; 2.160      ;
; -1.119 ; uart_controller:uart_ctrl_inst|uart_tx:tx_inst|timeout_cnt[2] ; uart_controller:uart_ctrl_inst|uart_tx:tx_inst|state.DATA     ; uart_controller:uart_ctrl_inst|baud_rate_gen:brg_inst|uart_tick ; uart_controller:uart_ctrl_inst|baud_rate_gen:brg_inst|uart_tick ; 1.000        ; -0.001     ; 2.154      ;
; -1.053 ; uart_controller:uart_ctrl_inst|uart_tx:tx_inst|bit_cnt[0]     ; uart_controller:uart_ctrl_inst|uart_tx:tx_inst|state.IDLE     ; uart_controller:uart_ctrl_inst|baud_rate_gen:brg_inst|uart_tick ; uart_controller:uart_ctrl_inst|baud_rate_gen:brg_inst|uart_tick ; 1.000        ; -0.002     ; 2.087      ;
; -0.991 ; uart_controller:uart_ctrl_inst|uart_tx:tx_inst|bit_cnt[0]     ; uart_controller:uart_ctrl_inst|uart_tx:tx_inst|state.DATA     ; uart_controller:uart_ctrl_inst|baud_rate_gen:brg_inst|uart_tick ; uart_controller:uart_ctrl_inst|baud_rate_gen:brg_inst|uart_tick ; 1.000        ; 0.000      ; 2.027      ;
; -0.978 ; uart_controller:uart_ctrl_inst|uart_tx:tx_inst|state.DATA     ; uart_controller:uart_ctrl_inst|uart_tx:tx_inst|bit_cnt[2]     ; uart_controller:uart_ctrl_inst|baud_rate_gen:brg_inst|uart_tick ; uart_controller:uart_ctrl_inst|baud_rate_gen:brg_inst|uart_tick ; 1.000        ; 0.000      ; 2.014      ;
; -0.958 ; uart_controller:uart_ctrl_inst|uart_tx:tx_inst|timeout_cnt[0] ; uart_controller:uart_ctrl_inst|uart_tx:tx_inst|timeout_cnt[7] ; uart_controller:uart_ctrl_inst|baud_rate_gen:brg_inst|uart_tick ; uart_controller:uart_ctrl_inst|baud_rate_gen:brg_inst|uart_tick ; 1.000        ; 0.000      ; 1.994      ;
; -0.938 ; uart_controller:uart_ctrl_inst|uart_tx:tx_inst|bit_cnt[0]     ; uart_controller:uart_ctrl_inst|uart_tx:tx_inst|bit_cnt[2]     ; uart_controller:uart_ctrl_inst|baud_rate_gen:brg_inst|uart_tick ; uart_controller:uart_ctrl_inst|baud_rate_gen:brg_inst|uart_tick ; 1.000        ; 0.000      ; 1.974      ;
; -0.887 ; uart_controller:uart_ctrl_inst|uart_tx:tx_inst|timeout_cnt[0] ; uart_controller:uart_ctrl_inst|uart_tx:tx_inst|timeout_cnt[6] ; uart_controller:uart_ctrl_inst|baud_rate_gen:brg_inst|uart_tick ; uart_controller:uart_ctrl_inst|baud_rate_gen:brg_inst|uart_tick ; 1.000        ; 0.000      ; 1.923      ;
; -0.887 ; uart_controller:uart_ctrl_inst|uart_tx:tx_inst|timeout_cnt[1] ; uart_controller:uart_ctrl_inst|uart_tx:tx_inst|timeout_cnt[7] ; uart_controller:uart_ctrl_inst|baud_rate_gen:brg_inst|uart_tick ; uart_controller:uart_ctrl_inst|baud_rate_gen:brg_inst|uart_tick ; 1.000        ; 0.000      ; 1.923      ;
; -0.864 ; uart_controller:uart_ctrl_inst|uart_tx:tx_inst|timeout_cnt[7] ; uart_controller:uart_ctrl_inst|uart_tx:tx_inst|state.DATA     ; uart_controller:uart_ctrl_inst|baud_rate_gen:brg_inst|uart_tick ; uart_controller:uart_ctrl_inst|baud_rate_gen:brg_inst|uart_tick ; 1.000        ; -0.001     ; 1.899      ;
; -0.855 ; uart_controller:uart_ctrl_inst|uart_tx:tx_inst|state.STOP     ; uart_controller:uart_ctrl_inst|uart_tx:tx_inst|tx_reg[1]      ; uart_controller:uart_ctrl_inst|baud_rate_gen:brg_inst|uart_tick ; uart_controller:uart_ctrl_inst|baud_rate_gen:brg_inst|uart_tick ; 1.000        ; 0.000      ; 1.891      ;
; -0.855 ; uart_controller:uart_ctrl_inst|uart_tx:tx_inst|state.STOP     ; uart_controller:uart_ctrl_inst|uart_tx:tx_inst|tx_reg[0]      ; uart_controller:uart_ctrl_inst|baud_rate_gen:brg_inst|uart_tick ; uart_controller:uart_ctrl_inst|baud_rate_gen:brg_inst|uart_tick ; 1.000        ; 0.000      ; 1.891      ;
; -0.841 ; uart_controller:uart_ctrl_inst|uart_tx:tx_inst|state.STOP     ; uart_controller:uart_ctrl_inst|uart_tx:tx_inst|tx_reg[4]      ; uart_controller:uart_ctrl_inst|baud_rate_gen:brg_inst|uart_tick ; uart_controller:uart_ctrl_inst|baud_rate_gen:brg_inst|uart_tick ; 1.000        ; 0.001      ; 1.878      ;
; -0.819 ; uart_controller:uart_ctrl_inst|uart_tx:tx_inst|timeout_cnt[6] ; uart_controller:uart_ctrl_inst|uart_tx:tx_inst|state.DATA     ; uart_controller:uart_ctrl_inst|baud_rate_gen:brg_inst|uart_tick ; uart_controller:uart_ctrl_inst|baud_rate_gen:brg_inst|uart_tick ; 1.000        ; -0.001     ; 1.854      ;
; -0.817 ; uart_controller:uart_ctrl_inst|uart_tx:tx_inst|state.IDLE     ; uart_controller:uart_ctrl_inst|uart_tx:tx_inst|tx_reg[2]      ; uart_controller:uart_ctrl_inst|baud_rate_gen:brg_inst|uart_tick ; uart_controller:uart_ctrl_inst|baud_rate_gen:brg_inst|uart_tick ; 1.000        ; 0.002      ; 1.855      ;
; -0.816 ; uart_controller:uart_ctrl_inst|uart_tx:tx_inst|timeout_cnt[0] ; uart_controller:uart_ctrl_inst|uart_tx:tx_inst|timeout_cnt[5] ; uart_controller:uart_ctrl_inst|baud_rate_gen:brg_inst|uart_tick ; uart_controller:uart_ctrl_inst|baud_rate_gen:brg_inst|uart_tick ; 1.000        ; 0.000      ; 1.852      ;
; -0.816 ; uart_controller:uart_ctrl_inst|uart_tx:tx_inst|timeout_cnt[1] ; uart_controller:uart_ctrl_inst|uart_tx:tx_inst|timeout_cnt[6] ; uart_controller:uart_ctrl_inst|baud_rate_gen:brg_inst|uart_tick ; uart_controller:uart_ctrl_inst|baud_rate_gen:brg_inst|uart_tick ; 1.000        ; 0.000      ; 1.852      ;
; -0.814 ; uart_controller:uart_ctrl_inst|uart_tx:tx_inst|state.IDLE     ; uart_controller:uart_ctrl_inst|uart_tx:tx_inst|tx_reg[3]      ; uart_controller:uart_ctrl_inst|baud_rate_gen:brg_inst|uart_tick ; uart_controller:uart_ctrl_inst|baud_rate_gen:brg_inst|uart_tick ; 1.000        ; 0.002      ; 1.852      ;
; -0.799 ; uart_controller:uart_ctrl_inst|uart_tx:tx_inst|state.DATA     ; uart_controller:uart_ctrl_inst|uart_tx:tx_inst|state.STOP     ; uart_controller:uart_ctrl_inst|baud_rate_gen:brg_inst|uart_tick ; uart_controller:uart_ctrl_inst|baud_rate_gen:brg_inst|uart_tick ; 1.000        ; 0.000      ; 1.835      ;
; -0.788 ; uart_rx_packet_new:packet_inst|LEDR[15]                       ; uart_controller:uart_ctrl_inst|uart_tx:tx_inst|state.IDLE     ; CLOCK_50                                                        ; uart_controller:uart_ctrl_inst|baud_rate_gen:brg_inst|uart_tick ; 1.000        ; -0.391     ; 1.433      ;
; -0.784 ; uart_controller:uart_ctrl_inst|uart_tx:tx_inst|timeout_cnt[2] ; uart_controller:uart_ctrl_inst|uart_tx:tx_inst|timeout_cnt[7] ; uart_controller:uart_ctrl_inst|baud_rate_gen:brg_inst|uart_tick ; uart_controller:uart_ctrl_inst|baud_rate_gen:brg_inst|uart_tick ; 1.000        ; 0.000      ; 1.820      ;
; -0.745 ; uart_controller:uart_ctrl_inst|uart_tx:tx_inst|timeout_cnt[0] ; uart_controller:uart_ctrl_inst|uart_tx:tx_inst|timeout_cnt[4] ; uart_controller:uart_ctrl_inst|baud_rate_gen:brg_inst|uart_tick ; uart_controller:uart_ctrl_inst|baud_rate_gen:brg_inst|uart_tick ; 1.000        ; 0.000      ; 1.781      ;
; -0.745 ; uart_controller:uart_ctrl_inst|uart_tx:tx_inst|timeout_cnt[1] ; uart_controller:uart_ctrl_inst|uart_tx:tx_inst|timeout_cnt[5] ; uart_controller:uart_ctrl_inst|baud_rate_gen:brg_inst|uart_tick ; uart_controller:uart_ctrl_inst|baud_rate_gen:brg_inst|uart_tick ; 1.000        ; 0.000      ; 1.781      ;
; -0.726 ; uart_rx_packet_new:packet_inst|LEDR[15]                       ; uart_controller:uart_ctrl_inst|uart_tx:tx_inst|state.DATA     ; CLOCK_50                                                        ; uart_controller:uart_ctrl_inst|baud_rate_gen:brg_inst|uart_tick ; 1.000        ; -0.389     ; 1.373      ;
; -0.713 ; uart_controller:uart_ctrl_inst|uart_tx:tx_inst|timeout_cnt[2] ; uart_controller:uart_ctrl_inst|uart_tx:tx_inst|timeout_cnt[6] ; uart_controller:uart_ctrl_inst|baud_rate_gen:brg_inst|uart_tick ; uart_controller:uart_ctrl_inst|baud_rate_gen:brg_inst|uart_tick ; 1.000        ; 0.000      ; 1.749      ;
; -0.674 ; uart_controller:uart_ctrl_inst|uart_tx:tx_inst|timeout_cnt[0] ; uart_controller:uart_ctrl_inst|uart_tx:tx_inst|timeout_cnt[3] ; uart_controller:uart_ctrl_inst|baud_rate_gen:brg_inst|uart_tick ; uart_controller:uart_ctrl_inst|baud_rate_gen:brg_inst|uart_tick ; 1.000        ; 0.000      ; 1.710      ;
; -0.674 ; uart_controller:uart_ctrl_inst|uart_tx:tx_inst|timeout_cnt[3] ; uart_controller:uart_ctrl_inst|uart_tx:tx_inst|timeout_cnt[7] ; uart_controller:uart_ctrl_inst|baud_rate_gen:brg_inst|uart_tick ; uart_controller:uart_ctrl_inst|baud_rate_gen:brg_inst|uart_tick ; 1.000        ; 0.000      ; 1.710      ;
; -0.674 ; uart_controller:uart_ctrl_inst|uart_tx:tx_inst|timeout_cnt[1] ; uart_controller:uart_ctrl_inst|uart_tx:tx_inst|timeout_cnt[4] ; uart_controller:uart_ctrl_inst|baud_rate_gen:brg_inst|uart_tick ; uart_controller:uart_ctrl_inst|baud_rate_gen:brg_inst|uart_tick ; 1.000        ; 0.000      ; 1.710      ;
; -0.662 ; uart_controller:uart_ctrl_inst|uart_tx:tx_inst|timeout_cnt[5] ; uart_controller:uart_ctrl_inst|uart_tx:tx_inst|timeout_cnt[7] ; uart_controller:uart_ctrl_inst|baud_rate_gen:brg_inst|uart_tick ; uart_controller:uart_ctrl_inst|baud_rate_gen:brg_inst|uart_tick ; 1.000        ; 0.000      ; 1.698      ;
; -0.642 ; uart_controller:uart_ctrl_inst|uart_tx:tx_inst|timeout_cnt[2] ; uart_controller:uart_ctrl_inst|uart_tx:tx_inst|timeout_cnt[5] ; uart_controller:uart_ctrl_inst|baud_rate_gen:brg_inst|uart_tick ; uart_controller:uart_ctrl_inst|baud_rate_gen:brg_inst|uart_tick ; 1.000        ; 0.000      ; 1.678      ;
; -0.612 ; uart_controller:uart_ctrl_inst|uart_tx:tx_inst|bit_cnt[2]     ; uart_controller:uart_ctrl_inst|uart_tx:tx_inst|bit_cnt[2]     ; uart_controller:uart_ctrl_inst|baud_rate_gen:brg_inst|uart_tick ; uart_controller:uart_ctrl_inst|baud_rate_gen:brg_inst|uart_tick ; 1.000        ; 0.000      ; 1.648      ;
; -0.603 ; uart_controller:uart_ctrl_inst|uart_tx:tx_inst|timeout_cnt[3] ; uart_controller:uart_ctrl_inst|uart_tx:tx_inst|timeout_cnt[6] ; uart_controller:uart_ctrl_inst|baud_rate_gen:brg_inst|uart_tick ; uart_controller:uart_ctrl_inst|baud_rate_gen:brg_inst|uart_tick ; 1.000        ; 0.000      ; 1.639      ;
; -0.603 ; uart_controller:uart_ctrl_inst|uart_tx:tx_inst|timeout_cnt[1] ; uart_controller:uart_ctrl_inst|uart_tx:tx_inst|timeout_cnt[3] ; uart_controller:uart_ctrl_inst|baud_rate_gen:brg_inst|uart_tick ; uart_controller:uart_ctrl_inst|baud_rate_gen:brg_inst|uart_tick ; 1.000        ; 0.000      ; 1.639      ;
; -0.591 ; uart_controller:uart_ctrl_inst|uart_tx:tx_inst|timeout_cnt[5] ; uart_controller:uart_ctrl_inst|uart_tx:tx_inst|timeout_cnt[6] ; uart_controller:uart_ctrl_inst|baud_rate_gen:brg_inst|uart_tick ; uart_controller:uart_ctrl_inst|baud_rate_gen:brg_inst|uart_tick ; 1.000        ; 0.000      ; 1.627      ;
; -0.585 ; uart_controller:uart_ctrl_inst|uart_tx:tx_inst|bit_cnt[1]     ; uart_controller:uart_ctrl_inst|uart_tx:tx_inst|state.STOP     ; uart_controller:uart_ctrl_inst|baud_rate_gen:brg_inst|uart_tick ; uart_controller:uart_ctrl_inst|baud_rate_gen:brg_inst|uart_tick ; 1.000        ; 0.000      ; 1.621      ;
; -0.571 ; uart_controller:uart_ctrl_inst|uart_tx:tx_inst|timeout_cnt[2] ; uart_controller:uart_ctrl_inst|uart_tx:tx_inst|timeout_cnt[4] ; uart_controller:uart_ctrl_inst|baud_rate_gen:brg_inst|uart_tick ; uart_controller:uart_ctrl_inst|baud_rate_gen:brg_inst|uart_tick ; 1.000        ; 0.000      ; 1.607      ;
; -0.565 ; uart_controller:uart_ctrl_inst|uart_tx:tx_inst|timeout_cnt[4] ; uart_controller:uart_ctrl_inst|uart_tx:tx_inst|timeout_cnt[7] ; uart_controller:uart_ctrl_inst|baud_rate_gen:brg_inst|uart_tick ; uart_controller:uart_ctrl_inst|baud_rate_gen:brg_inst|uart_tick ; 1.000        ; 0.000      ; 1.601      ;
; -0.532 ; uart_controller:uart_ctrl_inst|uart_tx:tx_inst|timeout_cnt[3] ; uart_controller:uart_ctrl_inst|uart_tx:tx_inst|timeout_cnt[5] ; uart_controller:uart_ctrl_inst|baud_rate_gen:brg_inst|uart_tick ; uart_controller:uart_ctrl_inst|baud_rate_gen:brg_inst|uart_tick ; 1.000        ; 0.000      ; 1.568      ;
; -0.522 ; uart_controller:uart_ctrl_inst|uart_tx:tx_inst|state.IDLE     ; uart_controller:uart_ctrl_inst|uart_tx:tx_inst|tx             ; uart_controller:uart_ctrl_inst|baud_rate_gen:brg_inst|uart_tick ; uart_controller:uart_ctrl_inst|baud_rate_gen:brg_inst|uart_tick ; 1.000        ; 0.002      ; 1.560      ;
; -0.515 ; uart_controller:uart_ctrl_inst|uart_tx:tx_inst|timeout_cnt[0] ; uart_controller:uart_ctrl_inst|uart_tx:tx_inst|timeout_cnt[2] ; uart_controller:uart_ctrl_inst|baud_rate_gen:brg_inst|uart_tick ; uart_controller:uart_ctrl_inst|baud_rate_gen:brg_inst|uart_tick ; 1.000        ; 0.000      ; 1.551      ;
; -0.505 ; uart_controller:uart_ctrl_inst|uart_tx:tx_inst|state.START    ; uart_controller:uart_ctrl_inst|uart_tx:tx_inst|bit_cnt[1]     ; uart_controller:uart_ctrl_inst|baud_rate_gen:brg_inst|uart_tick ; uart_controller:uart_ctrl_inst|baud_rate_gen:brg_inst|uart_tick ; 1.000        ; 0.000      ; 1.541      ;
; -0.500 ; uart_controller:uart_ctrl_inst|uart_tx:tx_inst|timeout_cnt[2] ; uart_controller:uart_ctrl_inst|uart_tx:tx_inst|timeout_cnt[3] ; uart_controller:uart_ctrl_inst|baud_rate_gen:brg_inst|uart_tick ; uart_controller:uart_ctrl_inst|baud_rate_gen:brg_inst|uart_tick ; 1.000        ; 0.000      ; 1.536      ;
; -0.494 ; uart_controller:uart_ctrl_inst|uart_tx:tx_inst|timeout_cnt[4] ; uart_controller:uart_ctrl_inst|uart_tx:tx_inst|timeout_cnt[6] ; uart_controller:uart_ctrl_inst|baud_rate_gen:brg_inst|uart_tick ; uart_controller:uart_ctrl_inst|baud_rate_gen:brg_inst|uart_tick ; 1.000        ; 0.000      ; 1.530      ;
; -0.484 ; uart_controller:uart_ctrl_inst|uart_tx:tx_inst|bit_cnt[1]     ; uart_controller:uart_ctrl_inst|uart_tx:tx_inst|bit_cnt[2]     ; uart_controller:uart_ctrl_inst|baud_rate_gen:brg_inst|uart_tick ; uart_controller:uart_ctrl_inst|baud_rate_gen:brg_inst|uart_tick ; 1.000        ; 0.000      ; 1.520      ;
; -0.477 ; uart_controller:uart_ctrl_inst|uart_tx:tx_inst|state.START    ; uart_controller:uart_ctrl_inst|uart_tx:tx_inst|tx_reg[4]      ; uart_controller:uart_ctrl_inst|baud_rate_gen:brg_inst|uart_tick ; uart_controller:uart_ctrl_inst|baud_rate_gen:brg_inst|uart_tick ; 1.000        ; 0.001      ; 1.514      ;
; -0.461 ; uart_controller:uart_ctrl_inst|uart_tx:tx_inst|timeout_cnt[3] ; uart_controller:uart_ctrl_inst|uart_tx:tx_inst|timeout_cnt[4] ; uart_controller:uart_ctrl_inst|baud_rate_gen:brg_inst|uart_tick ; uart_controller:uart_ctrl_inst|baud_rate_gen:brg_inst|uart_tick ; 1.000        ; 0.000      ; 1.497      ;
; -0.459 ; uart_controller:uart_ctrl_inst|uart_tx:tx_inst|bit_cnt[2]     ; uart_controller:uart_ctrl_inst|uart_tx:tx_inst|state.STOP     ; uart_controller:uart_ctrl_inst|baud_rate_gen:brg_inst|uart_tick ; uart_controller:uart_ctrl_inst|baud_rate_gen:brg_inst|uart_tick ; 1.000        ; 0.000      ; 1.495      ;
; -0.448 ; uart_controller:uart_ctrl_inst|uart_tx:tx_inst|state.STOP     ; uart_controller:uart_ctrl_inst|uart_tx:tx_inst|tx_reg[2]      ; uart_controller:uart_ctrl_inst|baud_rate_gen:brg_inst|uart_tick ; uart_controller:uart_ctrl_inst|baud_rate_gen:brg_inst|uart_tick ; 1.000        ; 0.000      ; 1.484      ;
; -0.445 ; uart_controller:uart_ctrl_inst|uart_tx:tx_inst|state.STOP     ; uart_controller:uart_ctrl_inst|uart_tx:tx_inst|tx_reg[3]      ; uart_controller:uart_ctrl_inst|baud_rate_gen:brg_inst|uart_tick ; uart_controller:uart_ctrl_inst|baud_rate_gen:brg_inst|uart_tick ; 1.000        ; 0.000      ; 1.481      ;
; -0.444 ; uart_controller:uart_ctrl_inst|uart_tx:tx_inst|timeout_cnt[0] ; uart_controller:uart_ctrl_inst|uart_tx:tx_inst|timeout_cnt[1] ; uart_controller:uart_ctrl_inst|baud_rate_gen:brg_inst|uart_tick ; uart_controller:uart_ctrl_inst|baud_rate_gen:brg_inst|uart_tick ; 1.000        ; 0.000      ; 1.480      ;
; -0.444 ; uart_controller:uart_ctrl_inst|uart_tx:tx_inst|timeout_cnt[1] ; uart_controller:uart_ctrl_inst|uart_tx:tx_inst|timeout_cnt[2] ; uart_controller:uart_ctrl_inst|baud_rate_gen:brg_inst|uart_tick ; uart_controller:uart_ctrl_inst|baud_rate_gen:brg_inst|uart_tick ; 1.000        ; 0.000      ; 1.480      ;
; -0.427 ; uart_controller:uart_ctrl_inst|uart_tx:tx_inst|timeout_cnt[6] ; uart_controller:uart_ctrl_inst|uart_tx:tx_inst|timeout_cnt[7] ; uart_controller:uart_ctrl_inst|baud_rate_gen:brg_inst|uart_tick ; uart_controller:uart_ctrl_inst|baud_rate_gen:brg_inst|uart_tick ; 1.000        ; 0.000      ; 1.463      ;
; -0.423 ; uart_controller:uart_ctrl_inst|uart_tx:tx_inst|timeout_cnt[4] ; uart_controller:uart_ctrl_inst|uart_tx:tx_inst|timeout_cnt[5] ; uart_controller:uart_ctrl_inst|baud_rate_gen:brg_inst|uart_tick ; uart_controller:uart_ctrl_inst|baud_rate_gen:brg_inst|uart_tick ; 1.000        ; 0.000      ; 1.459      ;
; -0.379 ; uart_controller:uart_ctrl_inst|uart_tx:tx_inst|state.IDLE     ; uart_controller:uart_ctrl_inst|uart_tx:tx_inst|state.START    ; uart_controller:uart_ctrl_inst|baud_rate_gen:brg_inst|uart_tick ; uart_controller:uart_ctrl_inst|baud_rate_gen:brg_inst|uart_tick ; 1.000        ; 0.002      ; 1.417      ;
; -0.369 ; uart_controller:uart_ctrl_inst|uart_tx:tx_inst|state.STOP     ; uart_controller:uart_ctrl_inst|uart_tx:tx_inst|bit_cnt[1]     ; uart_controller:uart_ctrl_inst|baud_rate_gen:brg_inst|uart_tick ; uart_controller:uart_ctrl_inst|baud_rate_gen:brg_inst|uart_tick ; 1.000        ; 0.000      ; 1.405      ;
; -0.332 ; uart_rx_packet_new:packet_inst|tx_data[0]                     ; uart_controller:uart_ctrl_inst|uart_tx:tx_inst|tx_reg[4]      ; CLOCK_50                                                        ; uart_controller:uart_ctrl_inst|baud_rate_gen:brg_inst|uart_tick ; 1.000        ; -0.391     ; 0.977      ;
; -0.331 ; uart_rx_packet_new:packet_inst|LEDR[15]                       ; uart_controller:uart_ctrl_inst|uart_tx:tx_inst|state.START    ; CLOCK_50                                                        ; uart_controller:uart_ctrl_inst|baud_rate_gen:brg_inst|uart_tick ; 1.000        ; -0.389     ; 0.978      ;
; -0.329 ; uart_rx_packet_new:packet_inst|tx_data[0]                     ; uart_controller:uart_ctrl_inst|uart_tx:tx_inst|tx_reg[0]      ; CLOCK_50                                                        ; uart_controller:uart_ctrl_inst|baud_rate_gen:brg_inst|uart_tick ; 1.000        ; -0.392     ; 0.973      ;
; -0.314 ; uart_controller:uart_ctrl_inst|uart_tx:tx_inst|bit_cnt[0]     ; uart_controller:uart_ctrl_inst|uart_tx:tx_inst|state.STOP     ; uart_controller:uart_ctrl_inst|baud_rate_gen:brg_inst|uart_tick ; uart_controller:uart_ctrl_inst|baud_rate_gen:brg_inst|uart_tick ; 1.000        ; 0.000      ; 1.350      ;
; -0.275 ; uart_rx_packet_new:packet_inst|tx_data[1]                     ; uart_controller:uart_ctrl_inst|uart_tx:tx_inst|tx_reg[1]      ; CLOCK_50                                                        ; uart_controller:uart_ctrl_inst|baud_rate_gen:brg_inst|uart_tick ; 1.000        ; -0.389     ; 0.922      ;
; -0.271 ; uart_controller:uart_ctrl_inst|uart_tx:tx_inst|state.DATA     ; uart_controller:uart_ctrl_inst|uart_tx:tx_inst|tx_reg[3]      ; uart_controller:uart_ctrl_inst|baud_rate_gen:brg_inst|uart_tick ; uart_controller:uart_ctrl_inst|baud_rate_gen:brg_inst|uart_tick ; 1.000        ; 0.000      ; 1.307      ;
; -0.270 ; uart_controller:uart_ctrl_inst|uart_tx:tx_inst|state.DATA     ; uart_controller:uart_ctrl_inst|uart_tx:tx_inst|bit_cnt[0]     ; uart_controller:uart_ctrl_inst|baud_rate_gen:brg_inst|uart_tick ; uart_controller:uart_ctrl_inst|baud_rate_gen:brg_inst|uart_tick ; 1.000        ; 0.000      ; 1.306      ;
; -0.270 ; uart_controller:uart_ctrl_inst|uart_tx:tx_inst|state.DATA     ; uart_controller:uart_ctrl_inst|uart_tx:tx_inst|bit_cnt[1]     ; uart_controller:uart_ctrl_inst|baud_rate_gen:brg_inst|uart_tick ; uart_controller:uart_ctrl_inst|baud_rate_gen:brg_inst|uart_tick ; 1.000        ; 0.000      ; 1.306      ;
; -0.268 ; uart_controller:uart_ctrl_inst|uart_tx:tx_inst|state.DATA     ; uart_controller:uart_ctrl_inst|uart_tx:tx_inst|tx             ; uart_controller:uart_ctrl_inst|baud_rate_gen:brg_inst|uart_tick ; uart_controller:uart_ctrl_inst|baud_rate_gen:brg_inst|uart_tick ; 1.000        ; 0.000      ; 1.304      ;
; -0.231 ; uart_controller:uart_ctrl_inst|uart_tx:tx_inst|bit_cnt[0]     ; uart_controller:uart_ctrl_inst|uart_tx:tx_inst|bit_cnt[1]     ; uart_controller:uart_ctrl_inst|baud_rate_gen:brg_inst|uart_tick ; uart_controller:uart_ctrl_inst|baud_rate_gen:brg_inst|uart_tick ; 1.000        ; 0.000      ; 1.267      ;
; -0.208 ; uart_controller:uart_ctrl_inst|uart_tx:tx_inst|timeout_cnt[5] ; uart_controller:uart_ctrl_inst|uart_tx:tx_inst|timeout_cnt[5] ; uart_controller:uart_ctrl_inst|baud_rate_gen:brg_inst|uart_tick ; uart_controller:uart_ctrl_inst|baud_rate_gen:brg_inst|uart_tick ; 1.000        ; 0.000      ; 1.244      ;
; -0.205 ; uart_controller:uart_ctrl_inst|uart_tx:tx_inst|tx_reg[4]      ; uart_controller:uart_ctrl_inst|uart_tx:tx_inst|tx_reg[3]      ; uart_controller:uart_ctrl_inst|baud_rate_gen:brg_inst|uart_tick ; uart_controller:uart_ctrl_inst|baud_rate_gen:brg_inst|uart_tick ; 1.000        ; -0.001     ; 1.240      ;
; -0.203 ; uart_controller:uart_ctrl_inst|uart_tx:tx_inst|state.STOP     ; uart_controller:uart_ctrl_inst|uart_tx:tx_inst|timeout_cnt[0] ; uart_controller:uart_ctrl_inst|baud_rate_gen:brg_inst|uart_tick ; uart_controller:uart_ctrl_inst|baud_rate_gen:brg_inst|uart_tick ; 1.000        ; 0.001      ; 1.240      ;
; -0.203 ; uart_controller:uart_ctrl_inst|uart_tx:tx_inst|state.STOP     ; uart_controller:uart_ctrl_inst|uart_tx:tx_inst|timeout_cnt[1] ; uart_controller:uart_ctrl_inst|baud_rate_gen:brg_inst|uart_tick ; uart_controller:uart_ctrl_inst|baud_rate_gen:brg_inst|uart_tick ; 1.000        ; 0.001      ; 1.240      ;
; -0.203 ; uart_controller:uart_ctrl_inst|uart_tx:tx_inst|state.STOP     ; uart_controller:uart_ctrl_inst|uart_tx:tx_inst|timeout_cnt[2] ; uart_controller:uart_ctrl_inst|baud_rate_gen:brg_inst|uart_tick ; uart_controller:uart_ctrl_inst|baud_rate_gen:brg_inst|uart_tick ; 1.000        ; 0.001      ; 1.240      ;
; -0.203 ; uart_controller:uart_ctrl_inst|uart_tx:tx_inst|state.STOP     ; uart_controller:uart_ctrl_inst|uart_tx:tx_inst|timeout_cnt[3] ; uart_controller:uart_ctrl_inst|baud_rate_gen:brg_inst|uart_tick ; uart_controller:uart_ctrl_inst|baud_rate_gen:brg_inst|uart_tick ; 1.000        ; 0.001      ; 1.240      ;
; -0.203 ; uart_controller:uart_ctrl_inst|uart_tx:tx_inst|state.STOP     ; uart_controller:uart_ctrl_inst|uart_tx:tx_inst|timeout_cnt[4] ; uart_controller:uart_ctrl_inst|baud_rate_gen:brg_inst|uart_tick ; uart_controller:uart_ctrl_inst|baud_rate_gen:brg_inst|uart_tick ; 1.000        ; 0.001      ; 1.240      ;
; -0.203 ; uart_controller:uart_ctrl_inst|uart_tx:tx_inst|state.STOP     ; uart_controller:uart_ctrl_inst|uart_tx:tx_inst|timeout_cnt[5] ; uart_controller:uart_ctrl_inst|baud_rate_gen:brg_inst|uart_tick ; uart_controller:uart_ctrl_inst|baud_rate_gen:brg_inst|uart_tick ; 1.000        ; 0.001      ; 1.240      ;
; -0.203 ; uart_controller:uart_ctrl_inst|uart_tx:tx_inst|state.STOP     ; uart_controller:uart_ctrl_inst|uart_tx:tx_inst|timeout_cnt[6] ; uart_controller:uart_ctrl_inst|baud_rate_gen:brg_inst|uart_tick ; uart_controller:uart_ctrl_inst|baud_rate_gen:brg_inst|uart_tick ; 1.000        ; 0.001      ; 1.240      ;
; -0.203 ; uart_controller:uart_ctrl_inst|uart_tx:tx_inst|state.STOP     ; uart_controller:uart_ctrl_inst|uart_tx:tx_inst|timeout_cnt[7] ; uart_controller:uart_ctrl_inst|baud_rate_gen:brg_inst|uart_tick ; uart_controller:uart_ctrl_inst|baud_rate_gen:brg_inst|uart_tick ; 1.000        ; 0.001      ; 1.240      ;
; -0.080 ; uart_controller:uart_ctrl_inst|uart_tx:tx_inst|timeout_cnt[7] ; uart_controller:uart_ctrl_inst|uart_tx:tx_inst|timeout_cnt[7] ; uart_controller:uart_ctrl_inst|baud_rate_gen:brg_inst|uart_tick ; uart_controller:uart_ctrl_inst|baud_rate_gen:brg_inst|uart_tick ; 1.000        ; 0.000      ; 1.116      ;
; -0.075 ; uart_controller:uart_ctrl_inst|uart_tx:tx_inst|timeout_cnt[3] ; uart_controller:uart_ctrl_inst|uart_tx:tx_inst|timeout_cnt[3] ; uart_controller:uart_ctrl_inst|baud_rate_gen:brg_inst|uart_tick ; uart_controller:uart_ctrl_inst|baud_rate_gen:brg_inst|uart_tick ; 1.000        ; 0.000      ; 1.111      ;
; -0.074 ; uart_controller:uart_ctrl_inst|uart_tx:tx_inst|state.DATA     ; uart_controller:uart_ctrl_inst|uart_tx:tx_inst|tx_reg[1]      ; uart_controller:uart_ctrl_inst|baud_rate_gen:brg_inst|uart_tick ; uart_controller:uart_ctrl_inst|baud_rate_gen:brg_inst|uart_tick ; 1.000        ; 0.000      ; 1.110      ;
; -0.073 ; uart_controller:uart_ctrl_inst|uart_tx:tx_inst|state.DATA     ; uart_controller:uart_ctrl_inst|uart_tx:tx_inst|tx_reg[2]      ; uart_controller:uart_ctrl_inst|baud_rate_gen:brg_inst|uart_tick ; uart_controller:uart_ctrl_inst|baud_rate_gen:brg_inst|uart_tick ; 1.000        ; 0.000      ; 1.109      ;
+--------+---------------------------------------------------------------+---------------------------------------------------------------+-----------------------------------------------------------------+-----------------------------------------------------------------+--------------+------------+------------+


+-----------------------------------------------------------------------------------------------------------------------------------------------------------------------------------------------------------------------------+
; Slow Model Hold: 'CLOCK_50'                                                                                                                                                                                                 ;
+-------+-----------------------------------------------------------------------+-----------------------------------------------------------------------+--------------+-------------+--------------+------------+------------+
; Slack ; From Node                                                             ; To Node                                                               ; Launch Clock ; Latch Clock ; Relationship ; Clock Skew ; Data Delay ;
+-------+-----------------------------------------------------------------------+-----------------------------------------------------------------------+--------------+-------------+--------------+------------+------------+
; 0.391 ; uart_controller:uart_ctrl_inst|baud_rate_gen:brg_inst|ov_counter[1]   ; uart_controller:uart_ctrl_inst|baud_rate_gen:brg_inst|ov_counter[1]   ; CLOCK_50     ; CLOCK_50    ; 0.000        ; 0.000      ; 0.657      ;
; 0.391 ; uart_rx_packet_new:packet_inst|byte_cnt[3]                            ; uart_rx_packet_new:packet_inst|byte_cnt[3]                            ; CLOCK_50     ; CLOCK_50    ; 0.000        ; 0.000      ; 0.657      ;
; 0.391 ; uart_rx_packet_new:packet_inst|byte_cnt[1]                            ; uart_rx_packet_new:packet_inst|byte_cnt[1]                            ; CLOCK_50     ; CLOCK_50    ; 0.000        ; 0.000      ; 0.657      ;
; 0.391 ; uart_rx_packet_new:packet_inst|byte_cnt[2]                            ; uart_rx_packet_new:packet_inst|byte_cnt[2]                            ; CLOCK_50     ; CLOCK_50    ; 0.000        ; 0.000      ; 0.657      ;
; 0.391 ; uart_rx_packet_new:packet_inst|byte_cnt[5]                            ; uart_rx_packet_new:packet_inst|byte_cnt[5]                            ; CLOCK_50     ; CLOCK_50    ; 0.000        ; 0.000      ; 0.657      ;
; 0.391 ; uart_rx_packet_new:packet_inst|byte_cnt[6]                            ; uart_rx_packet_new:packet_inst|byte_cnt[6]                            ; CLOCK_50     ; CLOCK_50    ; 0.000        ; 0.000      ; 0.657      ;
; 0.391 ; uart_rx_packet_new:packet_inst|byte_cnt[7]                            ; uart_rx_packet_new:packet_inst|byte_cnt[7]                            ; CLOCK_50     ; CLOCK_50    ; 0.000        ; 0.000      ; 0.657      ;
; 0.391 ; uart_rx_packet_new:packet_inst|crc[4]                                 ; uart_rx_packet_new:packet_inst|crc[4]                                 ; CLOCK_50     ; CLOCK_50    ; 0.000        ; 0.000      ; 0.657      ;
; 0.391 ; uart_rx_packet_new:packet_inst|crc[6]                                 ; uart_rx_packet_new:packet_inst|crc[6]                                 ; CLOCK_50     ; CLOCK_50    ; 0.000        ; 0.000      ; 0.657      ;
; 0.391 ; uart_rx_packet_new:packet_inst|crc[0]                                 ; uart_rx_packet_new:packet_inst|crc[0]                                 ; CLOCK_50     ; CLOCK_50    ; 0.000        ; 0.000      ; 0.657      ;
; 0.391 ; uart_rx_packet_new:packet_inst|crc[2]                                 ; uart_rx_packet_new:packet_inst|crc[2]                                 ; CLOCK_50     ; CLOCK_50    ; 0.000        ; 0.000      ; 0.657      ;
; 0.391 ; uart_rx_packet_new:packet_inst|state.REC_CRC8                         ; uart_rx_packet_new:packet_inst|state.REC_CRC8                         ; CLOCK_50     ; CLOCK_50    ; 0.000        ; 0.000      ; 0.657      ;
; 0.391 ; uart_rx_packet_new:packet_inst|byte_cnt[0]                            ; uart_rx_packet_new:packet_inst|byte_cnt[0]                            ; CLOCK_50     ; CLOCK_50    ; 0.000        ; 0.000      ; 0.657      ;
; 0.391 ; uart_rx_packet_new:packet_inst|byte_cnt[4]                            ; uart_rx_packet_new:packet_inst|byte_cnt[4]                            ; CLOCK_50     ; CLOCK_50    ; 0.000        ; 0.000      ; 0.657      ;
; 0.391 ; uart_rx_packet_new:packet_inst|state.DATA                             ; uart_rx_packet_new:packet_inst|state.DATA                             ; CLOCK_50     ; CLOCK_50    ; 0.000        ; 0.000      ; 0.657      ;
; 0.391 ; uart_rx_packet_new:packet_inst|state.WAIT_SEND                        ; uart_rx_packet_new:packet_inst|state.WAIT_SEND                        ; CLOCK_50     ; CLOCK_50    ; 0.000        ; 0.000      ; 0.657      ;
; 0.391 ; uart_rx_packet_new:packet_inst|state.NACK                             ; uart_rx_packet_new:packet_inst|state.NACK                             ; CLOCK_50     ; CLOCK_50    ; 0.000        ; 0.000      ; 0.657      ;
; 0.391 ; uart_controller:uart_ctrl_inst|baud_rate_gen:brg_inst|uart_counter[0] ; uart_controller:uart_ctrl_inst|baud_rate_gen:brg_inst|uart_counter[0] ; CLOCK_50     ; CLOCK_50    ; 0.000        ; 0.000      ; 0.657      ;
; 0.391 ; uart_controller:uart_ctrl_inst|baud_rate_gen:brg_inst|uart_counter[1] ; uart_controller:uart_ctrl_inst|baud_rate_gen:brg_inst|uart_counter[1] ; CLOCK_50     ; CLOCK_50    ; 0.000        ; 0.000      ; 0.657      ;
; 0.391 ; uart_controller:uart_ctrl_inst|baud_rate_gen:brg_inst|uart_counter[2] ; uart_controller:uart_ctrl_inst|baud_rate_gen:brg_inst|uart_counter[2] ; CLOCK_50     ; CLOCK_50    ; 0.000        ; 0.000      ; 0.657      ;
; 0.391 ; sram_packet_writer:sram_writer_inst|current_state.FINISH              ; sram_packet_writer:sram_writer_inst|current_state.FINISH              ; CLOCK_50     ; CLOCK_50    ; 0.000        ; 0.000      ; 0.657      ;
; 0.391 ; sram_packet_writer:sram_writer_inst|packet_cnt[0]                     ; sram_packet_writer:sram_writer_inst|packet_cnt[0]                     ; CLOCK_50     ; CLOCK_50    ; 0.000        ; 0.000      ; 0.657      ;
; 0.391 ; sram_packet_writer:sram_writer_inst|current_state.IDLE                ; sram_packet_writer:sram_writer_inst|current_state.IDLE                ; CLOCK_50     ; CLOCK_50    ; 0.000        ; 0.000      ; 0.657      ;
; 0.391 ; packet_cnt[0]                                                         ; packet_cnt[0]                                                         ; CLOCK_50     ; CLOCK_50    ; 0.000        ; 0.000      ; 0.657      ;
; 0.531 ; uart_rx_packet_new:packet_inst|timeout_cnt[31]                        ; uart_rx_packet_new:packet_inst|timeout_cnt[31]                        ; CLOCK_50     ; CLOCK_50    ; 0.000        ; 0.000      ; 0.797      ;
; 0.531 ; packet_cnt[11]                                                        ; packet_cnt[11]                                                        ; CLOCK_50     ; CLOCK_50    ; 0.000        ; 0.000      ; 0.797      ;
; 0.537 ; uart_rx_packet_new:packet_inst|byte_cnt[6]                            ; uart_rx_packet_new:packet_inst|buffer_rtl_0_bypass[13]                ; CLOCK_50     ; CLOCK_50    ; 0.000        ; 0.000      ; 0.803      ;
; 0.539 ; sram_packet_writer:sram_writer_inst|packet_cnt[9]                     ; sram_packet_writer:sram_writer_inst|packet_cnt[9]                     ; CLOCK_50     ; CLOCK_50    ; 0.000        ; 0.000      ; 0.805      ;
; 0.546 ; sram_packet_writer:sram_writer_inst|current_state.SRAM_WRITE          ; sram_packet_writer:sram_writer_inst|current_state.UPDATE              ; CLOCK_50     ; CLOCK_50    ; 0.000        ; 0.000      ; 0.812      ;
; 0.546 ; sram_packet_writer:sram_writer_inst|current_state.SRAM_WRITE          ; sram_packet_writer:sram_writer_inst|current_state.WRITE_DATA_1        ; CLOCK_50     ; CLOCK_50    ; 0.000        ; 0.000      ; 0.812      ;
; 0.661 ; uart_controller:uart_ctrl_inst|baud_rate_gen:brg_inst|uart_counter[2] ; uart_controller:uart_ctrl_inst|baud_rate_gen:brg_inst|uart_tick       ; CLOCK_50     ; CLOCK_50    ; 0.000        ; 0.000      ; 0.927      ;
; 0.682 ; uart_controller:uart_ctrl_inst|baud_rate_gen:brg_inst|ov_counter[1]   ; uart_controller:uart_ctrl_inst|baud_rate_gen:brg_inst|ov_counter[5]   ; CLOCK_50     ; CLOCK_50    ; 0.000        ; 0.000      ; 0.948      ;
; 0.690 ; uart_controller:uart_ctrl_inst|baud_rate_gen:brg_inst|ov_counter[1]   ; uart_controller:uart_ctrl_inst|baud_rate_gen:brg_inst|ov_tick         ; CLOCK_50     ; CLOCK_50    ; 0.000        ; 0.000      ; 0.956      ;
; 0.703 ; sram_packet_writer:sram_writer_inst|current_state.WRITE_DATA_2        ; sram_packet_writer:sram_writer_inst|current_state.SRAM_WRITE          ; CLOCK_50     ; CLOCK_50    ; 0.000        ; 0.000      ; 0.969      ;
; 0.709 ; sram_packet_writer:sram_writer_inst|word_index[0]                     ; sram_packet_writer:sram_writer_inst|addr_latch[0]                     ; CLOCK_50     ; CLOCK_50    ; 0.000        ; -0.002     ; 0.973      ;
; 0.712 ; sram_packet_writer:sram_writer_inst|word_index[6]                     ; sram_packet_writer:sram_writer_inst|addr_latch[6]                     ; CLOCK_50     ; CLOCK_50    ; 0.000        ; -0.002     ; 0.976      ;
; 0.724 ; uart_rx_packet_new:packet_inst|LEDR[16]                               ; packet_cnt[0]                                                         ; CLOCK_50     ; CLOCK_50    ; 0.000        ; 0.000      ; 0.990      ;
; 0.726 ; uart_rx_packet_new:packet_inst|LEDR[16]                               ; packet_valid_d                                                        ; CLOCK_50     ; CLOCK_50    ; 0.000        ; 0.000      ; 0.992      ;
; 0.777 ; uart_controller:uart_ctrl_inst|baud_rate_gen:brg_inst|uart_counter[0] ; uart_controller:uart_ctrl_inst|baud_rate_gen:brg_inst|uart_tick       ; CLOCK_50     ; CLOCK_50    ; 0.000        ; 0.000      ; 1.043      ;
; 0.794 ; uart_rx_packet_new:packet_inst|crc[3]                                 ; uart_rx_packet_new:packet_inst|crc[5]                                 ; CLOCK_50     ; CLOCK_50    ; 0.000        ; 0.000      ; 1.060      ;
; 0.795 ; uart_rx_packet_new:packet_inst|timeout_cnt[16]                        ; uart_rx_packet_new:packet_inst|timeout_cnt[16]                        ; CLOCK_50     ; CLOCK_50    ; 0.000        ; 0.000      ; 1.061      ;
; 0.795 ; packet_cnt[3]                                                         ; packet_cnt[3]                                                         ; CLOCK_50     ; CLOCK_50    ; 0.000        ; 0.000      ; 1.061      ;
; 0.801 ; packet_cnt[5]                                                         ; packet_cnt[5]                                                         ; CLOCK_50     ; CLOCK_50    ; 0.000        ; 0.000      ; 1.067      ;
; 0.802 ; packet_cnt[7]                                                         ; packet_cnt[7]                                                         ; CLOCK_50     ; CLOCK_50    ; 0.000        ; 0.000      ; 1.068      ;
; 0.804 ; sram_packet_writer:sram_writer_inst|word_index[6]                     ; sram_packet_writer:sram_writer_inst|word_index[6]                     ; CLOCK_50     ; CLOCK_50    ; 0.000        ; 0.000      ; 1.070      ;
; 0.805 ; uart_controller:uart_ctrl_inst|baud_rate_gen:brg_inst|ov_counter[3]   ; uart_controller:uart_ctrl_inst|baud_rate_gen:brg_inst|ov_counter[3]   ; CLOCK_50     ; CLOCK_50    ; 0.000        ; 0.000      ; 1.071      ;
; 0.805 ; uart_rx_packet_new:packet_inst|timeout_cnt[1]                         ; uart_rx_packet_new:packet_inst|timeout_cnt[1]                         ; CLOCK_50     ; CLOCK_50    ; 0.000        ; 0.000      ; 1.071      ;
; 0.805 ; uart_rx_packet_new:packet_inst|timeout_cnt[17]                        ; uart_rx_packet_new:packet_inst|timeout_cnt[17]                        ; CLOCK_50     ; CLOCK_50    ; 0.000        ; 0.000      ; 1.071      ;
; 0.805 ; uart_rx_packet_new:packet_inst|state.DATA                             ; uart_rx_packet_new:packet_inst|crc[0]                                 ; CLOCK_50     ; CLOCK_50    ; 0.000        ; 0.000      ; 1.071      ;
; 0.805 ; uart_controller:uart_ctrl_inst|baud_rate_gen:brg_inst|uart_counter[0] ; uart_controller:uart_ctrl_inst|baud_rate_gen:brg_inst|uart_counter[1] ; CLOCK_50     ; CLOCK_50    ; 0.000        ; 0.000      ; 1.071      ;
; 0.806 ; uart_rx_packet_new:packet_inst|timeout_cnt[2]                         ; uart_rx_packet_new:packet_inst|timeout_cnt[2]                         ; CLOCK_50     ; CLOCK_50    ; 0.000        ; 0.000      ; 1.072      ;
; 0.806 ; uart_rx_packet_new:packet_inst|timeout_cnt[4]                         ; uart_rx_packet_new:packet_inst|timeout_cnt[4]                         ; CLOCK_50     ; CLOCK_50    ; 0.000        ; 0.000      ; 1.072      ;
; 0.806 ; uart_rx_packet_new:packet_inst|timeout_cnt[7]                         ; uart_rx_packet_new:packet_inst|timeout_cnt[7]                         ; CLOCK_50     ; CLOCK_50    ; 0.000        ; 0.000      ; 1.072      ;
; 0.806 ; uart_rx_packet_new:packet_inst|timeout_cnt[9]                         ; uart_rx_packet_new:packet_inst|timeout_cnt[9]                         ; CLOCK_50     ; CLOCK_50    ; 0.000        ; 0.000      ; 1.072      ;
; 0.806 ; uart_rx_packet_new:packet_inst|timeout_cnt[11]                        ; uart_rx_packet_new:packet_inst|timeout_cnt[11]                        ; CLOCK_50     ; CLOCK_50    ; 0.000        ; 0.000      ; 1.072      ;
; 0.806 ; uart_rx_packet_new:packet_inst|timeout_cnt[13]                        ; uart_rx_packet_new:packet_inst|timeout_cnt[13]                        ; CLOCK_50     ; CLOCK_50    ; 0.000        ; 0.000      ; 1.072      ;
; 0.806 ; uart_rx_packet_new:packet_inst|timeout_cnt[14]                        ; uart_rx_packet_new:packet_inst|timeout_cnt[14]                        ; CLOCK_50     ; CLOCK_50    ; 0.000        ; 0.000      ; 1.072      ;
; 0.806 ; uart_rx_packet_new:packet_inst|timeout_cnt[15]                        ; uart_rx_packet_new:packet_inst|timeout_cnt[15]                        ; CLOCK_50     ; CLOCK_50    ; 0.000        ; 0.000      ; 1.072      ;
; 0.806 ; uart_rx_packet_new:packet_inst|timeout_cnt[18]                        ; uart_rx_packet_new:packet_inst|timeout_cnt[18]                        ; CLOCK_50     ; CLOCK_50    ; 0.000        ; 0.000      ; 1.072      ;
; 0.806 ; uart_rx_packet_new:packet_inst|timeout_cnt[20]                        ; uart_rx_packet_new:packet_inst|timeout_cnt[20]                        ; CLOCK_50     ; CLOCK_50    ; 0.000        ; 0.000      ; 1.072      ;
; 0.806 ; uart_rx_packet_new:packet_inst|timeout_cnt[23]                        ; uart_rx_packet_new:packet_inst|timeout_cnt[23]                        ; CLOCK_50     ; CLOCK_50    ; 0.000        ; 0.000      ; 1.072      ;
; 0.806 ; uart_rx_packet_new:packet_inst|timeout_cnt[25]                        ; uart_rx_packet_new:packet_inst|timeout_cnt[25]                        ; CLOCK_50     ; CLOCK_50    ; 0.000        ; 0.000      ; 1.072      ;
; 0.806 ; uart_rx_packet_new:packet_inst|timeout_cnt[27]                        ; uart_rx_packet_new:packet_inst|timeout_cnt[27]                        ; CLOCK_50     ; CLOCK_50    ; 0.000        ; 0.000      ; 1.072      ;
; 0.806 ; uart_rx_packet_new:packet_inst|timeout_cnt[29]                        ; uart_rx_packet_new:packet_inst|timeout_cnt[29]                        ; CLOCK_50     ; CLOCK_50    ; 0.000        ; 0.000      ; 1.072      ;
; 0.806 ; uart_rx_packet_new:packet_inst|timeout_cnt[30]                        ; uart_rx_packet_new:packet_inst|timeout_cnt[30]                        ; CLOCK_50     ; CLOCK_50    ; 0.000        ; 0.000      ; 1.072      ;
; 0.806 ; packet_cnt[9]                                                         ; packet_cnt[9]                                                         ; CLOCK_50     ; CLOCK_50    ; 0.000        ; 0.000      ; 1.072      ;
; 0.806 ; packet_cnt[10]                                                        ; packet_cnt[10]                                                        ; CLOCK_50     ; CLOCK_50    ; 0.000        ; 0.000      ; 1.072      ;
; 0.808 ; packet_valid_d                                                        ; packet_cnt[0]                                                         ; CLOCK_50     ; CLOCK_50    ; 0.000        ; 0.000      ; 1.074      ;
; 0.809 ; sram_packet_writer:sram_writer_inst|packet_cnt[1]                     ; sram_packet_writer:sram_writer_inst|packet_cnt[1]                     ; CLOCK_50     ; CLOCK_50    ; 0.000        ; 0.000      ; 1.075      ;
; 0.809 ; uart_controller:uart_ctrl_inst|baud_rate_gen:brg_inst|uart_counter[0] ; uart_controller:uart_ctrl_inst|baud_rate_gen:brg_inst|uart_counter[2] ; CLOCK_50     ; CLOCK_50    ; 0.000        ; 0.000      ; 1.075      ;
; 0.815 ; sram_packet_writer:sram_writer_inst|packet_cnt[3]                     ; sram_packet_writer:sram_writer_inst|packet_cnt[3]                     ; CLOCK_50     ; CLOCK_50    ; 0.000        ; 0.000      ; 1.081      ;
; 0.816 ; sram_packet_writer:sram_writer_inst|packet_cnt[5]                     ; sram_packet_writer:sram_writer_inst|packet_cnt[5]                     ; CLOCK_50     ; CLOCK_50    ; 0.000        ; 0.000      ; 1.082      ;
; 0.816 ; sram_packet_writer:sram_writer_inst|packet_cnt[7]                     ; sram_packet_writer:sram_writer_inst|packet_cnt[7]                     ; CLOCK_50     ; CLOCK_50    ; 0.000        ; 0.000      ; 1.082      ;
; 0.816 ; sram_packet_writer:sram_writer_inst|word_index[1]                     ; sram_packet_writer:sram_writer_inst|word_index[1]                     ; CLOCK_50     ; CLOCK_50    ; 0.000        ; 0.000      ; 1.082      ;
; 0.816 ; sram_packet_writer:sram_writer_inst|word_index[4]                     ; sram_packet_writer:sram_writer_inst|word_index[4]                     ; CLOCK_50     ; CLOCK_50    ; 0.000        ; 0.000      ; 1.082      ;
; 0.817 ; sram_packet_writer:sram_writer_inst|packet_cnt[8]                     ; sram_packet_writer:sram_writer_inst|packet_cnt[8]                     ; CLOCK_50     ; CLOCK_50    ; 0.000        ; 0.000      ; 1.083      ;
; 0.817 ; sram_packet_writer:sram_writer_inst|current_state.UPDATE              ; sram_packet_writer:sram_writer_inst|current_state.FINISH              ; CLOCK_50     ; CLOCK_50    ; 0.000        ; 0.000      ; 1.083      ;
; 0.818 ; sram_packet_writer:sram_writer_inst|current_state.UPDATE              ; sram_packet_writer:sram_writer_inst|current_state.IDLE                ; CLOCK_50     ; CLOCK_50    ; 0.000        ; 0.000      ; 1.084      ;
; 0.830 ; uart_controller:uart_ctrl_inst|baud_rate_gen:brg_inst|uart_counter[1] ; uart_controller:uart_ctrl_inst|baud_rate_gen:brg_inst|uart_tick       ; CLOCK_50     ; CLOCK_50    ; 0.000        ; 0.000      ; 1.096      ;
; 0.834 ; packet_cnt[1]                                                         ; packet_cnt[1]                                                         ; CLOCK_50     ; CLOCK_50    ; 0.000        ; 0.000      ; 1.100      ;
; 0.835 ; packet_cnt[2]                                                         ; packet_cnt[2]                                                         ; CLOCK_50     ; CLOCK_50    ; 0.000        ; 0.000      ; 1.101      ;
; 0.835 ; uart_rx_packet_new:packet_inst|state.CLEAR_CRC                        ; uart_rx_packet_new:packet_inst|state.REC_CRC8                         ; CLOCK_50     ; CLOCK_50    ; 0.000        ; 0.000      ; 1.101      ;
; 0.837 ; uart_controller:uart_ctrl_inst|baud_rate_gen:brg_inst|ov_counter[0]   ; uart_controller:uart_ctrl_inst|baud_rate_gen:brg_inst|ov_counter[0]   ; CLOCK_50     ; CLOCK_50    ; 0.000        ; 0.000      ; 1.103      ;
; 0.838 ; uart_rx_packet_new:packet_inst|timeout_cnt[3]                         ; uart_rx_packet_new:packet_inst|timeout_cnt[3]                         ; CLOCK_50     ; CLOCK_50    ; 0.000        ; 0.000      ; 1.104      ;
; 0.838 ; uart_rx_packet_new:packet_inst|timeout_cnt[8]                         ; uart_rx_packet_new:packet_inst|timeout_cnt[8]                         ; CLOCK_50     ; CLOCK_50    ; 0.000        ; 0.000      ; 1.104      ;
; 0.838 ; uart_rx_packet_new:packet_inst|timeout_cnt[10]                        ; uart_rx_packet_new:packet_inst|timeout_cnt[10]                        ; CLOCK_50     ; CLOCK_50    ; 0.000        ; 0.000      ; 1.104      ;
; 0.838 ; uart_rx_packet_new:packet_inst|timeout_cnt[12]                        ; uart_rx_packet_new:packet_inst|timeout_cnt[12]                        ; CLOCK_50     ; CLOCK_50    ; 0.000        ; 0.000      ; 1.104      ;
; 0.838 ; uart_rx_packet_new:packet_inst|timeout_cnt[19]                        ; uart_rx_packet_new:packet_inst|timeout_cnt[19]                        ; CLOCK_50     ; CLOCK_50    ; 0.000        ; 0.000      ; 1.104      ;
; 0.838 ; uart_rx_packet_new:packet_inst|timeout_cnt[24]                        ; uart_rx_packet_new:packet_inst|timeout_cnt[24]                        ; CLOCK_50     ; CLOCK_50    ; 0.000        ; 0.000      ; 1.104      ;
; 0.838 ; uart_rx_packet_new:packet_inst|timeout_cnt[26]                        ; uart_rx_packet_new:packet_inst|timeout_cnt[26]                        ; CLOCK_50     ; CLOCK_50    ; 0.000        ; 0.000      ; 1.104      ;
; 0.838 ; uart_rx_packet_new:packet_inst|timeout_cnt[28]                        ; uart_rx_packet_new:packet_inst|timeout_cnt[28]                        ; CLOCK_50     ; CLOCK_50    ; 0.000        ; 0.000      ; 1.104      ;
; 0.838 ; packet_cnt[4]                                                         ; packet_cnt[4]                                                         ; CLOCK_50     ; CLOCK_50    ; 0.000        ; 0.000      ; 1.104      ;
; 0.838 ; packet_cnt[6]                                                         ; packet_cnt[6]                                                         ; CLOCK_50     ; CLOCK_50    ; 0.000        ; 0.000      ; 1.104      ;
; 0.838 ; packet_cnt[8]                                                         ; packet_cnt[8]                                                         ; CLOCK_50     ; CLOCK_50    ; 0.000        ; 0.000      ; 1.104      ;
; 0.839 ; uart_rx_packet_new:packet_inst|timeout_cnt[5]                         ; uart_rx_packet_new:packet_inst|timeout_cnt[5]                         ; CLOCK_50     ; CLOCK_50    ; 0.000        ; 0.000      ; 1.105      ;
; 0.839 ; uart_rx_packet_new:packet_inst|timeout_cnt[6]                         ; uart_rx_packet_new:packet_inst|timeout_cnt[6]                         ; CLOCK_50     ; CLOCK_50    ; 0.000        ; 0.000      ; 1.105      ;
; 0.839 ; uart_rx_packet_new:packet_inst|timeout_cnt[21]                        ; uart_rx_packet_new:packet_inst|timeout_cnt[21]                        ; CLOCK_50     ; CLOCK_50    ; 0.000        ; 0.000      ; 1.105      ;
; 0.839 ; uart_rx_packet_new:packet_inst|timeout_cnt[22]                        ; uart_rx_packet_new:packet_inst|timeout_cnt[22]                        ; CLOCK_50     ; CLOCK_50    ; 0.000        ; 0.000      ; 1.105      ;
; 0.846 ; sram_packet_writer:sram_writer_inst|word_index[2]                     ; sram_packet_writer:sram_writer_inst|addr_latch[2]                     ; CLOCK_50     ; CLOCK_50    ; 0.000        ; -0.002     ; 1.110      ;
; 0.847 ; sram_packet_writer:sram_writer_inst|current_state.WRITE_DATA_1        ; sram_packet_writer:sram_writer_inst|current_state.WRITE_DATA_2        ; CLOCK_50     ; CLOCK_50    ; 0.000        ; 0.000      ; 1.113      ;
+-------+-----------------------------------------------------------------------+-----------------------------------------------------------------------+--------------+-------------+--------------+------------+------------+


+----------------------------------------------------------------------------------------------------------------------------------------------------------------------------------------------------------------------------------------------------------------------------------------------------------------------------+
; Slow Model Hold: 'uart_controller:uart_ctrl_inst|baud_rate_gen:brg_inst|ov_tick'                                                                                                                                                                                                                                           ;
+-------+---------------------------------------------------------------------+---------------------------------------------------------------------+---------------------------------------------------------------+---------------------------------------------------------------+--------------+------------+------------+
; Slack ; From Node                                                           ; To Node                                                             ; Launch Clock                                                  ; Latch Clock                                                   ; Relationship ; Clock Skew ; Data Delay ;
+-------+---------------------------------------------------------------------+---------------------------------------------------------------------+---------------------------------------------------------------+---------------------------------------------------------------+--------------+------------+------------+
; 0.391 ; uart_controller:uart_ctrl_inst|uart_rx:rx_inst|bit_cnt[0]           ; uart_controller:uart_ctrl_inst|uart_rx:rx_inst|bit_cnt[0]           ; uart_controller:uart_ctrl_inst|baud_rate_gen:brg_inst|ov_tick ; uart_controller:uart_ctrl_inst|baud_rate_gen:brg_inst|ov_tick ; 0.000        ; 0.000      ; 0.657      ;
; 0.391 ; uart_controller:uart_ctrl_inst|uart_rx:rx_inst|bit_cnt[1]           ; uart_controller:uart_ctrl_inst|uart_rx:rx_inst|bit_cnt[1]           ; uart_controller:uart_ctrl_inst|baud_rate_gen:brg_inst|ov_tick ; uart_controller:uart_ctrl_inst|baud_rate_gen:brg_inst|ov_tick ; 0.000        ; 0.000      ; 0.657      ;
; 0.391 ; uart_controller:uart_ctrl_inst|uart_rx:rx_inst|samples[1]           ; uart_controller:uart_ctrl_inst|uart_rx:rx_inst|samples[1]           ; uart_controller:uart_ctrl_inst|baud_rate_gen:brg_inst|ov_tick ; uart_controller:uart_ctrl_inst|baud_rate_gen:brg_inst|ov_tick ; 0.000        ; 0.000      ; 0.657      ;
; 0.391 ; uart_controller:uart_ctrl_inst|uart_rx:rx_inst|samples[0]           ; uart_controller:uart_ctrl_inst|uart_rx:rx_inst|samples[0]           ; uart_controller:uart_ctrl_inst|baud_rate_gen:brg_inst|ov_tick ; uart_controller:uart_ctrl_inst|baud_rate_gen:brg_inst|ov_tick ; 0.000        ; 0.000      ; 0.657      ;
; 0.391 ; uart_controller:uart_ctrl_inst|uart_rx:rx_inst|samples[2]           ; uart_controller:uart_ctrl_inst|uart_rx:rx_inst|samples[2]           ; uart_controller:uart_ctrl_inst|baud_rate_gen:brg_inst|ov_tick ; uart_controller:uart_ctrl_inst|baud_rate_gen:brg_inst|ov_tick ; 0.000        ; 0.000      ; 0.657      ;
; 0.541 ; uart_controller:uart_ctrl_inst|uart_rx:rx_inst|valid_timeout_cnt[7] ; uart_controller:uart_ctrl_inst|uart_rx:rx_inst|valid_timeout_cnt[7] ; uart_controller:uart_ctrl_inst|baud_rate_gen:brg_inst|ov_tick ; uart_controller:uart_ctrl_inst|baud_rate_gen:brg_inst|ov_tick ; 0.000        ; 0.000      ; 0.807      ;
; 0.667 ; uart_controller:uart_ctrl_inst|uart_rx:rx_inst|rx_reg[6]            ; uart_controller:uart_ctrl_inst|uart_rx:rx_inst|rx_reg[5]            ; uart_controller:uart_ctrl_inst|baud_rate_gen:brg_inst|ov_tick ; uart_controller:uart_ctrl_inst|baud_rate_gen:brg_inst|ov_tick ; 0.000        ; 0.000      ; 0.933      ;
; 0.673 ; uart_controller:uart_ctrl_inst|uart_rx:rx_inst|rx_reg[7]            ; uart_controller:uart_ctrl_inst|uart_rx:rx_inst|rx_reg[6]            ; uart_controller:uart_ctrl_inst|baud_rate_gen:brg_inst|ov_tick ; uart_controller:uart_ctrl_inst|baud_rate_gen:brg_inst|ov_tick ; 0.000        ; 0.000      ; 0.939      ;
; 0.703 ; uart_controller:uart_ctrl_inst|uart_rx:rx_inst|rx_reg[5]            ; uart_controller:uart_ctrl_inst|uart_rx:rx_inst|rx_reg[4]            ; uart_controller:uart_ctrl_inst|baud_rate_gen:brg_inst|ov_tick ; uart_controller:uart_ctrl_inst|baud_rate_gen:brg_inst|ov_tick ; 0.000        ; 0.000      ; 0.969      ;
; 0.759 ; uart_controller:uart_ctrl_inst|uart_rx:rx_inst|state.IDLE           ; uart_controller:uart_ctrl_inst|uart_rx:rx_inst|state.START          ; uart_controller:uart_ctrl_inst|baud_rate_gen:brg_inst|ov_tick ; uart_controller:uart_ctrl_inst|baud_rate_gen:brg_inst|ov_tick ; 0.000        ; -0.002     ; 1.023      ;
; 0.799 ; uart_controller:uart_ctrl_inst|uart_rx:rx_inst|valid_timeout_cnt[0] ; uart_controller:uart_ctrl_inst|uart_rx:rx_inst|valid_timeout_cnt[0] ; uart_controller:uart_ctrl_inst|baud_rate_gen:brg_inst|ov_tick ; uart_controller:uart_ctrl_inst|baud_rate_gen:brg_inst|ov_tick ; 0.000        ; 0.000      ; 1.065      ;
; 0.809 ; uart_controller:uart_ctrl_inst|uart_rx:rx_inst|valid_timeout_cnt[2] ; uart_controller:uart_ctrl_inst|uart_rx:rx_inst|valid_timeout_cnt[2] ; uart_controller:uart_ctrl_inst|baud_rate_gen:brg_inst|ov_tick ; uart_controller:uart_ctrl_inst|baud_rate_gen:brg_inst|ov_tick ; 0.000        ; 0.000      ; 1.075      ;
; 0.809 ; uart_controller:uart_ctrl_inst|uart_rx:rx_inst|valid_timeout_cnt[4] ; uart_controller:uart_ctrl_inst|uart_rx:rx_inst|valid_timeout_cnt[4] ; uart_controller:uart_ctrl_inst|baud_rate_gen:brg_inst|ov_tick ; uart_controller:uart_ctrl_inst|baud_rate_gen:brg_inst|ov_tick ; 0.000        ; 0.000      ; 1.075      ;
; 0.816 ; uart_controller:uart_ctrl_inst|uart_rx:rx_inst|valid_timeout_cnt[6] ; uart_controller:uart_ctrl_inst|uart_rx:rx_inst|valid_timeout_cnt[6] ; uart_controller:uart_ctrl_inst|baud_rate_gen:brg_inst|ov_tick ; uart_controller:uart_ctrl_inst|baud_rate_gen:brg_inst|ov_tick ; 0.000        ; 0.000      ; 1.082      ;
; 0.818 ; uart_controller:uart_ctrl_inst|uart_rx:rx_inst|valid_timeout_cnt[6] ; uart_controller:uart_ctrl_inst|uart_rx:rx_inst|rx_valid             ; uart_controller:uart_ctrl_inst|baud_rate_gen:brg_inst|ov_tick ; uart_controller:uart_ctrl_inst|baud_rate_gen:brg_inst|ov_tick ; 0.000        ; 0.000      ; 1.084      ;
; 0.821 ; uart_controller:uart_ctrl_inst|uart_rx:rx_inst|rx_reg[6]            ; uart_controller:uart_ctrl_inst|uart_rx:rx_inst|data_out[6]          ; uart_controller:uart_ctrl_inst|baud_rate_gen:brg_inst|ov_tick ; uart_controller:uart_ctrl_inst|baud_rate_gen:brg_inst|ov_tick ; 0.000        ; 0.000      ; 1.087      ;
; 0.838 ; uart_controller:uart_ctrl_inst|uart_rx:rx_inst|valid_timeout_cnt[1] ; uart_controller:uart_ctrl_inst|uart_rx:rx_inst|valid_timeout_cnt[1] ; uart_controller:uart_ctrl_inst|baud_rate_gen:brg_inst|ov_tick ; uart_controller:uart_ctrl_inst|baud_rate_gen:brg_inst|ov_tick ; 0.000        ; 0.000      ; 1.104      ;
; 0.841 ; uart_controller:uart_ctrl_inst|uart_rx:rx_inst|valid_timeout_cnt[3] ; uart_controller:uart_ctrl_inst|uart_rx:rx_inst|valid_timeout_cnt[3] ; uart_controller:uart_ctrl_inst|baud_rate_gen:brg_inst|ov_tick ; uart_controller:uart_ctrl_inst|baud_rate_gen:brg_inst|ov_tick ; 0.000        ; 0.000      ; 1.107      ;
; 0.842 ; uart_controller:uart_ctrl_inst|uart_rx:rx_inst|valid_timeout_cnt[5] ; uart_controller:uart_ctrl_inst|uart_rx:rx_inst|valid_timeout_cnt[5] ; uart_controller:uart_ctrl_inst|baud_rate_gen:brg_inst|ov_tick ; uart_controller:uart_ctrl_inst|baud_rate_gen:brg_inst|ov_tick ; 0.000        ; 0.000      ; 1.108      ;
; 0.848 ; uart_controller:uart_ctrl_inst|uart_rx:rx_inst|rx_reg[4]            ; uart_controller:uart_ctrl_inst|uart_rx:rx_inst|rx_reg[3]            ; uart_controller:uart_ctrl_inst|baud_rate_gen:brg_inst|ov_tick ; uart_controller:uart_ctrl_inst|baud_rate_gen:brg_inst|ov_tick ; 0.000        ; 0.000      ; 1.114      ;
; 0.852 ; uart_controller:uart_ctrl_inst|uart_rx:rx_inst|rx_reg[0]            ; uart_controller:uart_ctrl_inst|uart_rx:rx_inst|data_out[0]          ; uart_controller:uart_ctrl_inst|baud_rate_gen:brg_inst|ov_tick ; uart_controller:uart_ctrl_inst|baud_rate_gen:brg_inst|ov_tick ; 0.000        ; 0.000      ; 1.118      ;
; 0.853 ; uart_controller:uart_ctrl_inst|uart_rx:rx_inst|rx_reg[3]            ; uart_controller:uart_ctrl_inst|uart_rx:rx_inst|rx_reg[2]            ; uart_controller:uart_ctrl_inst|baud_rate_gen:brg_inst|ov_tick ; uart_controller:uart_ctrl_inst|baud_rate_gen:brg_inst|ov_tick ; 0.000        ; 0.000      ; 1.119      ;
; 0.858 ; uart_controller:uart_ctrl_inst|uart_rx:rx_inst|rx_reg[4]            ; uart_controller:uart_ctrl_inst|uart_rx:rx_inst|data_out[4]          ; uart_controller:uart_ctrl_inst|baud_rate_gen:brg_inst|ov_tick ; uart_controller:uart_ctrl_inst|baud_rate_gen:brg_inst|ov_tick ; 0.000        ; 0.000      ; 1.124      ;
; 0.860 ; uart_controller:uart_ctrl_inst|uart_rx:rx_inst|rx_reg[2]            ; uart_controller:uart_ctrl_inst|uart_rx:rx_inst|rx_reg[1]            ; uart_controller:uart_ctrl_inst|baud_rate_gen:brg_inst|ov_tick ; uart_controller:uart_ctrl_inst|baud_rate_gen:brg_inst|ov_tick ; 0.000        ; 0.000      ; 1.126      ;
; 0.871 ; uart_controller:uart_ctrl_inst|uart_rx:rx_inst|rx_reg[5]            ; uart_controller:uart_ctrl_inst|uart_rx:rx_inst|data_out[5]          ; uart_controller:uart_ctrl_inst|baud_rate_gen:brg_inst|ov_tick ; uart_controller:uart_ctrl_inst|baud_rate_gen:brg_inst|ov_tick ; 0.000        ; 0.000      ; 1.137      ;
; 0.929 ; uart_controller:uart_ctrl_inst|uart_rx:rx_inst|tick_cnt[1]          ; uart_controller:uart_ctrl_inst|uart_rx:rx_inst|tick_cnt[2]          ; uart_controller:uart_ctrl_inst|baud_rate_gen:brg_inst|ov_tick ; uart_controller:uart_ctrl_inst|baud_rate_gen:brg_inst|ov_tick ; 0.000        ; 0.000      ; 1.195      ;
; 0.977 ; uart_controller:uart_ctrl_inst|uart_rx:rx_inst|state.DATA           ; uart_controller:uart_ctrl_inst|uart_rx:rx_inst|bit_cnt[2]           ; uart_controller:uart_ctrl_inst|baud_rate_gen:brg_inst|ov_tick ; uart_controller:uart_ctrl_inst|baud_rate_gen:brg_inst|ov_tick ; 0.000        ; 0.000      ; 1.243      ;
; 1.062 ; uart_controller:uart_ctrl_inst|uart_rx:rx_inst|state.START          ; uart_controller:uart_ctrl_inst|uart_rx:rx_inst|state.DATA           ; uart_controller:uart_ctrl_inst|baud_rate_gen:brg_inst|ov_tick ; uart_controller:uart_ctrl_inst|baud_rate_gen:brg_inst|ov_tick ; 0.000        ; 0.002      ; 1.330      ;
; 1.068 ; uart_controller:uart_ctrl_inst|uart_rx:rx_inst|valid_timeout_cnt[4] ; uart_controller:uart_ctrl_inst|uart_rx:rx_inst|rx_valid             ; uart_controller:uart_ctrl_inst|baud_rate_gen:brg_inst|ov_tick ; uart_controller:uart_ctrl_inst|baud_rate_gen:brg_inst|ov_tick ; 0.000        ; 0.000      ; 1.334      ;
; 1.082 ; uart_controller:uart_ctrl_inst|uart_rx:rx_inst|state.IDLE           ; uart_controller:uart_ctrl_inst|uart_rx:rx_inst|tick_cnt[2]          ; uart_controller:uart_ctrl_inst|baud_rate_gen:brg_inst|ov_tick ; uart_controller:uart_ctrl_inst|baud_rate_gen:brg_inst|ov_tick ; 0.000        ; 0.000      ; 1.348      ;
; 1.119 ; uart_controller:uart_ctrl_inst|uart_rx:rx_inst|state.DATA           ; uart_controller:uart_ctrl_inst|uart_rx:rx_inst|state.STOP           ; uart_controller:uart_ctrl_inst|baud_rate_gen:brg_inst|ov_tick ; uart_controller:uart_ctrl_inst|baud_rate_gen:brg_inst|ov_tick ; 0.000        ; -0.002     ; 1.383      ;
; 1.141 ; uart_controller:uart_ctrl_inst|uart_rx:rx_inst|state.START          ; uart_controller:uart_ctrl_inst|uart_rx:rx_inst|bit_cnt[0]           ; uart_controller:uart_ctrl_inst|baud_rate_gen:brg_inst|ov_tick ; uart_controller:uart_ctrl_inst|baud_rate_gen:brg_inst|ov_tick ; 0.000        ; 0.002      ; 1.409      ;
; 1.192 ; uart_controller:uart_ctrl_inst|uart_rx:rx_inst|valid_timeout_cnt[2] ; uart_controller:uart_ctrl_inst|uart_rx:rx_inst|valid_timeout_cnt[3] ; uart_controller:uart_ctrl_inst|baud_rate_gen:brg_inst|ov_tick ; uart_controller:uart_ctrl_inst|baud_rate_gen:brg_inst|ov_tick ; 0.000        ; 0.000      ; 1.458      ;
; 1.192 ; uart_controller:uart_ctrl_inst|uart_rx:rx_inst|valid_timeout_cnt[4] ; uart_controller:uart_ctrl_inst|uart_rx:rx_inst|valid_timeout_cnt[5] ; uart_controller:uart_ctrl_inst|baud_rate_gen:brg_inst|ov_tick ; uart_controller:uart_ctrl_inst|baud_rate_gen:brg_inst|ov_tick ; 0.000        ; 0.000      ; 1.458      ;
; 1.199 ; uart_controller:uart_ctrl_inst|uart_rx:rx_inst|valid_timeout_cnt[6] ; uart_controller:uart_ctrl_inst|uart_rx:rx_inst|valid_timeout_cnt[7] ; uart_controller:uart_ctrl_inst|baud_rate_gen:brg_inst|ov_tick ; uart_controller:uart_ctrl_inst|baud_rate_gen:brg_inst|ov_tick ; 0.000        ; 0.000      ; 1.465      ;
; 1.201 ; uart_controller:uart_ctrl_inst|uart_rx:rx_inst|valid_timeout_cnt[3] ; uart_controller:uart_ctrl_inst|uart_rx:rx_inst|rx_valid             ; uart_controller:uart_ctrl_inst|baud_rate_gen:brg_inst|ov_tick ; uart_controller:uart_ctrl_inst|baud_rate_gen:brg_inst|ov_tick ; 0.000        ; 0.000      ; 1.467      ;
; 1.214 ; uart_controller:uart_ctrl_inst|uart_rx:rx_inst|valid_timeout_cnt[6] ; uart_controller:uart_ctrl_inst|uart_rx:rx_inst|valid_timeout_cnt[0] ; uart_controller:uart_ctrl_inst|baud_rate_gen:brg_inst|ov_tick ; uart_controller:uart_ctrl_inst|baud_rate_gen:brg_inst|ov_tick ; 0.000        ; 0.000      ; 1.480      ;
; 1.214 ; uart_controller:uart_ctrl_inst|uart_rx:rx_inst|valid_timeout_cnt[6] ; uart_controller:uart_ctrl_inst|uart_rx:rx_inst|valid_timeout_cnt[1] ; uart_controller:uart_ctrl_inst|baud_rate_gen:brg_inst|ov_tick ; uart_controller:uart_ctrl_inst|baud_rate_gen:brg_inst|ov_tick ; 0.000        ; 0.000      ; 1.480      ;
; 1.214 ; uart_controller:uart_ctrl_inst|uart_rx:rx_inst|valid_timeout_cnt[6] ; uart_controller:uart_ctrl_inst|uart_rx:rx_inst|valid_timeout_cnt[2] ; uart_controller:uart_ctrl_inst|baud_rate_gen:brg_inst|ov_tick ; uart_controller:uart_ctrl_inst|baud_rate_gen:brg_inst|ov_tick ; 0.000        ; 0.000      ; 1.480      ;
; 1.214 ; uart_controller:uart_ctrl_inst|uart_rx:rx_inst|valid_timeout_cnt[6] ; uart_controller:uart_ctrl_inst|uart_rx:rx_inst|valid_timeout_cnt[3] ; uart_controller:uart_ctrl_inst|baud_rate_gen:brg_inst|ov_tick ; uart_controller:uart_ctrl_inst|baud_rate_gen:brg_inst|ov_tick ; 0.000        ; 0.000      ; 1.480      ;
; 1.214 ; uart_controller:uart_ctrl_inst|uart_rx:rx_inst|valid_timeout_cnt[6] ; uart_controller:uart_ctrl_inst|uart_rx:rx_inst|valid_timeout_cnt[5] ; uart_controller:uart_ctrl_inst|baud_rate_gen:brg_inst|ov_tick ; uart_controller:uart_ctrl_inst|baud_rate_gen:brg_inst|ov_tick ; 0.000        ; 0.000      ; 1.480      ;
; 1.214 ; uart_controller:uart_ctrl_inst|uart_rx:rx_inst|valid_timeout_cnt[6] ; uart_controller:uart_ctrl_inst|uart_rx:rx_inst|valid_timeout_cnt[4] ; uart_controller:uart_ctrl_inst|baud_rate_gen:brg_inst|ov_tick ; uart_controller:uart_ctrl_inst|baud_rate_gen:brg_inst|ov_tick ; 0.000        ; 0.000      ; 1.480      ;
; 1.224 ; uart_controller:uart_ctrl_inst|uart_rx:rx_inst|valid_timeout_cnt[1] ; uart_controller:uart_ctrl_inst|uart_rx:rx_inst|valid_timeout_cnt[2] ; uart_controller:uart_ctrl_inst|baud_rate_gen:brg_inst|ov_tick ; uart_controller:uart_ctrl_inst|baud_rate_gen:brg_inst|ov_tick ; 0.000        ; 0.000      ; 1.490      ;
; 1.227 ; uart_controller:uart_ctrl_inst|uart_rx:rx_inst|valid_timeout_cnt[3] ; uart_controller:uart_ctrl_inst|uart_rx:rx_inst|valid_timeout_cnt[4] ; uart_controller:uart_ctrl_inst|baud_rate_gen:brg_inst|ov_tick ; uart_controller:uart_ctrl_inst|baud_rate_gen:brg_inst|ov_tick ; 0.000        ; 0.000      ; 1.493      ;
; 1.228 ; uart_controller:uart_ctrl_inst|uart_rx:rx_inst|valid_timeout_cnt[5] ; uart_controller:uart_ctrl_inst|uart_rx:rx_inst|valid_timeout_cnt[6] ; uart_controller:uart_ctrl_inst|baud_rate_gen:brg_inst|ov_tick ; uart_controller:uart_ctrl_inst|baud_rate_gen:brg_inst|ov_tick ; 0.000        ; 0.000      ; 1.494      ;
; 1.240 ; uart_controller:uart_ctrl_inst|uart_rx:rx_inst|state.STOP           ; uart_controller:uart_ctrl_inst|uart_rx:rx_inst|tick_cnt[2]          ; uart_controller:uart_ctrl_inst|baud_rate_gen:brg_inst|ov_tick ; uart_controller:uart_ctrl_inst|baud_rate_gen:brg_inst|ov_tick ; 0.000        ; 0.002      ; 1.508      ;
; 1.253 ; uart_controller:uart_ctrl_inst|uart_rx:rx_inst|tick_cnt[2]          ; uart_controller:uart_ctrl_inst|uart_rx:rx_inst|samples[0]           ; uart_controller:uart_ctrl_inst|baud_rate_gen:brg_inst|ov_tick ; uart_controller:uart_ctrl_inst|baud_rate_gen:brg_inst|ov_tick ; 0.000        ; 0.001      ; 1.520      ;
; 1.260 ; uart_controller:uart_ctrl_inst|uart_rx:rx_inst|valid_timeout_cnt[7] ; uart_controller:uart_ctrl_inst|uart_rx:rx_inst|rx_valid             ; uart_controller:uart_ctrl_inst|baud_rate_gen:brg_inst|ov_tick ; uart_controller:uart_ctrl_inst|baud_rate_gen:brg_inst|ov_tick ; 0.000        ; 0.000      ; 1.526      ;
; 1.263 ; uart_controller:uart_ctrl_inst|uart_rx:rx_inst|valid_timeout_cnt[2] ; uart_controller:uart_ctrl_inst|uart_rx:rx_inst|valid_timeout_cnt[4] ; uart_controller:uart_ctrl_inst|baud_rate_gen:brg_inst|ov_tick ; uart_controller:uart_ctrl_inst|baud_rate_gen:brg_inst|ov_tick ; 0.000        ; 0.000      ; 1.529      ;
; 1.263 ; uart_controller:uart_ctrl_inst|uart_rx:rx_inst|valid_timeout_cnt[4] ; uart_controller:uart_ctrl_inst|uart_rx:rx_inst|valid_timeout_cnt[6] ; uart_controller:uart_ctrl_inst|baud_rate_gen:brg_inst|ov_tick ; uart_controller:uart_ctrl_inst|baud_rate_gen:brg_inst|ov_tick ; 0.000        ; 0.000      ; 1.529      ;
; 1.274 ; uart_controller:uart_ctrl_inst|uart_rx:rx_inst|valid_timeout_cnt[0] ; uart_controller:uart_ctrl_inst|uart_rx:rx_inst|valid_timeout_cnt[1] ; uart_controller:uart_ctrl_inst|baud_rate_gen:brg_inst|ov_tick ; uart_controller:uart_ctrl_inst|baud_rate_gen:brg_inst|ov_tick ; 0.000        ; 0.000      ; 1.540      ;
; 1.295 ; uart_controller:uart_ctrl_inst|uart_rx:rx_inst|valid_timeout_cnt[1] ; uart_controller:uart_ctrl_inst|uart_rx:rx_inst|valid_timeout_cnt[3] ; uart_controller:uart_ctrl_inst|baud_rate_gen:brg_inst|ov_tick ; uart_controller:uart_ctrl_inst|baud_rate_gen:brg_inst|ov_tick ; 0.000        ; 0.000      ; 1.561      ;
; 1.298 ; uart_controller:uart_ctrl_inst|uart_rx:rx_inst|valid_timeout_cnt[3] ; uart_controller:uart_ctrl_inst|uart_rx:rx_inst|valid_timeout_cnt[5] ; uart_controller:uart_ctrl_inst|baud_rate_gen:brg_inst|ov_tick ; uart_controller:uart_ctrl_inst|baud_rate_gen:brg_inst|ov_tick ; 0.000        ; 0.000      ; 1.564      ;
; 1.299 ; uart_controller:uart_ctrl_inst|uart_rx:rx_inst|valid_timeout_cnt[5] ; uart_controller:uart_ctrl_inst|uart_rx:rx_inst|valid_timeout_cnt[7] ; uart_controller:uart_ctrl_inst|baud_rate_gen:brg_inst|ov_tick ; uart_controller:uart_ctrl_inst|baud_rate_gen:brg_inst|ov_tick ; 0.000        ; 0.000      ; 1.565      ;
; 1.334 ; uart_controller:uart_ctrl_inst|uart_rx:rx_inst|valid_timeout_cnt[2] ; uart_controller:uart_ctrl_inst|uart_rx:rx_inst|valid_timeout_cnt[5] ; uart_controller:uart_ctrl_inst|baud_rate_gen:brg_inst|ov_tick ; uart_controller:uart_ctrl_inst|baud_rate_gen:brg_inst|ov_tick ; 0.000        ; 0.000      ; 1.600      ;
; 1.334 ; uart_controller:uart_ctrl_inst|uart_rx:rx_inst|valid_timeout_cnt[4] ; uart_controller:uart_ctrl_inst|uart_rx:rx_inst|valid_timeout_cnt[7] ; uart_controller:uart_ctrl_inst|baud_rate_gen:brg_inst|ov_tick ; uart_controller:uart_ctrl_inst|baud_rate_gen:brg_inst|ov_tick ; 0.000        ; 0.000      ; 1.600      ;
; 1.337 ; uart_controller:uart_ctrl_inst|uart_rx:rx_inst|tick_cnt[0]          ; uart_controller:uart_ctrl_inst|uart_rx:rx_inst|tick_cnt[2]          ; uart_controller:uart_ctrl_inst|baud_rate_gen:brg_inst|ov_tick ; uart_controller:uart_ctrl_inst|baud_rate_gen:brg_inst|ov_tick ; 0.000        ; 0.000      ; 1.603      ;
; 1.340 ; uart_controller:uart_ctrl_inst|uart_rx:rx_inst|valid_timeout_cnt[2] ; uart_controller:uart_ctrl_inst|uart_rx:rx_inst|rx_valid             ; uart_controller:uart_ctrl_inst|baud_rate_gen:brg_inst|ov_tick ; uart_controller:uart_ctrl_inst|baud_rate_gen:brg_inst|ov_tick ; 0.000        ; 0.000      ; 1.606      ;
; 1.345 ; uart_controller:uart_ctrl_inst|uart_rx:rx_inst|rx_reg[1]            ; uart_controller:uart_ctrl_inst|uart_rx:rx_inst|rx_reg[0]            ; uart_controller:uart_ctrl_inst|baud_rate_gen:brg_inst|ov_tick ; uart_controller:uart_ctrl_inst|baud_rate_gen:brg_inst|ov_tick ; 0.000        ; 0.000      ; 1.611      ;
; 1.345 ; uart_controller:uart_ctrl_inst|uart_rx:rx_inst|valid_timeout_cnt[0] ; uart_controller:uart_ctrl_inst|uart_rx:rx_inst|valid_timeout_cnt[2] ; uart_controller:uart_ctrl_inst|baud_rate_gen:brg_inst|ov_tick ; uart_controller:uart_ctrl_inst|baud_rate_gen:brg_inst|ov_tick ; 0.000        ; 0.000      ; 1.611      ;
; 1.348 ; uart_controller:uart_ctrl_inst|uart_rx:rx_inst|state.DATA           ; uart_controller:uart_ctrl_inst|uart_rx:rx_inst|samples[0]           ; uart_controller:uart_ctrl_inst|baud_rate_gen:brg_inst|ov_tick ; uart_controller:uart_ctrl_inst|baud_rate_gen:brg_inst|ov_tick ; 0.000        ; 0.001      ; 1.615      ;
; 1.366 ; uart_controller:uart_ctrl_inst|uart_rx:rx_inst|valid_timeout_cnt[1] ; uart_controller:uart_ctrl_inst|uart_rx:rx_inst|valid_timeout_cnt[4] ; uart_controller:uart_ctrl_inst|baud_rate_gen:brg_inst|ov_tick ; uart_controller:uart_ctrl_inst|baud_rate_gen:brg_inst|ov_tick ; 0.000        ; 0.000      ; 1.632      ;
; 1.369 ; uart_controller:uart_ctrl_inst|uart_rx:rx_inst|valid_timeout_cnt[3] ; uart_controller:uart_ctrl_inst|uart_rx:rx_inst|valid_timeout_cnt[6] ; uart_controller:uart_ctrl_inst|baud_rate_gen:brg_inst|ov_tick ; uart_controller:uart_ctrl_inst|baud_rate_gen:brg_inst|ov_tick ; 0.000        ; 0.000      ; 1.635      ;
; 1.375 ; uart_controller:uart_ctrl_inst|uart_rx:rx_inst|valid_timeout_cnt[5] ; uart_controller:uart_ctrl_inst|uart_rx:rx_inst|rx_valid             ; uart_controller:uart_ctrl_inst|baud_rate_gen:brg_inst|ov_tick ; uart_controller:uart_ctrl_inst|baud_rate_gen:brg_inst|ov_tick ; 0.000        ; 0.000      ; 1.641      ;
; 1.375 ; uart_controller:uart_ctrl_inst|uart_rx:rx_inst|state.STOP           ; uart_controller:uart_ctrl_inst|uart_rx:rx_inst|bit_cnt[0]           ; uart_controller:uart_ctrl_inst|baud_rate_gen:brg_inst|ov_tick ; uart_controller:uart_ctrl_inst|baud_rate_gen:brg_inst|ov_tick ; 0.000        ; 0.002      ; 1.643      ;
; 1.400 ; uart_controller:uart_ctrl_inst|uart_rx:rx_inst|rx_reg[1]            ; uart_controller:uart_ctrl_inst|uart_rx:rx_inst|data_out[1]          ; uart_controller:uart_ctrl_inst|baud_rate_gen:brg_inst|ov_tick ; uart_controller:uart_ctrl_inst|baud_rate_gen:brg_inst|ov_tick ; 0.000        ; 0.000      ; 1.666      ;
; 1.405 ; uart_controller:uart_ctrl_inst|uart_rx:rx_inst|valid_timeout_cnt[2] ; uart_controller:uart_ctrl_inst|uart_rx:rx_inst|valid_timeout_cnt[6] ; uart_controller:uart_ctrl_inst|baud_rate_gen:brg_inst|ov_tick ; uart_controller:uart_ctrl_inst|baud_rate_gen:brg_inst|ov_tick ; 0.000        ; 0.000      ; 1.671      ;
; 1.416 ; uart_controller:uart_ctrl_inst|uart_rx:rx_inst|valid_timeout_cnt[0] ; uart_controller:uart_ctrl_inst|uart_rx:rx_inst|valid_timeout_cnt[3] ; uart_controller:uart_ctrl_inst|baud_rate_gen:brg_inst|ov_tick ; uart_controller:uart_ctrl_inst|baud_rate_gen:brg_inst|ov_tick ; 0.000        ; 0.000      ; 1.682      ;
; 1.437 ; uart_controller:uart_ctrl_inst|uart_rx:rx_inst|valid_timeout_cnt[1] ; uart_controller:uart_ctrl_inst|uart_rx:rx_inst|valid_timeout_cnt[5] ; uart_controller:uart_ctrl_inst|baud_rate_gen:brg_inst|ov_tick ; uart_controller:uart_ctrl_inst|baud_rate_gen:brg_inst|ov_tick ; 0.000        ; 0.000      ; 1.703      ;
; 1.438 ; uart_controller:uart_ctrl_inst|uart_rx:rx_inst|state.DATA           ; uart_controller:uart_ctrl_inst|uart_rx:rx_inst|tick_cnt[2]          ; uart_controller:uart_ctrl_inst|baud_rate_gen:brg_inst|ov_tick ; uart_controller:uart_ctrl_inst|baud_rate_gen:brg_inst|ov_tick ; 0.000        ; 0.000      ; 1.704      ;
; 1.439 ; uart_controller:uart_ctrl_inst|uart_rx:rx_inst|bit_cnt[2]           ; uart_controller:uart_ctrl_inst|uart_rx:rx_inst|bit_cnt[2]           ; uart_controller:uart_ctrl_inst|baud_rate_gen:brg_inst|ov_tick ; uart_controller:uart_ctrl_inst|baud_rate_gen:brg_inst|ov_tick ; 0.000        ; 0.000      ; 1.705      ;
; 1.440 ; uart_controller:uart_ctrl_inst|uart_rx:rx_inst|valid_timeout_cnt[3] ; uart_controller:uart_ctrl_inst|uart_rx:rx_inst|valid_timeout_cnt[7] ; uart_controller:uart_ctrl_inst|baud_rate_gen:brg_inst|ov_tick ; uart_controller:uart_ctrl_inst|baud_rate_gen:brg_inst|ov_tick ; 0.000        ; 0.000      ; 1.706      ;
; 1.449 ; uart_controller:uart_ctrl_inst|uart_rx:rx_inst|state.STOP           ; uart_controller:uart_ctrl_inst|uart_rx:rx_inst|state.IDLE           ; uart_controller:uart_ctrl_inst|baud_rate_gen:brg_inst|ov_tick ; uart_controller:uart_ctrl_inst|baud_rate_gen:brg_inst|ov_tick ; 0.000        ; 0.002      ; 1.717      ;
; 1.454 ; uart_controller:uart_ctrl_inst|uart_rx:rx_inst|tick_cnt[0]          ; uart_controller:uart_ctrl_inst|uart_rx:rx_inst|samples[1]           ; uart_controller:uart_ctrl_inst|baud_rate_gen:brg_inst|ov_tick ; uart_controller:uart_ctrl_inst|baud_rate_gen:brg_inst|ov_tick ; 0.000        ; 0.001      ; 1.721      ;
; 1.454 ; uart_controller:uart_ctrl_inst|uart_rx:rx_inst|tick_cnt[0]          ; uart_controller:uart_ctrl_inst|uart_rx:rx_inst|samples[2]           ; uart_controller:uart_ctrl_inst|baud_rate_gen:brg_inst|ov_tick ; uart_controller:uart_ctrl_inst|baud_rate_gen:brg_inst|ov_tick ; 0.000        ; 0.001      ; 1.721      ;
; 1.461 ; uart_controller:uart_ctrl_inst|uart_rx:rx_inst|tick_cnt[0]          ; uart_controller:uart_ctrl_inst|uart_rx:rx_inst|tick_cnt[1]          ; uart_controller:uart_ctrl_inst|baud_rate_gen:brg_inst|ov_tick ; uart_controller:uart_ctrl_inst|baud_rate_gen:brg_inst|ov_tick ; 0.000        ; 0.000      ; 1.727      ;
; 1.471 ; uart_controller:uart_ctrl_inst|uart_rx:rx_inst|tick_cnt[0]          ; uart_controller:uart_ctrl_inst|uart_rx:rx_inst|bit_cnt[0]           ; uart_controller:uart_ctrl_inst|baud_rate_gen:brg_inst|ov_tick ; uart_controller:uart_ctrl_inst|baud_rate_gen:brg_inst|ov_tick ; 0.000        ; 0.000      ; 1.737      ;
; 1.476 ; uart_controller:uart_ctrl_inst|uart_rx:rx_inst|valid_timeout_cnt[2] ; uart_controller:uart_ctrl_inst|uart_rx:rx_inst|valid_timeout_cnt[7] ; uart_controller:uart_ctrl_inst|baud_rate_gen:brg_inst|ov_tick ; uart_controller:uart_ctrl_inst|baud_rate_gen:brg_inst|ov_tick ; 0.000        ; 0.000      ; 1.742      ;
; 1.479 ; uart_controller:uart_ctrl_inst|uart_rx:rx_inst|tick_cnt[0]          ; uart_controller:uart_ctrl_inst|uart_rx:rx_inst|tick_cnt[0]          ; uart_controller:uart_ctrl_inst|baud_rate_gen:brg_inst|ov_tick ; uart_controller:uart_ctrl_inst|baud_rate_gen:brg_inst|ov_tick ; 0.000        ; 0.000      ; 1.745      ;
; 1.487 ; uart_controller:uart_ctrl_inst|uart_rx:rx_inst|valid_timeout_cnt[0] ; uart_controller:uart_ctrl_inst|uart_rx:rx_inst|valid_timeout_cnt[4] ; uart_controller:uart_ctrl_inst|baud_rate_gen:brg_inst|ov_tick ; uart_controller:uart_ctrl_inst|baud_rate_gen:brg_inst|ov_tick ; 0.000        ; 0.000      ; 1.753      ;
; 1.489 ; uart_controller:uart_ctrl_inst|uart_rx:rx_inst|valid_timeout_cnt[7] ; uart_controller:uart_ctrl_inst|uart_rx:rx_inst|valid_timeout_cnt[0] ; uart_controller:uart_ctrl_inst|baud_rate_gen:brg_inst|ov_tick ; uart_controller:uart_ctrl_inst|baud_rate_gen:brg_inst|ov_tick ; 0.000        ; 0.000      ; 1.755      ;
; 1.489 ; uart_controller:uart_ctrl_inst|uart_rx:rx_inst|valid_timeout_cnt[7] ; uart_controller:uart_ctrl_inst|uart_rx:rx_inst|valid_timeout_cnt[1] ; uart_controller:uart_ctrl_inst|baud_rate_gen:brg_inst|ov_tick ; uart_controller:uart_ctrl_inst|baud_rate_gen:brg_inst|ov_tick ; 0.000        ; 0.000      ; 1.755      ;
; 1.489 ; uart_controller:uart_ctrl_inst|uart_rx:rx_inst|valid_timeout_cnt[7] ; uart_controller:uart_ctrl_inst|uart_rx:rx_inst|valid_timeout_cnt[2] ; uart_controller:uart_ctrl_inst|baud_rate_gen:brg_inst|ov_tick ; uart_controller:uart_ctrl_inst|baud_rate_gen:brg_inst|ov_tick ; 0.000        ; 0.000      ; 1.755      ;
; 1.489 ; uart_controller:uart_ctrl_inst|uart_rx:rx_inst|valid_timeout_cnt[7] ; uart_controller:uart_ctrl_inst|uart_rx:rx_inst|valid_timeout_cnt[3] ; uart_controller:uart_ctrl_inst|baud_rate_gen:brg_inst|ov_tick ; uart_controller:uart_ctrl_inst|baud_rate_gen:brg_inst|ov_tick ; 0.000        ; 0.000      ; 1.755      ;
; 1.489 ; uart_controller:uart_ctrl_inst|uart_rx:rx_inst|valid_timeout_cnt[7] ; uart_controller:uart_ctrl_inst|uart_rx:rx_inst|valid_timeout_cnt[5] ; uart_controller:uart_ctrl_inst|baud_rate_gen:brg_inst|ov_tick ; uart_controller:uart_ctrl_inst|baud_rate_gen:brg_inst|ov_tick ; 0.000        ; 0.000      ; 1.755      ;
; 1.489 ; uart_controller:uart_ctrl_inst|uart_rx:rx_inst|valid_timeout_cnt[7] ; uart_controller:uart_ctrl_inst|uart_rx:rx_inst|valid_timeout_cnt[6] ; uart_controller:uart_ctrl_inst|baud_rate_gen:brg_inst|ov_tick ; uart_controller:uart_ctrl_inst|baud_rate_gen:brg_inst|ov_tick ; 0.000        ; 0.000      ; 1.755      ;
; 1.489 ; uart_controller:uart_ctrl_inst|uart_rx:rx_inst|valid_timeout_cnt[7] ; uart_controller:uart_ctrl_inst|uart_rx:rx_inst|valid_timeout_cnt[4] ; uart_controller:uart_ctrl_inst|baud_rate_gen:brg_inst|ov_tick ; uart_controller:uart_ctrl_inst|baud_rate_gen:brg_inst|ov_tick ; 0.000        ; 0.000      ; 1.755      ;
; 1.497 ; uart_controller:uart_ctrl_inst|uart_rx:rx_inst|bit_cnt[0]           ; uart_controller:uart_ctrl_inst|uart_rx:rx_inst|bit_cnt[1]           ; uart_controller:uart_ctrl_inst|baud_rate_gen:brg_inst|ov_tick ; uart_controller:uart_ctrl_inst|baud_rate_gen:brg_inst|ov_tick ; 0.000        ; 0.000      ; 1.763      ;
; 1.508 ; uart_controller:uart_ctrl_inst|uart_rx:rx_inst|valid_timeout_cnt[1] ; uart_controller:uart_ctrl_inst|uart_rx:rx_inst|valid_timeout_cnt[6] ; uart_controller:uart_ctrl_inst|baud_rate_gen:brg_inst|ov_tick ; uart_controller:uart_ctrl_inst|baud_rate_gen:brg_inst|ov_tick ; 0.000        ; 0.000      ; 1.774      ;
; 1.510 ; uart_controller:uart_ctrl_inst|uart_rx:rx_inst|tick_cnt[2]          ; uart_controller:uart_ctrl_inst|uart_rx:rx_inst|tick_cnt[2]          ; uart_controller:uart_ctrl_inst|baud_rate_gen:brg_inst|ov_tick ; uart_controller:uart_ctrl_inst|baud_rate_gen:brg_inst|ov_tick ; 0.000        ; 0.000      ; 1.776      ;
; 1.513 ; uart_controller:uart_ctrl_inst|uart_rx:rx_inst|tick_cnt[2]          ; uart_controller:uart_ctrl_inst|uart_rx:rx_inst|samples[1]           ; uart_controller:uart_ctrl_inst|baud_rate_gen:brg_inst|ov_tick ; uart_controller:uart_ctrl_inst|baud_rate_gen:brg_inst|ov_tick ; 0.000        ; 0.001      ; 1.780      ;
; 1.514 ; uart_controller:uart_ctrl_inst|uart_rx:rx_inst|tick_cnt[2]          ; uart_controller:uart_ctrl_inst|uart_rx:rx_inst|samples[2]           ; uart_controller:uart_ctrl_inst|baud_rate_gen:brg_inst|ov_tick ; uart_controller:uart_ctrl_inst|baud_rate_gen:brg_inst|ov_tick ; 0.000        ; 0.001      ; 1.781      ;
; 1.531 ; uart_controller:uart_ctrl_inst|uart_rx:rx_inst|rx_valid             ; uart_controller:uart_ctrl_inst|uart_rx:rx_inst|valid_timeout_cnt[0] ; uart_controller:uart_ctrl_inst|baud_rate_gen:brg_inst|ov_tick ; uart_controller:uart_ctrl_inst|baud_rate_gen:brg_inst|ov_tick ; 0.000        ; 0.000      ; 1.797      ;
; 1.531 ; uart_controller:uart_ctrl_inst|uart_rx:rx_inst|rx_valid             ; uart_controller:uart_ctrl_inst|uart_rx:rx_inst|valid_timeout_cnt[1] ; uart_controller:uart_ctrl_inst|baud_rate_gen:brg_inst|ov_tick ; uart_controller:uart_ctrl_inst|baud_rate_gen:brg_inst|ov_tick ; 0.000        ; 0.000      ; 1.797      ;
; 1.531 ; uart_controller:uart_ctrl_inst|uart_rx:rx_inst|rx_valid             ; uart_controller:uart_ctrl_inst|uart_rx:rx_inst|valid_timeout_cnt[2] ; uart_controller:uart_ctrl_inst|baud_rate_gen:brg_inst|ov_tick ; uart_controller:uart_ctrl_inst|baud_rate_gen:brg_inst|ov_tick ; 0.000        ; 0.000      ; 1.797      ;
; 1.531 ; uart_controller:uart_ctrl_inst|uart_rx:rx_inst|rx_valid             ; uart_controller:uart_ctrl_inst|uart_rx:rx_inst|valid_timeout_cnt[3] ; uart_controller:uart_ctrl_inst|baud_rate_gen:brg_inst|ov_tick ; uart_controller:uart_ctrl_inst|baud_rate_gen:brg_inst|ov_tick ; 0.000        ; 0.000      ; 1.797      ;
; 1.531 ; uart_controller:uart_ctrl_inst|uart_rx:rx_inst|rx_valid             ; uart_controller:uart_ctrl_inst|uart_rx:rx_inst|valid_timeout_cnt[5] ; uart_controller:uart_ctrl_inst|baud_rate_gen:brg_inst|ov_tick ; uart_controller:uart_ctrl_inst|baud_rate_gen:brg_inst|ov_tick ; 0.000        ; 0.000      ; 1.797      ;
; 1.531 ; uart_controller:uart_ctrl_inst|uart_rx:rx_inst|rx_valid             ; uart_controller:uart_ctrl_inst|uart_rx:rx_inst|valid_timeout_cnt[6] ; uart_controller:uart_ctrl_inst|baud_rate_gen:brg_inst|ov_tick ; uart_controller:uart_ctrl_inst|baud_rate_gen:brg_inst|ov_tick ; 0.000        ; 0.000      ; 1.797      ;
; 1.531 ; uart_controller:uart_ctrl_inst|uart_rx:rx_inst|rx_valid             ; uart_controller:uart_ctrl_inst|uart_rx:rx_inst|valid_timeout_cnt[7] ; uart_controller:uart_ctrl_inst|baud_rate_gen:brg_inst|ov_tick ; uart_controller:uart_ctrl_inst|baud_rate_gen:brg_inst|ov_tick ; 0.000        ; 0.000      ; 1.797      ;
; 1.531 ; uart_controller:uart_ctrl_inst|uart_rx:rx_inst|rx_valid             ; uart_controller:uart_ctrl_inst|uart_rx:rx_inst|valid_timeout_cnt[4] ; uart_controller:uart_ctrl_inst|baud_rate_gen:brg_inst|ov_tick ; uart_controller:uart_ctrl_inst|baud_rate_gen:brg_inst|ov_tick ; 0.000        ; 0.000      ; 1.797      ;
+-------+---------------------------------------------------------------------+---------------------------------------------------------------------+---------------------------------------------------------------+---------------------------------------------------------------+--------------+------------+------------+


+--------------------------------------------------------------------------------------------------------------------------------------------------------------------------------------------------------------------------------------------------------------------------------------------------------------------+
; Slow Model Hold: 'uart_controller:uart_ctrl_inst|baud_rate_gen:brg_inst|uart_tick'                                                                                                                                                                                                                                 ;
+-------+---------------------------------------------------------------+---------------------------------------------------------------+-----------------------------------------------------------------+-----------------------------------------------------------------+--------------+------------+------------+
; Slack ; From Node                                                     ; To Node                                                       ; Launch Clock                                                    ; Latch Clock                                                     ; Relationship ; Clock Skew ; Data Delay ;
+-------+---------------------------------------------------------------+---------------------------------------------------------------+-----------------------------------------------------------------+-----------------------------------------------------------------+--------------+------------+------------+
; 0.391 ; uart_controller:uart_ctrl_inst|uart_tx:tx_inst|state.DATA     ; uart_controller:uart_ctrl_inst|uart_tx:tx_inst|state.DATA     ; uart_controller:uart_ctrl_inst|baud_rate_gen:brg_inst|uart_tick ; uart_controller:uart_ctrl_inst|baud_rate_gen:brg_inst|uart_tick ; 0.000        ; 0.000      ; 0.657      ;
; 0.391 ; uart_controller:uart_ctrl_inst|uart_tx:tx_inst|bit_cnt[0]     ; uart_controller:uart_ctrl_inst|uart_tx:tx_inst|bit_cnt[0]     ; uart_controller:uart_ctrl_inst|baud_rate_gen:brg_inst|uart_tick ; uart_controller:uart_ctrl_inst|baud_rate_gen:brg_inst|uart_tick ; 0.000        ; 0.000      ; 0.657      ;
; 0.391 ; uart_controller:uart_ctrl_inst|uart_tx:tx_inst|bit_cnt[1]     ; uart_controller:uart_ctrl_inst|uart_tx:tx_inst|bit_cnt[1]     ; uart_controller:uart_ctrl_inst|baud_rate_gen:brg_inst|uart_tick ; uart_controller:uart_ctrl_inst|baud_rate_gen:brg_inst|uart_tick ; 0.000        ; 0.000      ; 0.657      ;
; 0.391 ; uart_controller:uart_ctrl_inst|uart_tx:tx_inst|bit_cnt[2]     ; uart_controller:uart_ctrl_inst|uart_tx:tx_inst|bit_cnt[2]     ; uart_controller:uart_ctrl_inst|baud_rate_gen:brg_inst|uart_tick ; uart_controller:uart_ctrl_inst|baud_rate_gen:brg_inst|uart_tick ; 0.000        ; 0.000      ; 0.657      ;
; 0.391 ; uart_controller:uart_ctrl_inst|uart_tx:tx_inst|state.IDLE     ; uart_controller:uart_ctrl_inst|uart_tx:tx_inst|state.IDLE     ; uart_controller:uart_ctrl_inst|baud_rate_gen:brg_inst|uart_tick ; uart_controller:uart_ctrl_inst|baud_rate_gen:brg_inst|uart_tick ; 0.000        ; 0.000      ; 0.657      ;
; 0.391 ; uart_controller:uart_ctrl_inst|uart_tx:tx_inst|tx_reg[4]      ; uart_controller:uart_ctrl_inst|uart_tx:tx_inst|tx_reg[4]      ; uart_controller:uart_ctrl_inst|baud_rate_gen:brg_inst|uart_tick ; uart_controller:uart_ctrl_inst|baud_rate_gen:brg_inst|uart_tick ; 0.000        ; 0.000      ; 0.657      ;
; 0.391 ; uart_controller:uart_ctrl_inst|uart_tx:tx_inst|tx_reg[3]      ; uart_controller:uart_ctrl_inst|uart_tx:tx_inst|tx_reg[3]      ; uart_controller:uart_ctrl_inst|baud_rate_gen:brg_inst|uart_tick ; uart_controller:uart_ctrl_inst|baud_rate_gen:brg_inst|uart_tick ; 0.000        ; 0.000      ; 0.657      ;
; 0.391 ; uart_controller:uart_ctrl_inst|uart_tx:tx_inst|tx_reg[2]      ; uart_controller:uart_ctrl_inst|uart_tx:tx_inst|tx_reg[2]      ; uart_controller:uart_ctrl_inst|baud_rate_gen:brg_inst|uart_tick ; uart_controller:uart_ctrl_inst|baud_rate_gen:brg_inst|uart_tick ; 0.000        ; 0.000      ; 0.657      ;
; 0.554 ; uart_controller:uart_ctrl_inst|uart_tx:tx_inst|state.STOP     ; uart_controller:uart_ctrl_inst|uart_tx:tx_inst|tx             ; uart_controller:uart_ctrl_inst|baud_rate_gen:brg_inst|uart_tick ; uart_controller:uart_ctrl_inst|baud_rate_gen:brg_inst|uart_tick ; 0.000        ; 0.000      ; 0.820      ;
; 0.555 ; uart_controller:uart_ctrl_inst|uart_tx:tx_inst|state.STOP     ; uart_controller:uart_ctrl_inst|uart_tx:tx_inst|bit_cnt[0]     ; uart_controller:uart_ctrl_inst|baud_rate_gen:brg_inst|uart_tick ; uart_controller:uart_ctrl_inst|baud_rate_gen:brg_inst|uart_tick ; 0.000        ; 0.000      ; 0.821      ;
; 0.555 ; uart_controller:uart_ctrl_inst|uart_tx:tx_inst|state.STOP     ; uart_controller:uart_ctrl_inst|uart_tx:tx_inst|bit_cnt[2]     ; uart_controller:uart_ctrl_inst|baud_rate_gen:brg_inst|uart_tick ; uart_controller:uart_ctrl_inst|baud_rate_gen:brg_inst|uart_tick ; 0.000        ; 0.000      ; 0.821      ;
; 0.659 ; uart_controller:uart_ctrl_inst|uart_tx:tx_inst|tx_reg[0]      ; uart_controller:uart_ctrl_inst|uart_tx:tx_inst|tx             ; uart_controller:uart_ctrl_inst|baud_rate_gen:brg_inst|uart_tick ; uart_controller:uart_ctrl_inst|baud_rate_gen:brg_inst|uart_tick ; 0.000        ; 0.000      ; 0.925      ;
; 0.795 ; uart_controller:uart_ctrl_inst|uart_tx:tx_inst|timeout_cnt[2] ; uart_controller:uart_ctrl_inst|uart_tx:tx_inst|timeout_cnt[2] ; uart_controller:uart_ctrl_inst|baud_rate_gen:brg_inst|uart_tick ; uart_controller:uart_ctrl_inst|baud_rate_gen:brg_inst|uart_tick ; 0.000        ; 0.000      ; 1.061      ;
; 0.810 ; uart_controller:uart_ctrl_inst|uart_tx:tx_inst|timeout_cnt[4] ; uart_controller:uart_ctrl_inst|uart_tx:tx_inst|timeout_cnt[4] ; uart_controller:uart_ctrl_inst|baud_rate_gen:brg_inst|uart_tick ; uart_controller:uart_ctrl_inst|baud_rate_gen:brg_inst|uart_tick ; 0.000        ; 0.000      ; 1.076      ;
; 0.814 ; uart_controller:uart_ctrl_inst|uart_tx:tx_inst|timeout_cnt[6] ; uart_controller:uart_ctrl_inst|uart_tx:tx_inst|timeout_cnt[6] ; uart_controller:uart_ctrl_inst|baud_rate_gen:brg_inst|uart_tick ; uart_controller:uart_ctrl_inst|baud_rate_gen:brg_inst|uart_tick ; 0.000        ; 0.000      ; 1.080      ;
; 0.824 ; uart_controller:uart_ctrl_inst|uart_tx:tx_inst|state.START    ; uart_controller:uart_ctrl_inst|uart_tx:tx_inst|bit_cnt[0]     ; uart_controller:uart_ctrl_inst|baud_rate_gen:brg_inst|uart_tick ; uart_controller:uart_ctrl_inst|baud_rate_gen:brg_inst|uart_tick ; 0.000        ; 0.000      ; 1.090      ;
; 0.824 ; uart_controller:uart_ctrl_inst|uart_tx:tx_inst|state.START    ; uart_controller:uart_ctrl_inst|uart_tx:tx_inst|bit_cnt[2]     ; uart_controller:uart_ctrl_inst|baud_rate_gen:brg_inst|uart_tick ; uart_controller:uart_ctrl_inst|baud_rate_gen:brg_inst|uart_tick ; 0.000        ; 0.000      ; 1.090      ;
; 0.826 ; uart_controller:uart_ctrl_inst|uart_tx:tx_inst|tx_reg[2]      ; uart_controller:uart_ctrl_inst|uart_tx:tx_inst|tx_reg[1]      ; uart_controller:uart_ctrl_inst|baud_rate_gen:brg_inst|uart_tick ; uart_controller:uart_ctrl_inst|baud_rate_gen:brg_inst|uart_tick ; 0.000        ; 0.000      ; 1.092      ;
; 0.828 ; uart_controller:uart_ctrl_inst|uart_tx:tx_inst|timeout_cnt[0] ; uart_controller:uart_ctrl_inst|uart_tx:tx_inst|timeout_cnt[0] ; uart_controller:uart_ctrl_inst|baud_rate_gen:brg_inst|uart_tick ; uart_controller:uart_ctrl_inst|baud_rate_gen:brg_inst|uart_tick ; 0.000        ; 0.000      ; 1.094      ;
; 0.828 ; uart_controller:uart_ctrl_inst|uart_tx:tx_inst|timeout_cnt[1] ; uart_controller:uart_ctrl_inst|uart_tx:tx_inst|timeout_cnt[1] ; uart_controller:uart_ctrl_inst|baud_rate_gen:brg_inst|uart_tick ; uart_controller:uart_ctrl_inst|baud_rate_gen:brg_inst|uart_tick ; 0.000        ; 0.000      ; 1.094      ;
; 0.829 ; uart_controller:uart_ctrl_inst|uart_tx:tx_inst|tx_reg[1]      ; uart_controller:uart_ctrl_inst|uart_tx:tx_inst|tx_reg[0]      ; uart_controller:uart_ctrl_inst|baud_rate_gen:brg_inst|uart_tick ; uart_controller:uart_ctrl_inst|baud_rate_gen:brg_inst|uart_tick ; 0.000        ; 0.000      ; 1.095      ;
; 0.835 ; uart_controller:uart_ctrl_inst|uart_tx:tx_inst|tx_reg[3]      ; uart_controller:uart_ctrl_inst|uart_tx:tx_inst|tx_reg[2]      ; uart_controller:uart_ctrl_inst|baud_rate_gen:brg_inst|uart_tick ; uart_controller:uart_ctrl_inst|baud_rate_gen:brg_inst|uart_tick ; 0.000        ; 0.000      ; 1.101      ;
; 0.842 ; uart_controller:uart_ctrl_inst|uart_tx:tx_inst|state.DATA     ; uart_controller:uart_ctrl_inst|uart_tx:tx_inst|tx_reg[0]      ; uart_controller:uart_ctrl_inst|baud_rate_gen:brg_inst|uart_tick ; uart_controller:uart_ctrl_inst|baud_rate_gen:brg_inst|uart_tick ; 0.000        ; 0.000      ; 1.108      ;
; 0.843 ; uart_controller:uart_ctrl_inst|uart_tx:tx_inst|state.DATA     ; uart_controller:uart_ctrl_inst|uart_tx:tx_inst|tx_reg[2]      ; uart_controller:uart_ctrl_inst|baud_rate_gen:brg_inst|uart_tick ; uart_controller:uart_ctrl_inst|baud_rate_gen:brg_inst|uart_tick ; 0.000        ; 0.000      ; 1.109      ;
; 0.844 ; uart_controller:uart_ctrl_inst|uart_tx:tx_inst|state.DATA     ; uart_controller:uart_ctrl_inst|uart_tx:tx_inst|tx_reg[1]      ; uart_controller:uart_ctrl_inst|baud_rate_gen:brg_inst|uart_tick ; uart_controller:uart_ctrl_inst|baud_rate_gen:brg_inst|uart_tick ; 0.000        ; 0.000      ; 1.110      ;
; 0.845 ; uart_controller:uart_ctrl_inst|uart_tx:tx_inst|timeout_cnt[3] ; uart_controller:uart_ctrl_inst|uart_tx:tx_inst|timeout_cnt[3] ; uart_controller:uart_ctrl_inst|baud_rate_gen:brg_inst|uart_tick ; uart_controller:uart_ctrl_inst|baud_rate_gen:brg_inst|uart_tick ; 0.000        ; 0.000      ; 1.111      ;
; 0.850 ; uart_controller:uart_ctrl_inst|uart_tx:tx_inst|timeout_cnt[7] ; uart_controller:uart_ctrl_inst|uart_tx:tx_inst|timeout_cnt[7] ; uart_controller:uart_ctrl_inst|baud_rate_gen:brg_inst|uart_tick ; uart_controller:uart_ctrl_inst|baud_rate_gen:brg_inst|uart_tick ; 0.000        ; 0.000      ; 1.116      ;
; 0.973 ; uart_controller:uart_ctrl_inst|uart_tx:tx_inst|state.STOP     ; uart_controller:uart_ctrl_inst|uart_tx:tx_inst|timeout_cnt[0] ; uart_controller:uart_ctrl_inst|baud_rate_gen:brg_inst|uart_tick ; uart_controller:uart_ctrl_inst|baud_rate_gen:brg_inst|uart_tick ; 0.000        ; 0.001      ; 1.240      ;
; 0.973 ; uart_controller:uart_ctrl_inst|uart_tx:tx_inst|state.STOP     ; uart_controller:uart_ctrl_inst|uart_tx:tx_inst|timeout_cnt[1] ; uart_controller:uart_ctrl_inst|baud_rate_gen:brg_inst|uart_tick ; uart_controller:uart_ctrl_inst|baud_rate_gen:brg_inst|uart_tick ; 0.000        ; 0.001      ; 1.240      ;
; 0.973 ; uart_controller:uart_ctrl_inst|uart_tx:tx_inst|state.STOP     ; uart_controller:uart_ctrl_inst|uart_tx:tx_inst|timeout_cnt[2] ; uart_controller:uart_ctrl_inst|baud_rate_gen:brg_inst|uart_tick ; uart_controller:uart_ctrl_inst|baud_rate_gen:brg_inst|uart_tick ; 0.000        ; 0.001      ; 1.240      ;
; 0.973 ; uart_controller:uart_ctrl_inst|uart_tx:tx_inst|state.STOP     ; uart_controller:uart_ctrl_inst|uart_tx:tx_inst|timeout_cnt[3] ; uart_controller:uart_ctrl_inst|baud_rate_gen:brg_inst|uart_tick ; uart_controller:uart_ctrl_inst|baud_rate_gen:brg_inst|uart_tick ; 0.000        ; 0.001      ; 1.240      ;
; 0.973 ; uart_controller:uart_ctrl_inst|uart_tx:tx_inst|state.STOP     ; uart_controller:uart_ctrl_inst|uart_tx:tx_inst|timeout_cnt[4] ; uart_controller:uart_ctrl_inst|baud_rate_gen:brg_inst|uart_tick ; uart_controller:uart_ctrl_inst|baud_rate_gen:brg_inst|uart_tick ; 0.000        ; 0.001      ; 1.240      ;
; 0.973 ; uart_controller:uart_ctrl_inst|uart_tx:tx_inst|state.STOP     ; uart_controller:uart_ctrl_inst|uart_tx:tx_inst|timeout_cnt[5] ; uart_controller:uart_ctrl_inst|baud_rate_gen:brg_inst|uart_tick ; uart_controller:uart_ctrl_inst|baud_rate_gen:brg_inst|uart_tick ; 0.000        ; 0.001      ; 1.240      ;
; 0.973 ; uart_controller:uart_ctrl_inst|uart_tx:tx_inst|state.STOP     ; uart_controller:uart_ctrl_inst|uart_tx:tx_inst|timeout_cnt[6] ; uart_controller:uart_ctrl_inst|baud_rate_gen:brg_inst|uart_tick ; uart_controller:uart_ctrl_inst|baud_rate_gen:brg_inst|uart_tick ; 0.000        ; 0.001      ; 1.240      ;
; 0.973 ; uart_controller:uart_ctrl_inst|uart_tx:tx_inst|state.STOP     ; uart_controller:uart_ctrl_inst|uart_tx:tx_inst|timeout_cnt[7] ; uart_controller:uart_ctrl_inst|baud_rate_gen:brg_inst|uart_tick ; uart_controller:uart_ctrl_inst|baud_rate_gen:brg_inst|uart_tick ; 0.000        ; 0.001      ; 1.240      ;
; 0.975 ; uart_controller:uart_ctrl_inst|uart_tx:tx_inst|tx_reg[4]      ; uart_controller:uart_ctrl_inst|uart_tx:tx_inst|tx_reg[3]      ; uart_controller:uart_ctrl_inst|baud_rate_gen:brg_inst|uart_tick ; uart_controller:uart_ctrl_inst|baud_rate_gen:brg_inst|uart_tick ; 0.000        ; -0.001     ; 1.240      ;
; 0.978 ; uart_controller:uart_ctrl_inst|uart_tx:tx_inst|timeout_cnt[5] ; uart_controller:uart_ctrl_inst|uart_tx:tx_inst|timeout_cnt[5] ; uart_controller:uart_ctrl_inst|baud_rate_gen:brg_inst|uart_tick ; uart_controller:uart_ctrl_inst|baud_rate_gen:brg_inst|uart_tick ; 0.000        ; 0.000      ; 1.244      ;
; 1.001 ; uart_controller:uart_ctrl_inst|uart_tx:tx_inst|bit_cnt[0]     ; uart_controller:uart_ctrl_inst|uart_tx:tx_inst|bit_cnt[1]     ; uart_controller:uart_ctrl_inst|baud_rate_gen:brg_inst|uart_tick ; uart_controller:uart_ctrl_inst|baud_rate_gen:brg_inst|uart_tick ; 0.000        ; 0.000      ; 1.267      ;
; 1.038 ; uart_controller:uart_ctrl_inst|uart_tx:tx_inst|state.DATA     ; uart_controller:uart_ctrl_inst|uart_tx:tx_inst|tx             ; uart_controller:uart_ctrl_inst|baud_rate_gen:brg_inst|uart_tick ; uart_controller:uart_ctrl_inst|baud_rate_gen:brg_inst|uart_tick ; 0.000        ; 0.000      ; 1.304      ;
; 1.040 ; uart_controller:uart_ctrl_inst|uart_tx:tx_inst|state.DATA     ; uart_controller:uart_ctrl_inst|uart_tx:tx_inst|bit_cnt[0]     ; uart_controller:uart_ctrl_inst|baud_rate_gen:brg_inst|uart_tick ; uart_controller:uart_ctrl_inst|baud_rate_gen:brg_inst|uart_tick ; 0.000        ; 0.000      ; 1.306      ;
; 1.040 ; uart_controller:uart_ctrl_inst|uart_tx:tx_inst|state.DATA     ; uart_controller:uart_ctrl_inst|uart_tx:tx_inst|bit_cnt[1]     ; uart_controller:uart_ctrl_inst|baud_rate_gen:brg_inst|uart_tick ; uart_controller:uart_ctrl_inst|baud_rate_gen:brg_inst|uart_tick ; 0.000        ; 0.000      ; 1.306      ;
; 1.041 ; uart_controller:uart_ctrl_inst|uart_tx:tx_inst|state.DATA     ; uart_controller:uart_ctrl_inst|uart_tx:tx_inst|tx_reg[3]      ; uart_controller:uart_ctrl_inst|baud_rate_gen:brg_inst|uart_tick ; uart_controller:uart_ctrl_inst|baud_rate_gen:brg_inst|uart_tick ; 0.000        ; 0.000      ; 1.307      ;
; 1.045 ; uart_rx_packet_new:packet_inst|tx_data[1]                     ; uart_controller:uart_ctrl_inst|uart_tx:tx_inst|tx_reg[1]      ; CLOCK_50                                                        ; uart_controller:uart_ctrl_inst|baud_rate_gen:brg_inst|uart_tick ; 0.000        ; -0.389     ; 0.922      ;
; 1.084 ; uart_controller:uart_ctrl_inst|uart_tx:tx_inst|bit_cnt[0]     ; uart_controller:uart_ctrl_inst|uart_tx:tx_inst|state.STOP     ; uart_controller:uart_ctrl_inst|baud_rate_gen:brg_inst|uart_tick ; uart_controller:uart_ctrl_inst|baud_rate_gen:brg_inst|uart_tick ; 0.000        ; 0.000      ; 1.350      ;
; 1.099 ; uart_rx_packet_new:packet_inst|tx_data[0]                     ; uart_controller:uart_ctrl_inst|uart_tx:tx_inst|tx_reg[0]      ; CLOCK_50                                                        ; uart_controller:uart_ctrl_inst|baud_rate_gen:brg_inst|uart_tick ; 0.000        ; -0.392     ; 0.973      ;
; 1.101 ; uart_rx_packet_new:packet_inst|LEDR[15]                       ; uart_controller:uart_ctrl_inst|uart_tx:tx_inst|state.START    ; CLOCK_50                                                        ; uart_controller:uart_ctrl_inst|baud_rate_gen:brg_inst|uart_tick ; 0.000        ; -0.389     ; 0.978      ;
; 1.102 ; uart_rx_packet_new:packet_inst|tx_data[0]                     ; uart_controller:uart_ctrl_inst|uart_tx:tx_inst|tx_reg[4]      ; CLOCK_50                                                        ; uart_controller:uart_ctrl_inst|baud_rate_gen:brg_inst|uart_tick ; 0.000        ; -0.391     ; 0.977      ;
; 1.139 ; uart_controller:uart_ctrl_inst|uart_tx:tx_inst|state.STOP     ; uart_controller:uart_ctrl_inst|uart_tx:tx_inst|bit_cnt[1]     ; uart_controller:uart_ctrl_inst|baud_rate_gen:brg_inst|uart_tick ; uart_controller:uart_ctrl_inst|baud_rate_gen:brg_inst|uart_tick ; 0.000        ; 0.000      ; 1.405      ;
; 1.149 ; uart_controller:uart_ctrl_inst|uart_tx:tx_inst|state.IDLE     ; uart_controller:uart_ctrl_inst|uart_tx:tx_inst|state.START    ; uart_controller:uart_ctrl_inst|baud_rate_gen:brg_inst|uart_tick ; uart_controller:uart_ctrl_inst|baud_rate_gen:brg_inst|uart_tick ; 0.000        ; 0.002      ; 1.417      ;
; 1.193 ; uart_controller:uart_ctrl_inst|uart_tx:tx_inst|timeout_cnt[4] ; uart_controller:uart_ctrl_inst|uart_tx:tx_inst|timeout_cnt[5] ; uart_controller:uart_ctrl_inst|baud_rate_gen:brg_inst|uart_tick ; uart_controller:uart_ctrl_inst|baud_rate_gen:brg_inst|uart_tick ; 0.000        ; 0.000      ; 1.459      ;
; 1.197 ; uart_controller:uart_ctrl_inst|uart_tx:tx_inst|timeout_cnt[6] ; uart_controller:uart_ctrl_inst|uart_tx:tx_inst|timeout_cnt[7] ; uart_controller:uart_ctrl_inst|baud_rate_gen:brg_inst|uart_tick ; uart_controller:uart_ctrl_inst|baud_rate_gen:brg_inst|uart_tick ; 0.000        ; 0.000      ; 1.463      ;
; 1.214 ; uart_controller:uart_ctrl_inst|uart_tx:tx_inst|timeout_cnt[1] ; uart_controller:uart_ctrl_inst|uart_tx:tx_inst|timeout_cnt[2] ; uart_controller:uart_ctrl_inst|baud_rate_gen:brg_inst|uart_tick ; uart_controller:uart_ctrl_inst|baud_rate_gen:brg_inst|uart_tick ; 0.000        ; 0.000      ; 1.480      ;
; 1.214 ; uart_controller:uart_ctrl_inst|uart_tx:tx_inst|timeout_cnt[0] ; uart_controller:uart_ctrl_inst|uart_tx:tx_inst|timeout_cnt[1] ; uart_controller:uart_ctrl_inst|baud_rate_gen:brg_inst|uart_tick ; uart_controller:uart_ctrl_inst|baud_rate_gen:brg_inst|uart_tick ; 0.000        ; 0.000      ; 1.480      ;
; 1.215 ; uart_controller:uart_ctrl_inst|uart_tx:tx_inst|state.STOP     ; uart_controller:uart_ctrl_inst|uart_tx:tx_inst|tx_reg[3]      ; uart_controller:uart_ctrl_inst|baud_rate_gen:brg_inst|uart_tick ; uart_controller:uart_ctrl_inst|baud_rate_gen:brg_inst|uart_tick ; 0.000        ; 0.000      ; 1.481      ;
; 1.218 ; uart_controller:uart_ctrl_inst|uart_tx:tx_inst|state.STOP     ; uart_controller:uart_ctrl_inst|uart_tx:tx_inst|tx_reg[2]      ; uart_controller:uart_ctrl_inst|baud_rate_gen:brg_inst|uart_tick ; uart_controller:uart_ctrl_inst|baud_rate_gen:brg_inst|uart_tick ; 0.000        ; 0.000      ; 1.484      ;
; 1.229 ; uart_controller:uart_ctrl_inst|uart_tx:tx_inst|bit_cnt[2]     ; uart_controller:uart_ctrl_inst|uart_tx:tx_inst|state.STOP     ; uart_controller:uart_ctrl_inst|baud_rate_gen:brg_inst|uart_tick ; uart_controller:uart_ctrl_inst|baud_rate_gen:brg_inst|uart_tick ; 0.000        ; 0.000      ; 1.495      ;
; 1.231 ; uart_controller:uart_ctrl_inst|uart_tx:tx_inst|timeout_cnt[3] ; uart_controller:uart_ctrl_inst|uart_tx:tx_inst|timeout_cnt[4] ; uart_controller:uart_ctrl_inst|baud_rate_gen:brg_inst|uart_tick ; uart_controller:uart_ctrl_inst|baud_rate_gen:brg_inst|uart_tick ; 0.000        ; 0.000      ; 1.497      ;
; 1.247 ; uart_controller:uart_ctrl_inst|uart_tx:tx_inst|state.START    ; uart_controller:uart_ctrl_inst|uart_tx:tx_inst|tx_reg[4]      ; uart_controller:uart_ctrl_inst|baud_rate_gen:brg_inst|uart_tick ; uart_controller:uart_ctrl_inst|baud_rate_gen:brg_inst|uart_tick ; 0.000        ; 0.001      ; 1.514      ;
; 1.254 ; uart_controller:uart_ctrl_inst|uart_tx:tx_inst|bit_cnt[1]     ; uart_controller:uart_ctrl_inst|uart_tx:tx_inst|bit_cnt[2]     ; uart_controller:uart_ctrl_inst|baud_rate_gen:brg_inst|uart_tick ; uart_controller:uart_ctrl_inst|baud_rate_gen:brg_inst|uart_tick ; 0.000        ; 0.000      ; 1.520      ;
; 1.264 ; uart_controller:uart_ctrl_inst|uart_tx:tx_inst|timeout_cnt[4] ; uart_controller:uart_ctrl_inst|uart_tx:tx_inst|timeout_cnt[6] ; uart_controller:uart_ctrl_inst|baud_rate_gen:brg_inst|uart_tick ; uart_controller:uart_ctrl_inst|baud_rate_gen:brg_inst|uart_tick ; 0.000        ; 0.000      ; 1.530      ;
; 1.270 ; uart_controller:uart_ctrl_inst|uart_tx:tx_inst|timeout_cnt[2] ; uart_controller:uart_ctrl_inst|uart_tx:tx_inst|timeout_cnt[3] ; uart_controller:uart_ctrl_inst|baud_rate_gen:brg_inst|uart_tick ; uart_controller:uart_ctrl_inst|baud_rate_gen:brg_inst|uart_tick ; 0.000        ; 0.000      ; 1.536      ;
; 1.275 ; uart_controller:uart_ctrl_inst|uart_tx:tx_inst|state.START    ; uart_controller:uart_ctrl_inst|uart_tx:tx_inst|bit_cnt[1]     ; uart_controller:uart_ctrl_inst|baud_rate_gen:brg_inst|uart_tick ; uart_controller:uart_ctrl_inst|baud_rate_gen:brg_inst|uart_tick ; 0.000        ; 0.000      ; 1.541      ;
; 1.285 ; uart_controller:uart_ctrl_inst|uart_tx:tx_inst|timeout_cnt[0] ; uart_controller:uart_ctrl_inst|uart_tx:tx_inst|timeout_cnt[2] ; uart_controller:uart_ctrl_inst|baud_rate_gen:brg_inst|uart_tick ; uart_controller:uart_ctrl_inst|baud_rate_gen:brg_inst|uart_tick ; 0.000        ; 0.000      ; 1.551      ;
; 1.292 ; uart_controller:uart_ctrl_inst|uart_tx:tx_inst|state.IDLE     ; uart_controller:uart_ctrl_inst|uart_tx:tx_inst|tx             ; uart_controller:uart_ctrl_inst|baud_rate_gen:brg_inst|uart_tick ; uart_controller:uart_ctrl_inst|baud_rate_gen:brg_inst|uart_tick ; 0.000        ; 0.002      ; 1.560      ;
; 1.302 ; uart_controller:uart_ctrl_inst|uart_tx:tx_inst|timeout_cnt[3] ; uart_controller:uart_ctrl_inst|uart_tx:tx_inst|timeout_cnt[5] ; uart_controller:uart_ctrl_inst|baud_rate_gen:brg_inst|uart_tick ; uart_controller:uart_ctrl_inst|baud_rate_gen:brg_inst|uart_tick ; 0.000        ; 0.000      ; 1.568      ;
; 1.335 ; uart_controller:uart_ctrl_inst|uart_tx:tx_inst|timeout_cnt[4] ; uart_controller:uart_ctrl_inst|uart_tx:tx_inst|timeout_cnt[7] ; uart_controller:uart_ctrl_inst|baud_rate_gen:brg_inst|uart_tick ; uart_controller:uart_ctrl_inst|baud_rate_gen:brg_inst|uart_tick ; 0.000        ; 0.000      ; 1.601      ;
; 1.341 ; uart_controller:uart_ctrl_inst|uart_tx:tx_inst|timeout_cnt[2] ; uart_controller:uart_ctrl_inst|uart_tx:tx_inst|timeout_cnt[4] ; uart_controller:uart_ctrl_inst|baud_rate_gen:brg_inst|uart_tick ; uart_controller:uart_ctrl_inst|baud_rate_gen:brg_inst|uart_tick ; 0.000        ; 0.000      ; 1.607      ;
; 1.355 ; uart_controller:uart_ctrl_inst|uart_tx:tx_inst|bit_cnt[1]     ; uart_controller:uart_ctrl_inst|uart_tx:tx_inst|state.STOP     ; uart_controller:uart_ctrl_inst|baud_rate_gen:brg_inst|uart_tick ; uart_controller:uart_ctrl_inst|baud_rate_gen:brg_inst|uart_tick ; 0.000        ; 0.000      ; 1.621      ;
; 1.361 ; uart_controller:uart_ctrl_inst|uart_tx:tx_inst|timeout_cnt[5] ; uart_controller:uart_ctrl_inst|uart_tx:tx_inst|timeout_cnt[6] ; uart_controller:uart_ctrl_inst|baud_rate_gen:brg_inst|uart_tick ; uart_controller:uart_ctrl_inst|baud_rate_gen:brg_inst|uart_tick ; 0.000        ; 0.000      ; 1.627      ;
; 1.373 ; uart_controller:uart_ctrl_inst|uart_tx:tx_inst|timeout_cnt[3] ; uart_controller:uart_ctrl_inst|uart_tx:tx_inst|timeout_cnt[6] ; uart_controller:uart_ctrl_inst|baud_rate_gen:brg_inst|uart_tick ; uart_controller:uart_ctrl_inst|baud_rate_gen:brg_inst|uart_tick ; 0.000        ; 0.000      ; 1.639      ;
; 1.373 ; uart_controller:uart_ctrl_inst|uart_tx:tx_inst|timeout_cnt[1] ; uart_controller:uart_ctrl_inst|uart_tx:tx_inst|timeout_cnt[3] ; uart_controller:uart_ctrl_inst|baud_rate_gen:brg_inst|uart_tick ; uart_controller:uart_ctrl_inst|baud_rate_gen:brg_inst|uart_tick ; 0.000        ; 0.000      ; 1.639      ;
; 1.412 ; uart_controller:uart_ctrl_inst|uart_tx:tx_inst|timeout_cnt[2] ; uart_controller:uart_ctrl_inst|uart_tx:tx_inst|timeout_cnt[5] ; uart_controller:uart_ctrl_inst|baud_rate_gen:brg_inst|uart_tick ; uart_controller:uart_ctrl_inst|baud_rate_gen:brg_inst|uart_tick ; 0.000        ; 0.000      ; 1.678      ;
; 1.432 ; uart_controller:uart_ctrl_inst|uart_tx:tx_inst|timeout_cnt[5] ; uart_controller:uart_ctrl_inst|uart_tx:tx_inst|timeout_cnt[7] ; uart_controller:uart_ctrl_inst|baud_rate_gen:brg_inst|uart_tick ; uart_controller:uart_ctrl_inst|baud_rate_gen:brg_inst|uart_tick ; 0.000        ; 0.000      ; 1.698      ;
; 1.444 ; uart_controller:uart_ctrl_inst|uart_tx:tx_inst|timeout_cnt[3] ; uart_controller:uart_ctrl_inst|uart_tx:tx_inst|timeout_cnt[7] ; uart_controller:uart_ctrl_inst|baud_rate_gen:brg_inst|uart_tick ; uart_controller:uart_ctrl_inst|baud_rate_gen:brg_inst|uart_tick ; 0.000        ; 0.000      ; 1.710      ;
; 1.444 ; uart_controller:uart_ctrl_inst|uart_tx:tx_inst|timeout_cnt[1] ; uart_controller:uart_ctrl_inst|uart_tx:tx_inst|timeout_cnt[4] ; uart_controller:uart_ctrl_inst|baud_rate_gen:brg_inst|uart_tick ; uart_controller:uart_ctrl_inst|baud_rate_gen:brg_inst|uart_tick ; 0.000        ; 0.000      ; 1.710      ;
; 1.444 ; uart_controller:uart_ctrl_inst|uart_tx:tx_inst|timeout_cnt[0] ; uart_controller:uart_ctrl_inst|uart_tx:tx_inst|timeout_cnt[3] ; uart_controller:uart_ctrl_inst|baud_rate_gen:brg_inst|uart_tick ; uart_controller:uart_ctrl_inst|baud_rate_gen:brg_inst|uart_tick ; 0.000        ; 0.000      ; 1.710      ;
; 1.483 ; uart_controller:uart_ctrl_inst|uart_tx:tx_inst|timeout_cnt[2] ; uart_controller:uart_ctrl_inst|uart_tx:tx_inst|timeout_cnt[6] ; uart_controller:uart_ctrl_inst|baud_rate_gen:brg_inst|uart_tick ; uart_controller:uart_ctrl_inst|baud_rate_gen:brg_inst|uart_tick ; 0.000        ; 0.000      ; 1.749      ;
; 1.496 ; uart_rx_packet_new:packet_inst|LEDR[15]                       ; uart_controller:uart_ctrl_inst|uart_tx:tx_inst|state.DATA     ; CLOCK_50                                                        ; uart_controller:uart_ctrl_inst|baud_rate_gen:brg_inst|uart_tick ; 0.000        ; -0.389     ; 1.373      ;
; 1.515 ; uart_controller:uart_ctrl_inst|uart_tx:tx_inst|timeout_cnt[1] ; uart_controller:uart_ctrl_inst|uart_tx:tx_inst|timeout_cnt[5] ; uart_controller:uart_ctrl_inst|baud_rate_gen:brg_inst|uart_tick ; uart_controller:uart_ctrl_inst|baud_rate_gen:brg_inst|uart_tick ; 0.000        ; 0.000      ; 1.781      ;
; 1.515 ; uart_controller:uart_ctrl_inst|uart_tx:tx_inst|timeout_cnt[0] ; uart_controller:uart_ctrl_inst|uart_tx:tx_inst|timeout_cnt[4] ; uart_controller:uart_ctrl_inst|baud_rate_gen:brg_inst|uart_tick ; uart_controller:uart_ctrl_inst|baud_rate_gen:brg_inst|uart_tick ; 0.000        ; 0.000      ; 1.781      ;
; 1.554 ; uart_controller:uart_ctrl_inst|uart_tx:tx_inst|timeout_cnt[2] ; uart_controller:uart_ctrl_inst|uart_tx:tx_inst|timeout_cnt[7] ; uart_controller:uart_ctrl_inst|baud_rate_gen:brg_inst|uart_tick ; uart_controller:uart_ctrl_inst|baud_rate_gen:brg_inst|uart_tick ; 0.000        ; 0.000      ; 1.820      ;
; 1.558 ; uart_rx_packet_new:packet_inst|LEDR[15]                       ; uart_controller:uart_ctrl_inst|uart_tx:tx_inst|state.IDLE     ; CLOCK_50                                                        ; uart_controller:uart_ctrl_inst|baud_rate_gen:brg_inst|uart_tick ; 0.000        ; -0.391     ; 1.433      ;
; 1.569 ; uart_controller:uart_ctrl_inst|uart_tx:tx_inst|state.DATA     ; uart_controller:uart_ctrl_inst|uart_tx:tx_inst|state.STOP     ; uart_controller:uart_ctrl_inst|baud_rate_gen:brg_inst|uart_tick ; uart_controller:uart_ctrl_inst|baud_rate_gen:brg_inst|uart_tick ; 0.000        ; 0.000      ; 1.835      ;
; 1.584 ; uart_controller:uart_ctrl_inst|uart_tx:tx_inst|state.IDLE     ; uart_controller:uart_ctrl_inst|uart_tx:tx_inst|tx_reg[3]      ; uart_controller:uart_ctrl_inst|baud_rate_gen:brg_inst|uart_tick ; uart_controller:uart_ctrl_inst|baud_rate_gen:brg_inst|uart_tick ; 0.000        ; 0.002      ; 1.852      ;
; 1.586 ; uart_controller:uart_ctrl_inst|uart_tx:tx_inst|timeout_cnt[1] ; uart_controller:uart_ctrl_inst|uart_tx:tx_inst|timeout_cnt[6] ; uart_controller:uart_ctrl_inst|baud_rate_gen:brg_inst|uart_tick ; uart_controller:uart_ctrl_inst|baud_rate_gen:brg_inst|uart_tick ; 0.000        ; 0.000      ; 1.852      ;
; 1.586 ; uart_controller:uart_ctrl_inst|uart_tx:tx_inst|timeout_cnt[0] ; uart_controller:uart_ctrl_inst|uart_tx:tx_inst|timeout_cnt[5] ; uart_controller:uart_ctrl_inst|baud_rate_gen:brg_inst|uart_tick ; uart_controller:uart_ctrl_inst|baud_rate_gen:brg_inst|uart_tick ; 0.000        ; 0.000      ; 1.852      ;
; 1.587 ; uart_controller:uart_ctrl_inst|uart_tx:tx_inst|state.IDLE     ; uart_controller:uart_ctrl_inst|uart_tx:tx_inst|tx_reg[2]      ; uart_controller:uart_ctrl_inst|baud_rate_gen:brg_inst|uart_tick ; uart_controller:uart_ctrl_inst|baud_rate_gen:brg_inst|uart_tick ; 0.000        ; 0.002      ; 1.855      ;
; 1.589 ; uart_controller:uart_ctrl_inst|uart_tx:tx_inst|timeout_cnt[6] ; uart_controller:uart_ctrl_inst|uart_tx:tx_inst|state.DATA     ; uart_controller:uart_ctrl_inst|baud_rate_gen:brg_inst|uart_tick ; uart_controller:uart_ctrl_inst|baud_rate_gen:brg_inst|uart_tick ; 0.000        ; -0.001     ; 1.854      ;
; 1.611 ; uart_controller:uart_ctrl_inst|uart_tx:tx_inst|state.STOP     ; uart_controller:uart_ctrl_inst|uart_tx:tx_inst|tx_reg[4]      ; uart_controller:uart_ctrl_inst|baud_rate_gen:brg_inst|uart_tick ; uart_controller:uart_ctrl_inst|baud_rate_gen:brg_inst|uart_tick ; 0.000        ; 0.001      ; 1.878      ;
; 1.625 ; uart_controller:uart_ctrl_inst|uart_tx:tx_inst|state.STOP     ; uart_controller:uart_ctrl_inst|uart_tx:tx_inst|tx_reg[1]      ; uart_controller:uart_ctrl_inst|baud_rate_gen:brg_inst|uart_tick ; uart_controller:uart_ctrl_inst|baud_rate_gen:brg_inst|uart_tick ; 0.000        ; 0.000      ; 1.891      ;
; 1.625 ; uart_controller:uart_ctrl_inst|uart_tx:tx_inst|state.STOP     ; uart_controller:uart_ctrl_inst|uart_tx:tx_inst|tx_reg[0]      ; uart_controller:uart_ctrl_inst|baud_rate_gen:brg_inst|uart_tick ; uart_controller:uart_ctrl_inst|baud_rate_gen:brg_inst|uart_tick ; 0.000        ; 0.000      ; 1.891      ;
; 1.634 ; uart_controller:uart_ctrl_inst|uart_tx:tx_inst|timeout_cnt[7] ; uart_controller:uart_ctrl_inst|uart_tx:tx_inst|state.DATA     ; uart_controller:uart_ctrl_inst|baud_rate_gen:brg_inst|uart_tick ; uart_controller:uart_ctrl_inst|baud_rate_gen:brg_inst|uart_tick ; 0.000        ; -0.001     ; 1.899      ;
; 1.657 ; uart_controller:uart_ctrl_inst|uart_tx:tx_inst|timeout_cnt[1] ; uart_controller:uart_ctrl_inst|uart_tx:tx_inst|timeout_cnt[7] ; uart_controller:uart_ctrl_inst|baud_rate_gen:brg_inst|uart_tick ; uart_controller:uart_ctrl_inst|baud_rate_gen:brg_inst|uart_tick ; 0.000        ; 0.000      ; 1.923      ;
; 1.657 ; uart_controller:uart_ctrl_inst|uart_tx:tx_inst|timeout_cnt[0] ; uart_controller:uart_ctrl_inst|uart_tx:tx_inst|timeout_cnt[6] ; uart_controller:uart_ctrl_inst|baud_rate_gen:brg_inst|uart_tick ; uart_controller:uart_ctrl_inst|baud_rate_gen:brg_inst|uart_tick ; 0.000        ; 0.000      ; 1.923      ;
; 1.676 ; uart_controller:uart_ctrl_inst|uart_tx:tx_inst|state.START    ; uart_controller:uart_ctrl_inst|uart_tx:tx_inst|state.DATA     ; uart_controller:uart_ctrl_inst|baud_rate_gen:brg_inst|uart_tick ; uart_controller:uart_ctrl_inst|baud_rate_gen:brg_inst|uart_tick ; 0.000        ; 0.000      ; 1.942      ;
; 1.708 ; uart_controller:uart_ctrl_inst|uart_tx:tx_inst|bit_cnt[0]     ; uart_controller:uart_ctrl_inst|uart_tx:tx_inst|bit_cnt[2]     ; uart_controller:uart_ctrl_inst|baud_rate_gen:brg_inst|uart_tick ; uart_controller:uart_ctrl_inst|baud_rate_gen:brg_inst|uart_tick ; 0.000        ; 0.000      ; 1.974      ;
; 1.728 ; uart_controller:uart_ctrl_inst|uart_tx:tx_inst|timeout_cnt[0] ; uart_controller:uart_ctrl_inst|uart_tx:tx_inst|timeout_cnt[7] ; uart_controller:uart_ctrl_inst|baud_rate_gen:brg_inst|uart_tick ; uart_controller:uart_ctrl_inst|baud_rate_gen:brg_inst|uart_tick ; 0.000        ; 0.000      ; 1.994      ;
; 1.748 ; uart_controller:uart_ctrl_inst|uart_tx:tx_inst|state.DATA     ; uart_controller:uart_ctrl_inst|uart_tx:tx_inst|bit_cnt[2]     ; uart_controller:uart_ctrl_inst|baud_rate_gen:brg_inst|uart_tick ; uart_controller:uart_ctrl_inst|baud_rate_gen:brg_inst|uart_tick ; 0.000        ; 0.000      ; 2.014      ;
; 1.761 ; uart_controller:uart_ctrl_inst|uart_tx:tx_inst|bit_cnt[0]     ; uart_controller:uart_ctrl_inst|uart_tx:tx_inst|state.DATA     ; uart_controller:uart_ctrl_inst|baud_rate_gen:brg_inst|uart_tick ; uart_controller:uart_ctrl_inst|baud_rate_gen:brg_inst|uart_tick ; 0.000        ; 0.000      ; 2.027      ;
; 1.823 ; uart_controller:uart_ctrl_inst|uart_tx:tx_inst|bit_cnt[0]     ; uart_controller:uart_ctrl_inst|uart_tx:tx_inst|state.IDLE     ; uart_controller:uart_ctrl_inst|baud_rate_gen:brg_inst|uart_tick ; uart_controller:uart_ctrl_inst|baud_rate_gen:brg_inst|uart_tick ; 0.000        ; -0.002     ; 2.087      ;
+-------+---------------------------------------------------------------+---------------------------------------------------------------+-----------------------------------------------------------------+-----------------------------------------------------------------+--------------+------------+------------+


+------------------------------------------------------------------------------------------------------------------------------------------------------------------------------------------------------------------------------------------------+
; Slow Model Recovery: 'uart_controller:uart_ctrl_inst|baud_rate_gen:brg_inst|ov_tick'                                                                                                                                                           ;
+--------+-----------------------------------------+---------------------------------------------------------------------+--------------+---------------------------------------------------------------+--------------+------------+------------+
; Slack  ; From Node                               ; To Node                                                             ; Launch Clock ; Latch Clock                                                   ; Relationship ; Clock Skew ; Data Delay ;
+--------+-----------------------------------------+---------------------------------------------------------------------+--------------+---------------------------------------------------------------+--------------+------------+------------+
; -1.226 ; uart_rx_packet_new:packet_inst|rx_clear ; uart_controller:uart_ctrl_inst|uart_rx:rx_inst|valid_timeout_cnt[0] ; CLOCK_50     ; uart_controller:uart_ctrl_inst|baud_rate_gen:brg_inst|ov_tick ; 1.000        ; -0.360     ; 1.902      ;
; -1.226 ; uart_rx_packet_new:packet_inst|rx_clear ; uart_controller:uart_ctrl_inst|uart_rx:rx_inst|valid_timeout_cnt[1] ; CLOCK_50     ; uart_controller:uart_ctrl_inst|baud_rate_gen:brg_inst|ov_tick ; 1.000        ; -0.360     ; 1.902      ;
; -1.226 ; uart_rx_packet_new:packet_inst|rx_clear ; uart_controller:uart_ctrl_inst|uart_rx:rx_inst|valid_timeout_cnt[2] ; CLOCK_50     ; uart_controller:uart_ctrl_inst|baud_rate_gen:brg_inst|ov_tick ; 1.000        ; -0.360     ; 1.902      ;
; -1.226 ; uart_rx_packet_new:packet_inst|rx_clear ; uart_controller:uart_ctrl_inst|uart_rx:rx_inst|valid_timeout_cnt[3] ; CLOCK_50     ; uart_controller:uart_ctrl_inst|baud_rate_gen:brg_inst|ov_tick ; 1.000        ; -0.360     ; 1.902      ;
; -1.226 ; uart_rx_packet_new:packet_inst|rx_clear ; uart_controller:uart_ctrl_inst|uart_rx:rx_inst|valid_timeout_cnt[5] ; CLOCK_50     ; uart_controller:uart_ctrl_inst|baud_rate_gen:brg_inst|ov_tick ; 1.000        ; -0.360     ; 1.902      ;
; -1.226 ; uart_rx_packet_new:packet_inst|rx_clear ; uart_controller:uart_ctrl_inst|uart_rx:rx_inst|valid_timeout_cnt[6] ; CLOCK_50     ; uart_controller:uart_ctrl_inst|baud_rate_gen:brg_inst|ov_tick ; 1.000        ; -0.360     ; 1.902      ;
; -1.226 ; uart_rx_packet_new:packet_inst|rx_clear ; uart_controller:uart_ctrl_inst|uart_rx:rx_inst|valid_timeout_cnt[7] ; CLOCK_50     ; uart_controller:uart_ctrl_inst|baud_rate_gen:brg_inst|ov_tick ; 1.000        ; -0.360     ; 1.902      ;
; -1.226 ; uart_rx_packet_new:packet_inst|rx_clear ; uart_controller:uart_ctrl_inst|uart_rx:rx_inst|valid_timeout_cnt[4] ; CLOCK_50     ; uart_controller:uart_ctrl_inst|baud_rate_gen:brg_inst|ov_tick ; 1.000        ; -0.360     ; 1.902      ;
; -1.226 ; uart_rx_packet_new:packet_inst|rx_clear ; uart_controller:uart_ctrl_inst|uart_rx:rx_inst|rx_valid             ; CLOCK_50     ; uart_controller:uart_ctrl_inst|baud_rate_gen:brg_inst|ov_tick ; 1.000        ; -0.360     ; 1.902      ;
+--------+-----------------------------------------+---------------------------------------------------------------------+--------------+---------------------------------------------------------------+--------------+------------+------------+


+-----------------------------------------------------------------------------------------------------------------------------------------------------------------------------------------------------------------------------------------------+
; Slow Model Removal: 'uart_controller:uart_ctrl_inst|baud_rate_gen:brg_inst|ov_tick'                                                                                                                                                           ;
+-------+-----------------------------------------+---------------------------------------------------------------------+--------------+---------------------------------------------------------------+--------------+------------+------------+
; Slack ; From Node                               ; To Node                                                             ; Launch Clock ; Latch Clock                                                   ; Relationship ; Clock Skew ; Data Delay ;
+-------+-----------------------------------------+---------------------------------------------------------------------+--------------+---------------------------------------------------------------+--------------+------------+------------+
; 1.996 ; uart_rx_packet_new:packet_inst|rx_clear ; uart_controller:uart_ctrl_inst|uart_rx:rx_inst|valid_timeout_cnt[0] ; CLOCK_50     ; uart_controller:uart_ctrl_inst|baud_rate_gen:brg_inst|ov_tick ; 0.000        ; -0.360     ; 1.902      ;
; 1.996 ; uart_rx_packet_new:packet_inst|rx_clear ; uart_controller:uart_ctrl_inst|uart_rx:rx_inst|valid_timeout_cnt[1] ; CLOCK_50     ; uart_controller:uart_ctrl_inst|baud_rate_gen:brg_inst|ov_tick ; 0.000        ; -0.360     ; 1.902      ;
; 1.996 ; uart_rx_packet_new:packet_inst|rx_clear ; uart_controller:uart_ctrl_inst|uart_rx:rx_inst|valid_timeout_cnt[2] ; CLOCK_50     ; uart_controller:uart_ctrl_inst|baud_rate_gen:brg_inst|ov_tick ; 0.000        ; -0.360     ; 1.902      ;
; 1.996 ; uart_rx_packet_new:packet_inst|rx_clear ; uart_controller:uart_ctrl_inst|uart_rx:rx_inst|valid_timeout_cnt[3] ; CLOCK_50     ; uart_controller:uart_ctrl_inst|baud_rate_gen:brg_inst|ov_tick ; 0.000        ; -0.360     ; 1.902      ;
; 1.996 ; uart_rx_packet_new:packet_inst|rx_clear ; uart_controller:uart_ctrl_inst|uart_rx:rx_inst|valid_timeout_cnt[5] ; CLOCK_50     ; uart_controller:uart_ctrl_inst|baud_rate_gen:brg_inst|ov_tick ; 0.000        ; -0.360     ; 1.902      ;
; 1.996 ; uart_rx_packet_new:packet_inst|rx_clear ; uart_controller:uart_ctrl_inst|uart_rx:rx_inst|valid_timeout_cnt[6] ; CLOCK_50     ; uart_controller:uart_ctrl_inst|baud_rate_gen:brg_inst|ov_tick ; 0.000        ; -0.360     ; 1.902      ;
; 1.996 ; uart_rx_packet_new:packet_inst|rx_clear ; uart_controller:uart_ctrl_inst|uart_rx:rx_inst|valid_timeout_cnt[7] ; CLOCK_50     ; uart_controller:uart_ctrl_inst|baud_rate_gen:brg_inst|ov_tick ; 0.000        ; -0.360     ; 1.902      ;
; 1.996 ; uart_rx_packet_new:packet_inst|rx_clear ; uart_controller:uart_ctrl_inst|uart_rx:rx_inst|valid_timeout_cnt[4] ; CLOCK_50     ; uart_controller:uart_ctrl_inst|baud_rate_gen:brg_inst|ov_tick ; 0.000        ; -0.360     ; 1.902      ;
; 1.996 ; uart_rx_packet_new:packet_inst|rx_clear ; uart_controller:uart_ctrl_inst|uart_rx:rx_inst|rx_valid             ; CLOCK_50     ; uart_controller:uart_ctrl_inst|baud_rate_gen:brg_inst|ov_tick ; 0.000        ; -0.360     ; 1.902      ;
+-------+-----------------------------------------+---------------------------------------------------------------------+--------------+---------------------------------------------------------------+--------------+------------+------------+


+-----------------------------------------------------------------------------------------------------------------------------------------------------------------------------------------------------------+
; Slow Model Minimum Pulse Width: 'CLOCK_50'                                                                                                                                                                ;
+--------+--------------+----------------+------------------+----------+------------+-----------------------------------------------------------------------------------------------------------------------+
; Slack  ; Actual Width ; Required Width ; Type             ; Clock    ; Clock Edge ; Target                                                                                                                ;
+--------+--------------+----------------+------------------+----------+------------+-----------------------------------------------------------------------------------------------------------------------+
; -1.627 ; 0.500        ; 2.127          ; High Pulse Width ; CLOCK_50 ; Rise       ; uart_rx_packet_new:packet_inst|altsyncram:buffer_rtl_0|altsyncram_09c1:auto_generated|ram_block1a0~porta_address_reg0 ;
; -1.627 ; 0.500        ; 2.127          ; Low Pulse Width  ; CLOCK_50 ; Rise       ; uart_rx_packet_new:packet_inst|altsyncram:buffer_rtl_0|altsyncram_09c1:auto_generated|ram_block1a0~porta_address_reg0 ;
; -1.627 ; 0.500        ; 2.127          ; High Pulse Width ; CLOCK_50 ; Rise       ; uart_rx_packet_new:packet_inst|altsyncram:buffer_rtl_0|altsyncram_09c1:auto_generated|ram_block1a0~porta_address_reg1 ;
; -1.627 ; 0.500        ; 2.127          ; Low Pulse Width  ; CLOCK_50 ; Rise       ; uart_rx_packet_new:packet_inst|altsyncram:buffer_rtl_0|altsyncram_09c1:auto_generated|ram_block1a0~porta_address_reg1 ;
; -1.627 ; 0.500        ; 2.127          ; High Pulse Width ; CLOCK_50 ; Rise       ; uart_rx_packet_new:packet_inst|altsyncram:buffer_rtl_0|altsyncram_09c1:auto_generated|ram_block1a0~porta_address_reg2 ;
; -1.627 ; 0.500        ; 2.127          ; Low Pulse Width  ; CLOCK_50 ; Rise       ; uart_rx_packet_new:packet_inst|altsyncram:buffer_rtl_0|altsyncram_09c1:auto_generated|ram_block1a0~porta_address_reg2 ;
; -1.627 ; 0.500        ; 2.127          ; High Pulse Width ; CLOCK_50 ; Rise       ; uart_rx_packet_new:packet_inst|altsyncram:buffer_rtl_0|altsyncram_09c1:auto_generated|ram_block1a0~porta_address_reg3 ;
; -1.627 ; 0.500        ; 2.127          ; Low Pulse Width  ; CLOCK_50 ; Rise       ; uart_rx_packet_new:packet_inst|altsyncram:buffer_rtl_0|altsyncram_09c1:auto_generated|ram_block1a0~porta_address_reg3 ;
; -1.627 ; 0.500        ; 2.127          ; High Pulse Width ; CLOCK_50 ; Rise       ; uart_rx_packet_new:packet_inst|altsyncram:buffer_rtl_0|altsyncram_09c1:auto_generated|ram_block1a0~porta_address_reg4 ;
; -1.627 ; 0.500        ; 2.127          ; Low Pulse Width  ; CLOCK_50 ; Rise       ; uart_rx_packet_new:packet_inst|altsyncram:buffer_rtl_0|altsyncram_09c1:auto_generated|ram_block1a0~porta_address_reg4 ;
; -1.627 ; 0.500        ; 2.127          ; High Pulse Width ; CLOCK_50 ; Rise       ; uart_rx_packet_new:packet_inst|altsyncram:buffer_rtl_0|altsyncram_09c1:auto_generated|ram_block1a0~porta_address_reg5 ;
; -1.627 ; 0.500        ; 2.127          ; Low Pulse Width  ; CLOCK_50 ; Rise       ; uart_rx_packet_new:packet_inst|altsyncram:buffer_rtl_0|altsyncram_09c1:auto_generated|ram_block1a0~porta_address_reg5 ;
; -1.627 ; 0.500        ; 2.127          ; High Pulse Width ; CLOCK_50 ; Rise       ; uart_rx_packet_new:packet_inst|altsyncram:buffer_rtl_0|altsyncram_09c1:auto_generated|ram_block1a0~porta_address_reg6 ;
; -1.627 ; 0.500        ; 2.127          ; Low Pulse Width  ; CLOCK_50 ; Rise       ; uart_rx_packet_new:packet_inst|altsyncram:buffer_rtl_0|altsyncram_09c1:auto_generated|ram_block1a0~porta_address_reg6 ;
; -1.627 ; 0.500        ; 2.127          ; High Pulse Width ; CLOCK_50 ; Rise       ; uart_rx_packet_new:packet_inst|altsyncram:buffer_rtl_0|altsyncram_09c1:auto_generated|ram_block1a0~porta_address_reg7 ;
; -1.627 ; 0.500        ; 2.127          ; Low Pulse Width  ; CLOCK_50 ; Rise       ; uart_rx_packet_new:packet_inst|altsyncram:buffer_rtl_0|altsyncram_09c1:auto_generated|ram_block1a0~porta_address_reg7 ;
; -1.627 ; 0.500        ; 2.127          ; High Pulse Width ; CLOCK_50 ; Rise       ; uart_rx_packet_new:packet_inst|altsyncram:buffer_rtl_0|altsyncram_09c1:auto_generated|ram_block1a0~porta_datain_reg0  ;
; -1.627 ; 0.500        ; 2.127          ; Low Pulse Width  ; CLOCK_50 ; Rise       ; uart_rx_packet_new:packet_inst|altsyncram:buffer_rtl_0|altsyncram_09c1:auto_generated|ram_block1a0~porta_datain_reg0  ;
; -1.627 ; 0.500        ; 2.127          ; High Pulse Width ; CLOCK_50 ; Rise       ; uart_rx_packet_new:packet_inst|altsyncram:buffer_rtl_0|altsyncram_09c1:auto_generated|ram_block1a0~porta_datain_reg1  ;
; -1.627 ; 0.500        ; 2.127          ; Low Pulse Width  ; CLOCK_50 ; Rise       ; uart_rx_packet_new:packet_inst|altsyncram:buffer_rtl_0|altsyncram_09c1:auto_generated|ram_block1a0~porta_datain_reg1  ;
; -1.627 ; 0.500        ; 2.127          ; High Pulse Width ; CLOCK_50 ; Rise       ; uart_rx_packet_new:packet_inst|altsyncram:buffer_rtl_0|altsyncram_09c1:auto_generated|ram_block1a0~porta_datain_reg2  ;
; -1.627 ; 0.500        ; 2.127          ; Low Pulse Width  ; CLOCK_50 ; Rise       ; uart_rx_packet_new:packet_inst|altsyncram:buffer_rtl_0|altsyncram_09c1:auto_generated|ram_block1a0~porta_datain_reg2  ;
; -1.627 ; 0.500        ; 2.127          ; High Pulse Width ; CLOCK_50 ; Rise       ; uart_rx_packet_new:packet_inst|altsyncram:buffer_rtl_0|altsyncram_09c1:auto_generated|ram_block1a0~porta_datain_reg3  ;
; -1.627 ; 0.500        ; 2.127          ; Low Pulse Width  ; CLOCK_50 ; Rise       ; uart_rx_packet_new:packet_inst|altsyncram:buffer_rtl_0|altsyncram_09c1:auto_generated|ram_block1a0~porta_datain_reg3  ;
; -1.627 ; 0.500        ; 2.127          ; High Pulse Width ; CLOCK_50 ; Rise       ; uart_rx_packet_new:packet_inst|altsyncram:buffer_rtl_0|altsyncram_09c1:auto_generated|ram_block1a0~porta_datain_reg4  ;
; -1.627 ; 0.500        ; 2.127          ; Low Pulse Width  ; CLOCK_50 ; Rise       ; uart_rx_packet_new:packet_inst|altsyncram:buffer_rtl_0|altsyncram_09c1:auto_generated|ram_block1a0~porta_datain_reg4  ;
; -1.627 ; 0.500        ; 2.127          ; High Pulse Width ; CLOCK_50 ; Rise       ; uart_rx_packet_new:packet_inst|altsyncram:buffer_rtl_0|altsyncram_09c1:auto_generated|ram_block1a0~porta_datain_reg5  ;
; -1.627 ; 0.500        ; 2.127          ; Low Pulse Width  ; CLOCK_50 ; Rise       ; uart_rx_packet_new:packet_inst|altsyncram:buffer_rtl_0|altsyncram_09c1:auto_generated|ram_block1a0~porta_datain_reg5  ;
; -1.627 ; 0.500        ; 2.127          ; High Pulse Width ; CLOCK_50 ; Rise       ; uart_rx_packet_new:packet_inst|altsyncram:buffer_rtl_0|altsyncram_09c1:auto_generated|ram_block1a0~porta_datain_reg6  ;
; -1.627 ; 0.500        ; 2.127          ; Low Pulse Width  ; CLOCK_50 ; Rise       ; uart_rx_packet_new:packet_inst|altsyncram:buffer_rtl_0|altsyncram_09c1:auto_generated|ram_block1a0~porta_datain_reg6  ;
; -1.627 ; 0.500        ; 2.127          ; High Pulse Width ; CLOCK_50 ; Rise       ; uart_rx_packet_new:packet_inst|altsyncram:buffer_rtl_0|altsyncram_09c1:auto_generated|ram_block1a0~porta_datain_reg7  ;
; -1.627 ; 0.500        ; 2.127          ; Low Pulse Width  ; CLOCK_50 ; Rise       ; uart_rx_packet_new:packet_inst|altsyncram:buffer_rtl_0|altsyncram_09c1:auto_generated|ram_block1a0~porta_datain_reg7  ;
; -1.627 ; 0.500        ; 2.127          ; High Pulse Width ; CLOCK_50 ; Rise       ; uart_rx_packet_new:packet_inst|altsyncram:buffer_rtl_0|altsyncram_09c1:auto_generated|ram_block1a0~porta_memory_reg0  ;
; -1.627 ; 0.500        ; 2.127          ; Low Pulse Width  ; CLOCK_50 ; Rise       ; uart_rx_packet_new:packet_inst|altsyncram:buffer_rtl_0|altsyncram_09c1:auto_generated|ram_block1a0~porta_memory_reg0  ;
; -1.627 ; 0.500        ; 2.127          ; High Pulse Width ; CLOCK_50 ; Rise       ; uart_rx_packet_new:packet_inst|altsyncram:buffer_rtl_0|altsyncram_09c1:auto_generated|ram_block1a0~porta_we_reg       ;
; -1.627 ; 0.500        ; 2.127          ; Low Pulse Width  ; CLOCK_50 ; Rise       ; uart_rx_packet_new:packet_inst|altsyncram:buffer_rtl_0|altsyncram_09c1:auto_generated|ram_block1a0~porta_we_reg       ;
; -1.627 ; 0.500        ; 2.127          ; High Pulse Width ; CLOCK_50 ; Rise       ; uart_rx_packet_new:packet_inst|altsyncram:buffer_rtl_0|altsyncram_09c1:auto_generated|ram_block1a0~portb_address_reg0 ;
; -1.627 ; 0.500        ; 2.127          ; Low Pulse Width  ; CLOCK_50 ; Rise       ; uart_rx_packet_new:packet_inst|altsyncram:buffer_rtl_0|altsyncram_09c1:auto_generated|ram_block1a0~portb_address_reg0 ;
; -1.627 ; 0.500        ; 2.127          ; High Pulse Width ; CLOCK_50 ; Rise       ; uart_rx_packet_new:packet_inst|altsyncram:buffer_rtl_0|altsyncram_09c1:auto_generated|ram_block1a0~portb_address_reg1 ;
; -1.627 ; 0.500        ; 2.127          ; Low Pulse Width  ; CLOCK_50 ; Rise       ; uart_rx_packet_new:packet_inst|altsyncram:buffer_rtl_0|altsyncram_09c1:auto_generated|ram_block1a0~portb_address_reg1 ;
; -1.627 ; 0.500        ; 2.127          ; High Pulse Width ; CLOCK_50 ; Rise       ; uart_rx_packet_new:packet_inst|altsyncram:buffer_rtl_0|altsyncram_09c1:auto_generated|ram_block1a0~portb_address_reg2 ;
; -1.627 ; 0.500        ; 2.127          ; Low Pulse Width  ; CLOCK_50 ; Rise       ; uart_rx_packet_new:packet_inst|altsyncram:buffer_rtl_0|altsyncram_09c1:auto_generated|ram_block1a0~portb_address_reg2 ;
; -1.627 ; 0.500        ; 2.127          ; High Pulse Width ; CLOCK_50 ; Rise       ; uart_rx_packet_new:packet_inst|altsyncram:buffer_rtl_0|altsyncram_09c1:auto_generated|ram_block1a0~portb_address_reg3 ;
; -1.627 ; 0.500        ; 2.127          ; Low Pulse Width  ; CLOCK_50 ; Rise       ; uart_rx_packet_new:packet_inst|altsyncram:buffer_rtl_0|altsyncram_09c1:auto_generated|ram_block1a0~portb_address_reg3 ;
; -1.627 ; 0.500        ; 2.127          ; High Pulse Width ; CLOCK_50 ; Rise       ; uart_rx_packet_new:packet_inst|altsyncram:buffer_rtl_0|altsyncram_09c1:auto_generated|ram_block1a0~portb_address_reg4 ;
; -1.627 ; 0.500        ; 2.127          ; Low Pulse Width  ; CLOCK_50 ; Rise       ; uart_rx_packet_new:packet_inst|altsyncram:buffer_rtl_0|altsyncram_09c1:auto_generated|ram_block1a0~portb_address_reg4 ;
; -1.627 ; 0.500        ; 2.127          ; High Pulse Width ; CLOCK_50 ; Rise       ; uart_rx_packet_new:packet_inst|altsyncram:buffer_rtl_0|altsyncram_09c1:auto_generated|ram_block1a0~portb_address_reg5 ;
; -1.627 ; 0.500        ; 2.127          ; Low Pulse Width  ; CLOCK_50 ; Rise       ; uart_rx_packet_new:packet_inst|altsyncram:buffer_rtl_0|altsyncram_09c1:auto_generated|ram_block1a0~portb_address_reg5 ;
; -1.627 ; 0.500        ; 2.127          ; High Pulse Width ; CLOCK_50 ; Rise       ; uart_rx_packet_new:packet_inst|altsyncram:buffer_rtl_0|altsyncram_09c1:auto_generated|ram_block1a0~portb_address_reg6 ;
; -1.627 ; 0.500        ; 2.127          ; Low Pulse Width  ; CLOCK_50 ; Rise       ; uart_rx_packet_new:packet_inst|altsyncram:buffer_rtl_0|altsyncram_09c1:auto_generated|ram_block1a0~portb_address_reg6 ;
; -1.627 ; 0.500        ; 2.127          ; High Pulse Width ; CLOCK_50 ; Rise       ; uart_rx_packet_new:packet_inst|altsyncram:buffer_rtl_0|altsyncram_09c1:auto_generated|ram_block1a0~portb_address_reg7 ;
; -1.627 ; 0.500        ; 2.127          ; Low Pulse Width  ; CLOCK_50 ; Rise       ; uart_rx_packet_new:packet_inst|altsyncram:buffer_rtl_0|altsyncram_09c1:auto_generated|ram_block1a0~portb_address_reg7 ;
; -1.627 ; 0.500        ; 2.127          ; High Pulse Width ; CLOCK_50 ; Rise       ; uart_rx_packet_new:packet_inst|altsyncram:buffer_rtl_0|altsyncram_09c1:auto_generated|ram_block1a1~porta_memory_reg0  ;
; -1.627 ; 0.500        ; 2.127          ; Low Pulse Width  ; CLOCK_50 ; Rise       ; uart_rx_packet_new:packet_inst|altsyncram:buffer_rtl_0|altsyncram_09c1:auto_generated|ram_block1a1~porta_memory_reg0  ;
; -1.627 ; 0.500        ; 2.127          ; High Pulse Width ; CLOCK_50 ; Rise       ; uart_rx_packet_new:packet_inst|altsyncram:buffer_rtl_0|altsyncram_09c1:auto_generated|ram_block1a2~porta_memory_reg0  ;
; -1.627 ; 0.500        ; 2.127          ; Low Pulse Width  ; CLOCK_50 ; Rise       ; uart_rx_packet_new:packet_inst|altsyncram:buffer_rtl_0|altsyncram_09c1:auto_generated|ram_block1a2~porta_memory_reg0  ;
; -1.627 ; 0.500        ; 2.127          ; High Pulse Width ; CLOCK_50 ; Rise       ; uart_rx_packet_new:packet_inst|altsyncram:buffer_rtl_0|altsyncram_09c1:auto_generated|ram_block1a3~porta_memory_reg0  ;
; -1.627 ; 0.500        ; 2.127          ; Low Pulse Width  ; CLOCK_50 ; Rise       ; uart_rx_packet_new:packet_inst|altsyncram:buffer_rtl_0|altsyncram_09c1:auto_generated|ram_block1a3~porta_memory_reg0  ;
; -1.627 ; 0.500        ; 2.127          ; High Pulse Width ; CLOCK_50 ; Rise       ; uart_rx_packet_new:packet_inst|altsyncram:buffer_rtl_0|altsyncram_09c1:auto_generated|ram_block1a4~porta_memory_reg0  ;
; -1.627 ; 0.500        ; 2.127          ; Low Pulse Width  ; CLOCK_50 ; Rise       ; uart_rx_packet_new:packet_inst|altsyncram:buffer_rtl_0|altsyncram_09c1:auto_generated|ram_block1a4~porta_memory_reg0  ;
; -1.627 ; 0.500        ; 2.127          ; High Pulse Width ; CLOCK_50 ; Rise       ; uart_rx_packet_new:packet_inst|altsyncram:buffer_rtl_0|altsyncram_09c1:auto_generated|ram_block1a5~porta_memory_reg0  ;
; -1.627 ; 0.500        ; 2.127          ; Low Pulse Width  ; CLOCK_50 ; Rise       ; uart_rx_packet_new:packet_inst|altsyncram:buffer_rtl_0|altsyncram_09c1:auto_generated|ram_block1a5~porta_memory_reg0  ;
; -1.627 ; 0.500        ; 2.127          ; High Pulse Width ; CLOCK_50 ; Rise       ; uart_rx_packet_new:packet_inst|altsyncram:buffer_rtl_0|altsyncram_09c1:auto_generated|ram_block1a6~porta_memory_reg0  ;
; -1.627 ; 0.500        ; 2.127          ; Low Pulse Width  ; CLOCK_50 ; Rise       ; uart_rx_packet_new:packet_inst|altsyncram:buffer_rtl_0|altsyncram_09c1:auto_generated|ram_block1a6~porta_memory_reg0  ;
; -1.627 ; 0.500        ; 2.127          ; High Pulse Width ; CLOCK_50 ; Rise       ; uart_rx_packet_new:packet_inst|altsyncram:buffer_rtl_0|altsyncram_09c1:auto_generated|ram_block1a7~porta_memory_reg0  ;
; -1.627 ; 0.500        ; 2.127          ; Low Pulse Width  ; CLOCK_50 ; Rise       ; uart_rx_packet_new:packet_inst|altsyncram:buffer_rtl_0|altsyncram_09c1:auto_generated|ram_block1a7~porta_memory_reg0  ;
; -1.380 ; 1.000        ; 2.380          ; Port Rate        ; CLOCK_50 ; Rise       ; CLOCK_50                                                                                                              ;
; -0.500 ; 0.500        ; 1.000          ; High Pulse Width ; CLOCK_50 ; Rise       ; packet_cnt[0]                                                                                                         ;
; -0.500 ; 0.500        ; 1.000          ; Low Pulse Width  ; CLOCK_50 ; Rise       ; packet_cnt[0]                                                                                                         ;
; -0.500 ; 0.500        ; 1.000          ; High Pulse Width ; CLOCK_50 ; Rise       ; packet_cnt[10]                                                                                                        ;
; -0.500 ; 0.500        ; 1.000          ; Low Pulse Width  ; CLOCK_50 ; Rise       ; packet_cnt[10]                                                                                                        ;
; -0.500 ; 0.500        ; 1.000          ; High Pulse Width ; CLOCK_50 ; Rise       ; packet_cnt[11]                                                                                                        ;
; -0.500 ; 0.500        ; 1.000          ; Low Pulse Width  ; CLOCK_50 ; Rise       ; packet_cnt[11]                                                                                                        ;
; -0.500 ; 0.500        ; 1.000          ; High Pulse Width ; CLOCK_50 ; Rise       ; packet_cnt[1]                                                                                                         ;
; -0.500 ; 0.500        ; 1.000          ; Low Pulse Width  ; CLOCK_50 ; Rise       ; packet_cnt[1]                                                                                                         ;
; -0.500 ; 0.500        ; 1.000          ; High Pulse Width ; CLOCK_50 ; Rise       ; packet_cnt[2]                                                                                                         ;
; -0.500 ; 0.500        ; 1.000          ; Low Pulse Width  ; CLOCK_50 ; Rise       ; packet_cnt[2]                                                                                                         ;
; -0.500 ; 0.500        ; 1.000          ; High Pulse Width ; CLOCK_50 ; Rise       ; packet_cnt[3]                                                                                                         ;
; -0.500 ; 0.500        ; 1.000          ; Low Pulse Width  ; CLOCK_50 ; Rise       ; packet_cnt[3]                                                                                                         ;
; -0.500 ; 0.500        ; 1.000          ; High Pulse Width ; CLOCK_50 ; Rise       ; packet_cnt[4]                                                                                                         ;
; -0.500 ; 0.500        ; 1.000          ; Low Pulse Width  ; CLOCK_50 ; Rise       ; packet_cnt[4]                                                                                                         ;
; -0.500 ; 0.500        ; 1.000          ; High Pulse Width ; CLOCK_50 ; Rise       ; packet_cnt[5]                                                                                                         ;
; -0.500 ; 0.500        ; 1.000          ; Low Pulse Width  ; CLOCK_50 ; Rise       ; packet_cnt[5]                                                                                                         ;
; -0.500 ; 0.500        ; 1.000          ; High Pulse Width ; CLOCK_50 ; Rise       ; packet_cnt[6]                                                                                                         ;
; -0.500 ; 0.500        ; 1.000          ; Low Pulse Width  ; CLOCK_50 ; Rise       ; packet_cnt[6]                                                                                                         ;
; -0.500 ; 0.500        ; 1.000          ; High Pulse Width ; CLOCK_50 ; Rise       ; packet_cnt[7]                                                                                                         ;
; -0.500 ; 0.500        ; 1.000          ; Low Pulse Width  ; CLOCK_50 ; Rise       ; packet_cnt[7]                                                                                                         ;
; -0.500 ; 0.500        ; 1.000          ; High Pulse Width ; CLOCK_50 ; Rise       ; packet_cnt[8]                                                                                                         ;
; -0.500 ; 0.500        ; 1.000          ; Low Pulse Width  ; CLOCK_50 ; Rise       ; packet_cnt[8]                                                                                                         ;
; -0.500 ; 0.500        ; 1.000          ; High Pulse Width ; CLOCK_50 ; Rise       ; packet_cnt[9]                                                                                                         ;
; -0.500 ; 0.500        ; 1.000          ; Low Pulse Width  ; CLOCK_50 ; Rise       ; packet_cnt[9]                                                                                                         ;
; -0.500 ; 0.500        ; 1.000          ; High Pulse Width ; CLOCK_50 ; Rise       ; packet_valid_d                                                                                                        ;
; -0.500 ; 0.500        ; 1.000          ; Low Pulse Width  ; CLOCK_50 ; Rise       ; packet_valid_d                                                                                                        ;
; -0.500 ; 0.500        ; 1.000          ; High Pulse Width ; CLOCK_50 ; Rise       ; sram_packet_writer:sram_writer_inst|addr_latch[0]                                                                     ;
; -0.500 ; 0.500        ; 1.000          ; Low Pulse Width  ; CLOCK_50 ; Rise       ; sram_packet_writer:sram_writer_inst|addr_latch[0]                                                                     ;
; -0.500 ; 0.500        ; 1.000          ; High Pulse Width ; CLOCK_50 ; Rise       ; sram_packet_writer:sram_writer_inst|addr_latch[10]                                                                    ;
; -0.500 ; 0.500        ; 1.000          ; Low Pulse Width  ; CLOCK_50 ; Rise       ; sram_packet_writer:sram_writer_inst|addr_latch[10]                                                                    ;
; -0.500 ; 0.500        ; 1.000          ; High Pulse Width ; CLOCK_50 ; Rise       ; sram_packet_writer:sram_writer_inst|addr_latch[11]                                                                    ;
; -0.500 ; 0.500        ; 1.000          ; Low Pulse Width  ; CLOCK_50 ; Rise       ; sram_packet_writer:sram_writer_inst|addr_latch[11]                                                                    ;
; -0.500 ; 0.500        ; 1.000          ; High Pulse Width ; CLOCK_50 ; Rise       ; sram_packet_writer:sram_writer_inst|addr_latch[12]                                                                    ;
+--------+--------------+----------------+------------------+----------+------------+-----------------------------------------------------------------------------------------------------------------------+


+--------------------------------------------------------------------------------------------------------------------------------------------------------------------------------------------------------------+
; Slow Model Minimum Pulse Width: 'uart_controller:uart_ctrl_inst|baud_rate_gen:brg_inst|ov_tick'                                                                                                              ;
+--------+--------------+----------------+------------------+---------------------------------------------------------------+------------+---------------------------------------------------------------------+
; Slack  ; Actual Width ; Required Width ; Type             ; Clock                                                         ; Clock Edge ; Target                                                              ;
+--------+--------------+----------------+------------------+---------------------------------------------------------------+------------+---------------------------------------------------------------------+
; -0.500 ; 0.500        ; 1.000          ; High Pulse Width ; uart_controller:uart_ctrl_inst|baud_rate_gen:brg_inst|ov_tick ; Rise       ; uart_controller:uart_ctrl_inst|uart_rx:rx_inst|bit_cnt[0]           ;
; -0.500 ; 0.500        ; 1.000          ; Low Pulse Width  ; uart_controller:uart_ctrl_inst|baud_rate_gen:brg_inst|ov_tick ; Rise       ; uart_controller:uart_ctrl_inst|uart_rx:rx_inst|bit_cnt[0]           ;
; -0.500 ; 0.500        ; 1.000          ; High Pulse Width ; uart_controller:uart_ctrl_inst|baud_rate_gen:brg_inst|ov_tick ; Rise       ; uart_controller:uart_ctrl_inst|uart_rx:rx_inst|bit_cnt[1]           ;
; -0.500 ; 0.500        ; 1.000          ; Low Pulse Width  ; uart_controller:uart_ctrl_inst|baud_rate_gen:brg_inst|ov_tick ; Rise       ; uart_controller:uart_ctrl_inst|uart_rx:rx_inst|bit_cnt[1]           ;
; -0.500 ; 0.500        ; 1.000          ; High Pulse Width ; uart_controller:uart_ctrl_inst|baud_rate_gen:brg_inst|ov_tick ; Rise       ; uart_controller:uart_ctrl_inst|uart_rx:rx_inst|bit_cnt[2]           ;
; -0.500 ; 0.500        ; 1.000          ; Low Pulse Width  ; uart_controller:uart_ctrl_inst|baud_rate_gen:brg_inst|ov_tick ; Rise       ; uart_controller:uart_ctrl_inst|uart_rx:rx_inst|bit_cnt[2]           ;
; -0.500 ; 0.500        ; 1.000          ; High Pulse Width ; uart_controller:uart_ctrl_inst|baud_rate_gen:brg_inst|ov_tick ; Rise       ; uart_controller:uart_ctrl_inst|uart_rx:rx_inst|data_out[0]          ;
; -0.500 ; 0.500        ; 1.000          ; Low Pulse Width  ; uart_controller:uart_ctrl_inst|baud_rate_gen:brg_inst|ov_tick ; Rise       ; uart_controller:uart_ctrl_inst|uart_rx:rx_inst|data_out[0]          ;
; -0.500 ; 0.500        ; 1.000          ; High Pulse Width ; uart_controller:uart_ctrl_inst|baud_rate_gen:brg_inst|ov_tick ; Rise       ; uart_controller:uart_ctrl_inst|uart_rx:rx_inst|data_out[1]          ;
; -0.500 ; 0.500        ; 1.000          ; Low Pulse Width  ; uart_controller:uart_ctrl_inst|baud_rate_gen:brg_inst|ov_tick ; Rise       ; uart_controller:uart_ctrl_inst|uart_rx:rx_inst|data_out[1]          ;
; -0.500 ; 0.500        ; 1.000          ; High Pulse Width ; uart_controller:uart_ctrl_inst|baud_rate_gen:brg_inst|ov_tick ; Rise       ; uart_controller:uart_ctrl_inst|uart_rx:rx_inst|data_out[2]          ;
; -0.500 ; 0.500        ; 1.000          ; Low Pulse Width  ; uart_controller:uart_ctrl_inst|baud_rate_gen:brg_inst|ov_tick ; Rise       ; uart_controller:uart_ctrl_inst|uart_rx:rx_inst|data_out[2]          ;
; -0.500 ; 0.500        ; 1.000          ; High Pulse Width ; uart_controller:uart_ctrl_inst|baud_rate_gen:brg_inst|ov_tick ; Rise       ; uart_controller:uart_ctrl_inst|uart_rx:rx_inst|data_out[3]          ;
; -0.500 ; 0.500        ; 1.000          ; Low Pulse Width  ; uart_controller:uart_ctrl_inst|baud_rate_gen:brg_inst|ov_tick ; Rise       ; uart_controller:uart_ctrl_inst|uart_rx:rx_inst|data_out[3]          ;
; -0.500 ; 0.500        ; 1.000          ; High Pulse Width ; uart_controller:uart_ctrl_inst|baud_rate_gen:brg_inst|ov_tick ; Rise       ; uart_controller:uart_ctrl_inst|uart_rx:rx_inst|data_out[4]          ;
; -0.500 ; 0.500        ; 1.000          ; Low Pulse Width  ; uart_controller:uart_ctrl_inst|baud_rate_gen:brg_inst|ov_tick ; Rise       ; uart_controller:uart_ctrl_inst|uart_rx:rx_inst|data_out[4]          ;
; -0.500 ; 0.500        ; 1.000          ; High Pulse Width ; uart_controller:uart_ctrl_inst|baud_rate_gen:brg_inst|ov_tick ; Rise       ; uart_controller:uart_ctrl_inst|uart_rx:rx_inst|data_out[5]          ;
; -0.500 ; 0.500        ; 1.000          ; Low Pulse Width  ; uart_controller:uart_ctrl_inst|baud_rate_gen:brg_inst|ov_tick ; Rise       ; uart_controller:uart_ctrl_inst|uart_rx:rx_inst|data_out[5]          ;
; -0.500 ; 0.500        ; 1.000          ; High Pulse Width ; uart_controller:uart_ctrl_inst|baud_rate_gen:brg_inst|ov_tick ; Rise       ; uart_controller:uart_ctrl_inst|uart_rx:rx_inst|data_out[6]          ;
; -0.500 ; 0.500        ; 1.000          ; Low Pulse Width  ; uart_controller:uart_ctrl_inst|baud_rate_gen:brg_inst|ov_tick ; Rise       ; uart_controller:uart_ctrl_inst|uart_rx:rx_inst|data_out[6]          ;
; -0.500 ; 0.500        ; 1.000          ; High Pulse Width ; uart_controller:uart_ctrl_inst|baud_rate_gen:brg_inst|ov_tick ; Rise       ; uart_controller:uart_ctrl_inst|uart_rx:rx_inst|data_out[7]          ;
; -0.500 ; 0.500        ; 1.000          ; Low Pulse Width  ; uart_controller:uart_ctrl_inst|baud_rate_gen:brg_inst|ov_tick ; Rise       ; uart_controller:uart_ctrl_inst|uart_rx:rx_inst|data_out[7]          ;
; -0.500 ; 0.500        ; 1.000          ; High Pulse Width ; uart_controller:uart_ctrl_inst|baud_rate_gen:brg_inst|ov_tick ; Rise       ; uart_controller:uart_ctrl_inst|uart_rx:rx_inst|rx_reg[0]            ;
; -0.500 ; 0.500        ; 1.000          ; Low Pulse Width  ; uart_controller:uart_ctrl_inst|baud_rate_gen:brg_inst|ov_tick ; Rise       ; uart_controller:uart_ctrl_inst|uart_rx:rx_inst|rx_reg[0]            ;
; -0.500 ; 0.500        ; 1.000          ; High Pulse Width ; uart_controller:uart_ctrl_inst|baud_rate_gen:brg_inst|ov_tick ; Rise       ; uart_controller:uart_ctrl_inst|uart_rx:rx_inst|rx_reg[1]            ;
; -0.500 ; 0.500        ; 1.000          ; Low Pulse Width  ; uart_controller:uart_ctrl_inst|baud_rate_gen:brg_inst|ov_tick ; Rise       ; uart_controller:uart_ctrl_inst|uart_rx:rx_inst|rx_reg[1]            ;
; -0.500 ; 0.500        ; 1.000          ; High Pulse Width ; uart_controller:uart_ctrl_inst|baud_rate_gen:brg_inst|ov_tick ; Rise       ; uart_controller:uart_ctrl_inst|uart_rx:rx_inst|rx_reg[2]            ;
; -0.500 ; 0.500        ; 1.000          ; Low Pulse Width  ; uart_controller:uart_ctrl_inst|baud_rate_gen:brg_inst|ov_tick ; Rise       ; uart_controller:uart_ctrl_inst|uart_rx:rx_inst|rx_reg[2]            ;
; -0.500 ; 0.500        ; 1.000          ; High Pulse Width ; uart_controller:uart_ctrl_inst|baud_rate_gen:brg_inst|ov_tick ; Rise       ; uart_controller:uart_ctrl_inst|uart_rx:rx_inst|rx_reg[3]            ;
; -0.500 ; 0.500        ; 1.000          ; Low Pulse Width  ; uart_controller:uart_ctrl_inst|baud_rate_gen:brg_inst|ov_tick ; Rise       ; uart_controller:uart_ctrl_inst|uart_rx:rx_inst|rx_reg[3]            ;
; -0.500 ; 0.500        ; 1.000          ; High Pulse Width ; uart_controller:uart_ctrl_inst|baud_rate_gen:brg_inst|ov_tick ; Rise       ; uart_controller:uart_ctrl_inst|uart_rx:rx_inst|rx_reg[4]            ;
; -0.500 ; 0.500        ; 1.000          ; Low Pulse Width  ; uart_controller:uart_ctrl_inst|baud_rate_gen:brg_inst|ov_tick ; Rise       ; uart_controller:uart_ctrl_inst|uart_rx:rx_inst|rx_reg[4]            ;
; -0.500 ; 0.500        ; 1.000          ; High Pulse Width ; uart_controller:uart_ctrl_inst|baud_rate_gen:brg_inst|ov_tick ; Rise       ; uart_controller:uart_ctrl_inst|uart_rx:rx_inst|rx_reg[5]            ;
; -0.500 ; 0.500        ; 1.000          ; Low Pulse Width  ; uart_controller:uart_ctrl_inst|baud_rate_gen:brg_inst|ov_tick ; Rise       ; uart_controller:uart_ctrl_inst|uart_rx:rx_inst|rx_reg[5]            ;
; -0.500 ; 0.500        ; 1.000          ; High Pulse Width ; uart_controller:uart_ctrl_inst|baud_rate_gen:brg_inst|ov_tick ; Rise       ; uart_controller:uart_ctrl_inst|uart_rx:rx_inst|rx_reg[6]            ;
; -0.500 ; 0.500        ; 1.000          ; Low Pulse Width  ; uart_controller:uart_ctrl_inst|baud_rate_gen:brg_inst|ov_tick ; Rise       ; uart_controller:uart_ctrl_inst|uart_rx:rx_inst|rx_reg[6]            ;
; -0.500 ; 0.500        ; 1.000          ; High Pulse Width ; uart_controller:uart_ctrl_inst|baud_rate_gen:brg_inst|ov_tick ; Rise       ; uart_controller:uart_ctrl_inst|uart_rx:rx_inst|rx_reg[7]            ;
; -0.500 ; 0.500        ; 1.000          ; Low Pulse Width  ; uart_controller:uart_ctrl_inst|baud_rate_gen:brg_inst|ov_tick ; Rise       ; uart_controller:uart_ctrl_inst|uart_rx:rx_inst|rx_reg[7]            ;
; -0.500 ; 0.500        ; 1.000          ; High Pulse Width ; uart_controller:uart_ctrl_inst|baud_rate_gen:brg_inst|ov_tick ; Rise       ; uart_controller:uart_ctrl_inst|uart_rx:rx_inst|rx_valid             ;
; -0.500 ; 0.500        ; 1.000          ; Low Pulse Width  ; uart_controller:uart_ctrl_inst|baud_rate_gen:brg_inst|ov_tick ; Rise       ; uart_controller:uart_ctrl_inst|uart_rx:rx_inst|rx_valid             ;
; -0.500 ; 0.500        ; 1.000          ; High Pulse Width ; uart_controller:uart_ctrl_inst|baud_rate_gen:brg_inst|ov_tick ; Rise       ; uart_controller:uart_ctrl_inst|uart_rx:rx_inst|samples[0]           ;
; -0.500 ; 0.500        ; 1.000          ; Low Pulse Width  ; uart_controller:uart_ctrl_inst|baud_rate_gen:brg_inst|ov_tick ; Rise       ; uart_controller:uart_ctrl_inst|uart_rx:rx_inst|samples[0]           ;
; -0.500 ; 0.500        ; 1.000          ; High Pulse Width ; uart_controller:uart_ctrl_inst|baud_rate_gen:brg_inst|ov_tick ; Rise       ; uart_controller:uart_ctrl_inst|uart_rx:rx_inst|samples[1]           ;
; -0.500 ; 0.500        ; 1.000          ; Low Pulse Width  ; uart_controller:uart_ctrl_inst|baud_rate_gen:brg_inst|ov_tick ; Rise       ; uart_controller:uart_ctrl_inst|uart_rx:rx_inst|samples[1]           ;
; -0.500 ; 0.500        ; 1.000          ; High Pulse Width ; uart_controller:uart_ctrl_inst|baud_rate_gen:brg_inst|ov_tick ; Rise       ; uart_controller:uart_ctrl_inst|uart_rx:rx_inst|samples[2]           ;
; -0.500 ; 0.500        ; 1.000          ; Low Pulse Width  ; uart_controller:uart_ctrl_inst|baud_rate_gen:brg_inst|ov_tick ; Rise       ; uart_controller:uart_ctrl_inst|uart_rx:rx_inst|samples[2]           ;
; -0.500 ; 0.500        ; 1.000          ; High Pulse Width ; uart_controller:uart_ctrl_inst|baud_rate_gen:brg_inst|ov_tick ; Rise       ; uart_controller:uart_ctrl_inst|uart_rx:rx_inst|state.DATA           ;
; -0.500 ; 0.500        ; 1.000          ; Low Pulse Width  ; uart_controller:uart_ctrl_inst|baud_rate_gen:brg_inst|ov_tick ; Rise       ; uart_controller:uart_ctrl_inst|uart_rx:rx_inst|state.DATA           ;
; -0.500 ; 0.500        ; 1.000          ; High Pulse Width ; uart_controller:uart_ctrl_inst|baud_rate_gen:brg_inst|ov_tick ; Rise       ; uart_controller:uart_ctrl_inst|uart_rx:rx_inst|state.IDLE           ;
; -0.500 ; 0.500        ; 1.000          ; Low Pulse Width  ; uart_controller:uart_ctrl_inst|baud_rate_gen:brg_inst|ov_tick ; Rise       ; uart_controller:uart_ctrl_inst|uart_rx:rx_inst|state.IDLE           ;
; -0.500 ; 0.500        ; 1.000          ; High Pulse Width ; uart_controller:uart_ctrl_inst|baud_rate_gen:brg_inst|ov_tick ; Rise       ; uart_controller:uart_ctrl_inst|uart_rx:rx_inst|state.START          ;
; -0.500 ; 0.500        ; 1.000          ; Low Pulse Width  ; uart_controller:uart_ctrl_inst|baud_rate_gen:brg_inst|ov_tick ; Rise       ; uart_controller:uart_ctrl_inst|uart_rx:rx_inst|state.START          ;
; -0.500 ; 0.500        ; 1.000          ; High Pulse Width ; uart_controller:uart_ctrl_inst|baud_rate_gen:brg_inst|ov_tick ; Rise       ; uart_controller:uart_ctrl_inst|uart_rx:rx_inst|state.STOP           ;
; -0.500 ; 0.500        ; 1.000          ; Low Pulse Width  ; uart_controller:uart_ctrl_inst|baud_rate_gen:brg_inst|ov_tick ; Rise       ; uart_controller:uart_ctrl_inst|uart_rx:rx_inst|state.STOP           ;
; -0.500 ; 0.500        ; 1.000          ; High Pulse Width ; uart_controller:uart_ctrl_inst|baud_rate_gen:brg_inst|ov_tick ; Rise       ; uart_controller:uart_ctrl_inst|uart_rx:rx_inst|tick_cnt[0]          ;
; -0.500 ; 0.500        ; 1.000          ; Low Pulse Width  ; uart_controller:uart_ctrl_inst|baud_rate_gen:brg_inst|ov_tick ; Rise       ; uart_controller:uart_ctrl_inst|uart_rx:rx_inst|tick_cnt[0]          ;
; -0.500 ; 0.500        ; 1.000          ; High Pulse Width ; uart_controller:uart_ctrl_inst|baud_rate_gen:brg_inst|ov_tick ; Rise       ; uart_controller:uart_ctrl_inst|uart_rx:rx_inst|tick_cnt[1]          ;
; -0.500 ; 0.500        ; 1.000          ; Low Pulse Width  ; uart_controller:uart_ctrl_inst|baud_rate_gen:brg_inst|ov_tick ; Rise       ; uart_controller:uart_ctrl_inst|uart_rx:rx_inst|tick_cnt[1]          ;
; -0.500 ; 0.500        ; 1.000          ; High Pulse Width ; uart_controller:uart_ctrl_inst|baud_rate_gen:brg_inst|ov_tick ; Rise       ; uart_controller:uart_ctrl_inst|uart_rx:rx_inst|tick_cnt[2]          ;
; -0.500 ; 0.500        ; 1.000          ; Low Pulse Width  ; uart_controller:uart_ctrl_inst|baud_rate_gen:brg_inst|ov_tick ; Rise       ; uart_controller:uart_ctrl_inst|uart_rx:rx_inst|tick_cnt[2]          ;
; -0.500 ; 0.500        ; 1.000          ; High Pulse Width ; uart_controller:uart_ctrl_inst|baud_rate_gen:brg_inst|ov_tick ; Rise       ; uart_controller:uart_ctrl_inst|uart_rx:rx_inst|valid_timeout_cnt[0] ;
; -0.500 ; 0.500        ; 1.000          ; Low Pulse Width  ; uart_controller:uart_ctrl_inst|baud_rate_gen:brg_inst|ov_tick ; Rise       ; uart_controller:uart_ctrl_inst|uart_rx:rx_inst|valid_timeout_cnt[0] ;
; -0.500 ; 0.500        ; 1.000          ; High Pulse Width ; uart_controller:uart_ctrl_inst|baud_rate_gen:brg_inst|ov_tick ; Rise       ; uart_controller:uart_ctrl_inst|uart_rx:rx_inst|valid_timeout_cnt[1] ;
; -0.500 ; 0.500        ; 1.000          ; Low Pulse Width  ; uart_controller:uart_ctrl_inst|baud_rate_gen:brg_inst|ov_tick ; Rise       ; uart_controller:uart_ctrl_inst|uart_rx:rx_inst|valid_timeout_cnt[1] ;
; -0.500 ; 0.500        ; 1.000          ; High Pulse Width ; uart_controller:uart_ctrl_inst|baud_rate_gen:brg_inst|ov_tick ; Rise       ; uart_controller:uart_ctrl_inst|uart_rx:rx_inst|valid_timeout_cnt[2] ;
; -0.500 ; 0.500        ; 1.000          ; Low Pulse Width  ; uart_controller:uart_ctrl_inst|baud_rate_gen:brg_inst|ov_tick ; Rise       ; uart_controller:uart_ctrl_inst|uart_rx:rx_inst|valid_timeout_cnt[2] ;
; -0.500 ; 0.500        ; 1.000          ; High Pulse Width ; uart_controller:uart_ctrl_inst|baud_rate_gen:brg_inst|ov_tick ; Rise       ; uart_controller:uart_ctrl_inst|uart_rx:rx_inst|valid_timeout_cnt[3] ;
; -0.500 ; 0.500        ; 1.000          ; Low Pulse Width  ; uart_controller:uart_ctrl_inst|baud_rate_gen:brg_inst|ov_tick ; Rise       ; uart_controller:uart_ctrl_inst|uart_rx:rx_inst|valid_timeout_cnt[3] ;
; -0.500 ; 0.500        ; 1.000          ; High Pulse Width ; uart_controller:uart_ctrl_inst|baud_rate_gen:brg_inst|ov_tick ; Rise       ; uart_controller:uart_ctrl_inst|uart_rx:rx_inst|valid_timeout_cnt[4] ;
; -0.500 ; 0.500        ; 1.000          ; Low Pulse Width  ; uart_controller:uart_ctrl_inst|baud_rate_gen:brg_inst|ov_tick ; Rise       ; uart_controller:uart_ctrl_inst|uart_rx:rx_inst|valid_timeout_cnt[4] ;
; -0.500 ; 0.500        ; 1.000          ; High Pulse Width ; uart_controller:uart_ctrl_inst|baud_rate_gen:brg_inst|ov_tick ; Rise       ; uart_controller:uart_ctrl_inst|uart_rx:rx_inst|valid_timeout_cnt[5] ;
; -0.500 ; 0.500        ; 1.000          ; Low Pulse Width  ; uart_controller:uart_ctrl_inst|baud_rate_gen:brg_inst|ov_tick ; Rise       ; uart_controller:uart_ctrl_inst|uart_rx:rx_inst|valid_timeout_cnt[5] ;
; -0.500 ; 0.500        ; 1.000          ; High Pulse Width ; uart_controller:uart_ctrl_inst|baud_rate_gen:brg_inst|ov_tick ; Rise       ; uart_controller:uart_ctrl_inst|uart_rx:rx_inst|valid_timeout_cnt[6] ;
; -0.500 ; 0.500        ; 1.000          ; Low Pulse Width  ; uart_controller:uart_ctrl_inst|baud_rate_gen:brg_inst|ov_tick ; Rise       ; uart_controller:uart_ctrl_inst|uart_rx:rx_inst|valid_timeout_cnt[6] ;
; -0.500 ; 0.500        ; 1.000          ; High Pulse Width ; uart_controller:uart_ctrl_inst|baud_rate_gen:brg_inst|ov_tick ; Rise       ; uart_controller:uart_ctrl_inst|uart_rx:rx_inst|valid_timeout_cnt[7] ;
; -0.500 ; 0.500        ; 1.000          ; Low Pulse Width  ; uart_controller:uart_ctrl_inst|baud_rate_gen:brg_inst|ov_tick ; Rise       ; uart_controller:uart_ctrl_inst|uart_rx:rx_inst|valid_timeout_cnt[7] ;
; 0.500  ; 0.500        ; 0.000          ; High Pulse Width ; uart_controller:uart_ctrl_inst|baud_rate_gen:brg_inst|ov_tick ; Rise       ; uart_ctrl_inst|brg_inst|ov_tick|regout                              ;
; 0.500  ; 0.500        ; 0.000          ; Low Pulse Width  ; uart_controller:uart_ctrl_inst|baud_rate_gen:brg_inst|ov_tick ; Rise       ; uart_ctrl_inst|brg_inst|ov_tick|regout                              ;
; 0.500  ; 0.500        ; 0.000          ; High Pulse Width ; uart_controller:uart_ctrl_inst|baud_rate_gen:brg_inst|ov_tick ; Rise       ; uart_ctrl_inst|brg_inst|ov_tick~clkctrl|inclk[0]                    ;
; 0.500  ; 0.500        ; 0.000          ; Low Pulse Width  ; uart_controller:uart_ctrl_inst|baud_rate_gen:brg_inst|ov_tick ; Rise       ; uart_ctrl_inst|brg_inst|ov_tick~clkctrl|inclk[0]                    ;
; 0.500  ; 0.500        ; 0.000          ; High Pulse Width ; uart_controller:uart_ctrl_inst|baud_rate_gen:brg_inst|ov_tick ; Rise       ; uart_ctrl_inst|brg_inst|ov_tick~clkctrl|outclk                      ;
; 0.500  ; 0.500        ; 0.000          ; Low Pulse Width  ; uart_controller:uart_ctrl_inst|baud_rate_gen:brg_inst|ov_tick ; Rise       ; uart_ctrl_inst|brg_inst|ov_tick~clkctrl|outclk                      ;
; 0.500  ; 0.500        ; 0.000          ; High Pulse Width ; uart_controller:uart_ctrl_inst|baud_rate_gen:brg_inst|ov_tick ; Rise       ; uart_ctrl_inst|rx_inst|bit_cnt[0]|clk                               ;
; 0.500  ; 0.500        ; 0.000          ; Low Pulse Width  ; uart_controller:uart_ctrl_inst|baud_rate_gen:brg_inst|ov_tick ; Rise       ; uart_ctrl_inst|rx_inst|bit_cnt[0]|clk                               ;
; 0.500  ; 0.500        ; 0.000          ; High Pulse Width ; uart_controller:uart_ctrl_inst|baud_rate_gen:brg_inst|ov_tick ; Rise       ; uart_ctrl_inst|rx_inst|bit_cnt[1]|clk                               ;
; 0.500  ; 0.500        ; 0.000          ; Low Pulse Width  ; uart_controller:uart_ctrl_inst|baud_rate_gen:brg_inst|ov_tick ; Rise       ; uart_ctrl_inst|rx_inst|bit_cnt[1]|clk                               ;
; 0.500  ; 0.500        ; 0.000          ; High Pulse Width ; uart_controller:uart_ctrl_inst|baud_rate_gen:brg_inst|ov_tick ; Rise       ; uart_ctrl_inst|rx_inst|bit_cnt[2]|clk                               ;
; 0.500  ; 0.500        ; 0.000          ; Low Pulse Width  ; uart_controller:uart_ctrl_inst|baud_rate_gen:brg_inst|ov_tick ; Rise       ; uart_ctrl_inst|rx_inst|bit_cnt[2]|clk                               ;
; 0.500  ; 0.500        ; 0.000          ; High Pulse Width ; uart_controller:uart_ctrl_inst|baud_rate_gen:brg_inst|ov_tick ; Rise       ; uart_ctrl_inst|rx_inst|data_out[0]|clk                              ;
; 0.500  ; 0.500        ; 0.000          ; Low Pulse Width  ; uart_controller:uart_ctrl_inst|baud_rate_gen:brg_inst|ov_tick ; Rise       ; uart_ctrl_inst|rx_inst|data_out[0]|clk                              ;
; 0.500  ; 0.500        ; 0.000          ; High Pulse Width ; uart_controller:uart_ctrl_inst|baud_rate_gen:brg_inst|ov_tick ; Rise       ; uart_ctrl_inst|rx_inst|data_out[1]|clk                              ;
; 0.500  ; 0.500        ; 0.000          ; Low Pulse Width  ; uart_controller:uart_ctrl_inst|baud_rate_gen:brg_inst|ov_tick ; Rise       ; uart_ctrl_inst|rx_inst|data_out[1]|clk                              ;
; 0.500  ; 0.500        ; 0.000          ; High Pulse Width ; uart_controller:uart_ctrl_inst|baud_rate_gen:brg_inst|ov_tick ; Rise       ; uart_ctrl_inst|rx_inst|data_out[2]|clk                              ;
; 0.500  ; 0.500        ; 0.000          ; Low Pulse Width  ; uart_controller:uart_ctrl_inst|baud_rate_gen:brg_inst|ov_tick ; Rise       ; uart_ctrl_inst|rx_inst|data_out[2]|clk                              ;
; 0.500  ; 0.500        ; 0.000          ; High Pulse Width ; uart_controller:uart_ctrl_inst|baud_rate_gen:brg_inst|ov_tick ; Rise       ; uart_ctrl_inst|rx_inst|data_out[3]|clk                              ;
; 0.500  ; 0.500        ; 0.000          ; Low Pulse Width  ; uart_controller:uart_ctrl_inst|baud_rate_gen:brg_inst|ov_tick ; Rise       ; uart_ctrl_inst|rx_inst|data_out[3]|clk                              ;
; 0.500  ; 0.500        ; 0.000          ; High Pulse Width ; uart_controller:uart_ctrl_inst|baud_rate_gen:brg_inst|ov_tick ; Rise       ; uart_ctrl_inst|rx_inst|data_out[4]|clk                              ;
; 0.500  ; 0.500        ; 0.000          ; Low Pulse Width  ; uart_controller:uart_ctrl_inst|baud_rate_gen:brg_inst|ov_tick ; Rise       ; uart_ctrl_inst|rx_inst|data_out[4]|clk                              ;
; 0.500  ; 0.500        ; 0.000          ; High Pulse Width ; uart_controller:uart_ctrl_inst|baud_rate_gen:brg_inst|ov_tick ; Rise       ; uart_ctrl_inst|rx_inst|data_out[5]|clk                              ;
; 0.500  ; 0.500        ; 0.000          ; Low Pulse Width  ; uart_controller:uart_ctrl_inst|baud_rate_gen:brg_inst|ov_tick ; Rise       ; uart_ctrl_inst|rx_inst|data_out[5]|clk                              ;
+--------+--------------+----------------+------------------+---------------------------------------------------------------+------------+---------------------------------------------------------------------+


+----------------------------------------------------------------------------------------------------------------------------------------------------------------------------------------------------------+
; Slow Model Minimum Pulse Width: 'uart_controller:uart_ctrl_inst|baud_rate_gen:brg_inst|uart_tick'                                                                                                        ;
+--------+--------------+----------------+------------------+-----------------------------------------------------------------+------------+---------------------------------------------------------------+
; Slack  ; Actual Width ; Required Width ; Type             ; Clock                                                           ; Clock Edge ; Target                                                        ;
+--------+--------------+----------------+------------------+-----------------------------------------------------------------+------------+---------------------------------------------------------------+
; -0.500 ; 0.500        ; 1.000          ; High Pulse Width ; uart_controller:uart_ctrl_inst|baud_rate_gen:brg_inst|uart_tick ; Rise       ; uart_controller:uart_ctrl_inst|uart_tx:tx_inst|bit_cnt[0]     ;
; -0.500 ; 0.500        ; 1.000          ; Low Pulse Width  ; uart_controller:uart_ctrl_inst|baud_rate_gen:brg_inst|uart_tick ; Rise       ; uart_controller:uart_ctrl_inst|uart_tx:tx_inst|bit_cnt[0]     ;
; -0.500 ; 0.500        ; 1.000          ; High Pulse Width ; uart_controller:uart_ctrl_inst|baud_rate_gen:brg_inst|uart_tick ; Rise       ; uart_controller:uart_ctrl_inst|uart_tx:tx_inst|bit_cnt[1]     ;
; -0.500 ; 0.500        ; 1.000          ; Low Pulse Width  ; uart_controller:uart_ctrl_inst|baud_rate_gen:brg_inst|uart_tick ; Rise       ; uart_controller:uart_ctrl_inst|uart_tx:tx_inst|bit_cnt[1]     ;
; -0.500 ; 0.500        ; 1.000          ; High Pulse Width ; uart_controller:uart_ctrl_inst|baud_rate_gen:brg_inst|uart_tick ; Rise       ; uart_controller:uart_ctrl_inst|uart_tx:tx_inst|bit_cnt[2]     ;
; -0.500 ; 0.500        ; 1.000          ; Low Pulse Width  ; uart_controller:uart_ctrl_inst|baud_rate_gen:brg_inst|uart_tick ; Rise       ; uart_controller:uart_ctrl_inst|uart_tx:tx_inst|bit_cnt[2]     ;
; -0.500 ; 0.500        ; 1.000          ; High Pulse Width ; uart_controller:uart_ctrl_inst|baud_rate_gen:brg_inst|uart_tick ; Rise       ; uart_controller:uart_ctrl_inst|uart_tx:tx_inst|state.DATA     ;
; -0.500 ; 0.500        ; 1.000          ; Low Pulse Width  ; uart_controller:uart_ctrl_inst|baud_rate_gen:brg_inst|uart_tick ; Rise       ; uart_controller:uart_ctrl_inst|uart_tx:tx_inst|state.DATA     ;
; -0.500 ; 0.500        ; 1.000          ; High Pulse Width ; uart_controller:uart_ctrl_inst|baud_rate_gen:brg_inst|uart_tick ; Rise       ; uart_controller:uart_ctrl_inst|uart_tx:tx_inst|state.IDLE     ;
; -0.500 ; 0.500        ; 1.000          ; Low Pulse Width  ; uart_controller:uart_ctrl_inst|baud_rate_gen:brg_inst|uart_tick ; Rise       ; uart_controller:uart_ctrl_inst|uart_tx:tx_inst|state.IDLE     ;
; -0.500 ; 0.500        ; 1.000          ; High Pulse Width ; uart_controller:uart_ctrl_inst|baud_rate_gen:brg_inst|uart_tick ; Rise       ; uart_controller:uart_ctrl_inst|uart_tx:tx_inst|state.START    ;
; -0.500 ; 0.500        ; 1.000          ; Low Pulse Width  ; uart_controller:uart_ctrl_inst|baud_rate_gen:brg_inst|uart_tick ; Rise       ; uart_controller:uart_ctrl_inst|uart_tx:tx_inst|state.START    ;
; -0.500 ; 0.500        ; 1.000          ; High Pulse Width ; uart_controller:uart_ctrl_inst|baud_rate_gen:brg_inst|uart_tick ; Rise       ; uart_controller:uart_ctrl_inst|uart_tx:tx_inst|state.STOP     ;
; -0.500 ; 0.500        ; 1.000          ; Low Pulse Width  ; uart_controller:uart_ctrl_inst|baud_rate_gen:brg_inst|uart_tick ; Rise       ; uart_controller:uart_ctrl_inst|uart_tx:tx_inst|state.STOP     ;
; -0.500 ; 0.500        ; 1.000          ; High Pulse Width ; uart_controller:uart_ctrl_inst|baud_rate_gen:brg_inst|uart_tick ; Rise       ; uart_controller:uart_ctrl_inst|uart_tx:tx_inst|timeout_cnt[0] ;
; -0.500 ; 0.500        ; 1.000          ; Low Pulse Width  ; uart_controller:uart_ctrl_inst|baud_rate_gen:brg_inst|uart_tick ; Rise       ; uart_controller:uart_ctrl_inst|uart_tx:tx_inst|timeout_cnt[0] ;
; -0.500 ; 0.500        ; 1.000          ; High Pulse Width ; uart_controller:uart_ctrl_inst|baud_rate_gen:brg_inst|uart_tick ; Rise       ; uart_controller:uart_ctrl_inst|uart_tx:tx_inst|timeout_cnt[1] ;
; -0.500 ; 0.500        ; 1.000          ; Low Pulse Width  ; uart_controller:uart_ctrl_inst|baud_rate_gen:brg_inst|uart_tick ; Rise       ; uart_controller:uart_ctrl_inst|uart_tx:tx_inst|timeout_cnt[1] ;
; -0.500 ; 0.500        ; 1.000          ; High Pulse Width ; uart_controller:uart_ctrl_inst|baud_rate_gen:brg_inst|uart_tick ; Rise       ; uart_controller:uart_ctrl_inst|uart_tx:tx_inst|timeout_cnt[2] ;
; -0.500 ; 0.500        ; 1.000          ; Low Pulse Width  ; uart_controller:uart_ctrl_inst|baud_rate_gen:brg_inst|uart_tick ; Rise       ; uart_controller:uart_ctrl_inst|uart_tx:tx_inst|timeout_cnt[2] ;
; -0.500 ; 0.500        ; 1.000          ; High Pulse Width ; uart_controller:uart_ctrl_inst|baud_rate_gen:brg_inst|uart_tick ; Rise       ; uart_controller:uart_ctrl_inst|uart_tx:tx_inst|timeout_cnt[3] ;
; -0.500 ; 0.500        ; 1.000          ; Low Pulse Width  ; uart_controller:uart_ctrl_inst|baud_rate_gen:brg_inst|uart_tick ; Rise       ; uart_controller:uart_ctrl_inst|uart_tx:tx_inst|timeout_cnt[3] ;
; -0.500 ; 0.500        ; 1.000          ; High Pulse Width ; uart_controller:uart_ctrl_inst|baud_rate_gen:brg_inst|uart_tick ; Rise       ; uart_controller:uart_ctrl_inst|uart_tx:tx_inst|timeout_cnt[4] ;
; -0.500 ; 0.500        ; 1.000          ; Low Pulse Width  ; uart_controller:uart_ctrl_inst|baud_rate_gen:brg_inst|uart_tick ; Rise       ; uart_controller:uart_ctrl_inst|uart_tx:tx_inst|timeout_cnt[4] ;
; -0.500 ; 0.500        ; 1.000          ; High Pulse Width ; uart_controller:uart_ctrl_inst|baud_rate_gen:brg_inst|uart_tick ; Rise       ; uart_controller:uart_ctrl_inst|uart_tx:tx_inst|timeout_cnt[5] ;
; -0.500 ; 0.500        ; 1.000          ; Low Pulse Width  ; uart_controller:uart_ctrl_inst|baud_rate_gen:brg_inst|uart_tick ; Rise       ; uart_controller:uart_ctrl_inst|uart_tx:tx_inst|timeout_cnt[5] ;
; -0.500 ; 0.500        ; 1.000          ; High Pulse Width ; uart_controller:uart_ctrl_inst|baud_rate_gen:brg_inst|uart_tick ; Rise       ; uart_controller:uart_ctrl_inst|uart_tx:tx_inst|timeout_cnt[6] ;
; -0.500 ; 0.500        ; 1.000          ; Low Pulse Width  ; uart_controller:uart_ctrl_inst|baud_rate_gen:brg_inst|uart_tick ; Rise       ; uart_controller:uart_ctrl_inst|uart_tx:tx_inst|timeout_cnt[6] ;
; -0.500 ; 0.500        ; 1.000          ; High Pulse Width ; uart_controller:uart_ctrl_inst|baud_rate_gen:brg_inst|uart_tick ; Rise       ; uart_controller:uart_ctrl_inst|uart_tx:tx_inst|timeout_cnt[7] ;
; -0.500 ; 0.500        ; 1.000          ; Low Pulse Width  ; uart_controller:uart_ctrl_inst|baud_rate_gen:brg_inst|uart_tick ; Rise       ; uart_controller:uart_ctrl_inst|uart_tx:tx_inst|timeout_cnt[7] ;
; -0.500 ; 0.500        ; 1.000          ; High Pulse Width ; uart_controller:uart_ctrl_inst|baud_rate_gen:brg_inst|uart_tick ; Rise       ; uart_controller:uart_ctrl_inst|uart_tx:tx_inst|tx             ;
; -0.500 ; 0.500        ; 1.000          ; Low Pulse Width  ; uart_controller:uart_ctrl_inst|baud_rate_gen:brg_inst|uart_tick ; Rise       ; uart_controller:uart_ctrl_inst|uart_tx:tx_inst|tx             ;
; -0.500 ; 0.500        ; 1.000          ; High Pulse Width ; uart_controller:uart_ctrl_inst|baud_rate_gen:brg_inst|uart_tick ; Rise       ; uart_controller:uart_ctrl_inst|uart_tx:tx_inst|tx_reg[0]      ;
; -0.500 ; 0.500        ; 1.000          ; Low Pulse Width  ; uart_controller:uart_ctrl_inst|baud_rate_gen:brg_inst|uart_tick ; Rise       ; uart_controller:uart_ctrl_inst|uart_tx:tx_inst|tx_reg[0]      ;
; -0.500 ; 0.500        ; 1.000          ; High Pulse Width ; uart_controller:uart_ctrl_inst|baud_rate_gen:brg_inst|uart_tick ; Rise       ; uart_controller:uart_ctrl_inst|uart_tx:tx_inst|tx_reg[1]      ;
; -0.500 ; 0.500        ; 1.000          ; Low Pulse Width  ; uart_controller:uart_ctrl_inst|baud_rate_gen:brg_inst|uart_tick ; Rise       ; uart_controller:uart_ctrl_inst|uart_tx:tx_inst|tx_reg[1]      ;
; -0.500 ; 0.500        ; 1.000          ; High Pulse Width ; uart_controller:uart_ctrl_inst|baud_rate_gen:brg_inst|uart_tick ; Rise       ; uart_controller:uart_ctrl_inst|uart_tx:tx_inst|tx_reg[2]      ;
; -0.500 ; 0.500        ; 1.000          ; Low Pulse Width  ; uart_controller:uart_ctrl_inst|baud_rate_gen:brg_inst|uart_tick ; Rise       ; uart_controller:uart_ctrl_inst|uart_tx:tx_inst|tx_reg[2]      ;
; -0.500 ; 0.500        ; 1.000          ; High Pulse Width ; uart_controller:uart_ctrl_inst|baud_rate_gen:brg_inst|uart_tick ; Rise       ; uart_controller:uart_ctrl_inst|uart_tx:tx_inst|tx_reg[3]      ;
; -0.500 ; 0.500        ; 1.000          ; Low Pulse Width  ; uart_controller:uart_ctrl_inst|baud_rate_gen:brg_inst|uart_tick ; Rise       ; uart_controller:uart_ctrl_inst|uart_tx:tx_inst|tx_reg[3]      ;
; -0.500 ; 0.500        ; 1.000          ; High Pulse Width ; uart_controller:uart_ctrl_inst|baud_rate_gen:brg_inst|uart_tick ; Rise       ; uart_controller:uart_ctrl_inst|uart_tx:tx_inst|tx_reg[4]      ;
; -0.500 ; 0.500        ; 1.000          ; Low Pulse Width  ; uart_controller:uart_ctrl_inst|baud_rate_gen:brg_inst|uart_tick ; Rise       ; uart_controller:uart_ctrl_inst|uart_tx:tx_inst|tx_reg[4]      ;
; 0.500  ; 0.500        ; 0.000          ; High Pulse Width ; uart_controller:uart_ctrl_inst|baud_rate_gen:brg_inst|uart_tick ; Rise       ; uart_ctrl_inst|brg_inst|uart_tick|regout                      ;
; 0.500  ; 0.500        ; 0.000          ; Low Pulse Width  ; uart_controller:uart_ctrl_inst|baud_rate_gen:brg_inst|uart_tick ; Rise       ; uart_ctrl_inst|brg_inst|uart_tick|regout                      ;
; 0.500  ; 0.500        ; 0.000          ; High Pulse Width ; uart_controller:uart_ctrl_inst|baud_rate_gen:brg_inst|uart_tick ; Rise       ; uart_ctrl_inst|brg_inst|uart_tick~clkctrl|inclk[0]            ;
; 0.500  ; 0.500        ; 0.000          ; Low Pulse Width  ; uart_controller:uart_ctrl_inst|baud_rate_gen:brg_inst|uart_tick ; Rise       ; uart_ctrl_inst|brg_inst|uart_tick~clkctrl|inclk[0]            ;
; 0.500  ; 0.500        ; 0.000          ; High Pulse Width ; uart_controller:uart_ctrl_inst|baud_rate_gen:brg_inst|uart_tick ; Rise       ; uart_ctrl_inst|brg_inst|uart_tick~clkctrl|outclk              ;
; 0.500  ; 0.500        ; 0.000          ; Low Pulse Width  ; uart_controller:uart_ctrl_inst|baud_rate_gen:brg_inst|uart_tick ; Rise       ; uart_ctrl_inst|brg_inst|uart_tick~clkctrl|outclk              ;
; 0.500  ; 0.500        ; 0.000          ; High Pulse Width ; uart_controller:uart_ctrl_inst|baud_rate_gen:brg_inst|uart_tick ; Rise       ; uart_ctrl_inst|tx_inst|bit_cnt[0]|clk                         ;
; 0.500  ; 0.500        ; 0.000          ; Low Pulse Width  ; uart_controller:uart_ctrl_inst|baud_rate_gen:brg_inst|uart_tick ; Rise       ; uart_ctrl_inst|tx_inst|bit_cnt[0]|clk                         ;
; 0.500  ; 0.500        ; 0.000          ; High Pulse Width ; uart_controller:uart_ctrl_inst|baud_rate_gen:brg_inst|uart_tick ; Rise       ; uart_ctrl_inst|tx_inst|bit_cnt[1]|clk                         ;
; 0.500  ; 0.500        ; 0.000          ; Low Pulse Width  ; uart_controller:uart_ctrl_inst|baud_rate_gen:brg_inst|uart_tick ; Rise       ; uart_ctrl_inst|tx_inst|bit_cnt[1]|clk                         ;
; 0.500  ; 0.500        ; 0.000          ; High Pulse Width ; uart_controller:uart_ctrl_inst|baud_rate_gen:brg_inst|uart_tick ; Rise       ; uart_ctrl_inst|tx_inst|bit_cnt[2]|clk                         ;
; 0.500  ; 0.500        ; 0.000          ; Low Pulse Width  ; uart_controller:uart_ctrl_inst|baud_rate_gen:brg_inst|uart_tick ; Rise       ; uart_ctrl_inst|tx_inst|bit_cnt[2]|clk                         ;
; 0.500  ; 0.500        ; 0.000          ; High Pulse Width ; uart_controller:uart_ctrl_inst|baud_rate_gen:brg_inst|uart_tick ; Rise       ; uart_ctrl_inst|tx_inst|state.DATA|clk                         ;
; 0.500  ; 0.500        ; 0.000          ; Low Pulse Width  ; uart_controller:uart_ctrl_inst|baud_rate_gen:brg_inst|uart_tick ; Rise       ; uart_ctrl_inst|tx_inst|state.DATA|clk                         ;
; 0.500  ; 0.500        ; 0.000          ; High Pulse Width ; uart_controller:uart_ctrl_inst|baud_rate_gen:brg_inst|uart_tick ; Rise       ; uart_ctrl_inst|tx_inst|state.IDLE|clk                         ;
; 0.500  ; 0.500        ; 0.000          ; Low Pulse Width  ; uart_controller:uart_ctrl_inst|baud_rate_gen:brg_inst|uart_tick ; Rise       ; uart_ctrl_inst|tx_inst|state.IDLE|clk                         ;
; 0.500  ; 0.500        ; 0.000          ; High Pulse Width ; uart_controller:uart_ctrl_inst|baud_rate_gen:brg_inst|uart_tick ; Rise       ; uart_ctrl_inst|tx_inst|state.START|clk                        ;
; 0.500  ; 0.500        ; 0.000          ; Low Pulse Width  ; uart_controller:uart_ctrl_inst|baud_rate_gen:brg_inst|uart_tick ; Rise       ; uart_ctrl_inst|tx_inst|state.START|clk                        ;
; 0.500  ; 0.500        ; 0.000          ; High Pulse Width ; uart_controller:uart_ctrl_inst|baud_rate_gen:brg_inst|uart_tick ; Rise       ; uart_ctrl_inst|tx_inst|state.STOP|clk                         ;
; 0.500  ; 0.500        ; 0.000          ; Low Pulse Width  ; uart_controller:uart_ctrl_inst|baud_rate_gen:brg_inst|uart_tick ; Rise       ; uart_ctrl_inst|tx_inst|state.STOP|clk                         ;
; 0.500  ; 0.500        ; 0.000          ; High Pulse Width ; uart_controller:uart_ctrl_inst|baud_rate_gen:brg_inst|uart_tick ; Rise       ; uart_ctrl_inst|tx_inst|timeout_cnt[0]|clk                     ;
; 0.500  ; 0.500        ; 0.000          ; Low Pulse Width  ; uart_controller:uart_ctrl_inst|baud_rate_gen:brg_inst|uart_tick ; Rise       ; uart_ctrl_inst|tx_inst|timeout_cnt[0]|clk                     ;
; 0.500  ; 0.500        ; 0.000          ; High Pulse Width ; uart_controller:uart_ctrl_inst|baud_rate_gen:brg_inst|uart_tick ; Rise       ; uart_ctrl_inst|tx_inst|timeout_cnt[1]|clk                     ;
; 0.500  ; 0.500        ; 0.000          ; Low Pulse Width  ; uart_controller:uart_ctrl_inst|baud_rate_gen:brg_inst|uart_tick ; Rise       ; uart_ctrl_inst|tx_inst|timeout_cnt[1]|clk                     ;
; 0.500  ; 0.500        ; 0.000          ; High Pulse Width ; uart_controller:uart_ctrl_inst|baud_rate_gen:brg_inst|uart_tick ; Rise       ; uart_ctrl_inst|tx_inst|timeout_cnt[2]|clk                     ;
; 0.500  ; 0.500        ; 0.000          ; Low Pulse Width  ; uart_controller:uart_ctrl_inst|baud_rate_gen:brg_inst|uart_tick ; Rise       ; uart_ctrl_inst|tx_inst|timeout_cnt[2]|clk                     ;
; 0.500  ; 0.500        ; 0.000          ; High Pulse Width ; uart_controller:uart_ctrl_inst|baud_rate_gen:brg_inst|uart_tick ; Rise       ; uart_ctrl_inst|tx_inst|timeout_cnt[3]|clk                     ;
; 0.500  ; 0.500        ; 0.000          ; Low Pulse Width  ; uart_controller:uart_ctrl_inst|baud_rate_gen:brg_inst|uart_tick ; Rise       ; uart_ctrl_inst|tx_inst|timeout_cnt[3]|clk                     ;
; 0.500  ; 0.500        ; 0.000          ; High Pulse Width ; uart_controller:uart_ctrl_inst|baud_rate_gen:brg_inst|uart_tick ; Rise       ; uart_ctrl_inst|tx_inst|timeout_cnt[4]|clk                     ;
; 0.500  ; 0.500        ; 0.000          ; Low Pulse Width  ; uart_controller:uart_ctrl_inst|baud_rate_gen:brg_inst|uart_tick ; Rise       ; uart_ctrl_inst|tx_inst|timeout_cnt[4]|clk                     ;
; 0.500  ; 0.500        ; 0.000          ; High Pulse Width ; uart_controller:uart_ctrl_inst|baud_rate_gen:brg_inst|uart_tick ; Rise       ; uart_ctrl_inst|tx_inst|timeout_cnt[5]|clk                     ;
; 0.500  ; 0.500        ; 0.000          ; Low Pulse Width  ; uart_controller:uart_ctrl_inst|baud_rate_gen:brg_inst|uart_tick ; Rise       ; uart_ctrl_inst|tx_inst|timeout_cnt[5]|clk                     ;
; 0.500  ; 0.500        ; 0.000          ; High Pulse Width ; uart_controller:uart_ctrl_inst|baud_rate_gen:brg_inst|uart_tick ; Rise       ; uart_ctrl_inst|tx_inst|timeout_cnt[6]|clk                     ;
; 0.500  ; 0.500        ; 0.000          ; Low Pulse Width  ; uart_controller:uart_ctrl_inst|baud_rate_gen:brg_inst|uart_tick ; Rise       ; uart_ctrl_inst|tx_inst|timeout_cnt[6]|clk                     ;
; 0.500  ; 0.500        ; 0.000          ; High Pulse Width ; uart_controller:uart_ctrl_inst|baud_rate_gen:brg_inst|uart_tick ; Rise       ; uart_ctrl_inst|tx_inst|timeout_cnt[7]|clk                     ;
; 0.500  ; 0.500        ; 0.000          ; Low Pulse Width  ; uart_controller:uart_ctrl_inst|baud_rate_gen:brg_inst|uart_tick ; Rise       ; uart_ctrl_inst|tx_inst|timeout_cnt[7]|clk                     ;
; 0.500  ; 0.500        ; 0.000          ; High Pulse Width ; uart_controller:uart_ctrl_inst|baud_rate_gen:brg_inst|uart_tick ; Rise       ; uart_ctrl_inst|tx_inst|tx_reg[0]|clk                          ;
; 0.500  ; 0.500        ; 0.000          ; Low Pulse Width  ; uart_controller:uart_ctrl_inst|baud_rate_gen:brg_inst|uart_tick ; Rise       ; uart_ctrl_inst|tx_inst|tx_reg[0]|clk                          ;
; 0.500  ; 0.500        ; 0.000          ; High Pulse Width ; uart_controller:uart_ctrl_inst|baud_rate_gen:brg_inst|uart_tick ; Rise       ; uart_ctrl_inst|tx_inst|tx_reg[1]|clk                          ;
; 0.500  ; 0.500        ; 0.000          ; Low Pulse Width  ; uart_controller:uart_ctrl_inst|baud_rate_gen:brg_inst|uart_tick ; Rise       ; uart_ctrl_inst|tx_inst|tx_reg[1]|clk                          ;
; 0.500  ; 0.500        ; 0.000          ; High Pulse Width ; uart_controller:uart_ctrl_inst|baud_rate_gen:brg_inst|uart_tick ; Rise       ; uart_ctrl_inst|tx_inst|tx_reg[2]|clk                          ;
; 0.500  ; 0.500        ; 0.000          ; Low Pulse Width  ; uart_controller:uart_ctrl_inst|baud_rate_gen:brg_inst|uart_tick ; Rise       ; uart_ctrl_inst|tx_inst|tx_reg[2]|clk                          ;
; 0.500  ; 0.500        ; 0.000          ; High Pulse Width ; uart_controller:uart_ctrl_inst|baud_rate_gen:brg_inst|uart_tick ; Rise       ; uart_ctrl_inst|tx_inst|tx_reg[3]|clk                          ;
; 0.500  ; 0.500        ; 0.000          ; Low Pulse Width  ; uart_controller:uart_ctrl_inst|baud_rate_gen:brg_inst|uart_tick ; Rise       ; uart_ctrl_inst|tx_inst|tx_reg[3]|clk                          ;
; 0.500  ; 0.500        ; 0.000          ; High Pulse Width ; uart_controller:uart_ctrl_inst|baud_rate_gen:brg_inst|uart_tick ; Rise       ; uart_ctrl_inst|tx_inst|tx_reg[4]|clk                          ;
; 0.500  ; 0.500        ; 0.000          ; Low Pulse Width  ; uart_controller:uart_ctrl_inst|baud_rate_gen:brg_inst|uart_tick ; Rise       ; uart_ctrl_inst|tx_inst|tx_reg[4]|clk                          ;
; 0.500  ; 0.500        ; 0.000          ; High Pulse Width ; uart_controller:uart_ctrl_inst|baud_rate_gen:brg_inst|uart_tick ; Rise       ; uart_ctrl_inst|tx_inst|tx|clk                                 ;
; 0.500  ; 0.500        ; 0.000          ; Low Pulse Width  ; uart_controller:uart_ctrl_inst|baud_rate_gen:brg_inst|uart_tick ; Rise       ; uart_ctrl_inst|tx_inst|tx|clk                                 ;
+--------+--------------+----------------+------------------+-----------------------------------------------------------------+------------+---------------------------------------------------------------+


+------------------------------------------------------------------------------------------------------------------------------------------------------------------------+
; Setup Times                                                                                                                                                            ;
+-----------+---------------------------------------------------------------+-------+-------+------------+---------------------------------------------------------------+
; Data Port ; Clock Port                                                    ; Rise  ; Fall  ; Clock Edge ; Clock Reference                                               ;
+-----------+---------------------------------------------------------------+-------+-------+------------+---------------------------------------------------------------+
; UART_RXD  ; uart_controller:uart_ctrl_inst|baud_rate_gen:brg_inst|ov_tick ; 7.166 ; 7.166 ; Rise       ; uart_controller:uart_ctrl_inst|baud_rate_gen:brg_inst|ov_tick ;
+-----------+---------------------------------------------------------------+-------+-------+------------+---------------------------------------------------------------+


+--------------------------------------------------------------------------------------------------------------------------------------------------------------------------+
; Hold Times                                                                                                                                                               ;
+-----------+---------------------------------------------------------------+--------+--------+------------+---------------------------------------------------------------+
; Data Port ; Clock Port                                                    ; Rise   ; Fall   ; Clock Edge ; Clock Reference                                               ;
+-----------+---------------------------------------------------------------+--------+--------+------------+---------------------------------------------------------------+
; UART_RXD  ; uart_controller:uart_ctrl_inst|baud_rate_gen:brg_inst|ov_tick ; -5.741 ; -5.741 ; Rise       ; uart_controller:uart_ctrl_inst|baud_rate_gen:brg_inst|ov_tick ;
+-----------+---------------------------------------------------------------+--------+--------+------------+---------------------------------------------------------------+


+---------------------------------------------------------------------------------------------------------------------------------------------------------------------------------+
; Clock to Output Times                                                                                                                                                           ;
+----------------+-----------------------------------------------------------------+-------+-------+------------+-----------------------------------------------------------------+
; Data Port      ; Clock Port                                                      ; Rise  ; Fall  ; Clock Edge ; Clock Reference                                                 ;
+----------------+-----------------------------------------------------------------+-------+-------+------------+-----------------------------------------------------------------+
; HEX0[*]        ; CLOCK_50                                                        ; 9.285 ; 9.285 ; Rise       ; CLOCK_50                                                        ;
;  HEX0[0]       ; CLOCK_50                                                        ; 9.285 ; 9.285 ; Rise       ; CLOCK_50                                                        ;
;  HEX0[1]       ; CLOCK_50                                                        ; 9.262 ; 9.262 ; Rise       ; CLOCK_50                                                        ;
;  HEX0[2]       ; CLOCK_50                                                        ; 9.268 ; 9.268 ; Rise       ; CLOCK_50                                                        ;
;  HEX0[3]       ; CLOCK_50                                                        ; 9.042 ; 9.042 ; Rise       ; CLOCK_50                                                        ;
;  HEX0[4]       ; CLOCK_50                                                        ; 9.045 ; 9.045 ; Rise       ; CLOCK_50                                                        ;
;  HEX0[5]       ; CLOCK_50                                                        ; 9.027 ; 9.027 ; Rise       ; CLOCK_50                                                        ;
;  HEX0[6]       ; CLOCK_50                                                        ; 9.027 ; 9.027 ; Rise       ; CLOCK_50                                                        ;
; HEX1[*]        ; CLOCK_50                                                        ; 7.856 ; 7.856 ; Rise       ; CLOCK_50                                                        ;
;  HEX1[0]       ; CLOCK_50                                                        ; 7.590 ; 7.590 ; Rise       ; CLOCK_50                                                        ;
;  HEX1[1]       ; CLOCK_50                                                        ; 7.856 ; 7.856 ; Rise       ; CLOCK_50                                                        ;
;  HEX1[2]       ; CLOCK_50                                                        ; 7.406 ; 7.406 ; Rise       ; CLOCK_50                                                        ;
;  HEX1[3]       ; CLOCK_50                                                        ; 7.447 ; 7.447 ; Rise       ; CLOCK_50                                                        ;
;  HEX1[4]       ; CLOCK_50                                                        ; 7.407 ; 7.407 ; Rise       ; CLOCK_50                                                        ;
;  HEX1[5]       ; CLOCK_50                                                        ; 7.718 ; 7.718 ; Rise       ; CLOCK_50                                                        ;
;  HEX1[6]       ; CLOCK_50                                                        ; 7.446 ; 7.446 ; Rise       ; CLOCK_50                                                        ;
; HEX2[*]        ; CLOCK_50                                                        ; 7.865 ; 7.865 ; Rise       ; CLOCK_50                                                        ;
;  HEX2[0]       ; CLOCK_50                                                        ; 7.724 ; 7.724 ; Rise       ; CLOCK_50                                                        ;
;  HEX2[1]       ; CLOCK_50                                                        ; 7.515 ; 7.515 ; Rise       ; CLOCK_50                                                        ;
;  HEX2[2]       ; CLOCK_50                                                        ; 7.601 ; 7.601 ; Rise       ; CLOCK_50                                                        ;
;  HEX2[3]       ; CLOCK_50                                                        ; 7.536 ; 7.536 ; Rise       ; CLOCK_50                                                        ;
;  HEX2[4]       ; CLOCK_50                                                        ; 7.750 ; 7.750 ; Rise       ; CLOCK_50                                                        ;
;  HEX2[5]       ; CLOCK_50                                                        ; 7.865 ; 7.865 ; Rise       ; CLOCK_50                                                        ;
;  HEX2[6]       ; CLOCK_50                                                        ; 7.813 ; 7.813 ; Rise       ; CLOCK_50                                                        ;
; LEDR[*]        ; CLOCK_50                                                        ; 9.439 ; 9.439 ; Rise       ; CLOCK_50                                                        ;
;  LEDR[9]       ; CLOCK_50                                                        ; 9.126 ; 9.126 ; Rise       ; CLOCK_50                                                        ;
;  LEDR[10]      ; CLOCK_50                                                        ; 7.904 ; 7.904 ; Rise       ; CLOCK_50                                                        ;
;  LEDR[11]      ; CLOCK_50                                                        ; 7.860 ; 7.860 ; Rise       ; CLOCK_50                                                        ;
;  LEDR[12]      ; CLOCK_50                                                        ; 8.096 ; 8.096 ; Rise       ; CLOCK_50                                                        ;
;  LEDR[13]      ; CLOCK_50                                                        ; 9.439 ; 9.439 ; Rise       ; CLOCK_50                                                        ;
;  LEDR[15]      ; CLOCK_50                                                        ; 6.752 ; 6.752 ; Rise       ; CLOCK_50                                                        ;
;  LEDR[16]      ; CLOCK_50                                                        ; 6.391 ; 6.391 ; Rise       ; CLOCK_50                                                        ;
;  LEDR[17]      ; CLOCK_50                                                        ; 8.235 ; 8.235 ; Rise       ; CLOCK_50                                                        ;
; SRAM_ADDR[*]   ; CLOCK_50                                                        ; 7.389 ; 7.389 ; Rise       ; CLOCK_50                                                        ;
;  SRAM_ADDR[0]  ; CLOCK_50                                                        ; 7.319 ; 7.319 ; Rise       ; CLOCK_50                                                        ;
;  SRAM_ADDR[1]  ; CLOCK_50                                                        ; 7.064 ; 7.064 ; Rise       ; CLOCK_50                                                        ;
;  SRAM_ADDR[2]  ; CLOCK_50                                                        ; 7.389 ; 7.389 ; Rise       ; CLOCK_50                                                        ;
;  SRAM_ADDR[3]  ; CLOCK_50                                                        ; 7.032 ; 7.032 ; Rise       ; CLOCK_50                                                        ;
;  SRAM_ADDR[4]  ; CLOCK_50                                                        ; 6.823 ; 6.823 ; Rise       ; CLOCK_50                                                        ;
;  SRAM_ADDR[5]  ; CLOCK_50                                                        ; 6.826 ; 6.826 ; Rise       ; CLOCK_50                                                        ;
;  SRAM_ADDR[6]  ; CLOCK_50                                                        ; 7.092 ; 7.092 ; Rise       ; CLOCK_50                                                        ;
;  SRAM_ADDR[7]  ; CLOCK_50                                                        ; 6.836 ; 6.836 ; Rise       ; CLOCK_50                                                        ;
;  SRAM_ADDR[8]  ; CLOCK_50                                                        ; 6.812 ; 6.812 ; Rise       ; CLOCK_50                                                        ;
;  SRAM_ADDR[9]  ; CLOCK_50                                                        ; 6.828 ; 6.828 ; Rise       ; CLOCK_50                                                        ;
;  SRAM_ADDR[10] ; CLOCK_50                                                        ; 6.633 ; 6.633 ; Rise       ; CLOCK_50                                                        ;
;  SRAM_ADDR[11] ; CLOCK_50                                                        ; 6.598 ; 6.598 ; Rise       ; CLOCK_50                                                        ;
;  SRAM_ADDR[12] ; CLOCK_50                                                        ; 6.591 ; 6.591 ; Rise       ; CLOCK_50                                                        ;
;  SRAM_ADDR[13] ; CLOCK_50                                                        ; 6.627 ; 6.627 ; Rise       ; CLOCK_50                                                        ;
;  SRAM_ADDR[14] ; CLOCK_50                                                        ; 6.572 ; 6.572 ; Rise       ; CLOCK_50                                                        ;
;  SRAM_ADDR[15] ; CLOCK_50                                                        ; 6.573 ; 6.573 ; Rise       ; CLOCK_50                                                        ;
;  SRAM_ADDR[16] ; CLOCK_50                                                        ; 6.599 ; 6.599 ; Rise       ; CLOCK_50                                                        ;
;  SRAM_ADDR[17] ; CLOCK_50                                                        ; 6.373 ; 6.373 ; Rise       ; CLOCK_50                                                        ;
; SRAM_DQ[*]     ; CLOCK_50                                                        ; 7.086 ; 7.086 ; Rise       ; CLOCK_50                                                        ;
;  SRAM_DQ[0]    ; CLOCK_50                                                        ; 6.379 ; 6.379 ; Rise       ; CLOCK_50                                                        ;
;  SRAM_DQ[1]    ; CLOCK_50                                                        ; 6.904 ; 6.904 ; Rise       ; CLOCK_50                                                        ;
;  SRAM_DQ[2]    ; CLOCK_50                                                        ; 7.086 ; 7.086 ; Rise       ; CLOCK_50                                                        ;
;  SRAM_DQ[3]    ; CLOCK_50                                                        ; 6.616 ; 6.616 ; Rise       ; CLOCK_50                                                        ;
;  SRAM_DQ[4]    ; CLOCK_50                                                        ; 6.592 ; 6.592 ; Rise       ; CLOCK_50                                                        ;
;  SRAM_DQ[5]    ; CLOCK_50                                                        ; 6.846 ; 6.846 ; Rise       ; CLOCK_50                                                        ;
;  SRAM_DQ[6]    ; CLOCK_50                                                        ; 6.841 ; 6.841 ; Rise       ; CLOCK_50                                                        ;
;  SRAM_DQ[7]    ; CLOCK_50                                                        ; 6.328 ; 6.328 ; Rise       ; CLOCK_50                                                        ;
;  SRAM_DQ[8]    ; CLOCK_50                                                        ; 6.836 ; 6.836 ; Rise       ; CLOCK_50                                                        ;
;  SRAM_DQ[9]    ; CLOCK_50                                                        ; 6.834 ; 6.834 ; Rise       ; CLOCK_50                                                        ;
;  SRAM_DQ[10]   ; CLOCK_50                                                        ; 6.833 ; 6.833 ; Rise       ; CLOCK_50                                                        ;
;  SRAM_DQ[11]   ; CLOCK_50                                                        ; 6.843 ; 6.843 ; Rise       ; CLOCK_50                                                        ;
;  SRAM_DQ[12]   ; CLOCK_50                                                        ; 6.597 ; 6.597 ; Rise       ; CLOCK_50                                                        ;
;  SRAM_DQ[13]   ; CLOCK_50                                                        ; 6.831 ; 6.831 ; Rise       ; CLOCK_50                                                        ;
;  SRAM_DQ[14]   ; CLOCK_50                                                        ; 6.589 ; 6.589 ; Rise       ; CLOCK_50                                                        ;
;  SRAM_DQ[15]   ; CLOCK_50                                                        ; 6.592 ; 6.592 ; Rise       ; CLOCK_50                                                        ;
; SRAM_WE_N      ; CLOCK_50                                                        ; 6.383 ; 6.383 ; Rise       ; CLOCK_50                                                        ;
; LEDR[*]        ; uart_controller:uart_ctrl_inst|baud_rate_gen:brg_inst|ov_tick   ; 9.226 ; 9.226 ; Rise       ; uart_controller:uart_ctrl_inst|baud_rate_gen:brg_inst|ov_tick   ;
;  LEDR[0]       ; uart_controller:uart_ctrl_inst|baud_rate_gen:brg_inst|ov_tick   ; 8.126 ; 8.126 ; Rise       ; uart_controller:uart_ctrl_inst|baud_rate_gen:brg_inst|ov_tick   ;
;  LEDR[1]       ; uart_controller:uart_ctrl_inst|baud_rate_gen:brg_inst|ov_tick   ; 8.224 ; 8.224 ; Rise       ; uart_controller:uart_ctrl_inst|baud_rate_gen:brg_inst|ov_tick   ;
;  LEDR[2]       ; uart_controller:uart_ctrl_inst|baud_rate_gen:brg_inst|ov_tick   ; 8.730 ; 8.730 ; Rise       ; uart_controller:uart_ctrl_inst|baud_rate_gen:brg_inst|ov_tick   ;
;  LEDR[3]       ; uart_controller:uart_ctrl_inst|baud_rate_gen:brg_inst|ov_tick   ; 8.454 ; 8.454 ; Rise       ; uart_controller:uart_ctrl_inst|baud_rate_gen:brg_inst|ov_tick   ;
;  LEDR[4]       ; uart_controller:uart_ctrl_inst|baud_rate_gen:brg_inst|ov_tick   ; 8.194 ; 8.194 ; Rise       ; uart_controller:uart_ctrl_inst|baud_rate_gen:brg_inst|ov_tick   ;
;  LEDR[5]       ; uart_controller:uart_ctrl_inst|baud_rate_gen:brg_inst|ov_tick   ; 8.172 ; 8.172 ; Rise       ; uart_controller:uart_ctrl_inst|baud_rate_gen:brg_inst|ov_tick   ;
;  LEDR[6]       ; uart_controller:uart_ctrl_inst|baud_rate_gen:brg_inst|ov_tick   ; 9.226 ; 9.226 ; Rise       ; uart_controller:uart_ctrl_inst|baud_rate_gen:brg_inst|ov_tick   ;
;  LEDR[7]       ; uart_controller:uart_ctrl_inst|baud_rate_gen:brg_inst|ov_tick   ; 7.968 ; 7.968 ; Rise       ; uart_controller:uart_ctrl_inst|baud_rate_gen:brg_inst|ov_tick   ;
;  LEDR[8]       ; uart_controller:uart_ctrl_inst|baud_rate_gen:brg_inst|ov_tick   ; 6.833 ; 6.833 ; Rise       ; uart_controller:uart_ctrl_inst|baud_rate_gen:brg_inst|ov_tick   ;
; rx_valid_led   ; uart_controller:uart_ctrl_inst|baud_rate_gen:brg_inst|ov_tick   ; 6.631 ; 6.631 ; Rise       ; uart_controller:uart_ctrl_inst|baud_rate_gen:brg_inst|ov_tick   ;
; state_led[*]   ; uart_controller:uart_ctrl_inst|baud_rate_gen:brg_inst|ov_tick   ; 9.271 ; 9.271 ; Rise       ; uart_controller:uart_ctrl_inst|baud_rate_gen:brg_inst|ov_tick   ;
;  state_led[0]  ; uart_controller:uart_ctrl_inst|baud_rate_gen:brg_inst|ov_tick   ; 7.505 ; 7.505 ; Rise       ; uart_controller:uart_ctrl_inst|baud_rate_gen:brg_inst|ov_tick   ;
;  state_led[1]  ; uart_controller:uart_ctrl_inst|baud_rate_gen:brg_inst|ov_tick   ; 9.271 ; 9.271 ; Rise       ; uart_controller:uart_ctrl_inst|baud_rate_gen:brg_inst|ov_tick   ;
; LEDR[*]        ; uart_controller:uart_ctrl_inst|baud_rate_gen:brg_inst|uart_tick ; 6.423 ; 6.423 ; Rise       ; uart_controller:uart_ctrl_inst|baud_rate_gen:brg_inst|uart_tick ;
;  LEDR[14]      ; uart_controller:uart_ctrl_inst|baud_rate_gen:brg_inst|uart_tick ; 6.423 ; 6.423 ; Rise       ; uart_controller:uart_ctrl_inst|baud_rate_gen:brg_inst|uart_tick ;
; UART_TXD       ; uart_controller:uart_ctrl_inst|baud_rate_gen:brg_inst|uart_tick ; 9.276 ; 9.276 ; Rise       ; uart_controller:uart_ctrl_inst|baud_rate_gen:brg_inst|uart_tick ;
; tx_busy_led    ; uart_controller:uart_ctrl_inst|baud_rate_gen:brg_inst|uart_tick ; 7.062 ; 7.062 ; Rise       ; uart_controller:uart_ctrl_inst|baud_rate_gen:brg_inst|uart_tick ;
+----------------+-----------------------------------------------------------------+-------+-------+------------+-----------------------------------------------------------------+


+---------------------------------------------------------------------------------------------------------------------------------------------------------------------------------+
; Minimum Clock to Output Times                                                                                                                                                   ;
+----------------+-----------------------------------------------------------------+-------+-------+------------+-----------------------------------------------------------------+
; Data Port      ; Clock Port                                                      ; Rise  ; Fall  ; Clock Edge ; Clock Reference                                                 ;
+----------------+-----------------------------------------------------------------+-------+-------+------------+-----------------------------------------------------------------+
; HEX0[*]        ; CLOCK_50                                                        ; 7.770 ; 7.770 ; Rise       ; CLOCK_50                                                        ;
;  HEX0[0]       ; CLOCK_50                                                        ; 8.038 ; 8.038 ; Rise       ; CLOCK_50                                                        ;
;  HEX0[1]       ; CLOCK_50                                                        ; 8.015 ; 8.015 ; Rise       ; CLOCK_50                                                        ;
;  HEX0[2]       ; CLOCK_50                                                        ; 8.009 ; 8.009 ; Rise       ; CLOCK_50                                                        ;
;  HEX0[3]       ; CLOCK_50                                                        ; 7.782 ; 7.782 ; Rise       ; CLOCK_50                                                        ;
;  HEX0[4]       ; CLOCK_50                                                        ; 7.793 ; 7.793 ; Rise       ; CLOCK_50                                                        ;
;  HEX0[5]       ; CLOCK_50                                                        ; 7.770 ; 7.770 ; Rise       ; CLOCK_50                                                        ;
;  HEX0[6]       ; CLOCK_50                                                        ; 7.778 ; 7.778 ; Rise       ; CLOCK_50                                                        ;
; HEX1[*]        ; CLOCK_50                                                        ; 6.887 ; 6.887 ; Rise       ; CLOCK_50                                                        ;
;  HEX1[0]       ; CLOCK_50                                                        ; 7.092 ; 7.092 ; Rise       ; CLOCK_50                                                        ;
;  HEX1[1]       ; CLOCK_50                                                        ; 7.338 ; 7.338 ; Rise       ; CLOCK_50                                                        ;
;  HEX1[2]       ; CLOCK_50                                                        ; 6.887 ; 6.887 ; Rise       ; CLOCK_50                                                        ;
;  HEX1[3]       ; CLOCK_50                                                        ; 6.929 ; 6.929 ; Rise       ; CLOCK_50                                                        ;
;  HEX1[4]       ; CLOCK_50                                                        ; 6.919 ; 6.919 ; Rise       ; CLOCK_50                                                        ;
;  HEX1[5]       ; CLOCK_50                                                        ; 7.226 ; 7.226 ; Rise       ; CLOCK_50                                                        ;
;  HEX1[6]       ; CLOCK_50                                                        ; 6.928 ; 6.928 ; Rise       ; CLOCK_50                                                        ;
; HEX2[*]        ; CLOCK_50                                                        ; 7.191 ; 7.191 ; Rise       ; CLOCK_50                                                        ;
;  HEX2[0]       ; CLOCK_50                                                        ; 7.401 ; 7.401 ; Rise       ; CLOCK_50                                                        ;
;  HEX2[1]       ; CLOCK_50                                                        ; 7.191 ; 7.191 ; Rise       ; CLOCK_50                                                        ;
;  HEX2[2]       ; CLOCK_50                                                        ; 7.278 ; 7.278 ; Rise       ; CLOCK_50                                                        ;
;  HEX2[3]       ; CLOCK_50                                                        ; 7.242 ; 7.242 ; Rise       ; CLOCK_50                                                        ;
;  HEX2[4]       ; CLOCK_50                                                        ; 7.434 ; 7.434 ; Rise       ; CLOCK_50                                                        ;
;  HEX2[5]       ; CLOCK_50                                                        ; 7.543 ; 7.543 ; Rise       ; CLOCK_50                                                        ;
;  HEX2[6]       ; CLOCK_50                                                        ; 7.491 ; 7.491 ; Rise       ; CLOCK_50                                                        ;
; LEDR[*]        ; CLOCK_50                                                        ; 6.391 ; 6.391 ; Rise       ; CLOCK_50                                                        ;
;  LEDR[9]       ; CLOCK_50                                                        ; 7.703 ; 7.703 ; Rise       ; CLOCK_50                                                        ;
;  LEDR[10]      ; CLOCK_50                                                        ; 7.014 ; 7.014 ; Rise       ; CLOCK_50                                                        ;
;  LEDR[11]      ; CLOCK_50                                                        ; 7.531 ; 7.531 ; Rise       ; CLOCK_50                                                        ;
;  LEDR[12]      ; CLOCK_50                                                        ; 6.997 ; 6.997 ; Rise       ; CLOCK_50                                                        ;
;  LEDR[13]      ; CLOCK_50                                                        ; 8.055 ; 8.055 ; Rise       ; CLOCK_50                                                        ;
;  LEDR[15]      ; CLOCK_50                                                        ; 6.752 ; 6.752 ; Rise       ; CLOCK_50                                                        ;
;  LEDR[16]      ; CLOCK_50                                                        ; 6.391 ; 6.391 ; Rise       ; CLOCK_50                                                        ;
;  LEDR[17]      ; CLOCK_50                                                        ; 7.350 ; 7.350 ; Rise       ; CLOCK_50                                                        ;
; SRAM_ADDR[*]   ; CLOCK_50                                                        ; 6.373 ; 6.373 ; Rise       ; CLOCK_50                                                        ;
;  SRAM_ADDR[0]  ; CLOCK_50                                                        ; 7.319 ; 7.319 ; Rise       ; CLOCK_50                                                        ;
;  SRAM_ADDR[1]  ; CLOCK_50                                                        ; 7.064 ; 7.064 ; Rise       ; CLOCK_50                                                        ;
;  SRAM_ADDR[2]  ; CLOCK_50                                                        ; 7.389 ; 7.389 ; Rise       ; CLOCK_50                                                        ;
;  SRAM_ADDR[3]  ; CLOCK_50                                                        ; 7.032 ; 7.032 ; Rise       ; CLOCK_50                                                        ;
;  SRAM_ADDR[4]  ; CLOCK_50                                                        ; 6.823 ; 6.823 ; Rise       ; CLOCK_50                                                        ;
;  SRAM_ADDR[5]  ; CLOCK_50                                                        ; 6.826 ; 6.826 ; Rise       ; CLOCK_50                                                        ;
;  SRAM_ADDR[6]  ; CLOCK_50                                                        ; 7.092 ; 7.092 ; Rise       ; CLOCK_50                                                        ;
;  SRAM_ADDR[7]  ; CLOCK_50                                                        ; 6.836 ; 6.836 ; Rise       ; CLOCK_50                                                        ;
;  SRAM_ADDR[8]  ; CLOCK_50                                                        ; 6.812 ; 6.812 ; Rise       ; CLOCK_50                                                        ;
;  SRAM_ADDR[9]  ; CLOCK_50                                                        ; 6.828 ; 6.828 ; Rise       ; CLOCK_50                                                        ;
;  SRAM_ADDR[10] ; CLOCK_50                                                        ; 6.633 ; 6.633 ; Rise       ; CLOCK_50                                                        ;
;  SRAM_ADDR[11] ; CLOCK_50                                                        ; 6.598 ; 6.598 ; Rise       ; CLOCK_50                                                        ;
;  SRAM_ADDR[12] ; CLOCK_50                                                        ; 6.591 ; 6.591 ; Rise       ; CLOCK_50                                                        ;
;  SRAM_ADDR[13] ; CLOCK_50                                                        ; 6.627 ; 6.627 ; Rise       ; CLOCK_50                                                        ;
;  SRAM_ADDR[14] ; CLOCK_50                                                        ; 6.572 ; 6.572 ; Rise       ; CLOCK_50                                                        ;
;  SRAM_ADDR[15] ; CLOCK_50                                                        ; 6.573 ; 6.573 ; Rise       ; CLOCK_50                                                        ;
;  SRAM_ADDR[16] ; CLOCK_50                                                        ; 6.599 ; 6.599 ; Rise       ; CLOCK_50                                                        ;
;  SRAM_ADDR[17] ; CLOCK_50                                                        ; 6.373 ; 6.373 ; Rise       ; CLOCK_50                                                        ;
; SRAM_DQ[*]     ; CLOCK_50                                                        ; 6.328 ; 6.328 ; Rise       ; CLOCK_50                                                        ;
;  SRAM_DQ[0]    ; CLOCK_50                                                        ; 6.379 ; 6.379 ; Rise       ; CLOCK_50                                                        ;
;  SRAM_DQ[1]    ; CLOCK_50                                                        ; 6.904 ; 6.904 ; Rise       ; CLOCK_50                                                        ;
;  SRAM_DQ[2]    ; CLOCK_50                                                        ; 7.086 ; 7.086 ; Rise       ; CLOCK_50                                                        ;
;  SRAM_DQ[3]    ; CLOCK_50                                                        ; 6.616 ; 6.616 ; Rise       ; CLOCK_50                                                        ;
;  SRAM_DQ[4]    ; CLOCK_50                                                        ; 6.592 ; 6.592 ; Rise       ; CLOCK_50                                                        ;
;  SRAM_DQ[5]    ; CLOCK_50                                                        ; 6.846 ; 6.846 ; Rise       ; CLOCK_50                                                        ;
;  SRAM_DQ[6]    ; CLOCK_50                                                        ; 6.841 ; 6.841 ; Rise       ; CLOCK_50                                                        ;
;  SRAM_DQ[7]    ; CLOCK_50                                                        ; 6.328 ; 6.328 ; Rise       ; CLOCK_50                                                        ;
;  SRAM_DQ[8]    ; CLOCK_50                                                        ; 6.836 ; 6.836 ; Rise       ; CLOCK_50                                                        ;
;  SRAM_DQ[9]    ; CLOCK_50                                                        ; 6.834 ; 6.834 ; Rise       ; CLOCK_50                                                        ;
;  SRAM_DQ[10]   ; CLOCK_50                                                        ; 6.833 ; 6.833 ; Rise       ; CLOCK_50                                                        ;
;  SRAM_DQ[11]   ; CLOCK_50                                                        ; 6.843 ; 6.843 ; Rise       ; CLOCK_50                                                        ;
;  SRAM_DQ[12]   ; CLOCK_50                                                        ; 6.597 ; 6.597 ; Rise       ; CLOCK_50                                                        ;
;  SRAM_DQ[13]   ; CLOCK_50                                                        ; 6.831 ; 6.831 ; Rise       ; CLOCK_50                                                        ;
;  SRAM_DQ[14]   ; CLOCK_50                                                        ; 6.589 ; 6.589 ; Rise       ; CLOCK_50                                                        ;
;  SRAM_DQ[15]   ; CLOCK_50                                                        ; 6.592 ; 6.592 ; Rise       ; CLOCK_50                                                        ;
; SRAM_WE_N      ; CLOCK_50                                                        ; 6.383 ; 6.383 ; Rise       ; CLOCK_50                                                        ;
; LEDR[*]        ; uart_controller:uart_ctrl_inst|baud_rate_gen:brg_inst|ov_tick   ; 6.833 ; 6.833 ; Rise       ; uart_controller:uart_ctrl_inst|baud_rate_gen:brg_inst|ov_tick   ;
;  LEDR[0]       ; uart_controller:uart_ctrl_inst|baud_rate_gen:brg_inst|ov_tick   ; 8.126 ; 8.126 ; Rise       ; uart_controller:uart_ctrl_inst|baud_rate_gen:brg_inst|ov_tick   ;
;  LEDR[1]       ; uart_controller:uart_ctrl_inst|baud_rate_gen:brg_inst|ov_tick   ; 8.224 ; 8.224 ; Rise       ; uart_controller:uart_ctrl_inst|baud_rate_gen:brg_inst|ov_tick   ;
;  LEDR[2]       ; uart_controller:uart_ctrl_inst|baud_rate_gen:brg_inst|ov_tick   ; 8.730 ; 8.730 ; Rise       ; uart_controller:uart_ctrl_inst|baud_rate_gen:brg_inst|ov_tick   ;
;  LEDR[3]       ; uart_controller:uart_ctrl_inst|baud_rate_gen:brg_inst|ov_tick   ; 8.454 ; 8.454 ; Rise       ; uart_controller:uart_ctrl_inst|baud_rate_gen:brg_inst|ov_tick   ;
;  LEDR[4]       ; uart_controller:uart_ctrl_inst|baud_rate_gen:brg_inst|ov_tick   ; 8.194 ; 8.194 ; Rise       ; uart_controller:uart_ctrl_inst|baud_rate_gen:brg_inst|ov_tick   ;
;  LEDR[5]       ; uart_controller:uart_ctrl_inst|baud_rate_gen:brg_inst|ov_tick   ; 8.172 ; 8.172 ; Rise       ; uart_controller:uart_ctrl_inst|baud_rate_gen:brg_inst|ov_tick   ;
;  LEDR[6]       ; uart_controller:uart_ctrl_inst|baud_rate_gen:brg_inst|ov_tick   ; 9.226 ; 9.226 ; Rise       ; uart_controller:uart_ctrl_inst|baud_rate_gen:brg_inst|ov_tick   ;
;  LEDR[7]       ; uart_controller:uart_ctrl_inst|baud_rate_gen:brg_inst|ov_tick   ; 7.968 ; 7.968 ; Rise       ; uart_controller:uart_ctrl_inst|baud_rate_gen:brg_inst|ov_tick   ;
;  LEDR[8]       ; uart_controller:uart_ctrl_inst|baud_rate_gen:brg_inst|ov_tick   ; 6.833 ; 6.833 ; Rise       ; uart_controller:uart_ctrl_inst|baud_rate_gen:brg_inst|ov_tick   ;
; rx_valid_led   ; uart_controller:uart_ctrl_inst|baud_rate_gen:brg_inst|ov_tick   ; 6.631 ; 6.631 ; Rise       ; uart_controller:uart_ctrl_inst|baud_rate_gen:brg_inst|ov_tick   ;
; state_led[*]   ; uart_controller:uart_ctrl_inst|baud_rate_gen:brg_inst|ov_tick   ; 7.302 ; 7.302 ; Rise       ; uart_controller:uart_ctrl_inst|baud_rate_gen:brg_inst|ov_tick   ;
;  state_led[0]  ; uart_controller:uart_ctrl_inst|baud_rate_gen:brg_inst|ov_tick   ; 7.302 ; 7.302 ; Rise       ; uart_controller:uart_ctrl_inst|baud_rate_gen:brg_inst|ov_tick   ;
;  state_led[1]  ; uart_controller:uart_ctrl_inst|baud_rate_gen:brg_inst|ov_tick   ; 8.762 ; 8.762 ; Rise       ; uart_controller:uart_ctrl_inst|baud_rate_gen:brg_inst|ov_tick   ;
; LEDR[*]        ; uart_controller:uart_ctrl_inst|baud_rate_gen:brg_inst|uart_tick ; 6.423 ; 6.423 ; Rise       ; uart_controller:uart_ctrl_inst|baud_rate_gen:brg_inst|uart_tick ;
;  LEDR[14]      ; uart_controller:uart_ctrl_inst|baud_rate_gen:brg_inst|uart_tick ; 6.423 ; 6.423 ; Rise       ; uart_controller:uart_ctrl_inst|baud_rate_gen:brg_inst|uart_tick ;
; UART_TXD       ; uart_controller:uart_ctrl_inst|baud_rate_gen:brg_inst|uart_tick ; 9.276 ; 9.276 ; Rise       ; uart_controller:uart_ctrl_inst|baud_rate_gen:brg_inst|uart_tick ;
; tx_busy_led    ; uart_controller:uart_ctrl_inst|baud_rate_gen:brg_inst|uart_tick ; 7.062 ; 7.062 ; Rise       ; uart_controller:uart_ctrl_inst|baud_rate_gen:brg_inst|uart_tick ;
+----------------+-----------------------------------------------------------------+-------+-------+------------+-----------------------------------------------------------------+


+-------------------------------------------------------------------------+
; Output Enable Times                                                     ;
+--------------+------------+-------+------+------------+-----------------+
; Data Port    ; Clock Port ; Rise  ; Fall ; Clock Edge ; Clock Reference ;
+--------------+------------+-------+------+------------+-----------------+
; SRAM_DQ[*]   ; CLOCK_50   ; 6.575 ;      ; Rise       ; CLOCK_50        ;
;  SRAM_DQ[0]  ; CLOCK_50   ; 7.130 ;      ; Rise       ; CLOCK_50        ;
;  SRAM_DQ[1]  ; CLOCK_50   ; 7.140 ;      ; Rise       ; CLOCK_50        ;
;  SRAM_DQ[2]  ; CLOCK_50   ; 7.124 ;      ; Rise       ; CLOCK_50        ;
;  SRAM_DQ[3]  ; CLOCK_50   ; 7.104 ;      ; Rise       ; CLOCK_50        ;
;  SRAM_DQ[4]  ; CLOCK_50   ; 6.833 ;      ; Rise       ; CLOCK_50        ;
;  SRAM_DQ[5]  ; CLOCK_50   ; 6.833 ;      ; Rise       ; CLOCK_50        ;
;  SRAM_DQ[6]  ; CLOCK_50   ; 6.833 ;      ; Rise       ; CLOCK_50        ;
;  SRAM_DQ[7]  ; CLOCK_50   ; 6.816 ;      ; Rise       ; CLOCK_50        ;
;  SRAM_DQ[8]  ; CLOCK_50   ; 6.866 ;      ; Rise       ; CLOCK_50        ;
;  SRAM_DQ[9]  ; CLOCK_50   ; 6.866 ;      ; Rise       ; CLOCK_50        ;
;  SRAM_DQ[10] ; CLOCK_50   ; 6.852 ;      ; Rise       ; CLOCK_50        ;
;  SRAM_DQ[11] ; CLOCK_50   ; 6.852 ;      ; Rise       ; CLOCK_50        ;
;  SRAM_DQ[12] ; CLOCK_50   ; 6.597 ;      ; Rise       ; CLOCK_50        ;
;  SRAM_DQ[13] ; CLOCK_50   ; 6.597 ;      ; Rise       ; CLOCK_50        ;
;  SRAM_DQ[14] ; CLOCK_50   ; 6.587 ;      ; Rise       ; CLOCK_50        ;
;  SRAM_DQ[15] ; CLOCK_50   ; 6.575 ;      ; Rise       ; CLOCK_50        ;
+--------------+------------+-------+------+------------+-----------------+


+-------------------------------------------------------------------------+
; Minimum Output Enable Times                                             ;
+--------------+------------+-------+------+------------+-----------------+
; Data Port    ; Clock Port ; Rise  ; Fall ; Clock Edge ; Clock Reference ;
+--------------+------------+-------+------+------------+-----------------+
; SRAM_DQ[*]   ; CLOCK_50   ; 6.575 ;      ; Rise       ; CLOCK_50        ;
;  SRAM_DQ[0]  ; CLOCK_50   ; 7.130 ;      ; Rise       ; CLOCK_50        ;
;  SRAM_DQ[1]  ; CLOCK_50   ; 7.140 ;      ; Rise       ; CLOCK_50        ;
;  SRAM_DQ[2]  ; CLOCK_50   ; 7.124 ;      ; Rise       ; CLOCK_50        ;
;  SRAM_DQ[3]  ; CLOCK_50   ; 7.104 ;      ; Rise       ; CLOCK_50        ;
;  SRAM_DQ[4]  ; CLOCK_50   ; 6.833 ;      ; Rise       ; CLOCK_50        ;
;  SRAM_DQ[5]  ; CLOCK_50   ; 6.833 ;      ; Rise       ; CLOCK_50        ;
;  SRAM_DQ[6]  ; CLOCK_50   ; 6.833 ;      ; Rise       ; CLOCK_50        ;
;  SRAM_DQ[7]  ; CLOCK_50   ; 6.816 ;      ; Rise       ; CLOCK_50        ;
;  SRAM_DQ[8]  ; CLOCK_50   ; 6.866 ;      ; Rise       ; CLOCK_50        ;
;  SRAM_DQ[9]  ; CLOCK_50   ; 6.866 ;      ; Rise       ; CLOCK_50        ;
;  SRAM_DQ[10] ; CLOCK_50   ; 6.852 ;      ; Rise       ; CLOCK_50        ;
;  SRAM_DQ[11] ; CLOCK_50   ; 6.852 ;      ; Rise       ; CLOCK_50        ;
;  SRAM_DQ[12] ; CLOCK_50   ; 6.597 ;      ; Rise       ; CLOCK_50        ;
;  SRAM_DQ[13] ; CLOCK_50   ; 6.597 ;      ; Rise       ; CLOCK_50        ;
;  SRAM_DQ[14] ; CLOCK_50   ; 6.587 ;      ; Rise       ; CLOCK_50        ;
;  SRAM_DQ[15] ; CLOCK_50   ; 6.575 ;      ; Rise       ; CLOCK_50        ;
+--------------+------------+-------+------+------------+-----------------+


+----------------------------------------------------------------------------------+
; Output Disable Times                                                             ;
+--------------+------------+-----------+-----------+------------+-----------------+
; Data Port    ; Clock Port ; 0 to Hi-Z ; 1 to Hi-Z ; Clock Edge ; Clock Reference ;
+--------------+------------+-----------+-----------+------------+-----------------+
; SRAM_DQ[*]   ; CLOCK_50   ; 6.575     ;           ; Rise       ; CLOCK_50        ;
;  SRAM_DQ[0]  ; CLOCK_50   ; 7.130     ;           ; Rise       ; CLOCK_50        ;
;  SRAM_DQ[1]  ; CLOCK_50   ; 7.140     ;           ; Rise       ; CLOCK_50        ;
;  SRAM_DQ[2]  ; CLOCK_50   ; 7.124     ;           ; Rise       ; CLOCK_50        ;
;  SRAM_DQ[3]  ; CLOCK_50   ; 7.104     ;           ; Rise       ; CLOCK_50        ;
;  SRAM_DQ[4]  ; CLOCK_50   ; 6.833     ;           ; Rise       ; CLOCK_50        ;
;  SRAM_DQ[5]  ; CLOCK_50   ; 6.833     ;           ; Rise       ; CLOCK_50        ;
;  SRAM_DQ[6]  ; CLOCK_50   ; 6.833     ;           ; Rise       ; CLOCK_50        ;
;  SRAM_DQ[7]  ; CLOCK_50   ; 6.816     ;           ; Rise       ; CLOCK_50        ;
;  SRAM_DQ[8]  ; CLOCK_50   ; 6.866     ;           ; Rise       ; CLOCK_50        ;
;  SRAM_DQ[9]  ; CLOCK_50   ; 6.866     ;           ; Rise       ; CLOCK_50        ;
;  SRAM_DQ[10] ; CLOCK_50   ; 6.852     ;           ; Rise       ; CLOCK_50        ;
;  SRAM_DQ[11] ; CLOCK_50   ; 6.852     ;           ; Rise       ; CLOCK_50        ;
;  SRAM_DQ[12] ; CLOCK_50   ; 6.597     ;           ; Rise       ; CLOCK_50        ;
;  SRAM_DQ[13] ; CLOCK_50   ; 6.597     ;           ; Rise       ; CLOCK_50        ;
;  SRAM_DQ[14] ; CLOCK_50   ; 6.587     ;           ; Rise       ; CLOCK_50        ;
;  SRAM_DQ[15] ; CLOCK_50   ; 6.575     ;           ; Rise       ; CLOCK_50        ;
+--------------+------------+-----------+-----------+------------+-----------------+


+----------------------------------------------------------------------------------+
; Minimum Output Disable Times                                                     ;
+--------------+------------+-----------+-----------+------------+-----------------+
; Data Port    ; Clock Port ; 0 to Hi-Z ; 1 to Hi-Z ; Clock Edge ; Clock Reference ;
+--------------+------------+-----------+-----------+------------+-----------------+
; SRAM_DQ[*]   ; CLOCK_50   ; 6.575     ;           ; Rise       ; CLOCK_50        ;
;  SRAM_DQ[0]  ; CLOCK_50   ; 7.130     ;           ; Rise       ; CLOCK_50        ;
;  SRAM_DQ[1]  ; CLOCK_50   ; 7.140     ;           ; Rise       ; CLOCK_50        ;
;  SRAM_DQ[2]  ; CLOCK_50   ; 7.124     ;           ; Rise       ; CLOCK_50        ;
;  SRAM_DQ[3]  ; CLOCK_50   ; 7.104     ;           ; Rise       ; CLOCK_50        ;
;  SRAM_DQ[4]  ; CLOCK_50   ; 6.833     ;           ; Rise       ; CLOCK_50        ;
;  SRAM_DQ[5]  ; CLOCK_50   ; 6.833     ;           ; Rise       ; CLOCK_50        ;
;  SRAM_DQ[6]  ; CLOCK_50   ; 6.833     ;           ; Rise       ; CLOCK_50        ;
;  SRAM_DQ[7]  ; CLOCK_50   ; 6.816     ;           ; Rise       ; CLOCK_50        ;
;  SRAM_DQ[8]  ; CLOCK_50   ; 6.866     ;           ; Rise       ; CLOCK_50        ;
;  SRAM_DQ[9]  ; CLOCK_50   ; 6.866     ;           ; Rise       ; CLOCK_50        ;
;  SRAM_DQ[10] ; CLOCK_50   ; 6.852     ;           ; Rise       ; CLOCK_50        ;
;  SRAM_DQ[11] ; CLOCK_50   ; 6.852     ;           ; Rise       ; CLOCK_50        ;
;  SRAM_DQ[12] ; CLOCK_50   ; 6.597     ;           ; Rise       ; CLOCK_50        ;
;  SRAM_DQ[13] ; CLOCK_50   ; 6.597     ;           ; Rise       ; CLOCK_50        ;
;  SRAM_DQ[14] ; CLOCK_50   ; 6.587     ;           ; Rise       ; CLOCK_50        ;
;  SRAM_DQ[15] ; CLOCK_50   ; 6.575     ;           ; Rise       ; CLOCK_50        ;
+--------------+------------+-----------+-----------+------------+-----------------+


+------------------------------------------------------------------------------------------+
; Fast Model Setup Summary                                                                 ;
+-----------------------------------------------------------------+--------+---------------+
; Clock                                                           ; Slack  ; End Point TNS ;
+-----------------------------------------------------------------+--------+---------------+
; CLOCK_50                                                        ; -1.942 ; -125.758      ;
; uart_controller:uart_ctrl_inst|baud_rate_gen:brg_inst|ov_tick   ; -0.619 ; -9.318        ;
; uart_controller:uart_ctrl_inst|baud_rate_gen:brg_inst|uart_tick ; -0.172 ; -0.592        ;
+-----------------------------------------------------------------+--------+---------------+


+-----------------------------------------------------------------------------------------+
; Fast Model Hold Summary                                                                 ;
+-----------------------------------------------------------------+-------+---------------+
; Clock                                                           ; Slack ; End Point TNS ;
+-----------------------------------------------------------------+-------+---------------+
; CLOCK_50                                                        ; 0.215 ; 0.000         ;
; uart_controller:uart_ctrl_inst|baud_rate_gen:brg_inst|ov_tick   ; 0.215 ; 0.000         ;
; uart_controller:uart_ctrl_inst|baud_rate_gen:brg_inst|uart_tick ; 0.215 ; 0.000         ;
+-----------------------------------------------------------------+-------+---------------+


+----------------------------------------------------------------------------------------+
; Fast Model Recovery Summary                                                            ;
+---------------------------------------------------------------+--------+---------------+
; Clock                                                         ; Slack  ; End Point TNS ;
+---------------------------------------------------------------+--------+---------------+
; uart_controller:uart_ctrl_inst|baud_rate_gen:brg_inst|ov_tick ; -0.205 ; -1.845        ;
+---------------------------------------------------------------+--------+---------------+


+---------------------------------------------------------------------------------------+
; Fast Model Removal Summary                                                            ;
+---------------------------------------------------------------+-------+---------------+
; Clock                                                         ; Slack ; End Point TNS ;
+---------------------------------------------------------------+-------+---------------+
; uart_controller:uart_ctrl_inst|baud_rate_gen:brg_inst|ov_tick ; 1.085 ; 0.000         ;
+---------------------------------------------------------------+-------+---------------+


+------------------------------------------------------------------------------------------+
; Fast Model Minimum Pulse Width Summary                                                   ;
+-----------------------------------------------------------------+--------+---------------+
; Clock                                                           ; Slack  ; End Point TNS ;
+-----------------------------------------------------------------+--------+---------------+
; CLOCK_50                                                        ; -1.627 ; -304.762      ;
; uart_controller:uart_ctrl_inst|baud_rate_gen:brg_inst|ov_tick   ; -0.500 ; -38.000       ;
; uart_controller:uart_ctrl_inst|baud_rate_gen:brg_inst|uart_tick ; -0.500 ; -21.000       ;
+-----------------------------------------------------------------+--------+---------------+


+--------------------------------------------------------------------------------------------------------------------------------------------------------------------------------------------------------------------------------------------------------+
; Fast Model Setup: 'CLOCK_50'                                                                                                                                                                                                                           ;
+--------+-----------------------------------------------------------------------------------------------------------------------+-------------------------------------------------+--------------+-------------+--------------+------------+------------+
; Slack  ; From Node                                                                                                             ; To Node                                         ; Launch Clock ; Latch Clock ; Relationship ; Clock Skew ; Data Delay ;
+--------+-----------------------------------------------------------------------------------------------------------------------+-------------------------------------------------+--------------+-------------+--------------+------------+------------+
; -1.942 ; uart_rx_packet_new:packet_inst|altsyncram:buffer_rtl_0|altsyncram_09c1:auto_generated|ram_block1a0~portb_address_reg0 ; sram_packet_writer:sram_writer_inst|w_data[9]   ; CLOCK_50     ; CLOCK_50    ; 1.000        ; -0.070     ; 2.904      ;
; -1.942 ; uart_rx_packet_new:packet_inst|altsyncram:buffer_rtl_0|altsyncram_09c1:auto_generated|ram_block1a0~portb_address_reg1 ; sram_packet_writer:sram_writer_inst|w_data[9]   ; CLOCK_50     ; CLOCK_50    ; 1.000        ; -0.070     ; 2.904      ;
; -1.942 ; uart_rx_packet_new:packet_inst|altsyncram:buffer_rtl_0|altsyncram_09c1:auto_generated|ram_block1a0~portb_address_reg2 ; sram_packet_writer:sram_writer_inst|w_data[9]   ; CLOCK_50     ; CLOCK_50    ; 1.000        ; -0.070     ; 2.904      ;
; -1.942 ; uart_rx_packet_new:packet_inst|altsyncram:buffer_rtl_0|altsyncram_09c1:auto_generated|ram_block1a0~portb_address_reg3 ; sram_packet_writer:sram_writer_inst|w_data[9]   ; CLOCK_50     ; CLOCK_50    ; 1.000        ; -0.070     ; 2.904      ;
; -1.942 ; uart_rx_packet_new:packet_inst|altsyncram:buffer_rtl_0|altsyncram_09c1:auto_generated|ram_block1a0~portb_address_reg4 ; sram_packet_writer:sram_writer_inst|w_data[9]   ; CLOCK_50     ; CLOCK_50    ; 1.000        ; -0.070     ; 2.904      ;
; -1.942 ; uart_rx_packet_new:packet_inst|altsyncram:buffer_rtl_0|altsyncram_09c1:auto_generated|ram_block1a0~portb_address_reg5 ; sram_packet_writer:sram_writer_inst|w_data[9]   ; CLOCK_50     ; CLOCK_50    ; 1.000        ; -0.070     ; 2.904      ;
; -1.942 ; uart_rx_packet_new:packet_inst|altsyncram:buffer_rtl_0|altsyncram_09c1:auto_generated|ram_block1a0~portb_address_reg6 ; sram_packet_writer:sram_writer_inst|w_data[9]   ; CLOCK_50     ; CLOCK_50    ; 1.000        ; -0.070     ; 2.904      ;
; -1.942 ; uart_rx_packet_new:packet_inst|altsyncram:buffer_rtl_0|altsyncram_09c1:auto_generated|ram_block1a0~portb_address_reg7 ; sram_packet_writer:sram_writer_inst|w_data[9]   ; CLOCK_50     ; CLOCK_50    ; 1.000        ; -0.070     ; 2.904      ;
; -1.893 ; uart_rx_packet_new:packet_inst|altsyncram:buffer_rtl_0|altsyncram_09c1:auto_generated|ram_block1a0~portb_address_reg0 ; sram_packet_writer:sram_writer_inst|w_data[14]  ; CLOCK_50     ; CLOCK_50    ; 1.000        ; -0.070     ; 2.855      ;
; -1.893 ; uart_rx_packet_new:packet_inst|altsyncram:buffer_rtl_0|altsyncram_09c1:auto_generated|ram_block1a0~portb_address_reg1 ; sram_packet_writer:sram_writer_inst|w_data[14]  ; CLOCK_50     ; CLOCK_50    ; 1.000        ; -0.070     ; 2.855      ;
; -1.893 ; uart_rx_packet_new:packet_inst|altsyncram:buffer_rtl_0|altsyncram_09c1:auto_generated|ram_block1a0~portb_address_reg2 ; sram_packet_writer:sram_writer_inst|w_data[14]  ; CLOCK_50     ; CLOCK_50    ; 1.000        ; -0.070     ; 2.855      ;
; -1.893 ; uart_rx_packet_new:packet_inst|altsyncram:buffer_rtl_0|altsyncram_09c1:auto_generated|ram_block1a0~portb_address_reg3 ; sram_packet_writer:sram_writer_inst|w_data[14]  ; CLOCK_50     ; CLOCK_50    ; 1.000        ; -0.070     ; 2.855      ;
; -1.893 ; uart_rx_packet_new:packet_inst|altsyncram:buffer_rtl_0|altsyncram_09c1:auto_generated|ram_block1a0~portb_address_reg4 ; sram_packet_writer:sram_writer_inst|w_data[14]  ; CLOCK_50     ; CLOCK_50    ; 1.000        ; -0.070     ; 2.855      ;
; -1.893 ; uart_rx_packet_new:packet_inst|altsyncram:buffer_rtl_0|altsyncram_09c1:auto_generated|ram_block1a0~portb_address_reg5 ; sram_packet_writer:sram_writer_inst|w_data[14]  ; CLOCK_50     ; CLOCK_50    ; 1.000        ; -0.070     ; 2.855      ;
; -1.893 ; uart_rx_packet_new:packet_inst|altsyncram:buffer_rtl_0|altsyncram_09c1:auto_generated|ram_block1a0~portb_address_reg6 ; sram_packet_writer:sram_writer_inst|w_data[14]  ; CLOCK_50     ; CLOCK_50    ; 1.000        ; -0.070     ; 2.855      ;
; -1.893 ; uart_rx_packet_new:packet_inst|altsyncram:buffer_rtl_0|altsyncram_09c1:auto_generated|ram_block1a0~portb_address_reg7 ; sram_packet_writer:sram_writer_inst|w_data[14]  ; CLOCK_50     ; CLOCK_50    ; 1.000        ; -0.070     ; 2.855      ;
; -1.891 ; uart_rx_packet_new:packet_inst|altsyncram:buffer_rtl_0|altsyncram_09c1:auto_generated|ram_block1a0~portb_address_reg0 ; sram_packet_writer:sram_writer_inst|w_data[15]  ; CLOCK_50     ; CLOCK_50    ; 1.000        ; -0.070     ; 2.853      ;
; -1.891 ; uart_rx_packet_new:packet_inst|altsyncram:buffer_rtl_0|altsyncram_09c1:auto_generated|ram_block1a0~portb_address_reg1 ; sram_packet_writer:sram_writer_inst|w_data[15]  ; CLOCK_50     ; CLOCK_50    ; 1.000        ; -0.070     ; 2.853      ;
; -1.891 ; uart_rx_packet_new:packet_inst|altsyncram:buffer_rtl_0|altsyncram_09c1:auto_generated|ram_block1a0~portb_address_reg2 ; sram_packet_writer:sram_writer_inst|w_data[15]  ; CLOCK_50     ; CLOCK_50    ; 1.000        ; -0.070     ; 2.853      ;
; -1.891 ; uart_rx_packet_new:packet_inst|altsyncram:buffer_rtl_0|altsyncram_09c1:auto_generated|ram_block1a0~portb_address_reg3 ; sram_packet_writer:sram_writer_inst|w_data[15]  ; CLOCK_50     ; CLOCK_50    ; 1.000        ; -0.070     ; 2.853      ;
; -1.891 ; uart_rx_packet_new:packet_inst|altsyncram:buffer_rtl_0|altsyncram_09c1:auto_generated|ram_block1a0~portb_address_reg4 ; sram_packet_writer:sram_writer_inst|w_data[15]  ; CLOCK_50     ; CLOCK_50    ; 1.000        ; -0.070     ; 2.853      ;
; -1.891 ; uart_rx_packet_new:packet_inst|altsyncram:buffer_rtl_0|altsyncram_09c1:auto_generated|ram_block1a0~portb_address_reg5 ; sram_packet_writer:sram_writer_inst|w_data[15]  ; CLOCK_50     ; CLOCK_50    ; 1.000        ; -0.070     ; 2.853      ;
; -1.891 ; uart_rx_packet_new:packet_inst|altsyncram:buffer_rtl_0|altsyncram_09c1:auto_generated|ram_block1a0~portb_address_reg6 ; sram_packet_writer:sram_writer_inst|w_data[15]  ; CLOCK_50     ; CLOCK_50    ; 1.000        ; -0.070     ; 2.853      ;
; -1.891 ; uart_rx_packet_new:packet_inst|altsyncram:buffer_rtl_0|altsyncram_09c1:auto_generated|ram_block1a0~portb_address_reg7 ; sram_packet_writer:sram_writer_inst|w_data[15]  ; CLOCK_50     ; CLOCK_50    ; 1.000        ; -0.070     ; 2.853      ;
; -1.890 ; uart_rx_packet_new:packet_inst|altsyncram:buffer_rtl_0|altsyncram_09c1:auto_generated|ram_block1a0~portb_address_reg0 ; sram_packet_writer:sram_writer_inst|w_data[13]  ; CLOCK_50     ; CLOCK_50    ; 1.000        ; -0.070     ; 2.852      ;
; -1.890 ; uart_rx_packet_new:packet_inst|altsyncram:buffer_rtl_0|altsyncram_09c1:auto_generated|ram_block1a0~portb_address_reg1 ; sram_packet_writer:sram_writer_inst|w_data[13]  ; CLOCK_50     ; CLOCK_50    ; 1.000        ; -0.070     ; 2.852      ;
; -1.890 ; uart_rx_packet_new:packet_inst|altsyncram:buffer_rtl_0|altsyncram_09c1:auto_generated|ram_block1a0~portb_address_reg2 ; sram_packet_writer:sram_writer_inst|w_data[13]  ; CLOCK_50     ; CLOCK_50    ; 1.000        ; -0.070     ; 2.852      ;
; -1.890 ; uart_rx_packet_new:packet_inst|altsyncram:buffer_rtl_0|altsyncram_09c1:auto_generated|ram_block1a0~portb_address_reg3 ; sram_packet_writer:sram_writer_inst|w_data[13]  ; CLOCK_50     ; CLOCK_50    ; 1.000        ; -0.070     ; 2.852      ;
; -1.890 ; uart_rx_packet_new:packet_inst|altsyncram:buffer_rtl_0|altsyncram_09c1:auto_generated|ram_block1a0~portb_address_reg4 ; sram_packet_writer:sram_writer_inst|w_data[13]  ; CLOCK_50     ; CLOCK_50    ; 1.000        ; -0.070     ; 2.852      ;
; -1.890 ; uart_rx_packet_new:packet_inst|altsyncram:buffer_rtl_0|altsyncram_09c1:auto_generated|ram_block1a0~portb_address_reg5 ; sram_packet_writer:sram_writer_inst|w_data[13]  ; CLOCK_50     ; CLOCK_50    ; 1.000        ; -0.070     ; 2.852      ;
; -1.890 ; uart_rx_packet_new:packet_inst|altsyncram:buffer_rtl_0|altsyncram_09c1:auto_generated|ram_block1a0~portb_address_reg6 ; sram_packet_writer:sram_writer_inst|w_data[13]  ; CLOCK_50     ; CLOCK_50    ; 1.000        ; -0.070     ; 2.852      ;
; -1.890 ; uart_rx_packet_new:packet_inst|altsyncram:buffer_rtl_0|altsyncram_09c1:auto_generated|ram_block1a0~portb_address_reg7 ; sram_packet_writer:sram_writer_inst|w_data[13]  ; CLOCK_50     ; CLOCK_50    ; 1.000        ; -0.070     ; 2.852      ;
; -1.866 ; uart_rx_packet_new:packet_inst|altsyncram:buffer_rtl_0|altsyncram_09c1:auto_generated|ram_block1a0~portb_address_reg0 ; sram_packet_writer:sram_writer_inst|w_data[10]  ; CLOCK_50     ; CLOCK_50    ; 1.000        ; -0.070     ; 2.828      ;
; -1.866 ; uart_rx_packet_new:packet_inst|altsyncram:buffer_rtl_0|altsyncram_09c1:auto_generated|ram_block1a0~portb_address_reg1 ; sram_packet_writer:sram_writer_inst|w_data[10]  ; CLOCK_50     ; CLOCK_50    ; 1.000        ; -0.070     ; 2.828      ;
; -1.866 ; uart_rx_packet_new:packet_inst|altsyncram:buffer_rtl_0|altsyncram_09c1:auto_generated|ram_block1a0~portb_address_reg2 ; sram_packet_writer:sram_writer_inst|w_data[10]  ; CLOCK_50     ; CLOCK_50    ; 1.000        ; -0.070     ; 2.828      ;
; -1.866 ; uart_rx_packet_new:packet_inst|altsyncram:buffer_rtl_0|altsyncram_09c1:auto_generated|ram_block1a0~portb_address_reg3 ; sram_packet_writer:sram_writer_inst|w_data[10]  ; CLOCK_50     ; CLOCK_50    ; 1.000        ; -0.070     ; 2.828      ;
; -1.866 ; uart_rx_packet_new:packet_inst|altsyncram:buffer_rtl_0|altsyncram_09c1:auto_generated|ram_block1a0~portb_address_reg4 ; sram_packet_writer:sram_writer_inst|w_data[10]  ; CLOCK_50     ; CLOCK_50    ; 1.000        ; -0.070     ; 2.828      ;
; -1.866 ; uart_rx_packet_new:packet_inst|altsyncram:buffer_rtl_0|altsyncram_09c1:auto_generated|ram_block1a0~portb_address_reg5 ; sram_packet_writer:sram_writer_inst|w_data[10]  ; CLOCK_50     ; CLOCK_50    ; 1.000        ; -0.070     ; 2.828      ;
; -1.866 ; uart_rx_packet_new:packet_inst|altsyncram:buffer_rtl_0|altsyncram_09c1:auto_generated|ram_block1a0~portb_address_reg6 ; sram_packet_writer:sram_writer_inst|w_data[10]  ; CLOCK_50     ; CLOCK_50    ; 1.000        ; -0.070     ; 2.828      ;
; -1.866 ; uart_rx_packet_new:packet_inst|altsyncram:buffer_rtl_0|altsyncram_09c1:auto_generated|ram_block1a0~portb_address_reg7 ; sram_packet_writer:sram_writer_inst|w_data[10]  ; CLOCK_50     ; CLOCK_50    ; 1.000        ; -0.070     ; 2.828      ;
; -1.863 ; uart_rx_packet_new:packet_inst|altsyncram:buffer_rtl_0|altsyncram_09c1:auto_generated|ram_block1a0~portb_address_reg0 ; sram_packet_writer:sram_writer_inst|w_data[8]   ; CLOCK_50     ; CLOCK_50    ; 1.000        ; -0.070     ; 2.825      ;
; -1.863 ; uart_rx_packet_new:packet_inst|altsyncram:buffer_rtl_0|altsyncram_09c1:auto_generated|ram_block1a0~portb_address_reg1 ; sram_packet_writer:sram_writer_inst|w_data[8]   ; CLOCK_50     ; CLOCK_50    ; 1.000        ; -0.070     ; 2.825      ;
; -1.863 ; uart_rx_packet_new:packet_inst|altsyncram:buffer_rtl_0|altsyncram_09c1:auto_generated|ram_block1a0~portb_address_reg2 ; sram_packet_writer:sram_writer_inst|w_data[8]   ; CLOCK_50     ; CLOCK_50    ; 1.000        ; -0.070     ; 2.825      ;
; -1.863 ; uart_rx_packet_new:packet_inst|altsyncram:buffer_rtl_0|altsyncram_09c1:auto_generated|ram_block1a0~portb_address_reg3 ; sram_packet_writer:sram_writer_inst|w_data[8]   ; CLOCK_50     ; CLOCK_50    ; 1.000        ; -0.070     ; 2.825      ;
; -1.863 ; uart_rx_packet_new:packet_inst|altsyncram:buffer_rtl_0|altsyncram_09c1:auto_generated|ram_block1a0~portb_address_reg4 ; sram_packet_writer:sram_writer_inst|w_data[8]   ; CLOCK_50     ; CLOCK_50    ; 1.000        ; -0.070     ; 2.825      ;
; -1.863 ; uart_rx_packet_new:packet_inst|altsyncram:buffer_rtl_0|altsyncram_09c1:auto_generated|ram_block1a0~portb_address_reg5 ; sram_packet_writer:sram_writer_inst|w_data[8]   ; CLOCK_50     ; CLOCK_50    ; 1.000        ; -0.070     ; 2.825      ;
; -1.863 ; uart_rx_packet_new:packet_inst|altsyncram:buffer_rtl_0|altsyncram_09c1:auto_generated|ram_block1a0~portb_address_reg6 ; sram_packet_writer:sram_writer_inst|w_data[8]   ; CLOCK_50     ; CLOCK_50    ; 1.000        ; -0.070     ; 2.825      ;
; -1.863 ; uart_rx_packet_new:packet_inst|altsyncram:buffer_rtl_0|altsyncram_09c1:auto_generated|ram_block1a0~portb_address_reg7 ; sram_packet_writer:sram_writer_inst|w_data[8]   ; CLOCK_50     ; CLOCK_50    ; 1.000        ; -0.070     ; 2.825      ;
; -1.785 ; uart_rx_packet_new:packet_inst|altsyncram:buffer_rtl_0|altsyncram_09c1:auto_generated|ram_block1a0~portb_address_reg0 ; sram_packet_writer:sram_writer_inst|w_data[11]  ; CLOCK_50     ; CLOCK_50    ; 1.000        ; -0.070     ; 2.747      ;
; -1.785 ; uart_rx_packet_new:packet_inst|altsyncram:buffer_rtl_0|altsyncram_09c1:auto_generated|ram_block1a0~portb_address_reg1 ; sram_packet_writer:sram_writer_inst|w_data[11]  ; CLOCK_50     ; CLOCK_50    ; 1.000        ; -0.070     ; 2.747      ;
; -1.785 ; uart_rx_packet_new:packet_inst|altsyncram:buffer_rtl_0|altsyncram_09c1:auto_generated|ram_block1a0~portb_address_reg2 ; sram_packet_writer:sram_writer_inst|w_data[11]  ; CLOCK_50     ; CLOCK_50    ; 1.000        ; -0.070     ; 2.747      ;
; -1.785 ; uart_rx_packet_new:packet_inst|altsyncram:buffer_rtl_0|altsyncram_09c1:auto_generated|ram_block1a0~portb_address_reg3 ; sram_packet_writer:sram_writer_inst|w_data[11]  ; CLOCK_50     ; CLOCK_50    ; 1.000        ; -0.070     ; 2.747      ;
; -1.785 ; uart_rx_packet_new:packet_inst|altsyncram:buffer_rtl_0|altsyncram_09c1:auto_generated|ram_block1a0~portb_address_reg4 ; sram_packet_writer:sram_writer_inst|w_data[11]  ; CLOCK_50     ; CLOCK_50    ; 1.000        ; -0.070     ; 2.747      ;
; -1.785 ; uart_rx_packet_new:packet_inst|altsyncram:buffer_rtl_0|altsyncram_09c1:auto_generated|ram_block1a0~portb_address_reg5 ; sram_packet_writer:sram_writer_inst|w_data[11]  ; CLOCK_50     ; CLOCK_50    ; 1.000        ; -0.070     ; 2.747      ;
; -1.785 ; uart_rx_packet_new:packet_inst|altsyncram:buffer_rtl_0|altsyncram_09c1:auto_generated|ram_block1a0~portb_address_reg6 ; sram_packet_writer:sram_writer_inst|w_data[11]  ; CLOCK_50     ; CLOCK_50    ; 1.000        ; -0.070     ; 2.747      ;
; -1.785 ; uart_rx_packet_new:packet_inst|altsyncram:buffer_rtl_0|altsyncram_09c1:auto_generated|ram_block1a0~portb_address_reg7 ; sram_packet_writer:sram_writer_inst|w_data[11]  ; CLOCK_50     ; CLOCK_50    ; 1.000        ; -0.070     ; 2.747      ;
; -1.775 ; uart_rx_packet_new:packet_inst|altsyncram:buffer_rtl_0|altsyncram_09c1:auto_generated|ram_block1a0~portb_address_reg0 ; sram_packet_writer:sram_writer_inst|data_low[4] ; CLOCK_50     ; CLOCK_50    ; 1.000        ; -0.071     ; 2.736      ;
; -1.775 ; uart_rx_packet_new:packet_inst|altsyncram:buffer_rtl_0|altsyncram_09c1:auto_generated|ram_block1a0~portb_address_reg1 ; sram_packet_writer:sram_writer_inst|data_low[4] ; CLOCK_50     ; CLOCK_50    ; 1.000        ; -0.071     ; 2.736      ;
; -1.775 ; uart_rx_packet_new:packet_inst|altsyncram:buffer_rtl_0|altsyncram_09c1:auto_generated|ram_block1a0~portb_address_reg2 ; sram_packet_writer:sram_writer_inst|data_low[4] ; CLOCK_50     ; CLOCK_50    ; 1.000        ; -0.071     ; 2.736      ;
; -1.775 ; uart_rx_packet_new:packet_inst|altsyncram:buffer_rtl_0|altsyncram_09c1:auto_generated|ram_block1a0~portb_address_reg3 ; sram_packet_writer:sram_writer_inst|data_low[4] ; CLOCK_50     ; CLOCK_50    ; 1.000        ; -0.071     ; 2.736      ;
; -1.775 ; uart_rx_packet_new:packet_inst|altsyncram:buffer_rtl_0|altsyncram_09c1:auto_generated|ram_block1a0~portb_address_reg4 ; sram_packet_writer:sram_writer_inst|data_low[4] ; CLOCK_50     ; CLOCK_50    ; 1.000        ; -0.071     ; 2.736      ;
; -1.775 ; uart_rx_packet_new:packet_inst|altsyncram:buffer_rtl_0|altsyncram_09c1:auto_generated|ram_block1a0~portb_address_reg5 ; sram_packet_writer:sram_writer_inst|data_low[4] ; CLOCK_50     ; CLOCK_50    ; 1.000        ; -0.071     ; 2.736      ;
; -1.775 ; uart_rx_packet_new:packet_inst|altsyncram:buffer_rtl_0|altsyncram_09c1:auto_generated|ram_block1a0~portb_address_reg6 ; sram_packet_writer:sram_writer_inst|data_low[4] ; CLOCK_50     ; CLOCK_50    ; 1.000        ; -0.071     ; 2.736      ;
; -1.775 ; uart_rx_packet_new:packet_inst|altsyncram:buffer_rtl_0|altsyncram_09c1:auto_generated|ram_block1a0~portb_address_reg7 ; sram_packet_writer:sram_writer_inst|data_low[4] ; CLOCK_50     ; CLOCK_50    ; 1.000        ; -0.071     ; 2.736      ;
; -1.691 ; uart_rx_packet_new:packet_inst|altsyncram:buffer_rtl_0|altsyncram_09c1:auto_generated|ram_block1a0~portb_address_reg0 ; sram_packet_writer:sram_writer_inst|data_low[1] ; CLOCK_50     ; CLOCK_50    ; 1.000        ; -0.070     ; 2.653      ;
; -1.691 ; uart_rx_packet_new:packet_inst|altsyncram:buffer_rtl_0|altsyncram_09c1:auto_generated|ram_block1a0~portb_address_reg1 ; sram_packet_writer:sram_writer_inst|data_low[1] ; CLOCK_50     ; CLOCK_50    ; 1.000        ; -0.070     ; 2.653      ;
; -1.691 ; uart_rx_packet_new:packet_inst|altsyncram:buffer_rtl_0|altsyncram_09c1:auto_generated|ram_block1a0~portb_address_reg2 ; sram_packet_writer:sram_writer_inst|data_low[1] ; CLOCK_50     ; CLOCK_50    ; 1.000        ; -0.070     ; 2.653      ;
; -1.691 ; uart_rx_packet_new:packet_inst|altsyncram:buffer_rtl_0|altsyncram_09c1:auto_generated|ram_block1a0~portb_address_reg3 ; sram_packet_writer:sram_writer_inst|data_low[1] ; CLOCK_50     ; CLOCK_50    ; 1.000        ; -0.070     ; 2.653      ;
; -1.691 ; uart_rx_packet_new:packet_inst|altsyncram:buffer_rtl_0|altsyncram_09c1:auto_generated|ram_block1a0~portb_address_reg4 ; sram_packet_writer:sram_writer_inst|data_low[1] ; CLOCK_50     ; CLOCK_50    ; 1.000        ; -0.070     ; 2.653      ;
; -1.691 ; uart_rx_packet_new:packet_inst|altsyncram:buffer_rtl_0|altsyncram_09c1:auto_generated|ram_block1a0~portb_address_reg5 ; sram_packet_writer:sram_writer_inst|data_low[1] ; CLOCK_50     ; CLOCK_50    ; 1.000        ; -0.070     ; 2.653      ;
; -1.691 ; uart_rx_packet_new:packet_inst|altsyncram:buffer_rtl_0|altsyncram_09c1:auto_generated|ram_block1a0~portb_address_reg6 ; sram_packet_writer:sram_writer_inst|data_low[1] ; CLOCK_50     ; CLOCK_50    ; 1.000        ; -0.070     ; 2.653      ;
; -1.691 ; uart_rx_packet_new:packet_inst|altsyncram:buffer_rtl_0|altsyncram_09c1:auto_generated|ram_block1a0~portb_address_reg7 ; sram_packet_writer:sram_writer_inst|data_low[1] ; CLOCK_50     ; CLOCK_50    ; 1.000        ; -0.070     ; 2.653      ;
; -1.639 ; uart_rx_packet_new:packet_inst|altsyncram:buffer_rtl_0|altsyncram_09c1:auto_generated|ram_block1a0~portb_address_reg0 ; sram_packet_writer:sram_writer_inst|data_low[6] ; CLOCK_50     ; CLOCK_50    ; 1.000        ; -0.070     ; 2.601      ;
; -1.639 ; uart_rx_packet_new:packet_inst|altsyncram:buffer_rtl_0|altsyncram_09c1:auto_generated|ram_block1a0~portb_address_reg1 ; sram_packet_writer:sram_writer_inst|data_low[6] ; CLOCK_50     ; CLOCK_50    ; 1.000        ; -0.070     ; 2.601      ;
; -1.639 ; uart_rx_packet_new:packet_inst|altsyncram:buffer_rtl_0|altsyncram_09c1:auto_generated|ram_block1a0~portb_address_reg2 ; sram_packet_writer:sram_writer_inst|data_low[6] ; CLOCK_50     ; CLOCK_50    ; 1.000        ; -0.070     ; 2.601      ;
; -1.639 ; uart_rx_packet_new:packet_inst|altsyncram:buffer_rtl_0|altsyncram_09c1:auto_generated|ram_block1a0~portb_address_reg3 ; sram_packet_writer:sram_writer_inst|data_low[6] ; CLOCK_50     ; CLOCK_50    ; 1.000        ; -0.070     ; 2.601      ;
; -1.639 ; uart_rx_packet_new:packet_inst|altsyncram:buffer_rtl_0|altsyncram_09c1:auto_generated|ram_block1a0~portb_address_reg4 ; sram_packet_writer:sram_writer_inst|data_low[6] ; CLOCK_50     ; CLOCK_50    ; 1.000        ; -0.070     ; 2.601      ;
; -1.639 ; uart_rx_packet_new:packet_inst|altsyncram:buffer_rtl_0|altsyncram_09c1:auto_generated|ram_block1a0~portb_address_reg5 ; sram_packet_writer:sram_writer_inst|data_low[6] ; CLOCK_50     ; CLOCK_50    ; 1.000        ; -0.070     ; 2.601      ;
; -1.639 ; uart_rx_packet_new:packet_inst|altsyncram:buffer_rtl_0|altsyncram_09c1:auto_generated|ram_block1a0~portb_address_reg6 ; sram_packet_writer:sram_writer_inst|data_low[6] ; CLOCK_50     ; CLOCK_50    ; 1.000        ; -0.070     ; 2.601      ;
; -1.639 ; uart_rx_packet_new:packet_inst|altsyncram:buffer_rtl_0|altsyncram_09c1:auto_generated|ram_block1a0~portb_address_reg7 ; sram_packet_writer:sram_writer_inst|data_low[6] ; CLOCK_50     ; CLOCK_50    ; 1.000        ; -0.070     ; 2.601      ;
; -1.638 ; uart_rx_packet_new:packet_inst|altsyncram:buffer_rtl_0|altsyncram_09c1:auto_generated|ram_block1a0~portb_address_reg0 ; sram_packet_writer:sram_writer_inst|data_low[7] ; CLOCK_50     ; CLOCK_50    ; 1.000        ; -0.070     ; 2.600      ;
; -1.638 ; uart_rx_packet_new:packet_inst|altsyncram:buffer_rtl_0|altsyncram_09c1:auto_generated|ram_block1a0~portb_address_reg1 ; sram_packet_writer:sram_writer_inst|data_low[7] ; CLOCK_50     ; CLOCK_50    ; 1.000        ; -0.070     ; 2.600      ;
; -1.638 ; uart_rx_packet_new:packet_inst|altsyncram:buffer_rtl_0|altsyncram_09c1:auto_generated|ram_block1a0~portb_address_reg2 ; sram_packet_writer:sram_writer_inst|data_low[7] ; CLOCK_50     ; CLOCK_50    ; 1.000        ; -0.070     ; 2.600      ;
; -1.638 ; uart_rx_packet_new:packet_inst|altsyncram:buffer_rtl_0|altsyncram_09c1:auto_generated|ram_block1a0~portb_address_reg3 ; sram_packet_writer:sram_writer_inst|data_low[7] ; CLOCK_50     ; CLOCK_50    ; 1.000        ; -0.070     ; 2.600      ;
; -1.638 ; uart_rx_packet_new:packet_inst|altsyncram:buffer_rtl_0|altsyncram_09c1:auto_generated|ram_block1a0~portb_address_reg4 ; sram_packet_writer:sram_writer_inst|data_low[7] ; CLOCK_50     ; CLOCK_50    ; 1.000        ; -0.070     ; 2.600      ;
; -1.638 ; uart_rx_packet_new:packet_inst|altsyncram:buffer_rtl_0|altsyncram_09c1:auto_generated|ram_block1a0~portb_address_reg5 ; sram_packet_writer:sram_writer_inst|data_low[7] ; CLOCK_50     ; CLOCK_50    ; 1.000        ; -0.070     ; 2.600      ;
; -1.638 ; uart_rx_packet_new:packet_inst|altsyncram:buffer_rtl_0|altsyncram_09c1:auto_generated|ram_block1a0~portb_address_reg6 ; sram_packet_writer:sram_writer_inst|data_low[7] ; CLOCK_50     ; CLOCK_50    ; 1.000        ; -0.070     ; 2.600      ;
; -1.638 ; uart_rx_packet_new:packet_inst|altsyncram:buffer_rtl_0|altsyncram_09c1:auto_generated|ram_block1a0~portb_address_reg7 ; sram_packet_writer:sram_writer_inst|data_low[7] ; CLOCK_50     ; CLOCK_50    ; 1.000        ; -0.070     ; 2.600      ;
; -1.614 ; uart_rx_packet_new:packet_inst|altsyncram:buffer_rtl_0|altsyncram_09c1:auto_generated|ram_block1a0~portb_address_reg0 ; sram_packet_writer:sram_writer_inst|w_data[12]  ; CLOCK_50     ; CLOCK_50    ; 1.000        ; -0.071     ; 2.575      ;
; -1.614 ; uart_rx_packet_new:packet_inst|altsyncram:buffer_rtl_0|altsyncram_09c1:auto_generated|ram_block1a0~portb_address_reg1 ; sram_packet_writer:sram_writer_inst|w_data[12]  ; CLOCK_50     ; CLOCK_50    ; 1.000        ; -0.071     ; 2.575      ;
; -1.614 ; uart_rx_packet_new:packet_inst|altsyncram:buffer_rtl_0|altsyncram_09c1:auto_generated|ram_block1a0~portb_address_reg2 ; sram_packet_writer:sram_writer_inst|w_data[12]  ; CLOCK_50     ; CLOCK_50    ; 1.000        ; -0.071     ; 2.575      ;
; -1.614 ; uart_rx_packet_new:packet_inst|altsyncram:buffer_rtl_0|altsyncram_09c1:auto_generated|ram_block1a0~portb_address_reg3 ; sram_packet_writer:sram_writer_inst|w_data[12]  ; CLOCK_50     ; CLOCK_50    ; 1.000        ; -0.071     ; 2.575      ;
; -1.614 ; uart_rx_packet_new:packet_inst|altsyncram:buffer_rtl_0|altsyncram_09c1:auto_generated|ram_block1a0~portb_address_reg4 ; sram_packet_writer:sram_writer_inst|w_data[12]  ; CLOCK_50     ; CLOCK_50    ; 1.000        ; -0.071     ; 2.575      ;
; -1.614 ; uart_rx_packet_new:packet_inst|altsyncram:buffer_rtl_0|altsyncram_09c1:auto_generated|ram_block1a0~portb_address_reg5 ; sram_packet_writer:sram_writer_inst|w_data[12]  ; CLOCK_50     ; CLOCK_50    ; 1.000        ; -0.071     ; 2.575      ;
; -1.614 ; uart_rx_packet_new:packet_inst|altsyncram:buffer_rtl_0|altsyncram_09c1:auto_generated|ram_block1a0~portb_address_reg6 ; sram_packet_writer:sram_writer_inst|w_data[12]  ; CLOCK_50     ; CLOCK_50    ; 1.000        ; -0.071     ; 2.575      ;
; -1.614 ; uart_rx_packet_new:packet_inst|altsyncram:buffer_rtl_0|altsyncram_09c1:auto_generated|ram_block1a0~portb_address_reg7 ; sram_packet_writer:sram_writer_inst|w_data[12]  ; CLOCK_50     ; CLOCK_50    ; 1.000        ; -0.071     ; 2.575      ;
; -1.534 ; uart_rx_packet_new:packet_inst|altsyncram:buffer_rtl_0|altsyncram_09c1:auto_generated|ram_block1a0~portb_address_reg0 ; sram_packet_writer:sram_writer_inst|data_low[0] ; CLOCK_50     ; CLOCK_50    ; 1.000        ; -0.070     ; 2.496      ;
; -1.534 ; uart_rx_packet_new:packet_inst|altsyncram:buffer_rtl_0|altsyncram_09c1:auto_generated|ram_block1a0~portb_address_reg1 ; sram_packet_writer:sram_writer_inst|data_low[0] ; CLOCK_50     ; CLOCK_50    ; 1.000        ; -0.070     ; 2.496      ;
; -1.534 ; uart_rx_packet_new:packet_inst|altsyncram:buffer_rtl_0|altsyncram_09c1:auto_generated|ram_block1a0~portb_address_reg2 ; sram_packet_writer:sram_writer_inst|data_low[0] ; CLOCK_50     ; CLOCK_50    ; 1.000        ; -0.070     ; 2.496      ;
; -1.534 ; uart_rx_packet_new:packet_inst|altsyncram:buffer_rtl_0|altsyncram_09c1:auto_generated|ram_block1a0~portb_address_reg3 ; sram_packet_writer:sram_writer_inst|data_low[0] ; CLOCK_50     ; CLOCK_50    ; 1.000        ; -0.070     ; 2.496      ;
+--------+-----------------------------------------------------------------------------------------------------------------------+-------------------------------------------------+--------------+-------------+--------------+------------+------------+


+-----------------------------------------------------------------------------------------------------------------------------------------------------------------------------------------------------------------------------------------------------------------------------------------------------------+
; Fast Model Setup: 'uart_controller:uart_ctrl_inst|baud_rate_gen:brg_inst|ov_tick'                                                                                                                                                                                                                         ;
+--------+------------------------------------------------------------+------------------------------------------------------------+---------------------------------------------------------------+---------------------------------------------------------------+--------------+------------+------------+
; Slack  ; From Node                                                  ; To Node                                                    ; Launch Clock                                                  ; Latch Clock                                                   ; Relationship ; Clock Skew ; Data Delay ;
+--------+------------------------------------------------------------+------------------------------------------------------------+---------------------------------------------------------------+---------------------------------------------------------------+--------------+------------+------------+
; -0.619 ; uart_controller:uart_ctrl_inst|uart_rx:rx_inst|tick_cnt[1] ; uart_controller:uart_ctrl_inst|uart_rx:rx_inst|state.STOP  ; uart_controller:uart_ctrl_inst|baud_rate_gen:brg_inst|ov_tick ; uart_controller:uart_ctrl_inst|baud_rate_gen:brg_inst|ov_tick ; 1.000        ; -0.002     ; 1.649      ;
; -0.619 ; uart_controller:uart_ctrl_inst|uart_rx:rx_inst|tick_cnt[1] ; uart_controller:uart_ctrl_inst|uart_rx:rx_inst|state.START ; uart_controller:uart_ctrl_inst|baud_rate_gen:brg_inst|ov_tick ; uart_controller:uart_ctrl_inst|baud_rate_gen:brg_inst|ov_tick ; 1.000        ; -0.002     ; 1.649      ;
; -0.528 ; uart_controller:uart_ctrl_inst|uart_rx:rx_inst|bit_cnt[1]  ; uart_controller:uart_ctrl_inst|uart_rx:rx_inst|state.STOP  ; uart_controller:uart_ctrl_inst|baud_rate_gen:brg_inst|ov_tick ; uart_controller:uart_ctrl_inst|baud_rate_gen:brg_inst|ov_tick ; 1.000        ; -0.002     ; 1.558      ;
; -0.528 ; uart_controller:uart_ctrl_inst|uart_rx:rx_inst|bit_cnt[1]  ; uart_controller:uart_ctrl_inst|uart_rx:rx_inst|state.START ; uart_controller:uart_ctrl_inst|baud_rate_gen:brg_inst|ov_tick ; uart_controller:uart_ctrl_inst|baud_rate_gen:brg_inst|ov_tick ; 1.000        ; -0.002     ; 1.558      ;
; -0.484 ; uart_controller:uart_ctrl_inst|uart_rx:rx_inst|tick_cnt[2] ; uart_controller:uart_ctrl_inst|uart_rx:rx_inst|state.STOP  ; uart_controller:uart_ctrl_inst|baud_rate_gen:brg_inst|ov_tick ; uart_controller:uart_ctrl_inst|baud_rate_gen:brg_inst|ov_tick ; 1.000        ; -0.002     ; 1.514      ;
; -0.484 ; uart_controller:uart_ctrl_inst|uart_rx:rx_inst|tick_cnt[2] ; uart_controller:uart_ctrl_inst|uart_rx:rx_inst|state.START ; uart_controller:uart_ctrl_inst|baud_rate_gen:brg_inst|ov_tick ; uart_controller:uart_ctrl_inst|baud_rate_gen:brg_inst|ov_tick ; 1.000        ; -0.002     ; 1.514      ;
; -0.427 ; uart_controller:uart_ctrl_inst|uart_rx:rx_inst|tick_cnt[1] ; uart_controller:uart_ctrl_inst|uart_rx:rx_inst|state.IDLE  ; uart_controller:uart_ctrl_inst|baud_rate_gen:brg_inst|ov_tick ; uart_controller:uart_ctrl_inst|baud_rate_gen:brg_inst|ov_tick ; 1.000        ; 0.000      ; 1.459      ;
; -0.427 ; uart_controller:uart_ctrl_inst|uart_rx:rx_inst|tick_cnt[1] ; uart_controller:uart_ctrl_inst|uart_rx:rx_inst|state.DATA  ; uart_controller:uart_ctrl_inst|baud_rate_gen:brg_inst|ov_tick ; uart_controller:uart_ctrl_inst|baud_rate_gen:brg_inst|ov_tick ; 1.000        ; 0.000      ; 1.459      ;
; -0.408 ; uart_controller:uart_ctrl_inst|uart_rx:rx_inst|tick_cnt[0] ; uart_controller:uart_ctrl_inst|uart_rx:rx_inst|state.STOP  ; uart_controller:uart_ctrl_inst|baud_rate_gen:brg_inst|ov_tick ; uart_controller:uart_ctrl_inst|baud_rate_gen:brg_inst|ov_tick ; 1.000        ; -0.002     ; 1.438      ;
; -0.408 ; uart_controller:uart_ctrl_inst|uart_rx:rx_inst|tick_cnt[0] ; uart_controller:uart_ctrl_inst|uart_rx:rx_inst|state.START ; uart_controller:uart_ctrl_inst|baud_rate_gen:brg_inst|ov_tick ; uart_controller:uart_ctrl_inst|baud_rate_gen:brg_inst|ov_tick ; 1.000        ; -0.002     ; 1.438      ;
; -0.391 ; uart_rx_packet_new:packet_inst|rx_clear                    ; uart_controller:uart_ctrl_inst|uart_rx:rx_inst|state.STOP  ; CLOCK_50                                                      ; uart_controller:uart_ctrl_inst|baud_rate_gen:brg_inst|ov_tick ; 1.000        ; -0.266     ; 1.157      ;
; -0.391 ; uart_rx_packet_new:packet_inst|rx_clear                    ; uart_controller:uart_ctrl_inst|uart_rx:rx_inst|state.START ; CLOCK_50                                                      ; uart_controller:uart_ctrl_inst|baud_rate_gen:brg_inst|ov_tick ; 1.000        ; -0.266     ; 1.157      ;
; -0.385 ; uart_controller:uart_ctrl_inst|uart_rx:rx_inst|tick_cnt[1] ; uart_controller:uart_ctrl_inst|uart_rx:rx_inst|rx_reg[7]   ; uart_controller:uart_ctrl_inst|baud_rate_gen:brg_inst|ov_tick ; uart_controller:uart_ctrl_inst|baud_rate_gen:brg_inst|ov_tick ; 1.000        ; -0.002     ; 1.415      ;
; -0.385 ; uart_controller:uart_ctrl_inst|uart_rx:rx_inst|tick_cnt[1] ; uart_controller:uart_ctrl_inst|uart_rx:rx_inst|rx_reg[6]   ; uart_controller:uart_ctrl_inst|baud_rate_gen:brg_inst|ov_tick ; uart_controller:uart_ctrl_inst|baud_rate_gen:brg_inst|ov_tick ; 1.000        ; -0.002     ; 1.415      ;
; -0.385 ; uart_controller:uart_ctrl_inst|uart_rx:rx_inst|tick_cnt[1] ; uart_controller:uart_ctrl_inst|uart_rx:rx_inst|rx_reg[5]   ; uart_controller:uart_ctrl_inst|baud_rate_gen:brg_inst|ov_tick ; uart_controller:uart_ctrl_inst|baud_rate_gen:brg_inst|ov_tick ; 1.000        ; -0.002     ; 1.415      ;
; -0.385 ; uart_controller:uart_ctrl_inst|uart_rx:rx_inst|tick_cnt[1] ; uart_controller:uart_ctrl_inst|uart_rx:rx_inst|rx_reg[4]   ; uart_controller:uart_ctrl_inst|baud_rate_gen:brg_inst|ov_tick ; uart_controller:uart_ctrl_inst|baud_rate_gen:brg_inst|ov_tick ; 1.000        ; -0.002     ; 1.415      ;
; -0.385 ; uart_controller:uart_ctrl_inst|uart_rx:rx_inst|tick_cnt[1] ; uart_controller:uart_ctrl_inst|uart_rx:rx_inst|rx_reg[3]   ; uart_controller:uart_ctrl_inst|baud_rate_gen:brg_inst|ov_tick ; uart_controller:uart_ctrl_inst|baud_rate_gen:brg_inst|ov_tick ; 1.000        ; -0.002     ; 1.415      ;
; -0.385 ; uart_controller:uart_ctrl_inst|uart_rx:rx_inst|tick_cnt[1] ; uart_controller:uart_ctrl_inst|uart_rx:rx_inst|rx_reg[2]   ; uart_controller:uart_ctrl_inst|baud_rate_gen:brg_inst|ov_tick ; uart_controller:uart_ctrl_inst|baud_rate_gen:brg_inst|ov_tick ; 1.000        ; -0.002     ; 1.415      ;
; -0.385 ; uart_controller:uart_ctrl_inst|uart_rx:rx_inst|tick_cnt[1] ; uart_controller:uart_ctrl_inst|uart_rx:rx_inst|rx_reg[1]   ; uart_controller:uart_ctrl_inst|baud_rate_gen:brg_inst|ov_tick ; uart_controller:uart_ctrl_inst|baud_rate_gen:brg_inst|ov_tick ; 1.000        ; -0.002     ; 1.415      ;
; -0.385 ; uart_controller:uart_ctrl_inst|uart_rx:rx_inst|tick_cnt[1] ; uart_controller:uart_ctrl_inst|uart_rx:rx_inst|rx_reg[0]   ; uart_controller:uart_ctrl_inst|baud_rate_gen:brg_inst|ov_tick ; uart_controller:uart_ctrl_inst|baud_rate_gen:brg_inst|ov_tick ; 1.000        ; -0.002     ; 1.415      ;
; -0.375 ; uart_controller:uart_ctrl_inst|uart_rx:rx_inst|bit_cnt[0]  ; uart_controller:uart_ctrl_inst|uart_rx:rx_inst|state.STOP  ; uart_controller:uart_ctrl_inst|baud_rate_gen:brg_inst|ov_tick ; uart_controller:uart_ctrl_inst|baud_rate_gen:brg_inst|ov_tick ; 1.000        ; -0.002     ; 1.405      ;
; -0.375 ; uart_controller:uart_ctrl_inst|uart_rx:rx_inst|bit_cnt[0]  ; uart_controller:uart_ctrl_inst|uart_rx:rx_inst|state.START ; uart_controller:uart_ctrl_inst|baud_rate_gen:brg_inst|ov_tick ; uart_controller:uart_ctrl_inst|baud_rate_gen:brg_inst|ov_tick ; 1.000        ; -0.002     ; 1.405      ;
; -0.355 ; uart_controller:uart_ctrl_inst|uart_rx:rx_inst|state.DATA  ; uart_controller:uart_ctrl_inst|uart_rx:rx_inst|state.STOP  ; uart_controller:uart_ctrl_inst|baud_rate_gen:brg_inst|ov_tick ; uart_controller:uart_ctrl_inst|baud_rate_gen:brg_inst|ov_tick ; 1.000        ; -0.002     ; 1.385      ;
; -0.355 ; uart_controller:uart_ctrl_inst|uart_rx:rx_inst|state.DATA  ; uart_controller:uart_ctrl_inst|uart_rx:rx_inst|state.START ; uart_controller:uart_ctrl_inst|baud_rate_gen:brg_inst|ov_tick ; uart_controller:uart_ctrl_inst|baud_rate_gen:brg_inst|ov_tick ; 1.000        ; -0.002     ; 1.385      ;
; -0.351 ; uart_controller:uart_ctrl_inst|uart_rx:rx_inst|bit_cnt[2]  ; uart_controller:uart_ctrl_inst|uart_rx:rx_inst|state.STOP  ; uart_controller:uart_ctrl_inst|baud_rate_gen:brg_inst|ov_tick ; uart_controller:uart_ctrl_inst|baud_rate_gen:brg_inst|ov_tick ; 1.000        ; -0.002     ; 1.381      ;
; -0.351 ; uart_controller:uart_ctrl_inst|uart_rx:rx_inst|bit_cnt[2]  ; uart_controller:uart_ctrl_inst|uart_rx:rx_inst|state.START ; uart_controller:uart_ctrl_inst|baud_rate_gen:brg_inst|ov_tick ; uart_controller:uart_ctrl_inst|baud_rate_gen:brg_inst|ov_tick ; 1.000        ; -0.002     ; 1.381      ;
; -0.336 ; uart_controller:uart_ctrl_inst|uart_rx:rx_inst|bit_cnt[1]  ; uart_controller:uart_ctrl_inst|uart_rx:rx_inst|state.IDLE  ; uart_controller:uart_ctrl_inst|baud_rate_gen:brg_inst|ov_tick ; uart_controller:uart_ctrl_inst|baud_rate_gen:brg_inst|ov_tick ; 1.000        ; 0.000      ; 1.368      ;
; -0.336 ; uart_controller:uart_ctrl_inst|uart_rx:rx_inst|bit_cnt[1]  ; uart_controller:uart_ctrl_inst|uart_rx:rx_inst|state.DATA  ; uart_controller:uart_ctrl_inst|baud_rate_gen:brg_inst|ov_tick ; uart_controller:uart_ctrl_inst|baud_rate_gen:brg_inst|ov_tick ; 1.000        ; 0.000      ; 1.368      ;
; -0.323 ; uart_controller:uart_ctrl_inst|uart_rx:rx_inst|state.DATA  ; uart_controller:uart_ctrl_inst|uart_rx:rx_inst|rx_reg[7]   ; uart_controller:uart_ctrl_inst|baud_rate_gen:brg_inst|ov_tick ; uart_controller:uart_ctrl_inst|baud_rate_gen:brg_inst|ov_tick ; 1.000        ; -0.002     ; 1.353      ;
; -0.323 ; uart_controller:uart_ctrl_inst|uart_rx:rx_inst|state.DATA  ; uart_controller:uart_ctrl_inst|uart_rx:rx_inst|rx_reg[6]   ; uart_controller:uart_ctrl_inst|baud_rate_gen:brg_inst|ov_tick ; uart_controller:uart_ctrl_inst|baud_rate_gen:brg_inst|ov_tick ; 1.000        ; -0.002     ; 1.353      ;
; -0.323 ; uart_controller:uart_ctrl_inst|uart_rx:rx_inst|state.DATA  ; uart_controller:uart_ctrl_inst|uart_rx:rx_inst|rx_reg[5]   ; uart_controller:uart_ctrl_inst|baud_rate_gen:brg_inst|ov_tick ; uart_controller:uart_ctrl_inst|baud_rate_gen:brg_inst|ov_tick ; 1.000        ; -0.002     ; 1.353      ;
; -0.323 ; uart_controller:uart_ctrl_inst|uart_rx:rx_inst|state.DATA  ; uart_controller:uart_ctrl_inst|uart_rx:rx_inst|rx_reg[4]   ; uart_controller:uart_ctrl_inst|baud_rate_gen:brg_inst|ov_tick ; uart_controller:uart_ctrl_inst|baud_rate_gen:brg_inst|ov_tick ; 1.000        ; -0.002     ; 1.353      ;
; -0.323 ; uart_controller:uart_ctrl_inst|uart_rx:rx_inst|state.DATA  ; uart_controller:uart_ctrl_inst|uart_rx:rx_inst|rx_reg[3]   ; uart_controller:uart_ctrl_inst|baud_rate_gen:brg_inst|ov_tick ; uart_controller:uart_ctrl_inst|baud_rate_gen:brg_inst|ov_tick ; 1.000        ; -0.002     ; 1.353      ;
; -0.323 ; uart_controller:uart_ctrl_inst|uart_rx:rx_inst|state.DATA  ; uart_controller:uart_ctrl_inst|uart_rx:rx_inst|rx_reg[2]   ; uart_controller:uart_ctrl_inst|baud_rate_gen:brg_inst|ov_tick ; uart_controller:uart_ctrl_inst|baud_rate_gen:brg_inst|ov_tick ; 1.000        ; -0.002     ; 1.353      ;
; -0.323 ; uart_controller:uart_ctrl_inst|uart_rx:rx_inst|state.DATA  ; uart_controller:uart_ctrl_inst|uart_rx:rx_inst|rx_reg[1]   ; uart_controller:uart_ctrl_inst|baud_rate_gen:brg_inst|ov_tick ; uart_controller:uart_ctrl_inst|baud_rate_gen:brg_inst|ov_tick ; 1.000        ; -0.002     ; 1.353      ;
; -0.323 ; uart_controller:uart_ctrl_inst|uart_rx:rx_inst|state.DATA  ; uart_controller:uart_ctrl_inst|uart_rx:rx_inst|rx_reg[0]   ; uart_controller:uart_ctrl_inst|baud_rate_gen:brg_inst|ov_tick ; uart_controller:uart_ctrl_inst|baud_rate_gen:brg_inst|ov_tick ; 1.000        ; -0.002     ; 1.353      ;
; -0.319 ; uart_rx_packet_new:packet_inst|rx_clear                    ; uart_controller:uart_ctrl_inst|uart_rx:rx_inst|state.IDLE  ; CLOCK_50                                                      ; uart_controller:uart_ctrl_inst|baud_rate_gen:brg_inst|ov_tick ; 1.000        ; -0.264     ; 1.087      ;
; -0.319 ; uart_rx_packet_new:packet_inst|rx_clear                    ; uart_controller:uart_ctrl_inst|uart_rx:rx_inst|state.DATA  ; CLOCK_50                                                      ; uart_controller:uart_ctrl_inst|baud_rate_gen:brg_inst|ov_tick ; 1.000        ; -0.264     ; 1.087      ;
; -0.292 ; uart_controller:uart_ctrl_inst|uart_rx:rx_inst|tick_cnt[2] ; uart_controller:uart_ctrl_inst|uart_rx:rx_inst|state.IDLE  ; uart_controller:uart_ctrl_inst|baud_rate_gen:brg_inst|ov_tick ; uart_controller:uart_ctrl_inst|baud_rate_gen:brg_inst|ov_tick ; 1.000        ; 0.000      ; 1.324      ;
; -0.292 ; uart_controller:uart_ctrl_inst|uart_rx:rx_inst|tick_cnt[2] ; uart_controller:uart_ctrl_inst|uart_rx:rx_inst|state.DATA  ; uart_controller:uart_ctrl_inst|baud_rate_gen:brg_inst|ov_tick ; uart_controller:uart_ctrl_inst|baud_rate_gen:brg_inst|ov_tick ; 1.000        ; 0.000      ; 1.324      ;
; -0.277 ; uart_controller:uart_ctrl_inst|uart_rx:rx_inst|tick_cnt[1] ; uart_controller:uart_ctrl_inst|uart_rx:rx_inst|data_out[7] ; uart_controller:uart_ctrl_inst|baud_rate_gen:brg_inst|ov_tick ; uart_controller:uart_ctrl_inst|baud_rate_gen:brg_inst|ov_tick ; 1.000        ; -0.002     ; 1.307      ;
; -0.277 ; uart_controller:uart_ctrl_inst|uart_rx:rx_inst|tick_cnt[1] ; uart_controller:uart_ctrl_inst|uart_rx:rx_inst|data_out[5] ; uart_controller:uart_ctrl_inst|baud_rate_gen:brg_inst|ov_tick ; uart_controller:uart_ctrl_inst|baud_rate_gen:brg_inst|ov_tick ; 1.000        ; -0.002     ; 1.307      ;
; -0.277 ; uart_controller:uart_ctrl_inst|uart_rx:rx_inst|tick_cnt[1] ; uart_controller:uart_ctrl_inst|uart_rx:rx_inst|data_out[6] ; uart_controller:uart_ctrl_inst|baud_rate_gen:brg_inst|ov_tick ; uart_controller:uart_ctrl_inst|baud_rate_gen:brg_inst|ov_tick ; 1.000        ; -0.002     ; 1.307      ;
; -0.277 ; uart_controller:uart_ctrl_inst|uart_rx:rx_inst|tick_cnt[1] ; uart_controller:uart_ctrl_inst|uart_rx:rx_inst|data_out[1] ; uart_controller:uart_ctrl_inst|baud_rate_gen:brg_inst|ov_tick ; uart_controller:uart_ctrl_inst|baud_rate_gen:brg_inst|ov_tick ; 1.000        ; -0.002     ; 1.307      ;
; -0.277 ; uart_controller:uart_ctrl_inst|uart_rx:rx_inst|tick_cnt[1] ; uart_controller:uart_ctrl_inst|uart_rx:rx_inst|data_out[2] ; uart_controller:uart_ctrl_inst|baud_rate_gen:brg_inst|ov_tick ; uart_controller:uart_ctrl_inst|baud_rate_gen:brg_inst|ov_tick ; 1.000        ; -0.002     ; 1.307      ;
; -0.277 ; uart_controller:uart_ctrl_inst|uart_rx:rx_inst|tick_cnt[1] ; uart_controller:uart_ctrl_inst|uart_rx:rx_inst|data_out[3] ; uart_controller:uart_ctrl_inst|baud_rate_gen:brg_inst|ov_tick ; uart_controller:uart_ctrl_inst|baud_rate_gen:brg_inst|ov_tick ; 1.000        ; -0.002     ; 1.307      ;
; -0.277 ; uart_controller:uart_ctrl_inst|uart_rx:rx_inst|tick_cnt[1] ; uart_controller:uart_ctrl_inst|uart_rx:rx_inst|data_out[4] ; uart_controller:uart_ctrl_inst|baud_rate_gen:brg_inst|ov_tick ; uart_controller:uart_ctrl_inst|baud_rate_gen:brg_inst|ov_tick ; 1.000        ; -0.002     ; 1.307      ;
; -0.277 ; uart_controller:uart_ctrl_inst|uart_rx:rx_inst|tick_cnt[1] ; uart_controller:uart_ctrl_inst|uart_rx:rx_inst|data_out[0] ; uart_controller:uart_ctrl_inst|baud_rate_gen:brg_inst|ov_tick ; uart_controller:uart_ctrl_inst|baud_rate_gen:brg_inst|ov_tick ; 1.000        ; -0.002     ; 1.307      ;
; -0.267 ; uart_controller:uart_ctrl_inst|uart_rx:rx_inst|bit_cnt[0]  ; uart_controller:uart_ctrl_inst|uart_rx:rx_inst|bit_cnt[2]  ; uart_controller:uart_ctrl_inst|baud_rate_gen:brg_inst|ov_tick ; uart_controller:uart_ctrl_inst|baud_rate_gen:brg_inst|ov_tick ; 1.000        ; 0.000      ; 1.299      ;
; -0.259 ; uart_controller:uart_ctrl_inst|uart_rx:rx_inst|tick_cnt[2] ; uart_controller:uart_ctrl_inst|uart_rx:rx_inst|rx_reg[7]   ; uart_controller:uart_ctrl_inst|baud_rate_gen:brg_inst|ov_tick ; uart_controller:uart_ctrl_inst|baud_rate_gen:brg_inst|ov_tick ; 1.000        ; -0.002     ; 1.289      ;
; -0.259 ; uart_controller:uart_ctrl_inst|uart_rx:rx_inst|tick_cnt[2] ; uart_controller:uart_ctrl_inst|uart_rx:rx_inst|rx_reg[6]   ; uart_controller:uart_ctrl_inst|baud_rate_gen:brg_inst|ov_tick ; uart_controller:uart_ctrl_inst|baud_rate_gen:brg_inst|ov_tick ; 1.000        ; -0.002     ; 1.289      ;
; -0.259 ; uart_controller:uart_ctrl_inst|uart_rx:rx_inst|tick_cnt[2] ; uart_controller:uart_ctrl_inst|uart_rx:rx_inst|rx_reg[5]   ; uart_controller:uart_ctrl_inst|baud_rate_gen:brg_inst|ov_tick ; uart_controller:uart_ctrl_inst|baud_rate_gen:brg_inst|ov_tick ; 1.000        ; -0.002     ; 1.289      ;
; -0.259 ; uart_controller:uart_ctrl_inst|uart_rx:rx_inst|tick_cnt[2] ; uart_controller:uart_ctrl_inst|uart_rx:rx_inst|rx_reg[4]   ; uart_controller:uart_ctrl_inst|baud_rate_gen:brg_inst|ov_tick ; uart_controller:uart_ctrl_inst|baud_rate_gen:brg_inst|ov_tick ; 1.000        ; -0.002     ; 1.289      ;
; -0.259 ; uart_controller:uart_ctrl_inst|uart_rx:rx_inst|tick_cnt[2] ; uart_controller:uart_ctrl_inst|uart_rx:rx_inst|rx_reg[3]   ; uart_controller:uart_ctrl_inst|baud_rate_gen:brg_inst|ov_tick ; uart_controller:uart_ctrl_inst|baud_rate_gen:brg_inst|ov_tick ; 1.000        ; -0.002     ; 1.289      ;
; -0.259 ; uart_controller:uart_ctrl_inst|uart_rx:rx_inst|tick_cnt[2] ; uart_controller:uart_ctrl_inst|uart_rx:rx_inst|rx_reg[2]   ; uart_controller:uart_ctrl_inst|baud_rate_gen:brg_inst|ov_tick ; uart_controller:uart_ctrl_inst|baud_rate_gen:brg_inst|ov_tick ; 1.000        ; -0.002     ; 1.289      ;
; -0.259 ; uart_controller:uart_ctrl_inst|uart_rx:rx_inst|tick_cnt[2] ; uart_controller:uart_ctrl_inst|uart_rx:rx_inst|rx_reg[1]   ; uart_controller:uart_ctrl_inst|baud_rate_gen:brg_inst|ov_tick ; uart_controller:uart_ctrl_inst|baud_rate_gen:brg_inst|ov_tick ; 1.000        ; -0.002     ; 1.289      ;
; -0.259 ; uart_controller:uart_ctrl_inst|uart_rx:rx_inst|tick_cnt[2] ; uart_controller:uart_ctrl_inst|uart_rx:rx_inst|rx_reg[0]   ; uart_controller:uart_ctrl_inst|baud_rate_gen:brg_inst|ov_tick ; uart_controller:uart_ctrl_inst|baud_rate_gen:brg_inst|ov_tick ; 1.000        ; -0.002     ; 1.289      ;
; -0.254 ; uart_controller:uart_ctrl_inst|uart_rx:rx_inst|tick_cnt[1] ; uart_controller:uart_ctrl_inst|uart_rx:rx_inst|bit_cnt[2]  ; uart_controller:uart_ctrl_inst|baud_rate_gen:brg_inst|ov_tick ; uart_controller:uart_ctrl_inst|baud_rate_gen:brg_inst|ov_tick ; 1.000        ; 0.000      ; 1.286      ;
; -0.253 ; uart_controller:uart_ctrl_inst|uart_rx:rx_inst|tick_cnt[1] ; uart_controller:uart_ctrl_inst|uart_rx:rx_inst|bit_cnt[1]  ; uart_controller:uart_ctrl_inst|baud_rate_gen:brg_inst|ov_tick ; uart_controller:uart_ctrl_inst|baud_rate_gen:brg_inst|ov_tick ; 1.000        ; 0.000      ; 1.285      ;
; -0.250 ; uart_controller:uart_ctrl_inst|uart_rx:rx_inst|state.IDLE  ; uart_controller:uart_ctrl_inst|uart_rx:rx_inst|state.IDLE  ; uart_controller:uart_ctrl_inst|baud_rate_gen:brg_inst|ov_tick ; uart_controller:uart_ctrl_inst|baud_rate_gen:brg_inst|ov_tick ; 1.000        ; 0.000      ; 1.282      ;
; -0.250 ; uart_controller:uart_ctrl_inst|uart_rx:rx_inst|state.IDLE  ; uart_controller:uart_ctrl_inst|uart_rx:rx_inst|state.DATA  ; uart_controller:uart_ctrl_inst|baud_rate_gen:brg_inst|ov_tick ; uart_controller:uart_ctrl_inst|baud_rate_gen:brg_inst|ov_tick ; 1.000        ; 0.000      ; 1.282      ;
; -0.247 ; uart_controller:uart_ctrl_inst|uart_rx:rx_inst|state.DATA  ; uart_controller:uart_ctrl_inst|uart_rx:rx_inst|bit_cnt[1]  ; uart_controller:uart_ctrl_inst|baud_rate_gen:brg_inst|ov_tick ; uart_controller:uart_ctrl_inst|baud_rate_gen:brg_inst|ov_tick ; 1.000        ; 0.000      ; 1.279      ;
; -0.216 ; uart_controller:uart_ctrl_inst|uart_rx:rx_inst|tick_cnt[0] ; uart_controller:uart_ctrl_inst|uart_rx:rx_inst|state.IDLE  ; uart_controller:uart_ctrl_inst|baud_rate_gen:brg_inst|ov_tick ; uart_controller:uart_ctrl_inst|baud_rate_gen:brg_inst|ov_tick ; 1.000        ; 0.000      ; 1.248      ;
; -0.216 ; uart_controller:uart_ctrl_inst|uart_rx:rx_inst|tick_cnt[0] ; uart_controller:uart_ctrl_inst|uart_rx:rx_inst|state.DATA  ; uart_controller:uart_ctrl_inst|baud_rate_gen:brg_inst|ov_tick ; uart_controller:uart_ctrl_inst|baud_rate_gen:brg_inst|ov_tick ; 1.000        ; 0.000      ; 1.248      ;
; -0.205 ; uart_controller:uart_ctrl_inst|uart_rx:rx_inst|bit_cnt[0]  ; uart_controller:uart_ctrl_inst|uart_rx:rx_inst|state.IDLE  ; uart_controller:uart_ctrl_inst|baud_rate_gen:brg_inst|ov_tick ; uart_controller:uart_ctrl_inst|baud_rate_gen:brg_inst|ov_tick ; 1.000        ; 0.000      ; 1.237      ;
; -0.205 ; uart_controller:uart_ctrl_inst|uart_rx:rx_inst|bit_cnt[0]  ; uart_controller:uart_ctrl_inst|uart_rx:rx_inst|state.DATA  ; uart_controller:uart_ctrl_inst|baud_rate_gen:brg_inst|ov_tick ; uart_controller:uart_ctrl_inst|baud_rate_gen:brg_inst|ov_tick ; 1.000        ; 0.000      ; 1.237      ;
; -0.203 ; uart_controller:uart_ctrl_inst|uart_rx:rx_inst|tick_cnt[1] ; uart_controller:uart_ctrl_inst|uart_rx:rx_inst|tick_cnt[2] ; uart_controller:uart_ctrl_inst|baud_rate_gen:brg_inst|ov_tick ; uart_controller:uart_ctrl_inst|baud_rate_gen:brg_inst|ov_tick ; 1.000        ; 0.000      ; 1.235      ;
; -0.202 ; uart_controller:uart_ctrl_inst|uart_rx:rx_inst|state.IDLE  ; uart_controller:uart_ctrl_inst|uart_rx:rx_inst|state.STOP  ; uart_controller:uart_ctrl_inst|baud_rate_gen:brg_inst|ov_tick ; uart_controller:uart_ctrl_inst|baud_rate_gen:brg_inst|ov_tick ; 1.000        ; -0.002     ; 1.232      ;
; -0.202 ; uart_controller:uart_ctrl_inst|uart_rx:rx_inst|state.IDLE  ; uart_controller:uart_ctrl_inst|uart_rx:rx_inst|state.START ; uart_controller:uart_ctrl_inst|baud_rate_gen:brg_inst|ov_tick ; uart_controller:uart_ctrl_inst|baud_rate_gen:brg_inst|ov_tick ; 1.000        ; -0.002     ; 1.232      ;
; -0.192 ; uart_controller:uart_ctrl_inst|uart_rx:rx_inst|tick_cnt[2] ; uart_controller:uart_ctrl_inst|uart_rx:rx_inst|data_out[7] ; uart_controller:uart_ctrl_inst|baud_rate_gen:brg_inst|ov_tick ; uart_controller:uart_ctrl_inst|baud_rate_gen:brg_inst|ov_tick ; 1.000        ; -0.002     ; 1.222      ;
; -0.192 ; uart_controller:uart_ctrl_inst|uart_rx:rx_inst|tick_cnt[2] ; uart_controller:uart_ctrl_inst|uart_rx:rx_inst|data_out[5] ; uart_controller:uart_ctrl_inst|baud_rate_gen:brg_inst|ov_tick ; uart_controller:uart_ctrl_inst|baud_rate_gen:brg_inst|ov_tick ; 1.000        ; -0.002     ; 1.222      ;
; -0.192 ; uart_controller:uart_ctrl_inst|uart_rx:rx_inst|tick_cnt[2] ; uart_controller:uart_ctrl_inst|uart_rx:rx_inst|data_out[6] ; uart_controller:uart_ctrl_inst|baud_rate_gen:brg_inst|ov_tick ; uart_controller:uart_ctrl_inst|baud_rate_gen:brg_inst|ov_tick ; 1.000        ; -0.002     ; 1.222      ;
; -0.192 ; uart_controller:uart_ctrl_inst|uart_rx:rx_inst|tick_cnt[2] ; uart_controller:uart_ctrl_inst|uart_rx:rx_inst|data_out[1] ; uart_controller:uart_ctrl_inst|baud_rate_gen:brg_inst|ov_tick ; uart_controller:uart_ctrl_inst|baud_rate_gen:brg_inst|ov_tick ; 1.000        ; -0.002     ; 1.222      ;
; -0.192 ; uart_controller:uart_ctrl_inst|uart_rx:rx_inst|tick_cnt[2] ; uart_controller:uart_ctrl_inst|uart_rx:rx_inst|data_out[2] ; uart_controller:uart_ctrl_inst|baud_rate_gen:brg_inst|ov_tick ; uart_controller:uart_ctrl_inst|baud_rate_gen:brg_inst|ov_tick ; 1.000        ; -0.002     ; 1.222      ;
; -0.192 ; uart_controller:uart_ctrl_inst|uart_rx:rx_inst|tick_cnt[2] ; uart_controller:uart_ctrl_inst|uart_rx:rx_inst|data_out[3] ; uart_controller:uart_ctrl_inst|baud_rate_gen:brg_inst|ov_tick ; uart_controller:uart_ctrl_inst|baud_rate_gen:brg_inst|ov_tick ; 1.000        ; -0.002     ; 1.222      ;
; -0.192 ; uart_controller:uart_ctrl_inst|uart_rx:rx_inst|tick_cnt[2] ; uart_controller:uart_ctrl_inst|uart_rx:rx_inst|data_out[4] ; uart_controller:uart_ctrl_inst|baud_rate_gen:brg_inst|ov_tick ; uart_controller:uart_ctrl_inst|baud_rate_gen:brg_inst|ov_tick ; 1.000        ; -0.002     ; 1.222      ;
; -0.192 ; uart_controller:uart_ctrl_inst|uart_rx:rx_inst|tick_cnt[2] ; uart_controller:uart_ctrl_inst|uart_rx:rx_inst|data_out[0] ; uart_controller:uart_ctrl_inst|baud_rate_gen:brg_inst|ov_tick ; uart_controller:uart_ctrl_inst|baud_rate_gen:brg_inst|ov_tick ; 1.000        ; -0.002     ; 1.222      ;
; -0.192 ; uart_controller:uart_ctrl_inst|uart_rx:rx_inst|state.DATA  ; uart_controller:uart_ctrl_inst|uart_rx:rx_inst|bit_cnt[2]  ; uart_controller:uart_ctrl_inst|baud_rate_gen:brg_inst|ov_tick ; uart_controller:uart_ctrl_inst|baud_rate_gen:brg_inst|ov_tick ; 1.000        ; 0.000      ; 1.224      ;
; -0.191 ; uart_controller:uart_ctrl_inst|uart_rx:rx_inst|tick_cnt[0] ; uart_controller:uart_ctrl_inst|uart_rx:rx_inst|rx_reg[7]   ; uart_controller:uart_ctrl_inst|baud_rate_gen:brg_inst|ov_tick ; uart_controller:uart_ctrl_inst|baud_rate_gen:brg_inst|ov_tick ; 1.000        ; -0.002     ; 1.221      ;
; -0.191 ; uart_controller:uart_ctrl_inst|uart_rx:rx_inst|tick_cnt[0] ; uart_controller:uart_ctrl_inst|uart_rx:rx_inst|rx_reg[6]   ; uart_controller:uart_ctrl_inst|baud_rate_gen:brg_inst|ov_tick ; uart_controller:uart_ctrl_inst|baud_rate_gen:brg_inst|ov_tick ; 1.000        ; -0.002     ; 1.221      ;
; -0.191 ; uart_controller:uart_ctrl_inst|uart_rx:rx_inst|tick_cnt[0] ; uart_controller:uart_ctrl_inst|uart_rx:rx_inst|rx_reg[5]   ; uart_controller:uart_ctrl_inst|baud_rate_gen:brg_inst|ov_tick ; uart_controller:uart_ctrl_inst|baud_rate_gen:brg_inst|ov_tick ; 1.000        ; -0.002     ; 1.221      ;
; -0.191 ; uart_controller:uart_ctrl_inst|uart_rx:rx_inst|tick_cnt[0] ; uart_controller:uart_ctrl_inst|uart_rx:rx_inst|rx_reg[4]   ; uart_controller:uart_ctrl_inst|baud_rate_gen:brg_inst|ov_tick ; uart_controller:uart_ctrl_inst|baud_rate_gen:brg_inst|ov_tick ; 1.000        ; -0.002     ; 1.221      ;
; -0.191 ; uart_controller:uart_ctrl_inst|uart_rx:rx_inst|tick_cnt[0] ; uart_controller:uart_ctrl_inst|uart_rx:rx_inst|rx_reg[3]   ; uart_controller:uart_ctrl_inst|baud_rate_gen:brg_inst|ov_tick ; uart_controller:uart_ctrl_inst|baud_rate_gen:brg_inst|ov_tick ; 1.000        ; -0.002     ; 1.221      ;
; -0.191 ; uart_controller:uart_ctrl_inst|uart_rx:rx_inst|tick_cnt[0] ; uart_controller:uart_ctrl_inst|uart_rx:rx_inst|rx_reg[2]   ; uart_controller:uart_ctrl_inst|baud_rate_gen:brg_inst|ov_tick ; uart_controller:uart_ctrl_inst|baud_rate_gen:brg_inst|ov_tick ; 1.000        ; -0.002     ; 1.221      ;
; -0.191 ; uart_controller:uart_ctrl_inst|uart_rx:rx_inst|tick_cnt[0] ; uart_controller:uart_ctrl_inst|uart_rx:rx_inst|rx_reg[1]   ; uart_controller:uart_ctrl_inst|baud_rate_gen:brg_inst|ov_tick ; uart_controller:uart_ctrl_inst|baud_rate_gen:brg_inst|ov_tick ; 1.000        ; -0.002     ; 1.221      ;
; -0.191 ; uart_controller:uart_ctrl_inst|uart_rx:rx_inst|tick_cnt[0] ; uart_controller:uart_ctrl_inst|uart_rx:rx_inst|rx_reg[0]   ; uart_controller:uart_ctrl_inst|baud_rate_gen:brg_inst|ov_tick ; uart_controller:uart_ctrl_inst|baud_rate_gen:brg_inst|ov_tick ; 1.000        ; -0.002     ; 1.221      ;
; -0.181 ; uart_controller:uart_ctrl_inst|uart_rx:rx_inst|bit_cnt[2]  ; uart_controller:uart_ctrl_inst|uart_rx:rx_inst|state.IDLE  ; uart_controller:uart_ctrl_inst|baud_rate_gen:brg_inst|ov_tick ; uart_controller:uart_ctrl_inst|baud_rate_gen:brg_inst|ov_tick ; 1.000        ; 0.000      ; 1.213      ;
; -0.181 ; uart_controller:uart_ctrl_inst|uart_rx:rx_inst|bit_cnt[2]  ; uart_controller:uart_ctrl_inst|uart_rx:rx_inst|state.DATA  ; uart_controller:uart_ctrl_inst|baud_rate_gen:brg_inst|ov_tick ; uart_controller:uart_ctrl_inst|baud_rate_gen:brg_inst|ov_tick ; 1.000        ; 0.000      ; 1.213      ;
; -0.173 ; uart_controller:uart_ctrl_inst|uart_rx:rx_inst|state.DATA  ; uart_controller:uart_ctrl_inst|uart_rx:rx_inst|state.IDLE  ; uart_controller:uart_ctrl_inst|baud_rate_gen:brg_inst|ov_tick ; uart_controller:uart_ctrl_inst|baud_rate_gen:brg_inst|ov_tick ; 1.000        ; 0.000      ; 1.205      ;
; -0.173 ; uart_controller:uart_ctrl_inst|uart_rx:rx_inst|state.DATA  ; uart_controller:uart_ctrl_inst|uart_rx:rx_inst|state.DATA  ; uart_controller:uart_ctrl_inst|baud_rate_gen:brg_inst|ov_tick ; uart_controller:uart_ctrl_inst|baud_rate_gen:brg_inst|ov_tick ; 1.000        ; 0.000      ; 1.205      ;
; -0.171 ; uart_rx_packet_new:packet_inst|rx_clear                    ; uart_controller:uart_ctrl_inst|uart_rx:rx_inst|rx_reg[7]   ; CLOCK_50                                                      ; uart_controller:uart_ctrl_inst|baud_rate_gen:brg_inst|ov_tick ; 1.000        ; -0.266     ; 0.937      ;
; -0.171 ; uart_rx_packet_new:packet_inst|rx_clear                    ; uart_controller:uart_ctrl_inst|uart_rx:rx_inst|rx_reg[6]   ; CLOCK_50                                                      ; uart_controller:uart_ctrl_inst|baud_rate_gen:brg_inst|ov_tick ; 1.000        ; -0.266     ; 0.937      ;
; -0.171 ; uart_rx_packet_new:packet_inst|rx_clear                    ; uart_controller:uart_ctrl_inst|uart_rx:rx_inst|rx_reg[5]   ; CLOCK_50                                                      ; uart_controller:uart_ctrl_inst|baud_rate_gen:brg_inst|ov_tick ; 1.000        ; -0.266     ; 0.937      ;
; -0.171 ; uart_rx_packet_new:packet_inst|rx_clear                    ; uart_controller:uart_ctrl_inst|uart_rx:rx_inst|rx_reg[4]   ; CLOCK_50                                                      ; uart_controller:uart_ctrl_inst|baud_rate_gen:brg_inst|ov_tick ; 1.000        ; -0.266     ; 0.937      ;
; -0.171 ; uart_rx_packet_new:packet_inst|rx_clear                    ; uart_controller:uart_ctrl_inst|uart_rx:rx_inst|rx_reg[3]   ; CLOCK_50                                                      ; uart_controller:uart_ctrl_inst|baud_rate_gen:brg_inst|ov_tick ; 1.000        ; -0.266     ; 0.937      ;
; -0.171 ; uart_rx_packet_new:packet_inst|rx_clear                    ; uart_controller:uart_ctrl_inst|uart_rx:rx_inst|rx_reg[2]   ; CLOCK_50                                                      ; uart_controller:uart_ctrl_inst|baud_rate_gen:brg_inst|ov_tick ; 1.000        ; -0.266     ; 0.937      ;
; -0.171 ; uart_rx_packet_new:packet_inst|rx_clear                    ; uart_controller:uart_ctrl_inst|uart_rx:rx_inst|rx_reg[1]   ; CLOCK_50                                                      ; uart_controller:uart_ctrl_inst|baud_rate_gen:brg_inst|ov_tick ; 1.000        ; -0.266     ; 0.937      ;
; -0.171 ; uart_rx_packet_new:packet_inst|rx_clear                    ; uart_controller:uart_ctrl_inst|uart_rx:rx_inst|rx_reg[0]   ; CLOCK_50                                                      ; uart_controller:uart_ctrl_inst|baud_rate_gen:brg_inst|ov_tick ; 1.000        ; -0.266     ; 0.937      ;
; -0.171 ; uart_controller:uart_ctrl_inst|uart_rx:rx_inst|tick_cnt[2] ; uart_controller:uart_ctrl_inst|uart_rx:rx_inst|tick_cnt[2] ; uart_controller:uart_ctrl_inst|baud_rate_gen:brg_inst|ov_tick ; uart_controller:uart_ctrl_inst|baud_rate_gen:brg_inst|ov_tick ; 1.000        ; 0.000      ; 1.203      ;
; -0.163 ; uart_controller:uart_ctrl_inst|uart_rx:rx_inst|state.STOP  ; uart_controller:uart_ctrl_inst|uart_rx:rx_inst|data_out[7] ; uart_controller:uart_ctrl_inst|baud_rate_gen:brg_inst|ov_tick ; uart_controller:uart_ctrl_inst|baud_rate_gen:brg_inst|ov_tick ; 1.000        ; 0.000      ; 1.195      ;
+--------+------------------------------------------------------------+------------------------------------------------------------+---------------------------------------------------------------+---------------------------------------------------------------+--------------+------------+------------+


+---------------------------------------------------------------------------------------------------------------------------------------------------------------------------------------------------------------------------------------------------------------------------------------------------------------------+
; Fast Model Setup: 'uart_controller:uart_ctrl_inst|baud_rate_gen:brg_inst|uart_tick'                                                                                                                                                                                                                                 ;
+--------+---------------------------------------------------------------+---------------------------------------------------------------+-----------------------------------------------------------------+-----------------------------------------------------------------+--------------+------------+------------+
; Slack  ; From Node                                                     ; To Node                                                       ; Launch Clock                                                    ; Latch Clock                                                     ; Relationship ; Clock Skew ; Data Delay ;
+--------+---------------------------------------------------------------+---------------------------------------------------------------+-----------------------------------------------------------------+-----------------------------------------------------------------+--------------+------------+------------+
; -0.172 ; uart_controller:uart_ctrl_inst|uart_tx:tx_inst|state.DATA     ; uart_controller:uart_ctrl_inst|uart_tx:tx_inst|state.IDLE     ; uart_controller:uart_ctrl_inst|baud_rate_gen:brg_inst|uart_tick ; uart_controller:uart_ctrl_inst|baud_rate_gen:brg_inst|uart_tick ; 1.000        ; -0.001     ; 1.203      ;
; -0.145 ; uart_controller:uart_ctrl_inst|uart_tx:tx_inst|timeout_cnt[3] ; uart_controller:uart_ctrl_inst|uart_tx:tx_inst|state.IDLE     ; uart_controller:uart_ctrl_inst|baud_rate_gen:brg_inst|uart_tick ; uart_controller:uart_ctrl_inst|baud_rate_gen:brg_inst|uart_tick ; 1.000        ; -0.003     ; 1.174      ;
; -0.134 ; uart_controller:uart_ctrl_inst|uart_tx:tx_inst|state.DATA     ; uart_controller:uart_ctrl_inst|uart_tx:tx_inst|state.DATA     ; uart_controller:uart_ctrl_inst|baud_rate_gen:brg_inst|uart_tick ; uart_controller:uart_ctrl_inst|baud_rate_gen:brg_inst|uart_tick ; 1.000        ; 0.000      ; 1.166      ;
; -0.131 ; uart_controller:uart_ctrl_inst|uart_tx:tx_inst|timeout_cnt[4] ; uart_controller:uart_ctrl_inst|uart_tx:tx_inst|state.IDLE     ; uart_controller:uart_ctrl_inst|baud_rate_gen:brg_inst|uart_tick ; uart_controller:uart_ctrl_inst|baud_rate_gen:brg_inst|uart_tick ; 1.000        ; -0.003     ; 1.160      ;
; -0.126 ; uart_controller:uart_ctrl_inst|uart_tx:tx_inst|state.IDLE     ; uart_controller:uart_ctrl_inst|uart_tx:tx_inst|tx_reg[1]      ; uart_controller:uart_ctrl_inst|baud_rate_gen:brg_inst|uart_tick ; uart_controller:uart_ctrl_inst|baud_rate_gen:brg_inst|uart_tick ; 1.000        ; 0.001      ; 1.159      ;
; -0.126 ; uart_controller:uart_ctrl_inst|uart_tx:tx_inst|state.IDLE     ; uart_controller:uart_ctrl_inst|uart_tx:tx_inst|tx_reg[0]      ; uart_controller:uart_ctrl_inst|baud_rate_gen:brg_inst|uart_tick ; uart_controller:uart_ctrl_inst|baud_rate_gen:brg_inst|uart_tick ; 1.000        ; 0.001      ; 1.159      ;
; -0.077 ; uart_controller:uart_ctrl_inst|uart_tx:tx_inst|state.START    ; uart_controller:uart_ctrl_inst|uart_tx:tx_inst|state.IDLE     ; uart_controller:uart_ctrl_inst|baud_rate_gen:brg_inst|uart_tick ; uart_controller:uart_ctrl_inst|baud_rate_gen:brg_inst|uart_tick ; 1.000        ; -0.001     ; 1.108      ;
; -0.076 ; uart_controller:uart_ctrl_inst|uart_tx:tx_inst|timeout_cnt[2] ; uart_controller:uart_ctrl_inst|uart_tx:tx_inst|state.IDLE     ; uart_controller:uart_ctrl_inst|baud_rate_gen:brg_inst|uart_tick ; uart_controller:uart_ctrl_inst|baud_rate_gen:brg_inst|uart_tick ; 1.000        ; -0.003     ; 1.105      ;
; -0.071 ; uart_controller:uart_ctrl_inst|uart_tx:tx_inst|bit_cnt[1]     ; uart_controller:uart_ctrl_inst|uart_tx:tx_inst|state.IDLE     ; uart_controller:uart_ctrl_inst|baud_rate_gen:brg_inst|uart_tick ; uart_controller:uart_ctrl_inst|baud_rate_gen:brg_inst|uart_tick ; 1.000        ; -0.001     ; 1.102      ;
; -0.065 ; uart_controller:uart_ctrl_inst|uart_tx:tx_inst|timeout_cnt[5] ; uart_controller:uart_ctrl_inst|uart_tx:tx_inst|state.IDLE     ; uart_controller:uart_ctrl_inst|baud_rate_gen:brg_inst|uart_tick ; uart_controller:uart_ctrl_inst|baud_rate_gen:brg_inst|uart_tick ; 1.000        ; -0.003     ; 1.094      ;
; -0.039 ; uart_controller:uart_ctrl_inst|uart_tx:tx_inst|state.START    ; uart_controller:uart_ctrl_inst|uart_tx:tx_inst|state.DATA     ; uart_controller:uart_ctrl_inst|baud_rate_gen:brg_inst|uart_tick ; uart_controller:uart_ctrl_inst|baud_rate_gen:brg_inst|uart_tick ; 1.000        ; 0.000      ; 1.071      ;
; -0.034 ; uart_controller:uart_ctrl_inst|uart_tx:tx_inst|state.IDLE     ; uart_controller:uart_ctrl_inst|uart_tx:tx_inst|tx_reg[4]      ; uart_controller:uart_ctrl_inst|baud_rate_gen:brg_inst|uart_tick ; uart_controller:uart_ctrl_inst|baud_rate_gen:brg_inst|uart_tick ; 1.000        ; 0.003      ; 1.069      ;
; -0.033 ; uart_controller:uart_ctrl_inst|uart_tx:tx_inst|bit_cnt[1]     ; uart_controller:uart_ctrl_inst|uart_tx:tx_inst|state.DATA     ; uart_controller:uart_ctrl_inst|baud_rate_gen:brg_inst|uart_tick ; uart_controller:uart_ctrl_inst|baud_rate_gen:brg_inst|uart_tick ; 1.000        ; 0.000      ; 1.065      ;
; -0.028 ; uart_controller:uart_ctrl_inst|uart_tx:tx_inst|timeout_cnt[3] ; uart_controller:uart_ctrl_inst|uart_tx:tx_inst|state.DATA     ; uart_controller:uart_ctrl_inst|baud_rate_gen:brg_inst|uart_tick ; uart_controller:uart_ctrl_inst|baud_rate_gen:brg_inst|uart_tick ; 1.000        ; -0.002     ; 1.058      ;
; -0.020 ; uart_controller:uart_ctrl_inst|uart_tx:tx_inst|state.STOP     ; uart_controller:uart_ctrl_inst|uart_tx:tx_inst|state.IDLE     ; uart_controller:uart_ctrl_inst|baud_rate_gen:brg_inst|uart_tick ; uart_controller:uart_ctrl_inst|baud_rate_gen:brg_inst|uart_tick ; 1.000        ; -0.001     ; 1.051      ;
; -0.018 ; uart_controller:uart_ctrl_inst|uart_tx:tx_inst|bit_cnt[2]     ; uart_controller:uart_ctrl_inst|uart_tx:tx_inst|state.IDLE     ; uart_controller:uart_ctrl_inst|baud_rate_gen:brg_inst|uart_tick ; uart_controller:uart_ctrl_inst|baud_rate_gen:brg_inst|uart_tick ; 1.000        ; -0.001     ; 1.049      ;
; -0.014 ; uart_controller:uart_ctrl_inst|uart_tx:tx_inst|timeout_cnt[4] ; uart_controller:uart_ctrl_inst|uart_tx:tx_inst|state.DATA     ; uart_controller:uart_ctrl_inst|baud_rate_gen:brg_inst|uart_tick ; uart_controller:uart_ctrl_inst|baud_rate_gen:brg_inst|uart_tick ; 1.000        ; -0.002     ; 1.044      ;
; 0.018  ; uart_controller:uart_ctrl_inst|uart_tx:tx_inst|timeout_cnt[7] ; uart_controller:uart_ctrl_inst|uart_tx:tx_inst|state.IDLE     ; uart_controller:uart_ctrl_inst|baud_rate_gen:brg_inst|uart_tick ; uart_controller:uart_ctrl_inst|baud_rate_gen:brg_inst|uart_tick ; 1.000        ; -0.003     ; 1.011      ;
; 0.018  ; uart_controller:uart_ctrl_inst|uart_tx:tx_inst|state.STOP     ; uart_controller:uart_ctrl_inst|uart_tx:tx_inst|state.DATA     ; uart_controller:uart_ctrl_inst|baud_rate_gen:brg_inst|uart_tick ; uart_controller:uart_ctrl_inst|baud_rate_gen:brg_inst|uart_tick ; 1.000        ; 0.000      ; 1.014      ;
; 0.020  ; uart_controller:uart_ctrl_inst|uart_tx:tx_inst|bit_cnt[2]     ; uart_controller:uart_ctrl_inst|uart_tx:tx_inst|state.DATA     ; uart_controller:uart_ctrl_inst|baud_rate_gen:brg_inst|uart_tick ; uart_controller:uart_ctrl_inst|baud_rate_gen:brg_inst|uart_tick ; 1.000        ; 0.000      ; 1.012      ;
; 0.029  ; uart_controller:uart_ctrl_inst|uart_tx:tx_inst|timeout_cnt[6] ; uart_controller:uart_ctrl_inst|uart_tx:tx_inst|state.IDLE     ; uart_controller:uart_ctrl_inst|baud_rate_gen:brg_inst|uart_tick ; uart_controller:uart_ctrl_inst|baud_rate_gen:brg_inst|uart_tick ; 1.000        ; -0.003     ; 1.000      ;
; 0.041  ; uart_controller:uart_ctrl_inst|uart_tx:tx_inst|timeout_cnt[2] ; uart_controller:uart_ctrl_inst|uart_tx:tx_inst|state.DATA     ; uart_controller:uart_ctrl_inst|baud_rate_gen:brg_inst|uart_tick ; uart_controller:uart_ctrl_inst|baud_rate_gen:brg_inst|uart_tick ; 1.000        ; -0.002     ; 0.989      ;
; 0.052  ; uart_controller:uart_ctrl_inst|uart_tx:tx_inst|timeout_cnt[5] ; uart_controller:uart_ctrl_inst|uart_tx:tx_inst|state.DATA     ; uart_controller:uart_ctrl_inst|baud_rate_gen:brg_inst|uart_tick ; uart_controller:uart_ctrl_inst|baud_rate_gen:brg_inst|uart_tick ; 1.000        ; -0.002     ; 0.978      ;
; 0.055  ; uart_controller:uart_ctrl_inst|uart_tx:tx_inst|state.STOP     ; uart_controller:uart_ctrl_inst|uart_tx:tx_inst|tx_reg[1]      ; uart_controller:uart_ctrl_inst|baud_rate_gen:brg_inst|uart_tick ; uart_controller:uart_ctrl_inst|baud_rate_gen:brg_inst|uart_tick ; 1.000        ; 0.000      ; 0.977      ;
; 0.055  ; uart_controller:uart_ctrl_inst|uart_tx:tx_inst|state.STOP     ; uart_controller:uart_ctrl_inst|uart_tx:tx_inst|tx_reg[0]      ; uart_controller:uart_ctrl_inst|baud_rate_gen:brg_inst|uart_tick ; uart_controller:uart_ctrl_inst|baud_rate_gen:brg_inst|uart_tick ; 1.000        ; 0.000      ; 0.977      ;
; 0.068  ; uart_controller:uart_ctrl_inst|uart_tx:tx_inst|bit_cnt[0]     ; uart_controller:uart_ctrl_inst|uart_tx:tx_inst|state.IDLE     ; uart_controller:uart_ctrl_inst|baud_rate_gen:brg_inst|uart_tick ; uart_controller:uart_ctrl_inst|baud_rate_gen:brg_inst|uart_tick ; 1.000        ; -0.001     ; 0.963      ;
; 0.093  ; uart_rx_packet_new:packet_inst|LEDR[15]                       ; uart_controller:uart_ctrl_inst|uart_tx:tx_inst|state.IDLE     ; CLOCK_50                                                        ; uart_controller:uart_ctrl_inst|baud_rate_gen:brg_inst|uart_tick ; 1.000        ; -0.266     ; 0.673      ;
; 0.102  ; uart_controller:uart_ctrl_inst|uart_tx:tx_inst|state.DATA     ; uart_controller:uart_ctrl_inst|uart_tx:tx_inst|bit_cnt[2]     ; uart_controller:uart_ctrl_inst|baud_rate_gen:brg_inst|uart_tick ; uart_controller:uart_ctrl_inst|baud_rate_gen:brg_inst|uart_tick ; 1.000        ; 0.000      ; 0.930      ;
; 0.104  ; uart_controller:uart_ctrl_inst|uart_tx:tx_inst|timeout_cnt[0] ; uart_controller:uart_ctrl_inst|uart_tx:tx_inst|timeout_cnt[7] ; uart_controller:uart_ctrl_inst|baud_rate_gen:brg_inst|uart_tick ; uart_controller:uart_ctrl_inst|baud_rate_gen:brg_inst|uart_tick ; 1.000        ; 0.000      ; 0.928      ;
; 0.106  ; uart_controller:uart_ctrl_inst|uart_tx:tx_inst|bit_cnt[0]     ; uart_controller:uart_ctrl_inst|uart_tx:tx_inst|state.DATA     ; uart_controller:uart_ctrl_inst|baud_rate_gen:brg_inst|uart_tick ; uart_controller:uart_ctrl_inst|baud_rate_gen:brg_inst|uart_tick ; 1.000        ; 0.000      ; 0.926      ;
; 0.128  ; uart_controller:uart_ctrl_inst|uart_tx:tx_inst|bit_cnt[0]     ; uart_controller:uart_ctrl_inst|uart_tx:tx_inst|bit_cnt[2]     ; uart_controller:uart_ctrl_inst|baud_rate_gen:brg_inst|uart_tick ; uart_controller:uart_ctrl_inst|baud_rate_gen:brg_inst|uart_tick ; 1.000        ; 0.000      ; 0.904      ;
; 0.131  ; uart_rx_packet_new:packet_inst|LEDR[15]                       ; uart_controller:uart_ctrl_inst|uart_tx:tx_inst|state.DATA     ; CLOCK_50                                                        ; uart_controller:uart_ctrl_inst|baud_rate_gen:brg_inst|uart_tick ; 1.000        ; -0.265     ; 0.636      ;
; 0.136  ; uart_controller:uart_ctrl_inst|uart_tx:tx_inst|state.DATA     ; uart_controller:uart_ctrl_inst|uart_tx:tx_inst|state.STOP     ; uart_controller:uart_ctrl_inst|baud_rate_gen:brg_inst|uart_tick ; uart_controller:uart_ctrl_inst|baud_rate_gen:brg_inst|uart_tick ; 1.000        ; 0.000      ; 0.896      ;
; 0.136  ; uart_controller:uart_ctrl_inst|uart_tx:tx_inst|timeout_cnt[7] ; uart_controller:uart_ctrl_inst|uart_tx:tx_inst|state.DATA     ; uart_controller:uart_ctrl_inst|baud_rate_gen:brg_inst|uart_tick ; uart_controller:uart_ctrl_inst|baud_rate_gen:brg_inst|uart_tick ; 1.000        ; -0.002     ; 0.894      ;
; 0.139  ; uart_controller:uart_ctrl_inst|uart_tx:tx_inst|timeout_cnt[0] ; uart_controller:uart_ctrl_inst|uart_tx:tx_inst|timeout_cnt[6] ; uart_controller:uart_ctrl_inst|baud_rate_gen:brg_inst|uart_tick ; uart_controller:uart_ctrl_inst|baud_rate_gen:brg_inst|uart_tick ; 1.000        ; 0.000      ; 0.893      ;
; 0.139  ; uart_controller:uart_ctrl_inst|uart_tx:tx_inst|state.IDLE     ; uart_controller:uart_ctrl_inst|uart_tx:tx_inst|tx_reg[2]      ; uart_controller:uart_ctrl_inst|baud_rate_gen:brg_inst|uart_tick ; uart_controller:uart_ctrl_inst|baud_rate_gen:brg_inst|uart_tick ; 1.000        ; 0.001      ; 0.894      ;
; 0.139  ; uart_controller:uart_ctrl_inst|uart_tx:tx_inst|timeout_cnt[1] ; uart_controller:uart_ctrl_inst|uart_tx:tx_inst|timeout_cnt[7] ; uart_controller:uart_ctrl_inst|baud_rate_gen:brg_inst|uart_tick ; uart_controller:uart_ctrl_inst|baud_rate_gen:brg_inst|uart_tick ; 1.000        ; 0.000      ; 0.893      ;
; 0.142  ; uart_controller:uart_ctrl_inst|uart_tx:tx_inst|state.IDLE     ; uart_controller:uart_ctrl_inst|uart_tx:tx_inst|tx_reg[3]      ; uart_controller:uart_ctrl_inst|baud_rate_gen:brg_inst|uart_tick ; uart_controller:uart_ctrl_inst|baud_rate_gen:brg_inst|uart_tick ; 1.000        ; 0.001      ; 0.891      ;
; 0.147  ; uart_controller:uart_ctrl_inst|uart_tx:tx_inst|state.STOP     ; uart_controller:uart_ctrl_inst|uart_tx:tx_inst|tx_reg[4]      ; uart_controller:uart_ctrl_inst|baud_rate_gen:brg_inst|uart_tick ; uart_controller:uart_ctrl_inst|baud_rate_gen:brg_inst|uart_tick ; 1.000        ; 0.002      ; 0.887      ;
; 0.149  ; uart_controller:uart_ctrl_inst|uart_tx:tx_inst|timeout_cnt[6] ; uart_controller:uart_ctrl_inst|uart_tx:tx_inst|state.DATA     ; uart_controller:uart_ctrl_inst|baud_rate_gen:brg_inst|uart_tick ; uart_controller:uart_ctrl_inst|baud_rate_gen:brg_inst|uart_tick ; 1.000        ; -0.002     ; 0.881      ;
; 0.174  ; uart_controller:uart_ctrl_inst|uart_tx:tx_inst|timeout_cnt[0] ; uart_controller:uart_ctrl_inst|uart_tx:tx_inst|timeout_cnt[5] ; uart_controller:uart_ctrl_inst|baud_rate_gen:brg_inst|uart_tick ; uart_controller:uart_ctrl_inst|baud_rate_gen:brg_inst|uart_tick ; 1.000        ; 0.000      ; 0.858      ;
; 0.174  ; uart_controller:uart_ctrl_inst|uart_tx:tx_inst|timeout_cnt[1] ; uart_controller:uart_ctrl_inst|uart_tx:tx_inst|timeout_cnt[6] ; uart_controller:uart_ctrl_inst|baud_rate_gen:brg_inst|uart_tick ; uart_controller:uart_ctrl_inst|baud_rate_gen:brg_inst|uart_tick ; 1.000        ; 0.000      ; 0.858      ;
; 0.191  ; uart_controller:uart_ctrl_inst|uart_tx:tx_inst|timeout_cnt[2] ; uart_controller:uart_ctrl_inst|uart_tx:tx_inst|timeout_cnt[7] ; uart_controller:uart_ctrl_inst|baud_rate_gen:brg_inst|uart_tick ; uart_controller:uart_ctrl_inst|baud_rate_gen:brg_inst|uart_tick ; 1.000        ; 0.000      ; 0.841      ;
; 0.209  ; uart_controller:uart_ctrl_inst|uart_tx:tx_inst|timeout_cnt[0] ; uart_controller:uart_ctrl_inst|uart_tx:tx_inst|timeout_cnt[4] ; uart_controller:uart_ctrl_inst|baud_rate_gen:brg_inst|uart_tick ; uart_controller:uart_ctrl_inst|baud_rate_gen:brg_inst|uart_tick ; 1.000        ; 0.000      ; 0.823      ;
; 0.209  ; uart_controller:uart_ctrl_inst|uart_tx:tx_inst|timeout_cnt[1] ; uart_controller:uart_ctrl_inst|uart_tx:tx_inst|timeout_cnt[5] ; uart_controller:uart_ctrl_inst|baud_rate_gen:brg_inst|uart_tick ; uart_controller:uart_ctrl_inst|baud_rate_gen:brg_inst|uart_tick ; 1.000        ; 0.000      ; 0.823      ;
; 0.226  ; uart_controller:uart_ctrl_inst|uart_tx:tx_inst|timeout_cnt[2] ; uart_controller:uart_ctrl_inst|uart_tx:tx_inst|timeout_cnt[6] ; uart_controller:uart_ctrl_inst|baud_rate_gen:brg_inst|uart_tick ; uart_controller:uart_ctrl_inst|baud_rate_gen:brg_inst|uart_tick ; 1.000        ; 0.000      ; 0.806      ;
; 0.237  ; uart_controller:uart_ctrl_inst|uart_tx:tx_inst|bit_cnt[1]     ; uart_controller:uart_ctrl_inst|uart_tx:tx_inst|state.STOP     ; uart_controller:uart_ctrl_inst|baud_rate_gen:brg_inst|uart_tick ; uart_controller:uart_ctrl_inst|baud_rate_gen:brg_inst|uart_tick ; 1.000        ; 0.000      ; 0.795      ;
; 0.244  ; uart_controller:uart_ctrl_inst|uart_tx:tx_inst|timeout_cnt[0] ; uart_controller:uart_ctrl_inst|uart_tx:tx_inst|timeout_cnt[3] ; uart_controller:uart_ctrl_inst|baud_rate_gen:brg_inst|uart_tick ; uart_controller:uart_ctrl_inst|baud_rate_gen:brg_inst|uart_tick ; 1.000        ; 0.000      ; 0.788      ;
; 0.244  ; uart_controller:uart_ctrl_inst|uart_tx:tx_inst|timeout_cnt[1] ; uart_controller:uart_ctrl_inst|uart_tx:tx_inst|timeout_cnt[4] ; uart_controller:uart_ctrl_inst|baud_rate_gen:brg_inst|uart_tick ; uart_controller:uart_ctrl_inst|baud_rate_gen:brg_inst|uart_tick ; 1.000        ; 0.000      ; 0.788      ;
; 0.258  ; uart_controller:uart_ctrl_inst|uart_tx:tx_inst|timeout_cnt[3] ; uart_controller:uart_ctrl_inst|uart_tx:tx_inst|timeout_cnt[7] ; uart_controller:uart_ctrl_inst|baud_rate_gen:brg_inst|uart_tick ; uart_controller:uart_ctrl_inst|baud_rate_gen:brg_inst|uart_tick ; 1.000        ; 0.000      ; 0.774      ;
; 0.261  ; uart_controller:uart_ctrl_inst|uart_tx:tx_inst|timeout_cnt[2] ; uart_controller:uart_ctrl_inst|uart_tx:tx_inst|timeout_cnt[5] ; uart_controller:uart_ctrl_inst|baud_rate_gen:brg_inst|uart_tick ; uart_controller:uart_ctrl_inst|baud_rate_gen:brg_inst|uart_tick ; 1.000        ; 0.000      ; 0.771      ;
; 0.270  ; uart_controller:uart_ctrl_inst|uart_tx:tx_inst|timeout_cnt[5] ; uart_controller:uart_ctrl_inst|uart_tx:tx_inst|timeout_cnt[7] ; uart_controller:uart_ctrl_inst|baud_rate_gen:brg_inst|uart_tick ; uart_controller:uart_ctrl_inst|baud_rate_gen:brg_inst|uart_tick ; 1.000        ; 0.000      ; 0.762      ;
; 0.279  ; uart_controller:uart_ctrl_inst|uart_tx:tx_inst|timeout_cnt[1] ; uart_controller:uart_ctrl_inst|uart_tx:tx_inst|timeout_cnt[3] ; uart_controller:uart_ctrl_inst|baud_rate_gen:brg_inst|uart_tick ; uart_controller:uart_ctrl_inst|baud_rate_gen:brg_inst|uart_tick ; 1.000        ; 0.000      ; 0.753      ;
; 0.280  ; uart_controller:uart_ctrl_inst|uart_tx:tx_inst|state.IDLE     ; uart_controller:uart_ctrl_inst|uart_tx:tx_inst|tx             ; uart_controller:uart_ctrl_inst|baud_rate_gen:brg_inst|uart_tick ; uart_controller:uart_ctrl_inst|baud_rate_gen:brg_inst|uart_tick ; 1.000        ; 0.001      ; 0.753      ;
; 0.280  ; uart_controller:uart_ctrl_inst|uart_tx:tx_inst|bit_cnt[2]     ; uart_controller:uart_ctrl_inst|uart_tx:tx_inst|bit_cnt[2]     ; uart_controller:uart_ctrl_inst|baud_rate_gen:brg_inst|uart_tick ; uart_controller:uart_ctrl_inst|baud_rate_gen:brg_inst|uart_tick ; 1.000        ; 0.000      ; 0.752      ;
; 0.290  ; uart_rx_packet_new:packet_inst|LEDR[15]                       ; uart_controller:uart_ctrl_inst|uart_tx:tx_inst|state.START    ; CLOCK_50                                                        ; uart_controller:uart_ctrl_inst|baud_rate_gen:brg_inst|uart_tick ; 1.000        ; -0.265     ; 0.477      ;
; 0.290  ; uart_controller:uart_ctrl_inst|uart_tx:tx_inst|bit_cnt[2]     ; uart_controller:uart_ctrl_inst|uart_tx:tx_inst|state.STOP     ; uart_controller:uart_ctrl_inst|baud_rate_gen:brg_inst|uart_tick ; uart_controller:uart_ctrl_inst|baud_rate_gen:brg_inst|uart_tick ; 1.000        ; 0.000      ; 0.742      ;
; 0.291  ; uart_rx_packet_new:packet_inst|tx_data[0]                     ; uart_controller:uart_ctrl_inst|uart_tx:tx_inst|tx_reg[4]      ; CLOCK_50                                                        ; uart_controller:uart_ctrl_inst|baud_rate_gen:brg_inst|uart_tick ; 1.000        ; -0.266     ; 0.475      ;
; 0.291  ; uart_rx_packet_new:packet_inst|tx_data[0]                     ; uart_controller:uart_ctrl_inst|uart_tx:tx_inst|tx_reg[0]      ; CLOCK_50                                                        ; uart_controller:uart_ctrl_inst|baud_rate_gen:brg_inst|uart_tick ; 1.000        ; -0.268     ; 0.473      ;
; 0.293  ; uart_controller:uart_ctrl_inst|uart_tx:tx_inst|timeout_cnt[3] ; uart_controller:uart_ctrl_inst|uart_tx:tx_inst|timeout_cnt[6] ; uart_controller:uart_ctrl_inst|baud_rate_gen:brg_inst|uart_tick ; uart_controller:uart_ctrl_inst|baud_rate_gen:brg_inst|uart_tick ; 1.000        ; 0.000      ; 0.739      ;
; 0.296  ; uart_controller:uart_ctrl_inst|uart_tx:tx_inst|timeout_cnt[2] ; uart_controller:uart_ctrl_inst|uart_tx:tx_inst|timeout_cnt[4] ; uart_controller:uart_ctrl_inst|baud_rate_gen:brg_inst|uart_tick ; uart_controller:uart_ctrl_inst|baud_rate_gen:brg_inst|uart_tick ; 1.000        ; 0.000      ; 0.736      ;
; 0.305  ; uart_controller:uart_ctrl_inst|uart_tx:tx_inst|timeout_cnt[5] ; uart_controller:uart_ctrl_inst|uart_tx:tx_inst|timeout_cnt[6] ; uart_controller:uart_ctrl_inst|baud_rate_gen:brg_inst|uart_tick ; uart_controller:uart_ctrl_inst|baud_rate_gen:brg_inst|uart_tick ; 1.000        ; 0.000      ; 0.727      ;
; 0.307  ; uart_controller:uart_ctrl_inst|uart_tx:tx_inst|timeout_cnt[4] ; uart_controller:uart_ctrl_inst|uart_tx:tx_inst|timeout_cnt[7] ; uart_controller:uart_ctrl_inst|baud_rate_gen:brg_inst|uart_tick ; uart_controller:uart_ctrl_inst|baud_rate_gen:brg_inst|uart_tick ; 1.000        ; 0.000      ; 0.725      ;
; 0.308  ; uart_rx_packet_new:packet_inst|tx_data[1]                     ; uart_controller:uart_ctrl_inst|uart_tx:tx_inst|tx_reg[1]      ; CLOCK_50                                                        ; uart_controller:uart_ctrl_inst|baud_rate_gen:brg_inst|uart_tick ; 1.000        ; -0.265     ; 0.459      ;
; 0.318  ; uart_controller:uart_ctrl_inst|uart_tx:tx_inst|state.START    ; uart_controller:uart_ctrl_inst|uart_tx:tx_inst|bit_cnt[1]     ; uart_controller:uart_ctrl_inst|baud_rate_gen:brg_inst|uart_tick ; uart_controller:uart_ctrl_inst|baud_rate_gen:brg_inst|uart_tick ; 1.000        ; 0.000      ; 0.714      ;
; 0.320  ; uart_controller:uart_ctrl_inst|uart_tx:tx_inst|state.STOP     ; uart_controller:uart_ctrl_inst|uart_tx:tx_inst|tx_reg[2]      ; uart_controller:uart_ctrl_inst|baud_rate_gen:brg_inst|uart_tick ; uart_controller:uart_ctrl_inst|baud_rate_gen:brg_inst|uart_tick ; 1.000        ; 0.000      ; 0.712      ;
; 0.323  ; uart_controller:uart_ctrl_inst|uart_tx:tx_inst|state.STOP     ; uart_controller:uart_ctrl_inst|uart_tx:tx_inst|tx_reg[3]      ; uart_controller:uart_ctrl_inst|baud_rate_gen:brg_inst|uart_tick ; uart_controller:uart_ctrl_inst|baud_rate_gen:brg_inst|uart_tick ; 1.000        ; 0.000      ; 0.709      ;
; 0.328  ; uart_controller:uart_ctrl_inst|uart_tx:tx_inst|timeout_cnt[3] ; uart_controller:uart_ctrl_inst|uart_tx:tx_inst|timeout_cnt[5] ; uart_controller:uart_ctrl_inst|baud_rate_gen:brg_inst|uart_tick ; uart_controller:uart_ctrl_inst|baud_rate_gen:brg_inst|uart_tick ; 1.000        ; 0.000      ; 0.704      ;
; 0.329  ; uart_controller:uart_ctrl_inst|uart_tx:tx_inst|bit_cnt[1]     ; uart_controller:uart_ctrl_inst|uart_tx:tx_inst|bit_cnt[2]     ; uart_controller:uart_ctrl_inst|baud_rate_gen:brg_inst|uart_tick ; uart_controller:uart_ctrl_inst|baud_rate_gen:brg_inst|uart_tick ; 1.000        ; 0.000      ; 0.703      ;
; 0.330  ; uart_controller:uart_ctrl_inst|uart_tx:tx_inst|state.START    ; uart_controller:uart_ctrl_inst|uart_tx:tx_inst|tx_reg[4]      ; uart_controller:uart_ctrl_inst|baud_rate_gen:brg_inst|uart_tick ; uart_controller:uart_ctrl_inst|baud_rate_gen:brg_inst|uart_tick ; 1.000        ; 0.002      ; 0.704      ;
; 0.331  ; uart_controller:uart_ctrl_inst|uart_tx:tx_inst|timeout_cnt[2] ; uart_controller:uart_ctrl_inst|uart_tx:tx_inst|timeout_cnt[3] ; uart_controller:uart_ctrl_inst|baud_rate_gen:brg_inst|uart_tick ; uart_controller:uart_ctrl_inst|baud_rate_gen:brg_inst|uart_tick ; 1.000        ; 0.000      ; 0.701      ;
; 0.338  ; uart_controller:uart_ctrl_inst|uart_tx:tx_inst|timeout_cnt[0] ; uart_controller:uart_ctrl_inst|uart_tx:tx_inst|timeout_cnt[2] ; uart_controller:uart_ctrl_inst|baud_rate_gen:brg_inst|uart_tick ; uart_controller:uart_ctrl_inst|baud_rate_gen:brg_inst|uart_tick ; 1.000        ; 0.000      ; 0.694      ;
; 0.342  ; uart_controller:uart_ctrl_inst|uart_tx:tx_inst|timeout_cnt[4] ; uart_controller:uart_ctrl_inst|uart_tx:tx_inst|timeout_cnt[6] ; uart_controller:uart_ctrl_inst|baud_rate_gen:brg_inst|uart_tick ; uart_controller:uart_ctrl_inst|baud_rate_gen:brg_inst|uart_tick ; 1.000        ; 0.000      ; 0.690      ;
; 0.357  ; uart_controller:uart_ctrl_inst|uart_tx:tx_inst|state.IDLE     ; uart_controller:uart_ctrl_inst|uart_tx:tx_inst|state.START    ; uart_controller:uart_ctrl_inst|baud_rate_gen:brg_inst|uart_tick ; uart_controller:uart_ctrl_inst|baud_rate_gen:brg_inst|uart_tick ; 1.000        ; 0.001      ; 0.676      ;
; 0.363  ; uart_controller:uart_ctrl_inst|uart_tx:tx_inst|timeout_cnt[3] ; uart_controller:uart_ctrl_inst|uart_tx:tx_inst|timeout_cnt[4] ; uart_controller:uart_ctrl_inst|baud_rate_gen:brg_inst|uart_tick ; uart_controller:uart_ctrl_inst|baud_rate_gen:brg_inst|uart_tick ; 1.000        ; 0.000      ; 0.669      ;
; 0.373  ; uart_controller:uart_ctrl_inst|uart_tx:tx_inst|timeout_cnt[0] ; uart_controller:uart_ctrl_inst|uart_tx:tx_inst|timeout_cnt[1] ; uart_controller:uart_ctrl_inst|baud_rate_gen:brg_inst|uart_tick ; uart_controller:uart_ctrl_inst|baud_rate_gen:brg_inst|uart_tick ; 1.000        ; 0.000      ; 0.659      ;
; 0.373  ; uart_controller:uart_ctrl_inst|uart_tx:tx_inst|timeout_cnt[1] ; uart_controller:uart_ctrl_inst|uart_tx:tx_inst|timeout_cnt[2] ; uart_controller:uart_ctrl_inst|baud_rate_gen:brg_inst|uart_tick ; uart_controller:uart_ctrl_inst|baud_rate_gen:brg_inst|uart_tick ; 1.000        ; 0.000      ; 0.659      ;
; 0.374  ; uart_controller:uart_ctrl_inst|uart_tx:tx_inst|state.STOP     ; uart_controller:uart_ctrl_inst|uart_tx:tx_inst|timeout_cnt[0] ; uart_controller:uart_ctrl_inst|baud_rate_gen:brg_inst|uart_tick ; uart_controller:uart_ctrl_inst|baud_rate_gen:brg_inst|uart_tick ; 1.000        ; 0.002      ; 0.660      ;
; 0.374  ; uart_controller:uart_ctrl_inst|uart_tx:tx_inst|state.STOP     ; uart_controller:uart_ctrl_inst|uart_tx:tx_inst|timeout_cnt[1] ; uart_controller:uart_ctrl_inst|baud_rate_gen:brg_inst|uart_tick ; uart_controller:uart_ctrl_inst|baud_rate_gen:brg_inst|uart_tick ; 1.000        ; 0.002      ; 0.660      ;
; 0.374  ; uart_controller:uart_ctrl_inst|uart_tx:tx_inst|state.STOP     ; uart_controller:uart_ctrl_inst|uart_tx:tx_inst|timeout_cnt[2] ; uart_controller:uart_ctrl_inst|baud_rate_gen:brg_inst|uart_tick ; uart_controller:uart_ctrl_inst|baud_rate_gen:brg_inst|uart_tick ; 1.000        ; 0.002      ; 0.660      ;
; 0.374  ; uart_controller:uart_ctrl_inst|uart_tx:tx_inst|state.STOP     ; uart_controller:uart_ctrl_inst|uart_tx:tx_inst|timeout_cnt[3] ; uart_controller:uart_ctrl_inst|baud_rate_gen:brg_inst|uart_tick ; uart_controller:uart_ctrl_inst|baud_rate_gen:brg_inst|uart_tick ; 1.000        ; 0.002      ; 0.660      ;
; 0.374  ; uart_controller:uart_ctrl_inst|uart_tx:tx_inst|state.STOP     ; uart_controller:uart_ctrl_inst|uart_tx:tx_inst|timeout_cnt[4] ; uart_controller:uart_ctrl_inst|baud_rate_gen:brg_inst|uart_tick ; uart_controller:uart_ctrl_inst|baud_rate_gen:brg_inst|uart_tick ; 1.000        ; 0.002      ; 0.660      ;
; 0.374  ; uart_controller:uart_ctrl_inst|uart_tx:tx_inst|state.STOP     ; uart_controller:uart_ctrl_inst|uart_tx:tx_inst|timeout_cnt[5] ; uart_controller:uart_ctrl_inst|baud_rate_gen:brg_inst|uart_tick ; uart_controller:uart_ctrl_inst|baud_rate_gen:brg_inst|uart_tick ; 1.000        ; 0.002      ; 0.660      ;
; 0.374  ; uart_controller:uart_ctrl_inst|uart_tx:tx_inst|state.STOP     ; uart_controller:uart_ctrl_inst|uart_tx:tx_inst|timeout_cnt[6] ; uart_controller:uart_ctrl_inst|baud_rate_gen:brg_inst|uart_tick ; uart_controller:uart_ctrl_inst|baud_rate_gen:brg_inst|uart_tick ; 1.000        ; 0.002      ; 0.660      ;
; 0.374  ; uart_controller:uart_ctrl_inst|uart_tx:tx_inst|state.STOP     ; uart_controller:uart_ctrl_inst|uart_tx:tx_inst|timeout_cnt[7] ; uart_controller:uart_ctrl_inst|baud_rate_gen:brg_inst|uart_tick ; uart_controller:uart_ctrl_inst|baud_rate_gen:brg_inst|uart_tick ; 1.000        ; 0.002      ; 0.660      ;
; 0.375  ; uart_controller:uart_ctrl_inst|uart_tx:tx_inst|timeout_cnt[6] ; uart_controller:uart_ctrl_inst|uart_tx:tx_inst|timeout_cnt[7] ; uart_controller:uart_ctrl_inst|baud_rate_gen:brg_inst|uart_tick ; uart_controller:uart_ctrl_inst|baud_rate_gen:brg_inst|uart_tick ; 1.000        ; 0.000      ; 0.657      ;
; 0.375  ; uart_controller:uart_ctrl_inst|uart_tx:tx_inst|state.STOP     ; uart_controller:uart_ctrl_inst|uart_tx:tx_inst|bit_cnt[1]     ; uart_controller:uart_ctrl_inst|baud_rate_gen:brg_inst|uart_tick ; uart_controller:uart_ctrl_inst|baud_rate_gen:brg_inst|uart_tick ; 1.000        ; 0.000      ; 0.657      ;
; 0.376  ; uart_controller:uart_ctrl_inst|uart_tx:tx_inst|bit_cnt[0]     ; uart_controller:uart_ctrl_inst|uart_tx:tx_inst|state.STOP     ; uart_controller:uart_ctrl_inst|baud_rate_gen:brg_inst|uart_tick ; uart_controller:uart_ctrl_inst|baud_rate_gen:brg_inst|uart_tick ; 1.000        ; 0.000      ; 0.656      ;
; 0.377  ; uart_controller:uart_ctrl_inst|uart_tx:tx_inst|timeout_cnt[4] ; uart_controller:uart_ctrl_inst|uart_tx:tx_inst|timeout_cnt[5] ; uart_controller:uart_ctrl_inst|baud_rate_gen:brg_inst|uart_tick ; uart_controller:uart_ctrl_inst|baud_rate_gen:brg_inst|uart_tick ; 1.000        ; 0.000      ; 0.655      ;
; 0.397  ; uart_controller:uart_ctrl_inst|uart_tx:tx_inst|state.DATA     ; uart_controller:uart_ctrl_inst|uart_tx:tx_inst|tx_reg[3]      ; uart_controller:uart_ctrl_inst|baud_rate_gen:brg_inst|uart_tick ; uart_controller:uart_ctrl_inst|baud_rate_gen:brg_inst|uart_tick ; 1.000        ; 0.000      ; 0.635      ;
; 0.399  ; uart_controller:uart_ctrl_inst|uart_tx:tx_inst|state.DATA     ; uart_controller:uart_ctrl_inst|uart_tx:tx_inst|tx             ; uart_controller:uart_ctrl_inst|baud_rate_gen:brg_inst|uart_tick ; uart_controller:uart_ctrl_inst|baud_rate_gen:brg_inst|uart_tick ; 1.000        ; 0.000      ; 0.633      ;
; 0.399  ; uart_controller:uart_ctrl_inst|uart_tx:tx_inst|state.DATA     ; uart_controller:uart_ctrl_inst|uart_tx:tx_inst|bit_cnt[1]     ; uart_controller:uart_ctrl_inst|baud_rate_gen:brg_inst|uart_tick ; uart_controller:uart_ctrl_inst|baud_rate_gen:brg_inst|uart_tick ; 1.000        ; 0.000      ; 0.633      ;
; 0.405  ; uart_controller:uart_ctrl_inst|uart_tx:tx_inst|state.DATA     ; uart_controller:uart_ctrl_inst|uart_tx:tx_inst|bit_cnt[0]     ; uart_controller:uart_ctrl_inst|baud_rate_gen:brg_inst|uart_tick ; uart_controller:uart_ctrl_inst|baud_rate_gen:brg_inst|uart_tick ; 1.000        ; 0.000      ; 0.627      ;
; 0.424  ; uart_controller:uart_ctrl_inst|uart_tx:tx_inst|bit_cnt[0]     ; uart_controller:uart_ctrl_inst|uart_tx:tx_inst|bit_cnt[1]     ; uart_controller:uart_ctrl_inst|baud_rate_gen:brg_inst|uart_tick ; uart_controller:uart_ctrl_inst|baud_rate_gen:brg_inst|uart_tick ; 1.000        ; 0.000      ; 0.608      ;
; 0.436  ; uart_controller:uart_ctrl_inst|uart_tx:tx_inst|tx_reg[4]      ; uart_controller:uart_ctrl_inst|uart_tx:tx_inst|tx_reg[3]      ; uart_controller:uart_ctrl_inst|baud_rate_gen:brg_inst|uart_tick ; uart_controller:uart_ctrl_inst|baud_rate_gen:brg_inst|uart_tick ; 1.000        ; -0.002     ; 0.594      ;
; 0.443  ; uart_controller:uart_ctrl_inst|uart_tx:tx_inst|timeout_cnt[5] ; uart_controller:uart_ctrl_inst|uart_tx:tx_inst|timeout_cnt[5] ; uart_controller:uart_ctrl_inst|baud_rate_gen:brg_inst|uart_tick ; uart_controller:uart_ctrl_inst|baud_rate_gen:brg_inst|uart_tick ; 1.000        ; 0.000      ; 0.589      ;
; 0.498  ; uart_controller:uart_ctrl_inst|uart_tx:tx_inst|state.DATA     ; uart_controller:uart_ctrl_inst|uart_tx:tx_inst|tx_reg[1]      ; uart_controller:uart_ctrl_inst|baud_rate_gen:brg_inst|uart_tick ; uart_controller:uart_ctrl_inst|baud_rate_gen:brg_inst|uart_tick ; 1.000        ; 0.000      ; 0.534      ;
; 0.498  ; uart_controller:uart_ctrl_inst|uart_tx:tx_inst|state.DATA     ; uart_controller:uart_ctrl_inst|uart_tx:tx_inst|tx_reg[2]      ; uart_controller:uart_ctrl_inst|baud_rate_gen:brg_inst|uart_tick ; uart_controller:uart_ctrl_inst|baud_rate_gen:brg_inst|uart_tick ; 1.000        ; 0.000      ; 0.534      ;
; 0.499  ; uart_controller:uart_ctrl_inst|uart_tx:tx_inst|state.DATA     ; uart_controller:uart_ctrl_inst|uart_tx:tx_inst|tx_reg[0]      ; uart_controller:uart_ctrl_inst|baud_rate_gen:brg_inst|uart_tick ; uart_controller:uart_ctrl_inst|baud_rate_gen:brg_inst|uart_tick ; 1.000        ; 0.000      ; 0.533      ;
; 0.500  ; uart_controller:uart_ctrl_inst|uart_tx:tx_inst|timeout_cnt[7] ; uart_controller:uart_ctrl_inst|uart_tx:tx_inst|timeout_cnt[7] ; uart_controller:uart_ctrl_inst|baud_rate_gen:brg_inst|uart_tick ; uart_controller:uart_ctrl_inst|baud_rate_gen:brg_inst|uart_tick ; 1.000        ; 0.000      ; 0.532      ;
+--------+---------------------------------------------------------------+---------------------------------------------------------------+-----------------------------------------------------------------+-----------------------------------------------------------------+--------------+------------+------------+


+--------------------------------------------------------------------------------------------------------------------------------------------------------------------------------------------------------------------------------------------------------------------------------+
; Fast Model Hold: 'CLOCK_50'                                                                                                                                                                                                                                                    ;
+-------+-----------------------------------------------------------------------+-----------------------------------------------------------------------+-----------------------------------------------------------------+-------------+--------------+------------+------------+
; Slack ; From Node                                                             ; To Node                                                               ; Launch Clock                                                    ; Latch Clock ; Relationship ; Clock Skew ; Data Delay ;
+-------+-----------------------------------------------------------------------+-----------------------------------------------------------------------+-----------------------------------------------------------------+-------------+--------------+------------+------------+
; 0.215 ; uart_controller:uart_ctrl_inst|baud_rate_gen:brg_inst|ov_counter[1]   ; uart_controller:uart_ctrl_inst|baud_rate_gen:brg_inst|ov_counter[1]   ; CLOCK_50                                                        ; CLOCK_50    ; 0.000        ; 0.000      ; 0.367      ;
; 0.215 ; uart_rx_packet_new:packet_inst|byte_cnt[3]                            ; uart_rx_packet_new:packet_inst|byte_cnt[3]                            ; CLOCK_50                                                        ; CLOCK_50    ; 0.000        ; 0.000      ; 0.367      ;
; 0.215 ; uart_rx_packet_new:packet_inst|byte_cnt[1]                            ; uart_rx_packet_new:packet_inst|byte_cnt[1]                            ; CLOCK_50                                                        ; CLOCK_50    ; 0.000        ; 0.000      ; 0.367      ;
; 0.215 ; uart_rx_packet_new:packet_inst|byte_cnt[2]                            ; uart_rx_packet_new:packet_inst|byte_cnt[2]                            ; CLOCK_50                                                        ; CLOCK_50    ; 0.000        ; 0.000      ; 0.367      ;
; 0.215 ; uart_rx_packet_new:packet_inst|byte_cnt[5]                            ; uart_rx_packet_new:packet_inst|byte_cnt[5]                            ; CLOCK_50                                                        ; CLOCK_50    ; 0.000        ; 0.000      ; 0.367      ;
; 0.215 ; uart_rx_packet_new:packet_inst|byte_cnt[6]                            ; uart_rx_packet_new:packet_inst|byte_cnt[6]                            ; CLOCK_50                                                        ; CLOCK_50    ; 0.000        ; 0.000      ; 0.367      ;
; 0.215 ; uart_rx_packet_new:packet_inst|byte_cnt[7]                            ; uart_rx_packet_new:packet_inst|byte_cnt[7]                            ; CLOCK_50                                                        ; CLOCK_50    ; 0.000        ; 0.000      ; 0.367      ;
; 0.215 ; uart_rx_packet_new:packet_inst|crc[4]                                 ; uart_rx_packet_new:packet_inst|crc[4]                                 ; CLOCK_50                                                        ; CLOCK_50    ; 0.000        ; 0.000      ; 0.367      ;
; 0.215 ; uart_rx_packet_new:packet_inst|crc[6]                                 ; uart_rx_packet_new:packet_inst|crc[6]                                 ; CLOCK_50                                                        ; CLOCK_50    ; 0.000        ; 0.000      ; 0.367      ;
; 0.215 ; uart_rx_packet_new:packet_inst|crc[0]                                 ; uart_rx_packet_new:packet_inst|crc[0]                                 ; CLOCK_50                                                        ; CLOCK_50    ; 0.000        ; 0.000      ; 0.367      ;
; 0.215 ; uart_rx_packet_new:packet_inst|crc[2]                                 ; uart_rx_packet_new:packet_inst|crc[2]                                 ; CLOCK_50                                                        ; CLOCK_50    ; 0.000        ; 0.000      ; 0.367      ;
; 0.215 ; uart_rx_packet_new:packet_inst|state.REC_CRC8                         ; uart_rx_packet_new:packet_inst|state.REC_CRC8                         ; CLOCK_50                                                        ; CLOCK_50    ; 0.000        ; 0.000      ; 0.367      ;
; 0.215 ; uart_rx_packet_new:packet_inst|byte_cnt[0]                            ; uart_rx_packet_new:packet_inst|byte_cnt[0]                            ; CLOCK_50                                                        ; CLOCK_50    ; 0.000        ; 0.000      ; 0.367      ;
; 0.215 ; uart_rx_packet_new:packet_inst|byte_cnt[4]                            ; uart_rx_packet_new:packet_inst|byte_cnt[4]                            ; CLOCK_50                                                        ; CLOCK_50    ; 0.000        ; 0.000      ; 0.367      ;
; 0.215 ; uart_rx_packet_new:packet_inst|state.DATA                             ; uart_rx_packet_new:packet_inst|state.DATA                             ; CLOCK_50                                                        ; CLOCK_50    ; 0.000        ; 0.000      ; 0.367      ;
; 0.215 ; uart_rx_packet_new:packet_inst|state.WAIT_SEND                        ; uart_rx_packet_new:packet_inst|state.WAIT_SEND                        ; CLOCK_50                                                        ; CLOCK_50    ; 0.000        ; 0.000      ; 0.367      ;
; 0.215 ; uart_rx_packet_new:packet_inst|state.NACK                             ; uart_rx_packet_new:packet_inst|state.NACK                             ; CLOCK_50                                                        ; CLOCK_50    ; 0.000        ; 0.000      ; 0.367      ;
; 0.215 ; uart_controller:uart_ctrl_inst|baud_rate_gen:brg_inst|uart_counter[0] ; uart_controller:uart_ctrl_inst|baud_rate_gen:brg_inst|uart_counter[0] ; CLOCK_50                                                        ; CLOCK_50    ; 0.000        ; 0.000      ; 0.367      ;
; 0.215 ; uart_controller:uart_ctrl_inst|baud_rate_gen:brg_inst|uart_counter[1] ; uart_controller:uart_ctrl_inst|baud_rate_gen:brg_inst|uart_counter[1] ; CLOCK_50                                                        ; CLOCK_50    ; 0.000        ; 0.000      ; 0.367      ;
; 0.215 ; uart_controller:uart_ctrl_inst|baud_rate_gen:brg_inst|uart_counter[2] ; uart_controller:uart_ctrl_inst|baud_rate_gen:brg_inst|uart_counter[2] ; CLOCK_50                                                        ; CLOCK_50    ; 0.000        ; 0.000      ; 0.367      ;
; 0.215 ; sram_packet_writer:sram_writer_inst|current_state.FINISH              ; sram_packet_writer:sram_writer_inst|current_state.FINISH              ; CLOCK_50                                                        ; CLOCK_50    ; 0.000        ; 0.000      ; 0.367      ;
; 0.215 ; sram_packet_writer:sram_writer_inst|packet_cnt[0]                     ; sram_packet_writer:sram_writer_inst|packet_cnt[0]                     ; CLOCK_50                                                        ; CLOCK_50    ; 0.000        ; 0.000      ; 0.367      ;
; 0.215 ; sram_packet_writer:sram_writer_inst|current_state.IDLE                ; sram_packet_writer:sram_writer_inst|current_state.IDLE                ; CLOCK_50                                                        ; CLOCK_50    ; 0.000        ; 0.000      ; 0.367      ;
; 0.215 ; packet_cnt[0]                                                         ; packet_cnt[0]                                                         ; CLOCK_50                                                        ; CLOCK_50    ; 0.000        ; 0.000      ; 0.367      ;
; 0.243 ; uart_rx_packet_new:packet_inst|timeout_cnt[31]                        ; uart_rx_packet_new:packet_inst|timeout_cnt[31]                        ; CLOCK_50                                                        ; CLOCK_50    ; 0.000        ; 0.000      ; 0.395      ;
; 0.243 ; packet_cnt[11]                                                        ; packet_cnt[11]                                                        ; CLOCK_50                                                        ; CLOCK_50    ; 0.000        ; 0.000      ; 0.395      ;
; 0.248 ; sram_packet_writer:sram_writer_inst|packet_cnt[9]                     ; sram_packet_writer:sram_writer_inst|packet_cnt[9]                     ; CLOCK_50                                                        ; CLOCK_50    ; 0.000        ; 0.000      ; 0.400      ;
; 0.248 ; uart_rx_packet_new:packet_inst|byte_cnt[6]                            ; uart_rx_packet_new:packet_inst|buffer_rtl_0_bypass[13]                ; CLOCK_50                                                        ; CLOCK_50    ; 0.000        ; 0.000      ; 0.400      ;
; 0.253 ; sram_packet_writer:sram_writer_inst|current_state.SRAM_WRITE          ; sram_packet_writer:sram_writer_inst|current_state.UPDATE              ; CLOCK_50                                                        ; CLOCK_50    ; 0.000        ; 0.000      ; 0.405      ;
; 0.253 ; sram_packet_writer:sram_writer_inst|current_state.SRAM_WRITE          ; sram_packet_writer:sram_writer_inst|current_state.WRITE_DATA_1        ; CLOCK_50                                                        ; CLOCK_50    ; 0.000        ; 0.000      ; 0.405      ;
; 0.306 ; uart_controller:uart_ctrl_inst|baud_rate_gen:brg_inst|ov_counter[1]   ; uart_controller:uart_ctrl_inst|baud_rate_gen:brg_inst|ov_counter[5]   ; CLOCK_50                                                        ; CLOCK_50    ; 0.000        ; 0.000      ; 0.458      ;
; 0.310 ; uart_controller:uart_ctrl_inst|baud_rate_gen:brg_inst|ov_counter[1]   ; uart_controller:uart_ctrl_inst|baud_rate_gen:brg_inst|ov_tick         ; CLOCK_50                                                        ; CLOCK_50    ; 0.000        ; 0.000      ; 0.462      ;
; 0.321 ; sram_packet_writer:sram_writer_inst|current_state.WRITE_DATA_2        ; sram_packet_writer:sram_writer_inst|current_state.SRAM_WRITE          ; CLOCK_50                                                        ; CLOCK_50    ; 0.000        ; 0.000      ; 0.473      ;
; 0.322 ; uart_controller:uart_ctrl_inst|baud_rate_gen:brg_inst|uart_counter[2] ; uart_controller:uart_ctrl_inst|baud_rate_gen:brg_inst|uart_tick       ; CLOCK_50                                                        ; CLOCK_50    ; 0.000        ; 0.000      ; 0.474      ;
; 0.322 ; sram_packet_writer:sram_writer_inst|word_index[0]                     ; sram_packet_writer:sram_writer_inst|addr_latch[0]                     ; CLOCK_50                                                        ; CLOCK_50    ; 0.000        ; -0.001     ; 0.473      ;
; 0.323 ; uart_controller:uart_ctrl_inst|uart_rx:rx_inst|data_out[4]            ; uart_rx_packet_new:packet_inst|crc[4]                                 ; uart_controller:uart_ctrl_inst|baud_rate_gen:brg_inst|ov_tick   ; CLOCK_50    ; 0.000        ; 0.271      ; 0.746      ;
; 0.324 ; sram_packet_writer:sram_writer_inst|word_index[6]                     ; sram_packet_writer:sram_writer_inst|addr_latch[6]                     ; CLOCK_50                                                        ; CLOCK_50    ; 0.000        ; -0.001     ; 0.475      ;
; 0.330 ; uart_rx_packet_new:packet_inst|LEDR[16]                               ; packet_cnt[0]                                                         ; CLOCK_50                                                        ; CLOCK_50    ; 0.000        ; 0.000      ; 0.482      ;
; 0.333 ; uart_rx_packet_new:packet_inst|LEDR[16]                               ; packet_valid_d                                                        ; CLOCK_50                                                        ; CLOCK_50    ; 0.000        ; 0.000      ; 0.485      ;
; 0.333 ; uart_controller:uart_ctrl_inst|uart_tx:tx_inst|state.IDLE             ; uart_rx_packet_new:packet_inst|state.NACK                             ; uart_controller:uart_ctrl_inst|baud_rate_gen:brg_inst|uart_tick ; CLOCK_50    ; 0.000        ; 0.266      ; 0.751      ;
; 0.334 ; uart_controller:uart_ctrl_inst|uart_tx:tx_inst|state.IDLE             ; uart_rx_packet_new:packet_inst|state.CLEAR_IDLE                       ; uart_controller:uart_ctrl_inst|baud_rate_gen:brg_inst|uart_tick ; CLOCK_50    ; 0.000        ; 0.266      ; 0.752      ;
; 0.344 ; uart_controller:uart_ctrl_inst|uart_rx:rx_inst|data_out[3]            ; uart_rx_packet_new:packet_inst|crc[5]                                 ; uart_controller:uart_ctrl_inst|baud_rate_gen:brg_inst|ov_tick   ; CLOCK_50    ; 0.000        ; 0.271      ; 0.767      ;
; 0.355 ; uart_rx_packet_new:packet_inst|timeout_cnt[16]                        ; uart_rx_packet_new:packet_inst|timeout_cnt[16]                        ; CLOCK_50                                                        ; CLOCK_50    ; 0.000        ; 0.000      ; 0.507      ;
; 0.356 ; packet_cnt[3]                                                         ; packet_cnt[3]                                                         ; CLOCK_50                                                        ; CLOCK_50    ; 0.000        ; 0.000      ; 0.508      ;
; 0.358 ; uart_rx_packet_new:packet_inst|crc[3]                                 ; uart_rx_packet_new:packet_inst|crc[5]                                 ; CLOCK_50                                                        ; CLOCK_50    ; 0.000        ; 0.000      ; 0.510      ;
; 0.358 ; packet_cnt[5]                                                         ; packet_cnt[5]                                                         ; CLOCK_50                                                        ; CLOCK_50    ; 0.000        ; 0.000      ; 0.510      ;
; 0.358 ; packet_cnt[7]                                                         ; packet_cnt[7]                                                         ; CLOCK_50                                                        ; CLOCK_50    ; 0.000        ; 0.000      ; 0.510      ;
; 0.359 ; uart_rx_packet_new:packet_inst|timeout_cnt[1]                         ; uart_rx_packet_new:packet_inst|timeout_cnt[1]                         ; CLOCK_50                                                        ; CLOCK_50    ; 0.000        ; 0.000      ; 0.511      ;
; 0.359 ; uart_rx_packet_new:packet_inst|timeout_cnt[17]                        ; uart_rx_packet_new:packet_inst|timeout_cnt[17]                        ; CLOCK_50                                                        ; CLOCK_50    ; 0.000        ; 0.000      ; 0.511      ;
; 0.359 ; sram_packet_writer:sram_writer_inst|word_index[6]                     ; sram_packet_writer:sram_writer_inst|word_index[6]                     ; CLOCK_50                                                        ; CLOCK_50    ; 0.000        ; 0.000      ; 0.511      ;
; 0.360 ; uart_rx_packet_new:packet_inst|timeout_cnt[2]                         ; uart_rx_packet_new:packet_inst|timeout_cnt[2]                         ; CLOCK_50                                                        ; CLOCK_50    ; 0.000        ; 0.000      ; 0.512      ;
; 0.360 ; uart_rx_packet_new:packet_inst|timeout_cnt[9]                         ; uart_rx_packet_new:packet_inst|timeout_cnt[9]                         ; CLOCK_50                                                        ; CLOCK_50    ; 0.000        ; 0.000      ; 0.512      ;
; 0.360 ; uart_rx_packet_new:packet_inst|timeout_cnt[11]                        ; uart_rx_packet_new:packet_inst|timeout_cnt[11]                        ; CLOCK_50                                                        ; CLOCK_50    ; 0.000        ; 0.000      ; 0.512      ;
; 0.360 ; uart_rx_packet_new:packet_inst|timeout_cnt[18]                        ; uart_rx_packet_new:packet_inst|timeout_cnt[18]                        ; CLOCK_50                                                        ; CLOCK_50    ; 0.000        ; 0.000      ; 0.512      ;
; 0.360 ; uart_rx_packet_new:packet_inst|timeout_cnt[25]                        ; uart_rx_packet_new:packet_inst|timeout_cnt[25]                        ; CLOCK_50                                                        ; CLOCK_50    ; 0.000        ; 0.000      ; 0.512      ;
; 0.360 ; uart_rx_packet_new:packet_inst|timeout_cnt[27]                        ; uart_rx_packet_new:packet_inst|timeout_cnt[27]                        ; CLOCK_50                                                        ; CLOCK_50    ; 0.000        ; 0.000      ; 0.512      ;
; 0.361 ; uart_rx_packet_new:packet_inst|timeout_cnt[4]                         ; uart_rx_packet_new:packet_inst|timeout_cnt[4]                         ; CLOCK_50                                                        ; CLOCK_50    ; 0.000        ; 0.000      ; 0.513      ;
; 0.361 ; uart_rx_packet_new:packet_inst|timeout_cnt[7]                         ; uart_rx_packet_new:packet_inst|timeout_cnt[7]                         ; CLOCK_50                                                        ; CLOCK_50    ; 0.000        ; 0.000      ; 0.513      ;
; 0.361 ; uart_rx_packet_new:packet_inst|timeout_cnt[13]                        ; uart_rx_packet_new:packet_inst|timeout_cnt[13]                        ; CLOCK_50                                                        ; CLOCK_50    ; 0.000        ; 0.000      ; 0.513      ;
; 0.361 ; uart_rx_packet_new:packet_inst|timeout_cnt[14]                        ; uart_rx_packet_new:packet_inst|timeout_cnt[14]                        ; CLOCK_50                                                        ; CLOCK_50    ; 0.000        ; 0.000      ; 0.513      ;
; 0.361 ; uart_rx_packet_new:packet_inst|timeout_cnt[15]                        ; uart_rx_packet_new:packet_inst|timeout_cnt[15]                        ; CLOCK_50                                                        ; CLOCK_50    ; 0.000        ; 0.000      ; 0.513      ;
; 0.361 ; uart_rx_packet_new:packet_inst|timeout_cnt[20]                        ; uart_rx_packet_new:packet_inst|timeout_cnt[20]                        ; CLOCK_50                                                        ; CLOCK_50    ; 0.000        ; 0.000      ; 0.513      ;
; 0.361 ; uart_rx_packet_new:packet_inst|timeout_cnt[23]                        ; uart_rx_packet_new:packet_inst|timeout_cnt[23]                        ; CLOCK_50                                                        ; CLOCK_50    ; 0.000        ; 0.000      ; 0.513      ;
; 0.361 ; uart_rx_packet_new:packet_inst|timeout_cnt[29]                        ; uart_rx_packet_new:packet_inst|timeout_cnt[29]                        ; CLOCK_50                                                        ; CLOCK_50    ; 0.000        ; 0.000      ; 0.513      ;
; 0.361 ; uart_rx_packet_new:packet_inst|timeout_cnt[30]                        ; uart_rx_packet_new:packet_inst|timeout_cnt[30]                        ; CLOCK_50                                                        ; CLOCK_50    ; 0.000        ; 0.000      ; 0.513      ;
; 0.361 ; packet_cnt[9]                                                         ; packet_cnt[9]                                                         ; CLOCK_50                                                        ; CLOCK_50    ; 0.000        ; 0.000      ; 0.513      ;
; 0.361 ; packet_cnt[10]                                                        ; packet_cnt[10]                                                        ; CLOCK_50                                                        ; CLOCK_50    ; 0.000        ; 0.000      ; 0.513      ;
; 0.362 ; uart_controller:uart_ctrl_inst|baud_rate_gen:brg_inst|ov_counter[3]   ; uart_controller:uart_ctrl_inst|baud_rate_gen:brg_inst|ov_counter[3]   ; CLOCK_50                                                        ; CLOCK_50    ; 0.000        ; 0.000      ; 0.514      ;
; 0.362 ; uart_controller:uart_ctrl_inst|baud_rate_gen:brg_inst|uart_counter[0] ; uart_controller:uart_ctrl_inst|baud_rate_gen:brg_inst|uart_counter[1] ; CLOCK_50                                                        ; CLOCK_50    ; 0.000        ; 0.000      ; 0.514      ;
; 0.363 ; uart_rx_packet_new:packet_inst|state.DATA                             ; uart_rx_packet_new:packet_inst|crc[0]                                 ; CLOCK_50                                                        ; CLOCK_50    ; 0.000        ; 0.000      ; 0.515      ;
; 0.365 ; packet_valid_d                                                        ; packet_cnt[0]                                                         ; CLOCK_50                                                        ; CLOCK_50    ; 0.000        ; 0.000      ; 0.517      ;
; 0.365 ; uart_controller:uart_ctrl_inst|uart_rx:rx_inst|rx_valid               ; uart_rx_packet_new:packet_inst|state.REC_CRC8                         ; uart_controller:uart_ctrl_inst|baud_rate_gen:brg_inst|ov_tick   ; CLOCK_50    ; 0.000        ; 0.253      ; 0.770      ;
; 0.366 ; sram_packet_writer:sram_writer_inst|packet_cnt[1]                     ; sram_packet_writer:sram_writer_inst|packet_cnt[1]                     ; CLOCK_50                                                        ; CLOCK_50    ; 0.000        ; 0.000      ; 0.518      ;
; 0.366 ; sram_packet_writer:sram_writer_inst|packet_cnt[3]                     ; sram_packet_writer:sram_writer_inst|packet_cnt[3]                     ; CLOCK_50                                                        ; CLOCK_50    ; 0.000        ; 0.000      ; 0.518      ;
; 0.366 ; sram_packet_writer:sram_writer_inst|packet_cnt[5]                     ; sram_packet_writer:sram_writer_inst|packet_cnt[5]                     ; CLOCK_50                                                        ; CLOCK_50    ; 0.000        ; 0.000      ; 0.518      ;
; 0.366 ; uart_controller:uart_ctrl_inst|baud_rate_gen:brg_inst|uart_counter[0] ; uart_controller:uart_ctrl_inst|baud_rate_gen:brg_inst|uart_tick       ; CLOCK_50                                                        ; CLOCK_50    ; 0.000        ; 0.000      ; 0.518      ;
; 0.367 ; sram_packet_writer:sram_writer_inst|packet_cnt[7]                     ; sram_packet_writer:sram_writer_inst|packet_cnt[7]                     ; CLOCK_50                                                        ; CLOCK_50    ; 0.000        ; 0.000      ; 0.519      ;
; 0.367 ; sram_packet_writer:sram_writer_inst|packet_cnt[8]                     ; sram_packet_writer:sram_writer_inst|packet_cnt[8]                     ; CLOCK_50                                                        ; CLOCK_50    ; 0.000        ; 0.000      ; 0.519      ;
; 0.367 ; sram_packet_writer:sram_writer_inst|word_index[1]                     ; sram_packet_writer:sram_writer_inst|word_index[1]                     ; CLOCK_50                                                        ; CLOCK_50    ; 0.000        ; 0.000      ; 0.519      ;
; 0.368 ; sram_packet_writer:sram_writer_inst|word_index[4]                     ; sram_packet_writer:sram_writer_inst|word_index[4]                     ; CLOCK_50                                                        ; CLOCK_50    ; 0.000        ; 0.000      ; 0.520      ;
; 0.368 ; uart_controller:uart_ctrl_inst|baud_rate_gen:brg_inst|uart_counter[0] ; uart_controller:uart_ctrl_inst|baud_rate_gen:brg_inst|uart_counter[2] ; CLOCK_50                                                        ; CLOCK_50    ; 0.000        ; 0.000      ; 0.520      ;
; 0.368 ; sram_packet_writer:sram_writer_inst|current_state.UPDATE              ; sram_packet_writer:sram_writer_inst|current_state.FINISH              ; CLOCK_50                                                        ; CLOCK_50    ; 0.000        ; 0.000      ; 0.520      ;
; 0.368 ; sram_packet_writer:sram_writer_inst|current_state.UPDATE              ; sram_packet_writer:sram_writer_inst|current_state.IDLE                ; CLOCK_50                                                        ; CLOCK_50    ; 0.000        ; 0.000      ; 0.520      ;
; 0.369 ; packet_cnt[1]                                                         ; packet_cnt[1]                                                         ; CLOCK_50                                                        ; CLOCK_50    ; 0.000        ; 0.000      ; 0.521      ;
; 0.369 ; packet_cnt[2]                                                         ; packet_cnt[2]                                                         ; CLOCK_50                                                        ; CLOCK_50    ; 0.000        ; 0.000      ; 0.521      ;
; 0.371 ; uart_controller:uart_ctrl_inst|baud_rate_gen:brg_inst|ov_counter[0]   ; uart_controller:uart_ctrl_inst|baud_rate_gen:brg_inst|ov_counter[0]   ; CLOCK_50                                                        ; CLOCK_50    ; 0.000        ; 0.000      ; 0.523      ;
; 0.371 ; uart_rx_packet_new:packet_inst|timeout_cnt[3]                         ; uart_rx_packet_new:packet_inst|timeout_cnt[3]                         ; CLOCK_50                                                        ; CLOCK_50    ; 0.000        ; 0.000      ; 0.523      ;
; 0.371 ; uart_rx_packet_new:packet_inst|timeout_cnt[8]                         ; uart_rx_packet_new:packet_inst|timeout_cnt[8]                         ; CLOCK_50                                                        ; CLOCK_50    ; 0.000        ; 0.000      ; 0.523      ;
; 0.371 ; uart_rx_packet_new:packet_inst|timeout_cnt[10]                        ; uart_rx_packet_new:packet_inst|timeout_cnt[10]                        ; CLOCK_50                                                        ; CLOCK_50    ; 0.000        ; 0.000      ; 0.523      ;
; 0.371 ; uart_rx_packet_new:packet_inst|timeout_cnt[19]                        ; uart_rx_packet_new:packet_inst|timeout_cnt[19]                        ; CLOCK_50                                                        ; CLOCK_50    ; 0.000        ; 0.000      ; 0.523      ;
; 0.371 ; uart_rx_packet_new:packet_inst|timeout_cnt[24]                        ; uart_rx_packet_new:packet_inst|timeout_cnt[24]                        ; CLOCK_50                                                        ; CLOCK_50    ; 0.000        ; 0.000      ; 0.523      ;
; 0.371 ; uart_rx_packet_new:packet_inst|timeout_cnt[26]                        ; uart_rx_packet_new:packet_inst|timeout_cnt[26]                        ; CLOCK_50                                                        ; CLOCK_50    ; 0.000        ; 0.000      ; 0.523      ;
; 0.371 ; packet_cnt[4]                                                         ; packet_cnt[4]                                                         ; CLOCK_50                                                        ; CLOCK_50    ; 0.000        ; 0.000      ; 0.523      ;
; 0.371 ; packet_cnt[6]                                                         ; packet_cnt[6]                                                         ; CLOCK_50                                                        ; CLOCK_50    ; 0.000        ; 0.000      ; 0.523      ;
; 0.372 ; uart_rx_packet_new:packet_inst|timeout_cnt[5]                         ; uart_rx_packet_new:packet_inst|timeout_cnt[5]                         ; CLOCK_50                                                        ; CLOCK_50    ; 0.000        ; 0.000      ; 0.524      ;
; 0.372 ; uart_rx_packet_new:packet_inst|timeout_cnt[6]                         ; uart_rx_packet_new:packet_inst|timeout_cnt[6]                         ; CLOCK_50                                                        ; CLOCK_50    ; 0.000        ; 0.000      ; 0.524      ;
; 0.372 ; uart_rx_packet_new:packet_inst|timeout_cnt[12]                        ; uart_rx_packet_new:packet_inst|timeout_cnt[12]                        ; CLOCK_50                                                        ; CLOCK_50    ; 0.000        ; 0.000      ; 0.524      ;
; 0.372 ; uart_rx_packet_new:packet_inst|timeout_cnt[21]                        ; uart_rx_packet_new:packet_inst|timeout_cnt[21]                        ; CLOCK_50                                                        ; CLOCK_50    ; 0.000        ; 0.000      ; 0.524      ;
; 0.372 ; uart_rx_packet_new:packet_inst|timeout_cnt[22]                        ; uart_rx_packet_new:packet_inst|timeout_cnt[22]                        ; CLOCK_50                                                        ; CLOCK_50    ; 0.000        ; 0.000      ; 0.524      ;
; 0.372 ; uart_rx_packet_new:packet_inst|timeout_cnt[28]                        ; uart_rx_packet_new:packet_inst|timeout_cnt[28]                        ; CLOCK_50                                                        ; CLOCK_50    ; 0.000        ; 0.000      ; 0.524      ;
+-------+-----------------------------------------------------------------------+-----------------------------------------------------------------------+-----------------------------------------------------------------+-------------+--------------+------------+------------+


+----------------------------------------------------------------------------------------------------------------------------------------------------------------------------------------------------------------------------------------------------------------------------------------------------------------------------+
; Fast Model Hold: 'uart_controller:uart_ctrl_inst|baud_rate_gen:brg_inst|ov_tick'                                                                                                                                                                                                                                           ;
+-------+---------------------------------------------------------------------+---------------------------------------------------------------------+---------------------------------------------------------------+---------------------------------------------------------------+--------------+------------+------------+
; Slack ; From Node                                                           ; To Node                                                             ; Launch Clock                                                  ; Latch Clock                                                   ; Relationship ; Clock Skew ; Data Delay ;
+-------+---------------------------------------------------------------------+---------------------------------------------------------------------+---------------------------------------------------------------+---------------------------------------------------------------+--------------+------------+------------+
; 0.215 ; uart_controller:uart_ctrl_inst|uart_rx:rx_inst|bit_cnt[0]           ; uart_controller:uart_ctrl_inst|uart_rx:rx_inst|bit_cnt[0]           ; uart_controller:uart_ctrl_inst|baud_rate_gen:brg_inst|ov_tick ; uart_controller:uart_ctrl_inst|baud_rate_gen:brg_inst|ov_tick ; 0.000        ; 0.000      ; 0.367      ;
; 0.215 ; uart_controller:uart_ctrl_inst|uart_rx:rx_inst|bit_cnt[1]           ; uart_controller:uart_ctrl_inst|uart_rx:rx_inst|bit_cnt[1]           ; uart_controller:uart_ctrl_inst|baud_rate_gen:brg_inst|ov_tick ; uart_controller:uart_ctrl_inst|baud_rate_gen:brg_inst|ov_tick ; 0.000        ; 0.000      ; 0.367      ;
; 0.215 ; uart_controller:uart_ctrl_inst|uart_rx:rx_inst|samples[1]           ; uart_controller:uart_ctrl_inst|uart_rx:rx_inst|samples[1]           ; uart_controller:uart_ctrl_inst|baud_rate_gen:brg_inst|ov_tick ; uart_controller:uart_ctrl_inst|baud_rate_gen:brg_inst|ov_tick ; 0.000        ; 0.000      ; 0.367      ;
; 0.215 ; uart_controller:uart_ctrl_inst|uart_rx:rx_inst|samples[0]           ; uart_controller:uart_ctrl_inst|uart_rx:rx_inst|samples[0]           ; uart_controller:uart_ctrl_inst|baud_rate_gen:brg_inst|ov_tick ; uart_controller:uart_ctrl_inst|baud_rate_gen:brg_inst|ov_tick ; 0.000        ; 0.000      ; 0.367      ;
; 0.215 ; uart_controller:uart_ctrl_inst|uart_rx:rx_inst|samples[2]           ; uart_controller:uart_ctrl_inst|uart_rx:rx_inst|samples[2]           ; uart_controller:uart_ctrl_inst|baud_rate_gen:brg_inst|ov_tick ; uart_controller:uart_ctrl_inst|baud_rate_gen:brg_inst|ov_tick ; 0.000        ; 0.000      ; 0.367      ;
; 0.251 ; uart_controller:uart_ctrl_inst|uart_rx:rx_inst|valid_timeout_cnt[7] ; uart_controller:uart_ctrl_inst|uart_rx:rx_inst|valid_timeout_cnt[7] ; uart_controller:uart_ctrl_inst|baud_rate_gen:brg_inst|ov_tick ; uart_controller:uart_ctrl_inst|baud_rate_gen:brg_inst|ov_tick ; 0.000        ; 0.000      ; 0.403      ;
; 0.322 ; uart_controller:uart_ctrl_inst|uart_rx:rx_inst|rx_reg[5]            ; uart_controller:uart_ctrl_inst|uart_rx:rx_inst|rx_reg[4]            ; uart_controller:uart_ctrl_inst|baud_rate_gen:brg_inst|ov_tick ; uart_controller:uart_ctrl_inst|baud_rate_gen:brg_inst|ov_tick ; 0.000        ; 0.000      ; 0.474      ;
; 0.327 ; uart_controller:uart_ctrl_inst|uart_rx:rx_inst|rx_reg[6]            ; uart_controller:uart_ctrl_inst|uart_rx:rx_inst|rx_reg[5]            ; uart_controller:uart_ctrl_inst|baud_rate_gen:brg_inst|ov_tick ; uart_controller:uart_ctrl_inst|baud_rate_gen:brg_inst|ov_tick ; 0.000        ; 0.000      ; 0.479      ;
; 0.332 ; uart_controller:uart_ctrl_inst|uart_rx:rx_inst|rx_reg[7]            ; uart_controller:uart_ctrl_inst|uart_rx:rx_inst|rx_reg[6]            ; uart_controller:uart_ctrl_inst|baud_rate_gen:brg_inst|ov_tick ; uart_controller:uart_ctrl_inst|baud_rate_gen:brg_inst|ov_tick ; 0.000        ; 0.000      ; 0.484      ;
; 0.359 ; uart_controller:uart_ctrl_inst|uart_rx:rx_inst|valid_timeout_cnt[0] ; uart_controller:uart_ctrl_inst|uart_rx:rx_inst|valid_timeout_cnt[0] ; uart_controller:uart_ctrl_inst|baud_rate_gen:brg_inst|ov_tick ; uart_controller:uart_ctrl_inst|baud_rate_gen:brg_inst|ov_tick ; 0.000        ; 0.000      ; 0.511      ;
; 0.364 ; uart_controller:uart_ctrl_inst|uart_rx:rx_inst|valid_timeout_cnt[2] ; uart_controller:uart_ctrl_inst|uart_rx:rx_inst|valid_timeout_cnt[2] ; uart_controller:uart_ctrl_inst|baud_rate_gen:brg_inst|ov_tick ; uart_controller:uart_ctrl_inst|baud_rate_gen:brg_inst|ov_tick ; 0.000        ; 0.000      ; 0.516      ;
; 0.365 ; uart_controller:uart_ctrl_inst|uart_rx:rx_inst|valid_timeout_cnt[4] ; uart_controller:uart_ctrl_inst|uart_rx:rx_inst|valid_timeout_cnt[4] ; uart_controller:uart_ctrl_inst|baud_rate_gen:brg_inst|ov_tick ; uart_controller:uart_ctrl_inst|baud_rate_gen:brg_inst|ov_tick ; 0.000        ; 0.000      ; 0.517      ;
; 0.368 ; uart_controller:uart_ctrl_inst|uart_rx:rx_inst|valid_timeout_cnt[6] ; uart_controller:uart_ctrl_inst|uart_rx:rx_inst|valid_timeout_cnt[6] ; uart_controller:uart_ctrl_inst|baud_rate_gen:brg_inst|ov_tick ; uart_controller:uart_ctrl_inst|baud_rate_gen:brg_inst|ov_tick ; 0.000        ; 0.000      ; 0.520      ;
; 0.371 ; uart_controller:uart_ctrl_inst|uart_rx:rx_inst|state.IDLE           ; uart_controller:uart_ctrl_inst|uart_rx:rx_inst|state.START          ; uart_controller:uart_ctrl_inst|baud_rate_gen:brg_inst|ov_tick ; uart_controller:uart_ctrl_inst|baud_rate_gen:brg_inst|ov_tick ; 0.000        ; -0.002     ; 0.521      ;
; 0.371 ; uart_controller:uart_ctrl_inst|uart_rx:rx_inst|valid_timeout_cnt[6] ; uart_controller:uart_ctrl_inst|uart_rx:rx_inst|rx_valid             ; uart_controller:uart_ctrl_inst|baud_rate_gen:brg_inst|ov_tick ; uart_controller:uart_ctrl_inst|baud_rate_gen:brg_inst|ov_tick ; 0.000        ; 0.000      ; 0.523      ;
; 0.373 ; uart_controller:uart_ctrl_inst|uart_rx:rx_inst|valid_timeout_cnt[1] ; uart_controller:uart_ctrl_inst|uart_rx:rx_inst|valid_timeout_cnt[1] ; uart_controller:uart_ctrl_inst|baud_rate_gen:brg_inst|ov_tick ; uart_controller:uart_ctrl_inst|baud_rate_gen:brg_inst|ov_tick ; 0.000        ; 0.000      ; 0.525      ;
; 0.376 ; uart_controller:uart_ctrl_inst|uart_rx:rx_inst|valid_timeout_cnt[3] ; uart_controller:uart_ctrl_inst|uart_rx:rx_inst|valid_timeout_cnt[3] ; uart_controller:uart_ctrl_inst|baud_rate_gen:brg_inst|ov_tick ; uart_controller:uart_ctrl_inst|baud_rate_gen:brg_inst|ov_tick ; 0.000        ; 0.000      ; 0.528      ;
; 0.376 ; uart_controller:uart_ctrl_inst|uart_rx:rx_inst|valid_timeout_cnt[5] ; uart_controller:uart_ctrl_inst|uart_rx:rx_inst|valid_timeout_cnt[5] ; uart_controller:uart_ctrl_inst|baud_rate_gen:brg_inst|ov_tick ; uart_controller:uart_ctrl_inst|baud_rate_gen:brg_inst|ov_tick ; 0.000        ; 0.000      ; 0.528      ;
; 0.404 ; uart_controller:uart_ctrl_inst|uart_rx:rx_inst|rx_reg[6]            ; uart_controller:uart_ctrl_inst|uart_rx:rx_inst|data_out[6]          ; uart_controller:uart_ctrl_inst|baud_rate_gen:brg_inst|ov_tick ; uart_controller:uart_ctrl_inst|baud_rate_gen:brg_inst|ov_tick ; 0.000        ; 0.000      ; 0.556      ;
; 0.410 ; uart_controller:uart_ctrl_inst|uart_rx:rx_inst|rx_reg[0]            ; uart_controller:uart_ctrl_inst|uart_rx:rx_inst|data_out[0]          ; uart_controller:uart_ctrl_inst|baud_rate_gen:brg_inst|ov_tick ; uart_controller:uart_ctrl_inst|baud_rate_gen:brg_inst|ov_tick ; 0.000        ; 0.000      ; 0.562      ;
; 0.411 ; uart_controller:uart_ctrl_inst|uart_rx:rx_inst|rx_reg[4]            ; uart_controller:uart_ctrl_inst|uart_rx:rx_inst|rx_reg[3]            ; uart_controller:uart_ctrl_inst|baud_rate_gen:brg_inst|ov_tick ; uart_controller:uart_ctrl_inst|baud_rate_gen:brg_inst|ov_tick ; 0.000        ; 0.000      ; 0.563      ;
; 0.414 ; uart_controller:uart_ctrl_inst|uart_rx:rx_inst|rx_reg[3]            ; uart_controller:uart_ctrl_inst|uart_rx:rx_inst|rx_reg[2]            ; uart_controller:uart_ctrl_inst|baud_rate_gen:brg_inst|ov_tick ; uart_controller:uart_ctrl_inst|baud_rate_gen:brg_inst|ov_tick ; 0.000        ; 0.000      ; 0.566      ;
; 0.416 ; uart_controller:uart_ctrl_inst|uart_rx:rx_inst|rx_reg[4]            ; uart_controller:uart_ctrl_inst|uart_rx:rx_inst|data_out[4]          ; uart_controller:uart_ctrl_inst|baud_rate_gen:brg_inst|ov_tick ; uart_controller:uart_ctrl_inst|baud_rate_gen:brg_inst|ov_tick ; 0.000        ; 0.000      ; 0.568      ;
; 0.419 ; uart_controller:uart_ctrl_inst|uart_rx:rx_inst|rx_reg[2]            ; uart_controller:uart_ctrl_inst|uart_rx:rx_inst|rx_reg[1]            ; uart_controller:uart_ctrl_inst|baud_rate_gen:brg_inst|ov_tick ; uart_controller:uart_ctrl_inst|baud_rate_gen:brg_inst|ov_tick ; 0.000        ; 0.000      ; 0.571      ;
; 0.424 ; uart_controller:uart_ctrl_inst|uart_rx:rx_inst|rx_reg[5]            ; uart_controller:uart_ctrl_inst|uart_rx:rx_inst|data_out[5]          ; uart_controller:uart_ctrl_inst|baud_rate_gen:brg_inst|ov_tick ; uart_controller:uart_ctrl_inst|baud_rate_gen:brg_inst|ov_tick ; 0.000        ; 0.000      ; 0.576      ;
; 0.462 ; uart_controller:uart_ctrl_inst|uart_rx:rx_inst|tick_cnt[1]          ; uart_controller:uart_ctrl_inst|uart_rx:rx_inst|tick_cnt[2]          ; uart_controller:uart_ctrl_inst|baud_rate_gen:brg_inst|ov_tick ; uart_controller:uart_ctrl_inst|baud_rate_gen:brg_inst|ov_tick ; 0.000        ; 0.000      ; 0.614      ;
; 0.466 ; uart_controller:uart_ctrl_inst|uart_rx:rx_inst|state.DATA           ; uart_controller:uart_ctrl_inst|uart_rx:rx_inst|bit_cnt[2]           ; uart_controller:uart_ctrl_inst|baud_rate_gen:brg_inst|ov_tick ; uart_controller:uart_ctrl_inst|baud_rate_gen:brg_inst|ov_tick ; 0.000        ; 0.000      ; 0.618      ;
; 0.469 ; uart_controller:uart_ctrl_inst|uart_rx:rx_inst|valid_timeout_cnt[4] ; uart_controller:uart_ctrl_inst|uart_rx:rx_inst|rx_valid             ; uart_controller:uart_ctrl_inst|baud_rate_gen:brg_inst|ov_tick ; uart_controller:uart_ctrl_inst|baud_rate_gen:brg_inst|ov_tick ; 0.000        ; 0.000      ; 0.621      ;
; 0.498 ; uart_controller:uart_ctrl_inst|uart_rx:rx_inst|state.IDLE           ; uart_controller:uart_ctrl_inst|uart_rx:rx_inst|tick_cnt[2]          ; uart_controller:uart_ctrl_inst|baud_rate_gen:brg_inst|ov_tick ; uart_controller:uart_ctrl_inst|baud_rate_gen:brg_inst|ov_tick ; 0.000        ; 0.000      ; 0.650      ;
; 0.501 ; uart_controller:uart_ctrl_inst|uart_rx:rx_inst|state.START          ; uart_controller:uart_ctrl_inst|uart_rx:rx_inst|state.DATA           ; uart_controller:uart_ctrl_inst|baud_rate_gen:brg_inst|ov_tick ; uart_controller:uart_ctrl_inst|baud_rate_gen:brg_inst|ov_tick ; 0.000        ; 0.002      ; 0.655      ;
; 0.502 ; uart_controller:uart_ctrl_inst|uart_rx:rx_inst|valid_timeout_cnt[2] ; uart_controller:uart_ctrl_inst|uart_rx:rx_inst|valid_timeout_cnt[3] ; uart_controller:uart_ctrl_inst|baud_rate_gen:brg_inst|ov_tick ; uart_controller:uart_ctrl_inst|baud_rate_gen:brg_inst|ov_tick ; 0.000        ; 0.000      ; 0.654      ;
; 0.503 ; uart_controller:uart_ctrl_inst|uart_rx:rx_inst|valid_timeout_cnt[4] ; uart_controller:uart_ctrl_inst|uart_rx:rx_inst|valid_timeout_cnt[5] ; uart_controller:uart_ctrl_inst|baud_rate_gen:brg_inst|ov_tick ; uart_controller:uart_ctrl_inst|baud_rate_gen:brg_inst|ov_tick ; 0.000        ; 0.000      ; 0.655      ;
; 0.504 ; uart_controller:uart_ctrl_inst|uart_rx:rx_inst|state.START          ; uart_controller:uart_ctrl_inst|uart_rx:rx_inst|bit_cnt[0]           ; uart_controller:uart_ctrl_inst|baud_rate_gen:brg_inst|ov_tick ; uart_controller:uart_ctrl_inst|baud_rate_gen:brg_inst|ov_tick ; 0.000        ; 0.002      ; 0.658      ;
; 0.506 ; uart_controller:uart_ctrl_inst|uart_rx:rx_inst|valid_timeout_cnt[6] ; uart_controller:uart_ctrl_inst|uart_rx:rx_inst|valid_timeout_cnt[7] ; uart_controller:uart_ctrl_inst|baud_rate_gen:brg_inst|ov_tick ; uart_controller:uart_ctrl_inst|baud_rate_gen:brg_inst|ov_tick ; 0.000        ; 0.000      ; 0.658      ;
; 0.513 ; uart_controller:uart_ctrl_inst|uart_rx:rx_inst|valid_timeout_cnt[1] ; uart_controller:uart_ctrl_inst|uart_rx:rx_inst|valid_timeout_cnt[2] ; uart_controller:uart_ctrl_inst|baud_rate_gen:brg_inst|ov_tick ; uart_controller:uart_ctrl_inst|baud_rate_gen:brg_inst|ov_tick ; 0.000        ; 0.000      ; 0.665      ;
; 0.516 ; uart_controller:uart_ctrl_inst|uart_rx:rx_inst|valid_timeout_cnt[3] ; uart_controller:uart_ctrl_inst|uart_rx:rx_inst|valid_timeout_cnt[4] ; uart_controller:uart_ctrl_inst|baud_rate_gen:brg_inst|ov_tick ; uart_controller:uart_ctrl_inst|baud_rate_gen:brg_inst|ov_tick ; 0.000        ; 0.000      ; 0.668      ;
; 0.516 ; uart_controller:uart_ctrl_inst|uart_rx:rx_inst|valid_timeout_cnt[5] ; uart_controller:uart_ctrl_inst|uart_rx:rx_inst|valid_timeout_cnt[6] ; uart_controller:uart_ctrl_inst|baud_rate_gen:brg_inst|ov_tick ; uart_controller:uart_ctrl_inst|baud_rate_gen:brg_inst|ov_tick ; 0.000        ; 0.000      ; 0.668      ;
; 0.519 ; uart_controller:uart_ctrl_inst|uart_rx:rx_inst|valid_timeout_cnt[3] ; uart_controller:uart_ctrl_inst|uart_rx:rx_inst|rx_valid             ; uart_controller:uart_ctrl_inst|baud_rate_gen:brg_inst|ov_tick ; uart_controller:uart_ctrl_inst|baud_rate_gen:brg_inst|ov_tick ; 0.000        ; 0.000      ; 0.671      ;
; 0.532 ; uart_controller:uart_ctrl_inst|uart_rx:rx_inst|state.DATA           ; uart_controller:uart_ctrl_inst|uart_rx:rx_inst|state.STOP           ; uart_controller:uart_ctrl_inst|baud_rate_gen:brg_inst|ov_tick ; uart_controller:uart_ctrl_inst|baud_rate_gen:brg_inst|ov_tick ; 0.000        ; -0.002     ; 0.682      ;
; 0.537 ; uart_controller:uart_ctrl_inst|uart_rx:rx_inst|valid_timeout_cnt[2] ; uart_controller:uart_ctrl_inst|uart_rx:rx_inst|valid_timeout_cnt[4] ; uart_controller:uart_ctrl_inst|baud_rate_gen:brg_inst|ov_tick ; uart_controller:uart_ctrl_inst|baud_rate_gen:brg_inst|ov_tick ; 0.000        ; 0.000      ; 0.689      ;
; 0.538 ; uart_controller:uart_ctrl_inst|uart_rx:rx_inst|valid_timeout_cnt[4] ; uart_controller:uart_ctrl_inst|uart_rx:rx_inst|valid_timeout_cnt[6] ; uart_controller:uart_ctrl_inst|baud_rate_gen:brg_inst|ov_tick ; uart_controller:uart_ctrl_inst|baud_rate_gen:brg_inst|ov_tick ; 0.000        ; 0.000      ; 0.690      ;
; 0.548 ; uart_controller:uart_ctrl_inst|uart_rx:rx_inst|valid_timeout_cnt[1] ; uart_controller:uart_ctrl_inst|uart_rx:rx_inst|valid_timeout_cnt[3] ; uart_controller:uart_ctrl_inst|baud_rate_gen:brg_inst|ov_tick ; uart_controller:uart_ctrl_inst|baud_rate_gen:brg_inst|ov_tick ; 0.000        ; 0.000      ; 0.700      ;
; 0.550 ; uart_controller:uart_ctrl_inst|uart_rx:rx_inst|state.STOP           ; uart_controller:uart_ctrl_inst|uart_rx:rx_inst|tick_cnt[2]          ; uart_controller:uart_ctrl_inst|baud_rate_gen:brg_inst|ov_tick ; uart_controller:uart_ctrl_inst|baud_rate_gen:brg_inst|ov_tick ; 0.000        ; 0.002      ; 0.704      ;
; 0.551 ; uart_controller:uart_ctrl_inst|uart_rx:rx_inst|valid_timeout_cnt[3] ; uart_controller:uart_ctrl_inst|uart_rx:rx_inst|valid_timeout_cnt[5] ; uart_controller:uart_ctrl_inst|baud_rate_gen:brg_inst|ov_tick ; uart_controller:uart_ctrl_inst|baud_rate_gen:brg_inst|ov_tick ; 0.000        ; 0.000      ; 0.703      ;
; 0.551 ; uart_controller:uart_ctrl_inst|uart_rx:rx_inst|valid_timeout_cnt[5] ; uart_controller:uart_ctrl_inst|uart_rx:rx_inst|valid_timeout_cnt[7] ; uart_controller:uart_ctrl_inst|baud_rate_gen:brg_inst|ov_tick ; uart_controller:uart_ctrl_inst|baud_rate_gen:brg_inst|ov_tick ; 0.000        ; 0.000      ; 0.703      ;
; 0.552 ; uart_controller:uart_ctrl_inst|uart_rx:rx_inst|valid_timeout_cnt[0] ; uart_controller:uart_ctrl_inst|uart_rx:rx_inst|valid_timeout_cnt[1] ; uart_controller:uart_ctrl_inst|baud_rate_gen:brg_inst|ov_tick ; uart_controller:uart_ctrl_inst|baud_rate_gen:brg_inst|ov_tick ; 0.000        ; 0.000      ; 0.704      ;
; 0.555 ; uart_controller:uart_ctrl_inst|uart_rx:rx_inst|valid_timeout_cnt[7] ; uart_controller:uart_ctrl_inst|uart_rx:rx_inst|rx_valid             ; uart_controller:uart_ctrl_inst|baud_rate_gen:brg_inst|ov_tick ; uart_controller:uart_ctrl_inst|baud_rate_gen:brg_inst|ov_tick ; 0.000        ; 0.000      ; 0.707      ;
; 0.567 ; uart_controller:uart_ctrl_inst|uart_rx:rx_inst|tick_cnt[2]          ; uart_controller:uart_ctrl_inst|uart_rx:rx_inst|samples[0]           ; uart_controller:uart_ctrl_inst|baud_rate_gen:brg_inst|ov_tick ; uart_controller:uart_ctrl_inst|baud_rate_gen:brg_inst|ov_tick ; 0.000        ; 0.001      ; 0.720      ;
; 0.572 ; uart_controller:uart_ctrl_inst|uart_rx:rx_inst|valid_timeout_cnt[2] ; uart_controller:uart_ctrl_inst|uart_rx:rx_inst|valid_timeout_cnt[5] ; uart_controller:uart_ctrl_inst|baud_rate_gen:brg_inst|ov_tick ; uart_controller:uart_ctrl_inst|baud_rate_gen:brg_inst|ov_tick ; 0.000        ; 0.000      ; 0.724      ;
; 0.573 ; uart_controller:uart_ctrl_inst|uart_rx:rx_inst|valid_timeout_cnt[4] ; uart_controller:uart_ctrl_inst|uart_rx:rx_inst|valid_timeout_cnt[7] ; uart_controller:uart_ctrl_inst|baud_rate_gen:brg_inst|ov_tick ; uart_controller:uart_ctrl_inst|baud_rate_gen:brg_inst|ov_tick ; 0.000        ; 0.000      ; 0.725      ;
; 0.583 ; uart_controller:uart_ctrl_inst|uart_rx:rx_inst|valid_timeout_cnt[1] ; uart_controller:uart_ctrl_inst|uart_rx:rx_inst|valid_timeout_cnt[4] ; uart_controller:uart_ctrl_inst|baud_rate_gen:brg_inst|ov_tick ; uart_controller:uart_ctrl_inst|baud_rate_gen:brg_inst|ov_tick ; 0.000        ; 0.000      ; 0.735      ;
; 0.586 ; uart_controller:uart_ctrl_inst|uart_rx:rx_inst|valid_timeout_cnt[3] ; uart_controller:uart_ctrl_inst|uart_rx:rx_inst|valid_timeout_cnt[6] ; uart_controller:uart_ctrl_inst|baud_rate_gen:brg_inst|ov_tick ; uart_controller:uart_ctrl_inst|baud_rate_gen:brg_inst|ov_tick ; 0.000        ; 0.000      ; 0.738      ;
; 0.587 ; uart_controller:uart_ctrl_inst|uart_rx:rx_inst|valid_timeout_cnt[2] ; uart_controller:uart_ctrl_inst|uart_rx:rx_inst|rx_valid             ; uart_controller:uart_ctrl_inst|baud_rate_gen:brg_inst|ov_tick ; uart_controller:uart_ctrl_inst|baud_rate_gen:brg_inst|ov_tick ; 0.000        ; 0.000      ; 0.739      ;
; 0.587 ; uart_controller:uart_ctrl_inst|uart_rx:rx_inst|valid_timeout_cnt[0] ; uart_controller:uart_ctrl_inst|uart_rx:rx_inst|valid_timeout_cnt[2] ; uart_controller:uart_ctrl_inst|baud_rate_gen:brg_inst|ov_tick ; uart_controller:uart_ctrl_inst|baud_rate_gen:brg_inst|ov_tick ; 0.000        ; 0.000      ; 0.739      ;
; 0.596 ; uart_controller:uart_ctrl_inst|uart_rx:rx_inst|state.DATA           ; uart_controller:uart_ctrl_inst|uart_rx:rx_inst|samples[0]           ; uart_controller:uart_ctrl_inst|baud_rate_gen:brg_inst|ov_tick ; uart_controller:uart_ctrl_inst|baud_rate_gen:brg_inst|ov_tick ; 0.000        ; 0.001      ; 0.749      ;
; 0.597 ; uart_controller:uart_ctrl_inst|uart_rx:rx_inst|valid_timeout_cnt[5] ; uart_controller:uart_ctrl_inst|uart_rx:rx_inst|rx_valid             ; uart_controller:uart_ctrl_inst|baud_rate_gen:brg_inst|ov_tick ; uart_controller:uart_ctrl_inst|baud_rate_gen:brg_inst|ov_tick ; 0.000        ; 0.000      ; 0.749      ;
; 0.607 ; uart_controller:uart_ctrl_inst|uart_rx:rx_inst|valid_timeout_cnt[2] ; uart_controller:uart_ctrl_inst|uart_rx:rx_inst|valid_timeout_cnt[6] ; uart_controller:uart_ctrl_inst|baud_rate_gen:brg_inst|ov_tick ; uart_controller:uart_ctrl_inst|baud_rate_gen:brg_inst|ov_tick ; 0.000        ; 0.000      ; 0.759      ;
; 0.612 ; uart_controller:uart_ctrl_inst|uart_rx:rx_inst|valid_timeout_cnt[6] ; uart_controller:uart_ctrl_inst|uart_rx:rx_inst|valid_timeout_cnt[0] ; uart_controller:uart_ctrl_inst|baud_rate_gen:brg_inst|ov_tick ; uart_controller:uart_ctrl_inst|baud_rate_gen:brg_inst|ov_tick ; 0.000        ; 0.000      ; 0.764      ;
; 0.612 ; uart_controller:uart_ctrl_inst|uart_rx:rx_inst|valid_timeout_cnt[6] ; uart_controller:uart_ctrl_inst|uart_rx:rx_inst|valid_timeout_cnt[1] ; uart_controller:uart_ctrl_inst|baud_rate_gen:brg_inst|ov_tick ; uart_controller:uart_ctrl_inst|baud_rate_gen:brg_inst|ov_tick ; 0.000        ; 0.000      ; 0.764      ;
; 0.612 ; uart_controller:uart_ctrl_inst|uart_rx:rx_inst|valid_timeout_cnt[6] ; uart_controller:uart_ctrl_inst|uart_rx:rx_inst|valid_timeout_cnt[2] ; uart_controller:uart_ctrl_inst|baud_rate_gen:brg_inst|ov_tick ; uart_controller:uart_ctrl_inst|baud_rate_gen:brg_inst|ov_tick ; 0.000        ; 0.000      ; 0.764      ;
; 0.612 ; uart_controller:uart_ctrl_inst|uart_rx:rx_inst|valid_timeout_cnt[6] ; uart_controller:uart_ctrl_inst|uart_rx:rx_inst|valid_timeout_cnt[3] ; uart_controller:uart_ctrl_inst|baud_rate_gen:brg_inst|ov_tick ; uart_controller:uart_ctrl_inst|baud_rate_gen:brg_inst|ov_tick ; 0.000        ; 0.000      ; 0.764      ;
; 0.612 ; uart_controller:uart_ctrl_inst|uart_rx:rx_inst|valid_timeout_cnt[6] ; uart_controller:uart_ctrl_inst|uart_rx:rx_inst|valid_timeout_cnt[5] ; uart_controller:uart_ctrl_inst|baud_rate_gen:brg_inst|ov_tick ; uart_controller:uart_ctrl_inst|baud_rate_gen:brg_inst|ov_tick ; 0.000        ; 0.000      ; 0.764      ;
; 0.612 ; uart_controller:uart_ctrl_inst|uart_rx:rx_inst|valid_timeout_cnt[6] ; uart_controller:uart_ctrl_inst|uart_rx:rx_inst|valid_timeout_cnt[4] ; uart_controller:uart_ctrl_inst|baud_rate_gen:brg_inst|ov_tick ; uart_controller:uart_ctrl_inst|baud_rate_gen:brg_inst|ov_tick ; 0.000        ; 0.000      ; 0.764      ;
; 0.618 ; uart_controller:uart_ctrl_inst|uart_rx:rx_inst|valid_timeout_cnt[1] ; uart_controller:uart_ctrl_inst|uart_rx:rx_inst|valid_timeout_cnt[5] ; uart_controller:uart_ctrl_inst|baud_rate_gen:brg_inst|ov_tick ; uart_controller:uart_ctrl_inst|baud_rate_gen:brg_inst|ov_tick ; 0.000        ; 0.000      ; 0.770      ;
; 0.621 ; uart_controller:uart_ctrl_inst|uart_rx:rx_inst|valid_timeout_cnt[3] ; uart_controller:uart_ctrl_inst|uart_rx:rx_inst|valid_timeout_cnt[7] ; uart_controller:uart_ctrl_inst|baud_rate_gen:brg_inst|ov_tick ; uart_controller:uart_ctrl_inst|baud_rate_gen:brg_inst|ov_tick ; 0.000        ; 0.000      ; 0.773      ;
; 0.622 ; uart_controller:uart_ctrl_inst|uart_rx:rx_inst|valid_timeout_cnt[0] ; uart_controller:uart_ctrl_inst|uart_rx:rx_inst|valid_timeout_cnt[3] ; uart_controller:uart_ctrl_inst|baud_rate_gen:brg_inst|ov_tick ; uart_controller:uart_ctrl_inst|baud_rate_gen:brg_inst|ov_tick ; 0.000        ; 0.000      ; 0.774      ;
; 0.626 ; uart_controller:uart_ctrl_inst|uart_rx:rx_inst|state.STOP           ; uart_controller:uart_ctrl_inst|uart_rx:rx_inst|bit_cnt[0]           ; uart_controller:uart_ctrl_inst|baud_rate_gen:brg_inst|ov_tick ; uart_controller:uart_ctrl_inst|baud_rate_gen:brg_inst|ov_tick ; 0.000        ; 0.002      ; 0.780      ;
; 0.628 ; uart_controller:uart_ctrl_inst|uart_rx:rx_inst|tick_cnt[0]          ; uart_controller:uart_ctrl_inst|uart_rx:rx_inst|tick_cnt[2]          ; uart_controller:uart_ctrl_inst|baud_rate_gen:brg_inst|ov_tick ; uart_controller:uart_ctrl_inst|baud_rate_gen:brg_inst|ov_tick ; 0.000        ; 0.000      ; 0.780      ;
; 0.642 ; uart_controller:uart_ctrl_inst|uart_rx:rx_inst|valid_timeout_cnt[2] ; uart_controller:uart_ctrl_inst|uart_rx:rx_inst|valid_timeout_cnt[7] ; uart_controller:uart_ctrl_inst|baud_rate_gen:brg_inst|ov_tick ; uart_controller:uart_ctrl_inst|baud_rate_gen:brg_inst|ov_tick ; 0.000        ; 0.000      ; 0.794      ;
; 0.643 ; uart_controller:uart_ctrl_inst|uart_rx:rx_inst|bit_cnt[2]           ; uart_controller:uart_ctrl_inst|uart_rx:rx_inst|bit_cnt[2]           ; uart_controller:uart_ctrl_inst|baud_rate_gen:brg_inst|ov_tick ; uart_controller:uart_ctrl_inst|baud_rate_gen:brg_inst|ov_tick ; 0.000        ; 0.000      ; 0.795      ;
; 0.644 ; uart_controller:uart_ctrl_inst|uart_rx:rx_inst|tick_cnt[0]          ; uart_controller:uart_ctrl_inst|uart_rx:rx_inst|bit_cnt[0]           ; uart_controller:uart_ctrl_inst|baud_rate_gen:brg_inst|ov_tick ; uart_controller:uart_ctrl_inst|baud_rate_gen:brg_inst|ov_tick ; 0.000        ; 0.000      ; 0.796      ;
; 0.645 ; uart_controller:uart_ctrl_inst|uart_rx:rx_inst|tick_cnt[0]          ; uart_controller:uart_ctrl_inst|uart_rx:rx_inst|samples[2]           ; uart_controller:uart_ctrl_inst|baud_rate_gen:brg_inst|ov_tick ; uart_controller:uart_ctrl_inst|baud_rate_gen:brg_inst|ov_tick ; 0.000        ; 0.001      ; 0.798      ;
; 0.648 ; uart_controller:uart_ctrl_inst|uart_rx:rx_inst|rx_reg[1]            ; uart_controller:uart_ctrl_inst|uart_rx:rx_inst|rx_reg[0]            ; uart_controller:uart_ctrl_inst|baud_rate_gen:brg_inst|ov_tick ; uart_controller:uart_ctrl_inst|baud_rate_gen:brg_inst|ov_tick ; 0.000        ; 0.000      ; 0.800      ;
; 0.649 ; uart_controller:uart_ctrl_inst|uart_rx:rx_inst|tick_cnt[0]          ; uart_controller:uart_ctrl_inst|uart_rx:rx_inst|samples[1]           ; uart_controller:uart_ctrl_inst|baud_rate_gen:brg_inst|ov_tick ; uart_controller:uart_ctrl_inst|baud_rate_gen:brg_inst|ov_tick ; 0.000        ; 0.001      ; 0.802      ;
; 0.653 ; uart_controller:uart_ctrl_inst|uart_rx:rx_inst|state.DATA           ; uart_controller:uart_ctrl_inst|uart_rx:rx_inst|tick_cnt[2]          ; uart_controller:uart_ctrl_inst|baud_rate_gen:brg_inst|ov_tick ; uart_controller:uart_ctrl_inst|baud_rate_gen:brg_inst|ov_tick ; 0.000        ; 0.000      ; 0.805      ;
; 0.653 ; uart_controller:uart_ctrl_inst|uart_rx:rx_inst|valid_timeout_cnt[1] ; uart_controller:uart_ctrl_inst|uart_rx:rx_inst|valid_timeout_cnt[6] ; uart_controller:uart_ctrl_inst|baud_rate_gen:brg_inst|ov_tick ; uart_controller:uart_ctrl_inst|baud_rate_gen:brg_inst|ov_tick ; 0.000        ; 0.000      ; 0.805      ;
; 0.657 ; uart_controller:uart_ctrl_inst|uart_rx:rx_inst|valid_timeout_cnt[0] ; uart_controller:uart_ctrl_inst|uart_rx:rx_inst|valid_timeout_cnt[4] ; uart_controller:uart_ctrl_inst|baud_rate_gen:brg_inst|ov_tick ; uart_controller:uart_ctrl_inst|baud_rate_gen:brg_inst|ov_tick ; 0.000        ; 0.000      ; 0.809      ;
; 0.665 ; uart_controller:uart_ctrl_inst|uart_rx:rx_inst|bit_cnt[0]           ; uart_controller:uart_ctrl_inst|uart_rx:rx_inst|bit_cnt[1]           ; uart_controller:uart_ctrl_inst|baud_rate_gen:brg_inst|ov_tick ; uart_controller:uart_ctrl_inst|baud_rate_gen:brg_inst|ov_tick ; 0.000        ; 0.000      ; 0.817      ;
; 0.669 ; uart_controller:uart_ctrl_inst|uart_rx:rx_inst|rx_reg[1]            ; uart_controller:uart_ctrl_inst|uart_rx:rx_inst|data_out[1]          ; uart_controller:uart_ctrl_inst|baud_rate_gen:brg_inst|ov_tick ; uart_controller:uart_ctrl_inst|baud_rate_gen:brg_inst|ov_tick ; 0.000        ; 0.000      ; 0.821      ;
; 0.673 ; uart_controller:uart_ctrl_inst|uart_rx:rx_inst|tick_cnt[0]          ; uart_controller:uart_ctrl_inst|uart_rx:rx_inst|tick_cnt[1]          ; uart_controller:uart_ctrl_inst|baud_rate_gen:brg_inst|ov_tick ; uart_controller:uart_ctrl_inst|baud_rate_gen:brg_inst|ov_tick ; 0.000        ; 0.000      ; 0.825      ;
; 0.674 ; uart_controller:uart_ctrl_inst|uart_rx:rx_inst|tick_cnt[0]          ; uart_controller:uart_ctrl_inst|uart_rx:rx_inst|rx_valid             ; uart_controller:uart_ctrl_inst|baud_rate_gen:brg_inst|ov_tick ; uart_controller:uart_ctrl_inst|baud_rate_gen:brg_inst|ov_tick ; 0.000        ; 0.023      ; 0.849      ;
; 0.683 ; uart_controller:uart_ctrl_inst|uart_rx:rx_inst|tick_cnt[0]          ; uart_controller:uart_ctrl_inst|uart_rx:rx_inst|tick_cnt[0]          ; uart_controller:uart_ctrl_inst|baud_rate_gen:brg_inst|ov_tick ; uart_controller:uart_ctrl_inst|baud_rate_gen:brg_inst|ov_tick ; 0.000        ; 0.000      ; 0.835      ;
; 0.688 ; uart_controller:uart_ctrl_inst|uart_rx:rx_inst|valid_timeout_cnt[1] ; uart_controller:uart_ctrl_inst|uart_rx:rx_inst|valid_timeout_cnt[7] ; uart_controller:uart_ctrl_inst|baud_rate_gen:brg_inst|ov_tick ; uart_controller:uart_ctrl_inst|baud_rate_gen:brg_inst|ov_tick ; 0.000        ; 0.000      ; 0.840      ;
; 0.689 ; uart_controller:uart_ctrl_inst|uart_rx:rx_inst|state.STOP           ; uart_controller:uart_ctrl_inst|uart_rx:rx_inst|state.IDLE           ; uart_controller:uart_ctrl_inst|baud_rate_gen:brg_inst|ov_tick ; uart_controller:uart_ctrl_inst|baud_rate_gen:brg_inst|ov_tick ; 0.000        ; 0.002      ; 0.843      ;
; 0.692 ; uart_controller:uart_ctrl_inst|uart_rx:rx_inst|rx_valid             ; uart_controller:uart_ctrl_inst|uart_rx:rx_inst|rx_valid             ; uart_controller:uart_ctrl_inst|baud_rate_gen:brg_inst|ov_tick ; uart_controller:uart_ctrl_inst|baud_rate_gen:brg_inst|ov_tick ; 0.000        ; 0.000      ; 0.844      ;
; 0.692 ; uart_controller:uart_ctrl_inst|uart_rx:rx_inst|valid_timeout_cnt[0] ; uart_controller:uart_ctrl_inst|uart_rx:rx_inst|valid_timeout_cnt[5] ; uart_controller:uart_ctrl_inst|baud_rate_gen:brg_inst|ov_tick ; uart_controller:uart_ctrl_inst|baud_rate_gen:brg_inst|ov_tick ; 0.000        ; 0.000      ; 0.844      ;
; 0.697 ; uart_controller:uart_ctrl_inst|uart_rx:rx_inst|tick_cnt[2]          ; uart_controller:uart_ctrl_inst|uart_rx:rx_inst|samples[1]           ; uart_controller:uart_ctrl_inst|baud_rate_gen:brg_inst|ov_tick ; uart_controller:uart_ctrl_inst|baud_rate_gen:brg_inst|ov_tick ; 0.000        ; 0.001      ; 0.850      ;
; 0.698 ; uart_controller:uart_ctrl_inst|uart_rx:rx_inst|tick_cnt[2]          ; uart_controller:uart_ctrl_inst|uart_rx:rx_inst|samples[2]           ; uart_controller:uart_ctrl_inst|baud_rate_gen:brg_inst|ov_tick ; uart_controller:uart_ctrl_inst|baud_rate_gen:brg_inst|ov_tick ; 0.000        ; 0.001      ; 0.851      ;
; 0.698 ; uart_controller:uart_ctrl_inst|uart_rx:rx_inst|tick_cnt[2]          ; uart_controller:uart_ctrl_inst|uart_rx:rx_inst|tick_cnt[2]          ; uart_controller:uart_ctrl_inst|baud_rate_gen:brg_inst|ov_tick ; uart_controller:uart_ctrl_inst|baud_rate_gen:brg_inst|ov_tick ; 0.000        ; 0.000      ; 0.850      ;
; 0.703 ; uart_controller:uart_ctrl_inst|uart_rx:rx_inst|state.STOP           ; uart_controller:uart_ctrl_inst|uart_rx:rx_inst|rx_valid             ; uart_controller:uart_ctrl_inst|baud_rate_gen:brg_inst|ov_tick ; uart_controller:uart_ctrl_inst|baud_rate_gen:brg_inst|ov_tick ; 0.000        ; 0.025      ; 0.880      ;
; 0.722 ; uart_controller:uart_ctrl_inst|uart_rx:rx_inst|state.DATA           ; uart_controller:uart_ctrl_inst|uart_rx:rx_inst|samples[1]           ; uart_controller:uart_ctrl_inst|baud_rate_gen:brg_inst|ov_tick ; uart_controller:uart_ctrl_inst|baud_rate_gen:brg_inst|ov_tick ; 0.000        ; 0.001      ; 0.875      ;
; 0.723 ; uart_controller:uart_ctrl_inst|uart_rx:rx_inst|state.DATA           ; uart_controller:uart_ctrl_inst|uart_rx:rx_inst|samples[2]           ; uart_controller:uart_ctrl_inst|baud_rate_gen:brg_inst|ov_tick ; uart_controller:uart_ctrl_inst|baud_rate_gen:brg_inst|ov_tick ; 0.000        ; 0.001      ; 0.876      ;
; 0.727 ; uart_controller:uart_ctrl_inst|uart_rx:rx_inst|valid_timeout_cnt[0] ; uart_controller:uart_ctrl_inst|uart_rx:rx_inst|valid_timeout_cnt[6] ; uart_controller:uart_ctrl_inst|baud_rate_gen:brg_inst|ov_tick ; uart_controller:uart_ctrl_inst|baud_rate_gen:brg_inst|ov_tick ; 0.000        ; 0.000      ; 0.879      ;
; 0.730 ; uart_controller:uart_ctrl_inst|uart_rx:rx_inst|valid_timeout_cnt[7] ; uart_controller:uart_ctrl_inst|uart_rx:rx_inst|valid_timeout_cnt[0] ; uart_controller:uart_ctrl_inst|baud_rate_gen:brg_inst|ov_tick ; uart_controller:uart_ctrl_inst|baud_rate_gen:brg_inst|ov_tick ; 0.000        ; 0.000      ; 0.882      ;
; 0.730 ; uart_controller:uart_ctrl_inst|uart_rx:rx_inst|valid_timeout_cnt[7] ; uart_controller:uart_ctrl_inst|uart_rx:rx_inst|valid_timeout_cnt[1] ; uart_controller:uart_ctrl_inst|baud_rate_gen:brg_inst|ov_tick ; uart_controller:uart_ctrl_inst|baud_rate_gen:brg_inst|ov_tick ; 0.000        ; 0.000      ; 0.882      ;
; 0.730 ; uart_controller:uart_ctrl_inst|uart_rx:rx_inst|valid_timeout_cnt[7] ; uart_controller:uart_ctrl_inst|uart_rx:rx_inst|valid_timeout_cnt[2] ; uart_controller:uart_ctrl_inst|baud_rate_gen:brg_inst|ov_tick ; uart_controller:uart_ctrl_inst|baud_rate_gen:brg_inst|ov_tick ; 0.000        ; 0.000      ; 0.882      ;
; 0.730 ; uart_controller:uart_ctrl_inst|uart_rx:rx_inst|valid_timeout_cnt[7] ; uart_controller:uart_ctrl_inst|uart_rx:rx_inst|valid_timeout_cnt[3] ; uart_controller:uart_ctrl_inst|baud_rate_gen:brg_inst|ov_tick ; uart_controller:uart_ctrl_inst|baud_rate_gen:brg_inst|ov_tick ; 0.000        ; 0.000      ; 0.882      ;
; 0.730 ; uart_controller:uart_ctrl_inst|uart_rx:rx_inst|valid_timeout_cnt[7] ; uart_controller:uart_ctrl_inst|uart_rx:rx_inst|valid_timeout_cnt[5] ; uart_controller:uart_ctrl_inst|baud_rate_gen:brg_inst|ov_tick ; uart_controller:uart_ctrl_inst|baud_rate_gen:brg_inst|ov_tick ; 0.000        ; 0.000      ; 0.882      ;
; 0.730 ; uart_controller:uart_ctrl_inst|uart_rx:rx_inst|valid_timeout_cnt[7] ; uart_controller:uart_ctrl_inst|uart_rx:rx_inst|valid_timeout_cnt[6] ; uart_controller:uart_ctrl_inst|baud_rate_gen:brg_inst|ov_tick ; uart_controller:uart_ctrl_inst|baud_rate_gen:brg_inst|ov_tick ; 0.000        ; 0.000      ; 0.882      ;
; 0.730 ; uart_controller:uart_ctrl_inst|uart_rx:rx_inst|valid_timeout_cnt[7] ; uart_controller:uart_ctrl_inst|uart_rx:rx_inst|valid_timeout_cnt[4] ; uart_controller:uart_ctrl_inst|baud_rate_gen:brg_inst|ov_tick ; uart_controller:uart_ctrl_inst|baud_rate_gen:brg_inst|ov_tick ; 0.000        ; 0.000      ; 0.882      ;
+-------+---------------------------------------------------------------------+---------------------------------------------------------------------+---------------------------------------------------------------+---------------------------------------------------------------+--------------+------------+------------+


+--------------------------------------------------------------------------------------------------------------------------------------------------------------------------------------------------------------------------------------------------------------------------------------------------------------------+
; Fast Model Hold: 'uart_controller:uart_ctrl_inst|baud_rate_gen:brg_inst|uart_tick'                                                                                                                                                                                                                                 ;
+-------+---------------------------------------------------------------+---------------------------------------------------------------+-----------------------------------------------------------------+-----------------------------------------------------------------+--------------+------------+------------+
; Slack ; From Node                                                     ; To Node                                                       ; Launch Clock                                                    ; Latch Clock                                                     ; Relationship ; Clock Skew ; Data Delay ;
+-------+---------------------------------------------------------------+---------------------------------------------------------------+-----------------------------------------------------------------+-----------------------------------------------------------------+--------------+------------+------------+
; 0.215 ; uart_controller:uart_ctrl_inst|uart_tx:tx_inst|state.DATA     ; uart_controller:uart_ctrl_inst|uart_tx:tx_inst|state.DATA     ; uart_controller:uart_ctrl_inst|baud_rate_gen:brg_inst|uart_tick ; uart_controller:uart_ctrl_inst|baud_rate_gen:brg_inst|uart_tick ; 0.000        ; 0.000      ; 0.367      ;
; 0.215 ; uart_controller:uart_ctrl_inst|uart_tx:tx_inst|bit_cnt[0]     ; uart_controller:uart_ctrl_inst|uart_tx:tx_inst|bit_cnt[0]     ; uart_controller:uart_ctrl_inst|baud_rate_gen:brg_inst|uart_tick ; uart_controller:uart_ctrl_inst|baud_rate_gen:brg_inst|uart_tick ; 0.000        ; 0.000      ; 0.367      ;
; 0.215 ; uart_controller:uart_ctrl_inst|uart_tx:tx_inst|bit_cnt[1]     ; uart_controller:uart_ctrl_inst|uart_tx:tx_inst|bit_cnt[1]     ; uart_controller:uart_ctrl_inst|baud_rate_gen:brg_inst|uart_tick ; uart_controller:uart_ctrl_inst|baud_rate_gen:brg_inst|uart_tick ; 0.000        ; 0.000      ; 0.367      ;
; 0.215 ; uart_controller:uart_ctrl_inst|uart_tx:tx_inst|bit_cnt[2]     ; uart_controller:uart_ctrl_inst|uart_tx:tx_inst|bit_cnt[2]     ; uart_controller:uart_ctrl_inst|baud_rate_gen:brg_inst|uart_tick ; uart_controller:uart_ctrl_inst|baud_rate_gen:brg_inst|uart_tick ; 0.000        ; 0.000      ; 0.367      ;
; 0.215 ; uart_controller:uart_ctrl_inst|uart_tx:tx_inst|state.IDLE     ; uart_controller:uart_ctrl_inst|uart_tx:tx_inst|state.IDLE     ; uart_controller:uart_ctrl_inst|baud_rate_gen:brg_inst|uart_tick ; uart_controller:uart_ctrl_inst|baud_rate_gen:brg_inst|uart_tick ; 0.000        ; 0.000      ; 0.367      ;
; 0.215 ; uart_controller:uart_ctrl_inst|uart_tx:tx_inst|tx_reg[4]      ; uart_controller:uart_ctrl_inst|uart_tx:tx_inst|tx_reg[4]      ; uart_controller:uart_ctrl_inst|baud_rate_gen:brg_inst|uart_tick ; uart_controller:uart_ctrl_inst|baud_rate_gen:brg_inst|uart_tick ; 0.000        ; 0.000      ; 0.367      ;
; 0.215 ; uart_controller:uart_ctrl_inst|uart_tx:tx_inst|tx_reg[3]      ; uart_controller:uart_ctrl_inst|uart_tx:tx_inst|tx_reg[3]      ; uart_controller:uart_ctrl_inst|baud_rate_gen:brg_inst|uart_tick ; uart_controller:uart_ctrl_inst|baud_rate_gen:brg_inst|uart_tick ; 0.000        ; 0.000      ; 0.367      ;
; 0.215 ; uart_controller:uart_ctrl_inst|uart_tx:tx_inst|tx_reg[2]      ; uart_controller:uart_ctrl_inst|uart_tx:tx_inst|tx_reg[2]      ; uart_controller:uart_ctrl_inst|baud_rate_gen:brg_inst|uart_tick ; uart_controller:uart_ctrl_inst|baud_rate_gen:brg_inst|uart_tick ; 0.000        ; 0.000      ; 0.367      ;
; 0.258 ; uart_controller:uart_ctrl_inst|uart_tx:tx_inst|state.STOP     ; uart_controller:uart_ctrl_inst|uart_tx:tx_inst|tx             ; uart_controller:uart_ctrl_inst|baud_rate_gen:brg_inst|uart_tick ; uart_controller:uart_ctrl_inst|baud_rate_gen:brg_inst|uart_tick ; 0.000        ; 0.000      ; 0.410      ;
; 0.259 ; uart_controller:uart_ctrl_inst|uart_tx:tx_inst|state.STOP     ; uart_controller:uart_ctrl_inst|uart_tx:tx_inst|bit_cnt[0]     ; uart_controller:uart_ctrl_inst|baud_rate_gen:brg_inst|uart_tick ; uart_controller:uart_ctrl_inst|baud_rate_gen:brg_inst|uart_tick ; 0.000        ; 0.000      ; 0.411      ;
; 0.259 ; uart_controller:uart_ctrl_inst|uart_tx:tx_inst|state.STOP     ; uart_controller:uart_ctrl_inst|uart_tx:tx_inst|bit_cnt[2]     ; uart_controller:uart_ctrl_inst|baud_rate_gen:brg_inst|uart_tick ; uart_controller:uart_ctrl_inst|baud_rate_gen:brg_inst|uart_tick ; 0.000        ; 0.000      ; 0.411      ;
; 0.296 ; uart_controller:uart_ctrl_inst|uart_tx:tx_inst|tx_reg[0]      ; uart_controller:uart_ctrl_inst|uart_tx:tx_inst|tx             ; uart_controller:uart_ctrl_inst|baud_rate_gen:brg_inst|uart_tick ; uart_controller:uart_ctrl_inst|baud_rate_gen:brg_inst|uart_tick ; 0.000        ; 0.000      ; 0.448      ;
; 0.356 ; uart_controller:uart_ctrl_inst|uart_tx:tx_inst|timeout_cnt[2] ; uart_controller:uart_ctrl_inst|uart_tx:tx_inst|timeout_cnt[2] ; uart_controller:uart_ctrl_inst|baud_rate_gen:brg_inst|uart_tick ; uart_controller:uart_ctrl_inst|baud_rate_gen:brg_inst|uart_tick ; 0.000        ; 0.000      ; 0.508      ;
; 0.365 ; uart_controller:uart_ctrl_inst|uart_tx:tx_inst|timeout_cnt[4] ; uart_controller:uart_ctrl_inst|uart_tx:tx_inst|timeout_cnt[4] ; uart_controller:uart_ctrl_inst|baud_rate_gen:brg_inst|uart_tick ; uart_controller:uart_ctrl_inst|baud_rate_gen:brg_inst|uart_tick ; 0.000        ; 0.000      ; 0.517      ;
; 0.367 ; uart_controller:uart_ctrl_inst|uart_tx:tx_inst|timeout_cnt[0] ; uart_controller:uart_ctrl_inst|uart_tx:tx_inst|timeout_cnt[0] ; uart_controller:uart_ctrl_inst|baud_rate_gen:brg_inst|uart_tick ; uart_controller:uart_ctrl_inst|baud_rate_gen:brg_inst|uart_tick ; 0.000        ; 0.000      ; 0.519      ;
; 0.367 ; uart_controller:uart_ctrl_inst|uart_tx:tx_inst|timeout_cnt[1] ; uart_controller:uart_ctrl_inst|uart_tx:tx_inst|timeout_cnt[1] ; uart_controller:uart_ctrl_inst|baud_rate_gen:brg_inst|uart_tick ; uart_controller:uart_ctrl_inst|baud_rate_gen:brg_inst|uart_tick ; 0.000        ; 0.000      ; 0.519      ;
; 0.367 ; uart_controller:uart_ctrl_inst|uart_tx:tx_inst|timeout_cnt[6] ; uart_controller:uart_ctrl_inst|uart_tx:tx_inst|timeout_cnt[6] ; uart_controller:uart_ctrl_inst|baud_rate_gen:brg_inst|uart_tick ; uart_controller:uart_ctrl_inst|baud_rate_gen:brg_inst|uart_tick ; 0.000        ; 0.000      ; 0.519      ;
; 0.367 ; uart_controller:uart_ctrl_inst|uart_tx:tx_inst|tx_reg[2]      ; uart_controller:uart_ctrl_inst|uart_tx:tx_inst|tx_reg[1]      ; uart_controller:uart_ctrl_inst|baud_rate_gen:brg_inst|uart_tick ; uart_controller:uart_ctrl_inst|baud_rate_gen:brg_inst|uart_tick ; 0.000        ; 0.000      ; 0.519      ;
; 0.370 ; uart_controller:uart_ctrl_inst|uart_tx:tx_inst|tx_reg[1]      ; uart_controller:uart_ctrl_inst|uart_tx:tx_inst|tx_reg[0]      ; uart_controller:uart_ctrl_inst|baud_rate_gen:brg_inst|uart_tick ; uart_controller:uart_ctrl_inst|baud_rate_gen:brg_inst|uart_tick ; 0.000        ; 0.000      ; 0.522      ;
; 0.372 ; uart_controller:uart_ctrl_inst|uart_tx:tx_inst|state.START    ; uart_controller:uart_ctrl_inst|uart_tx:tx_inst|bit_cnt[0]     ; uart_controller:uart_ctrl_inst|baud_rate_gen:brg_inst|uart_tick ; uart_controller:uart_ctrl_inst|baud_rate_gen:brg_inst|uart_tick ; 0.000        ; 0.000      ; 0.524      ;
; 0.372 ; uart_controller:uart_ctrl_inst|uart_tx:tx_inst|state.START    ; uart_controller:uart_ctrl_inst|uart_tx:tx_inst|bit_cnt[2]     ; uart_controller:uart_ctrl_inst|baud_rate_gen:brg_inst|uart_tick ; uart_controller:uart_ctrl_inst|baud_rate_gen:brg_inst|uart_tick ; 0.000        ; 0.000      ; 0.524      ;
; 0.374 ; uart_controller:uart_ctrl_inst|uart_tx:tx_inst|tx_reg[3]      ; uart_controller:uart_ctrl_inst|uart_tx:tx_inst|tx_reg[2]      ; uart_controller:uart_ctrl_inst|baud_rate_gen:brg_inst|uart_tick ; uart_controller:uart_ctrl_inst|baud_rate_gen:brg_inst|uart_tick ; 0.000        ; 0.000      ; 0.526      ;
; 0.377 ; uart_controller:uart_ctrl_inst|uart_tx:tx_inst|timeout_cnt[3] ; uart_controller:uart_ctrl_inst|uart_tx:tx_inst|timeout_cnt[3] ; uart_controller:uart_ctrl_inst|baud_rate_gen:brg_inst|uart_tick ; uart_controller:uart_ctrl_inst|baud_rate_gen:brg_inst|uart_tick ; 0.000        ; 0.000      ; 0.529      ;
; 0.380 ; uart_controller:uart_ctrl_inst|uart_tx:tx_inst|timeout_cnt[7] ; uart_controller:uart_ctrl_inst|uart_tx:tx_inst|timeout_cnt[7] ; uart_controller:uart_ctrl_inst|baud_rate_gen:brg_inst|uart_tick ; uart_controller:uart_ctrl_inst|baud_rate_gen:brg_inst|uart_tick ; 0.000        ; 0.000      ; 0.532      ;
; 0.381 ; uart_controller:uart_ctrl_inst|uart_tx:tx_inst|state.DATA     ; uart_controller:uart_ctrl_inst|uart_tx:tx_inst|tx_reg[0]      ; uart_controller:uart_ctrl_inst|baud_rate_gen:brg_inst|uart_tick ; uart_controller:uart_ctrl_inst|baud_rate_gen:brg_inst|uart_tick ; 0.000        ; 0.000      ; 0.533      ;
; 0.382 ; uart_controller:uart_ctrl_inst|uart_tx:tx_inst|state.DATA     ; uart_controller:uart_ctrl_inst|uart_tx:tx_inst|tx_reg[2]      ; uart_controller:uart_ctrl_inst|baud_rate_gen:brg_inst|uart_tick ; uart_controller:uart_ctrl_inst|baud_rate_gen:brg_inst|uart_tick ; 0.000        ; 0.000      ; 0.534      ;
; 0.382 ; uart_controller:uart_ctrl_inst|uart_tx:tx_inst|state.DATA     ; uart_controller:uart_ctrl_inst|uart_tx:tx_inst|tx_reg[1]      ; uart_controller:uart_ctrl_inst|baud_rate_gen:brg_inst|uart_tick ; uart_controller:uart_ctrl_inst|baud_rate_gen:brg_inst|uart_tick ; 0.000        ; 0.000      ; 0.534      ;
; 0.437 ; uart_controller:uart_ctrl_inst|uart_tx:tx_inst|timeout_cnt[5] ; uart_controller:uart_ctrl_inst|uart_tx:tx_inst|timeout_cnt[5] ; uart_controller:uart_ctrl_inst|baud_rate_gen:brg_inst|uart_tick ; uart_controller:uart_ctrl_inst|baud_rate_gen:brg_inst|uart_tick ; 0.000        ; 0.000      ; 0.589      ;
; 0.444 ; uart_controller:uart_ctrl_inst|uart_tx:tx_inst|tx_reg[4]      ; uart_controller:uart_ctrl_inst|uart_tx:tx_inst|tx_reg[3]      ; uart_controller:uart_ctrl_inst|baud_rate_gen:brg_inst|uart_tick ; uart_controller:uart_ctrl_inst|baud_rate_gen:brg_inst|uart_tick ; 0.000        ; -0.002     ; 0.594      ;
; 0.456 ; uart_controller:uart_ctrl_inst|uart_tx:tx_inst|bit_cnt[0]     ; uart_controller:uart_ctrl_inst|uart_tx:tx_inst|bit_cnt[1]     ; uart_controller:uart_ctrl_inst|baud_rate_gen:brg_inst|uart_tick ; uart_controller:uart_ctrl_inst|baud_rate_gen:brg_inst|uart_tick ; 0.000        ; 0.000      ; 0.608      ;
; 0.475 ; uart_controller:uart_ctrl_inst|uart_tx:tx_inst|state.DATA     ; uart_controller:uart_ctrl_inst|uart_tx:tx_inst|bit_cnt[0]     ; uart_controller:uart_ctrl_inst|baud_rate_gen:brg_inst|uart_tick ; uart_controller:uart_ctrl_inst|baud_rate_gen:brg_inst|uart_tick ; 0.000        ; 0.000      ; 0.627      ;
; 0.481 ; uart_controller:uart_ctrl_inst|uart_tx:tx_inst|state.DATA     ; uart_controller:uart_ctrl_inst|uart_tx:tx_inst|bit_cnt[1]     ; uart_controller:uart_ctrl_inst|baud_rate_gen:brg_inst|uart_tick ; uart_controller:uart_ctrl_inst|baud_rate_gen:brg_inst|uart_tick ; 0.000        ; 0.000      ; 0.633      ;
; 0.481 ; uart_controller:uart_ctrl_inst|uart_tx:tx_inst|state.DATA     ; uart_controller:uart_ctrl_inst|uart_tx:tx_inst|tx             ; uart_controller:uart_ctrl_inst|baud_rate_gen:brg_inst|uart_tick ; uart_controller:uart_ctrl_inst|baud_rate_gen:brg_inst|uart_tick ; 0.000        ; 0.000      ; 0.633      ;
; 0.483 ; uart_controller:uart_ctrl_inst|uart_tx:tx_inst|state.DATA     ; uart_controller:uart_ctrl_inst|uart_tx:tx_inst|tx_reg[3]      ; uart_controller:uart_ctrl_inst|baud_rate_gen:brg_inst|uart_tick ; uart_controller:uart_ctrl_inst|baud_rate_gen:brg_inst|uart_tick ; 0.000        ; 0.000      ; 0.635      ;
; 0.503 ; uart_controller:uart_ctrl_inst|uart_tx:tx_inst|timeout_cnt[4] ; uart_controller:uart_ctrl_inst|uart_tx:tx_inst|timeout_cnt[5] ; uart_controller:uart_ctrl_inst|baud_rate_gen:brg_inst|uart_tick ; uart_controller:uart_ctrl_inst|baud_rate_gen:brg_inst|uart_tick ; 0.000        ; 0.000      ; 0.655      ;
; 0.504 ; uart_controller:uart_ctrl_inst|uart_tx:tx_inst|bit_cnt[0]     ; uart_controller:uart_ctrl_inst|uart_tx:tx_inst|state.STOP     ; uart_controller:uart_ctrl_inst|baud_rate_gen:brg_inst|uart_tick ; uart_controller:uart_ctrl_inst|baud_rate_gen:brg_inst|uart_tick ; 0.000        ; 0.000      ; 0.656      ;
; 0.505 ; uart_controller:uart_ctrl_inst|uart_tx:tx_inst|state.STOP     ; uart_controller:uart_ctrl_inst|uart_tx:tx_inst|bit_cnt[1]     ; uart_controller:uart_ctrl_inst|baud_rate_gen:brg_inst|uart_tick ; uart_controller:uart_ctrl_inst|baud_rate_gen:brg_inst|uart_tick ; 0.000        ; 0.000      ; 0.657      ;
; 0.505 ; uart_controller:uart_ctrl_inst|uart_tx:tx_inst|timeout_cnt[6] ; uart_controller:uart_ctrl_inst|uart_tx:tx_inst|timeout_cnt[7] ; uart_controller:uart_ctrl_inst|baud_rate_gen:brg_inst|uart_tick ; uart_controller:uart_ctrl_inst|baud_rate_gen:brg_inst|uart_tick ; 0.000        ; 0.000      ; 0.657      ;
; 0.506 ; uart_controller:uart_ctrl_inst|uart_tx:tx_inst|state.STOP     ; uart_controller:uart_ctrl_inst|uart_tx:tx_inst|timeout_cnt[0] ; uart_controller:uart_ctrl_inst|baud_rate_gen:brg_inst|uart_tick ; uart_controller:uart_ctrl_inst|baud_rate_gen:brg_inst|uart_tick ; 0.000        ; 0.002      ; 0.660      ;
; 0.506 ; uart_controller:uart_ctrl_inst|uart_tx:tx_inst|state.STOP     ; uart_controller:uart_ctrl_inst|uart_tx:tx_inst|timeout_cnt[1] ; uart_controller:uart_ctrl_inst|baud_rate_gen:brg_inst|uart_tick ; uart_controller:uart_ctrl_inst|baud_rate_gen:brg_inst|uart_tick ; 0.000        ; 0.002      ; 0.660      ;
; 0.506 ; uart_controller:uart_ctrl_inst|uart_tx:tx_inst|state.STOP     ; uart_controller:uart_ctrl_inst|uart_tx:tx_inst|timeout_cnt[2] ; uart_controller:uart_ctrl_inst|baud_rate_gen:brg_inst|uart_tick ; uart_controller:uart_ctrl_inst|baud_rate_gen:brg_inst|uart_tick ; 0.000        ; 0.002      ; 0.660      ;
; 0.506 ; uart_controller:uart_ctrl_inst|uart_tx:tx_inst|state.STOP     ; uart_controller:uart_ctrl_inst|uart_tx:tx_inst|timeout_cnt[3] ; uart_controller:uart_ctrl_inst|baud_rate_gen:brg_inst|uart_tick ; uart_controller:uart_ctrl_inst|baud_rate_gen:brg_inst|uart_tick ; 0.000        ; 0.002      ; 0.660      ;
; 0.506 ; uart_controller:uart_ctrl_inst|uart_tx:tx_inst|state.STOP     ; uart_controller:uart_ctrl_inst|uart_tx:tx_inst|timeout_cnt[4] ; uart_controller:uart_ctrl_inst|baud_rate_gen:brg_inst|uart_tick ; uart_controller:uart_ctrl_inst|baud_rate_gen:brg_inst|uart_tick ; 0.000        ; 0.002      ; 0.660      ;
; 0.506 ; uart_controller:uart_ctrl_inst|uart_tx:tx_inst|state.STOP     ; uart_controller:uart_ctrl_inst|uart_tx:tx_inst|timeout_cnt[5] ; uart_controller:uart_ctrl_inst|baud_rate_gen:brg_inst|uart_tick ; uart_controller:uart_ctrl_inst|baud_rate_gen:brg_inst|uart_tick ; 0.000        ; 0.002      ; 0.660      ;
; 0.506 ; uart_controller:uart_ctrl_inst|uart_tx:tx_inst|state.STOP     ; uart_controller:uart_ctrl_inst|uart_tx:tx_inst|timeout_cnt[6] ; uart_controller:uart_ctrl_inst|baud_rate_gen:brg_inst|uart_tick ; uart_controller:uart_ctrl_inst|baud_rate_gen:brg_inst|uart_tick ; 0.000        ; 0.002      ; 0.660      ;
; 0.506 ; uart_controller:uart_ctrl_inst|uart_tx:tx_inst|state.STOP     ; uart_controller:uart_ctrl_inst|uart_tx:tx_inst|timeout_cnt[7] ; uart_controller:uart_ctrl_inst|baud_rate_gen:brg_inst|uart_tick ; uart_controller:uart_ctrl_inst|baud_rate_gen:brg_inst|uart_tick ; 0.000        ; 0.002      ; 0.660      ;
; 0.507 ; uart_controller:uart_ctrl_inst|uart_tx:tx_inst|timeout_cnt[1] ; uart_controller:uart_ctrl_inst|uart_tx:tx_inst|timeout_cnt[2] ; uart_controller:uart_ctrl_inst|baud_rate_gen:brg_inst|uart_tick ; uart_controller:uart_ctrl_inst|baud_rate_gen:brg_inst|uart_tick ; 0.000        ; 0.000      ; 0.659      ;
; 0.507 ; uart_controller:uart_ctrl_inst|uart_tx:tx_inst|timeout_cnt[0] ; uart_controller:uart_ctrl_inst|uart_tx:tx_inst|timeout_cnt[1] ; uart_controller:uart_ctrl_inst|baud_rate_gen:brg_inst|uart_tick ; uart_controller:uart_ctrl_inst|baud_rate_gen:brg_inst|uart_tick ; 0.000        ; 0.000      ; 0.659      ;
; 0.517 ; uart_controller:uart_ctrl_inst|uart_tx:tx_inst|timeout_cnt[3] ; uart_controller:uart_ctrl_inst|uart_tx:tx_inst|timeout_cnt[4] ; uart_controller:uart_ctrl_inst|baud_rate_gen:brg_inst|uart_tick ; uart_controller:uart_ctrl_inst|baud_rate_gen:brg_inst|uart_tick ; 0.000        ; 0.000      ; 0.669      ;
; 0.523 ; uart_controller:uart_ctrl_inst|uart_tx:tx_inst|state.IDLE     ; uart_controller:uart_ctrl_inst|uart_tx:tx_inst|state.START    ; uart_controller:uart_ctrl_inst|baud_rate_gen:brg_inst|uart_tick ; uart_controller:uart_ctrl_inst|baud_rate_gen:brg_inst|uart_tick ; 0.000        ; 0.001      ; 0.676      ;
; 0.538 ; uart_controller:uart_ctrl_inst|uart_tx:tx_inst|timeout_cnt[4] ; uart_controller:uart_ctrl_inst|uart_tx:tx_inst|timeout_cnt[6] ; uart_controller:uart_ctrl_inst|baud_rate_gen:brg_inst|uart_tick ; uart_controller:uart_ctrl_inst|baud_rate_gen:brg_inst|uart_tick ; 0.000        ; 0.000      ; 0.690      ;
; 0.542 ; uart_controller:uart_ctrl_inst|uart_tx:tx_inst|timeout_cnt[0] ; uart_controller:uart_ctrl_inst|uart_tx:tx_inst|timeout_cnt[2] ; uart_controller:uart_ctrl_inst|baud_rate_gen:brg_inst|uart_tick ; uart_controller:uart_ctrl_inst|baud_rate_gen:brg_inst|uart_tick ; 0.000        ; 0.000      ; 0.694      ;
; 0.549 ; uart_controller:uart_ctrl_inst|uart_tx:tx_inst|timeout_cnt[2] ; uart_controller:uart_ctrl_inst|uart_tx:tx_inst|timeout_cnt[3] ; uart_controller:uart_ctrl_inst|baud_rate_gen:brg_inst|uart_tick ; uart_controller:uart_ctrl_inst|baud_rate_gen:brg_inst|uart_tick ; 0.000        ; 0.000      ; 0.701      ;
; 0.550 ; uart_controller:uart_ctrl_inst|uart_tx:tx_inst|state.START    ; uart_controller:uart_ctrl_inst|uart_tx:tx_inst|tx_reg[4]      ; uart_controller:uart_ctrl_inst|baud_rate_gen:brg_inst|uart_tick ; uart_controller:uart_ctrl_inst|baud_rate_gen:brg_inst|uart_tick ; 0.000        ; 0.002      ; 0.704      ;
; 0.551 ; uart_controller:uart_ctrl_inst|uart_tx:tx_inst|bit_cnt[1]     ; uart_controller:uart_ctrl_inst|uart_tx:tx_inst|bit_cnt[2]     ; uart_controller:uart_ctrl_inst|baud_rate_gen:brg_inst|uart_tick ; uart_controller:uart_ctrl_inst|baud_rate_gen:brg_inst|uart_tick ; 0.000        ; 0.000      ; 0.703      ;
; 0.552 ; uart_controller:uart_ctrl_inst|uart_tx:tx_inst|timeout_cnt[3] ; uart_controller:uart_ctrl_inst|uart_tx:tx_inst|timeout_cnt[5] ; uart_controller:uart_ctrl_inst|baud_rate_gen:brg_inst|uart_tick ; uart_controller:uart_ctrl_inst|baud_rate_gen:brg_inst|uart_tick ; 0.000        ; 0.000      ; 0.704      ;
; 0.557 ; uart_controller:uart_ctrl_inst|uart_tx:tx_inst|state.STOP     ; uart_controller:uart_ctrl_inst|uart_tx:tx_inst|tx_reg[3]      ; uart_controller:uart_ctrl_inst|baud_rate_gen:brg_inst|uart_tick ; uart_controller:uart_ctrl_inst|baud_rate_gen:brg_inst|uart_tick ; 0.000        ; 0.000      ; 0.709      ;
; 0.560 ; uart_controller:uart_ctrl_inst|uart_tx:tx_inst|state.STOP     ; uart_controller:uart_ctrl_inst|uart_tx:tx_inst|tx_reg[2]      ; uart_controller:uart_ctrl_inst|baud_rate_gen:brg_inst|uart_tick ; uart_controller:uart_ctrl_inst|baud_rate_gen:brg_inst|uart_tick ; 0.000        ; 0.000      ; 0.712      ;
; 0.562 ; uart_controller:uart_ctrl_inst|uart_tx:tx_inst|state.START    ; uart_controller:uart_ctrl_inst|uart_tx:tx_inst|bit_cnt[1]     ; uart_controller:uart_ctrl_inst|baud_rate_gen:brg_inst|uart_tick ; uart_controller:uart_ctrl_inst|baud_rate_gen:brg_inst|uart_tick ; 0.000        ; 0.000      ; 0.714      ;
; 0.572 ; uart_rx_packet_new:packet_inst|tx_data[1]                     ; uart_controller:uart_ctrl_inst|uart_tx:tx_inst|tx_reg[1]      ; CLOCK_50                                                        ; uart_controller:uart_ctrl_inst|baud_rate_gen:brg_inst|uart_tick ; 0.000        ; -0.265     ; 0.459      ;
; 0.573 ; uart_controller:uart_ctrl_inst|uart_tx:tx_inst|timeout_cnt[4] ; uart_controller:uart_ctrl_inst|uart_tx:tx_inst|timeout_cnt[7] ; uart_controller:uart_ctrl_inst|baud_rate_gen:brg_inst|uart_tick ; uart_controller:uart_ctrl_inst|baud_rate_gen:brg_inst|uart_tick ; 0.000        ; 0.000      ; 0.725      ;
; 0.575 ; uart_controller:uart_ctrl_inst|uart_tx:tx_inst|timeout_cnt[5] ; uart_controller:uart_ctrl_inst|uart_tx:tx_inst|timeout_cnt[6] ; uart_controller:uart_ctrl_inst|baud_rate_gen:brg_inst|uart_tick ; uart_controller:uart_ctrl_inst|baud_rate_gen:brg_inst|uart_tick ; 0.000        ; 0.000      ; 0.727      ;
; 0.584 ; uart_controller:uart_ctrl_inst|uart_tx:tx_inst|timeout_cnt[2] ; uart_controller:uart_ctrl_inst|uart_tx:tx_inst|timeout_cnt[4] ; uart_controller:uart_ctrl_inst|baud_rate_gen:brg_inst|uart_tick ; uart_controller:uart_ctrl_inst|baud_rate_gen:brg_inst|uart_tick ; 0.000        ; 0.000      ; 0.736      ;
; 0.587 ; uart_controller:uart_ctrl_inst|uart_tx:tx_inst|timeout_cnt[3] ; uart_controller:uart_ctrl_inst|uart_tx:tx_inst|timeout_cnt[6] ; uart_controller:uart_ctrl_inst|baud_rate_gen:brg_inst|uart_tick ; uart_controller:uart_ctrl_inst|baud_rate_gen:brg_inst|uart_tick ; 0.000        ; 0.000      ; 0.739      ;
; 0.589 ; uart_rx_packet_new:packet_inst|tx_data[0]                     ; uart_controller:uart_ctrl_inst|uart_tx:tx_inst|tx_reg[4]      ; CLOCK_50                                                        ; uart_controller:uart_ctrl_inst|baud_rate_gen:brg_inst|uart_tick ; 0.000        ; -0.266     ; 0.475      ;
; 0.589 ; uart_rx_packet_new:packet_inst|tx_data[0]                     ; uart_controller:uart_ctrl_inst|uart_tx:tx_inst|tx_reg[0]      ; CLOCK_50                                                        ; uart_controller:uart_ctrl_inst|baud_rate_gen:brg_inst|uart_tick ; 0.000        ; -0.268     ; 0.473      ;
; 0.590 ; uart_rx_packet_new:packet_inst|LEDR[15]                       ; uart_controller:uart_ctrl_inst|uart_tx:tx_inst|state.START    ; CLOCK_50                                                        ; uart_controller:uart_ctrl_inst|baud_rate_gen:brg_inst|uart_tick ; 0.000        ; -0.265     ; 0.477      ;
; 0.590 ; uart_controller:uart_ctrl_inst|uart_tx:tx_inst|bit_cnt[2]     ; uart_controller:uart_ctrl_inst|uart_tx:tx_inst|state.STOP     ; uart_controller:uart_ctrl_inst|baud_rate_gen:brg_inst|uart_tick ; uart_controller:uart_ctrl_inst|baud_rate_gen:brg_inst|uart_tick ; 0.000        ; 0.000      ; 0.742      ;
; 0.600 ; uart_controller:uart_ctrl_inst|uart_tx:tx_inst|state.IDLE     ; uart_controller:uart_ctrl_inst|uart_tx:tx_inst|tx             ; uart_controller:uart_ctrl_inst|baud_rate_gen:brg_inst|uart_tick ; uart_controller:uart_ctrl_inst|baud_rate_gen:brg_inst|uart_tick ; 0.000        ; 0.001      ; 0.753      ;
; 0.601 ; uart_controller:uart_ctrl_inst|uart_tx:tx_inst|timeout_cnt[1] ; uart_controller:uart_ctrl_inst|uart_tx:tx_inst|timeout_cnt[3] ; uart_controller:uart_ctrl_inst|baud_rate_gen:brg_inst|uart_tick ; uart_controller:uart_ctrl_inst|baud_rate_gen:brg_inst|uart_tick ; 0.000        ; 0.000      ; 0.753      ;
; 0.610 ; uart_controller:uart_ctrl_inst|uart_tx:tx_inst|timeout_cnt[5] ; uart_controller:uart_ctrl_inst|uart_tx:tx_inst|timeout_cnt[7] ; uart_controller:uart_ctrl_inst|baud_rate_gen:brg_inst|uart_tick ; uart_controller:uart_ctrl_inst|baud_rate_gen:brg_inst|uart_tick ; 0.000        ; 0.000      ; 0.762      ;
; 0.619 ; uart_controller:uart_ctrl_inst|uart_tx:tx_inst|timeout_cnt[2] ; uart_controller:uart_ctrl_inst|uart_tx:tx_inst|timeout_cnt[5] ; uart_controller:uart_ctrl_inst|baud_rate_gen:brg_inst|uart_tick ; uart_controller:uart_ctrl_inst|baud_rate_gen:brg_inst|uart_tick ; 0.000        ; 0.000      ; 0.771      ;
; 0.622 ; uart_controller:uart_ctrl_inst|uart_tx:tx_inst|timeout_cnt[3] ; uart_controller:uart_ctrl_inst|uart_tx:tx_inst|timeout_cnt[7] ; uart_controller:uart_ctrl_inst|baud_rate_gen:brg_inst|uart_tick ; uart_controller:uart_ctrl_inst|baud_rate_gen:brg_inst|uart_tick ; 0.000        ; 0.000      ; 0.774      ;
; 0.636 ; uart_controller:uart_ctrl_inst|uart_tx:tx_inst|timeout_cnt[1] ; uart_controller:uart_ctrl_inst|uart_tx:tx_inst|timeout_cnt[4] ; uart_controller:uart_ctrl_inst|baud_rate_gen:brg_inst|uart_tick ; uart_controller:uart_ctrl_inst|baud_rate_gen:brg_inst|uart_tick ; 0.000        ; 0.000      ; 0.788      ;
; 0.636 ; uart_controller:uart_ctrl_inst|uart_tx:tx_inst|timeout_cnt[0] ; uart_controller:uart_ctrl_inst|uart_tx:tx_inst|timeout_cnt[3] ; uart_controller:uart_ctrl_inst|baud_rate_gen:brg_inst|uart_tick ; uart_controller:uart_ctrl_inst|baud_rate_gen:brg_inst|uart_tick ; 0.000        ; 0.000      ; 0.788      ;
; 0.643 ; uart_controller:uart_ctrl_inst|uart_tx:tx_inst|bit_cnt[1]     ; uart_controller:uart_ctrl_inst|uart_tx:tx_inst|state.STOP     ; uart_controller:uart_ctrl_inst|baud_rate_gen:brg_inst|uart_tick ; uart_controller:uart_ctrl_inst|baud_rate_gen:brg_inst|uart_tick ; 0.000        ; 0.000      ; 0.795      ;
; 0.654 ; uart_controller:uart_ctrl_inst|uart_tx:tx_inst|timeout_cnt[2] ; uart_controller:uart_ctrl_inst|uart_tx:tx_inst|timeout_cnt[6] ; uart_controller:uart_ctrl_inst|baud_rate_gen:brg_inst|uart_tick ; uart_controller:uart_ctrl_inst|baud_rate_gen:brg_inst|uart_tick ; 0.000        ; 0.000      ; 0.806      ;
; 0.671 ; uart_controller:uart_ctrl_inst|uart_tx:tx_inst|timeout_cnt[1] ; uart_controller:uart_ctrl_inst|uart_tx:tx_inst|timeout_cnt[5] ; uart_controller:uart_ctrl_inst|baud_rate_gen:brg_inst|uart_tick ; uart_controller:uart_ctrl_inst|baud_rate_gen:brg_inst|uart_tick ; 0.000        ; 0.000      ; 0.823      ;
; 0.671 ; uart_controller:uart_ctrl_inst|uart_tx:tx_inst|timeout_cnt[0] ; uart_controller:uart_ctrl_inst|uart_tx:tx_inst|timeout_cnt[4] ; uart_controller:uart_ctrl_inst|baud_rate_gen:brg_inst|uart_tick ; uart_controller:uart_ctrl_inst|baud_rate_gen:brg_inst|uart_tick ; 0.000        ; 0.000      ; 0.823      ;
; 0.689 ; uart_controller:uart_ctrl_inst|uart_tx:tx_inst|timeout_cnt[2] ; uart_controller:uart_ctrl_inst|uart_tx:tx_inst|timeout_cnt[7] ; uart_controller:uart_ctrl_inst|baud_rate_gen:brg_inst|uart_tick ; uart_controller:uart_ctrl_inst|baud_rate_gen:brg_inst|uart_tick ; 0.000        ; 0.000      ; 0.841      ;
; 0.706 ; uart_controller:uart_ctrl_inst|uart_tx:tx_inst|timeout_cnt[1] ; uart_controller:uart_ctrl_inst|uart_tx:tx_inst|timeout_cnt[6] ; uart_controller:uart_ctrl_inst|baud_rate_gen:brg_inst|uart_tick ; uart_controller:uart_ctrl_inst|baud_rate_gen:brg_inst|uart_tick ; 0.000        ; 0.000      ; 0.858      ;
; 0.706 ; uart_controller:uart_ctrl_inst|uart_tx:tx_inst|timeout_cnt[0] ; uart_controller:uart_ctrl_inst|uart_tx:tx_inst|timeout_cnt[5] ; uart_controller:uart_ctrl_inst|baud_rate_gen:brg_inst|uart_tick ; uart_controller:uart_ctrl_inst|baud_rate_gen:brg_inst|uart_tick ; 0.000        ; 0.000      ; 0.858      ;
; 0.731 ; uart_controller:uart_ctrl_inst|uart_tx:tx_inst|timeout_cnt[6] ; uart_controller:uart_ctrl_inst|uart_tx:tx_inst|state.DATA     ; uart_controller:uart_ctrl_inst|baud_rate_gen:brg_inst|uart_tick ; uart_controller:uart_ctrl_inst|baud_rate_gen:brg_inst|uart_tick ; 0.000        ; -0.002     ; 0.881      ;
; 0.733 ; uart_controller:uart_ctrl_inst|uart_tx:tx_inst|state.STOP     ; uart_controller:uart_ctrl_inst|uart_tx:tx_inst|tx_reg[4]      ; uart_controller:uart_ctrl_inst|baud_rate_gen:brg_inst|uart_tick ; uart_controller:uart_ctrl_inst|baud_rate_gen:brg_inst|uart_tick ; 0.000        ; 0.002      ; 0.887      ;
; 0.738 ; uart_controller:uart_ctrl_inst|uart_tx:tx_inst|state.IDLE     ; uart_controller:uart_ctrl_inst|uart_tx:tx_inst|tx_reg[3]      ; uart_controller:uart_ctrl_inst|baud_rate_gen:brg_inst|uart_tick ; uart_controller:uart_ctrl_inst|baud_rate_gen:brg_inst|uart_tick ; 0.000        ; 0.001      ; 0.891      ;
; 0.741 ; uart_controller:uart_ctrl_inst|uart_tx:tx_inst|state.IDLE     ; uart_controller:uart_ctrl_inst|uart_tx:tx_inst|tx_reg[2]      ; uart_controller:uart_ctrl_inst|baud_rate_gen:brg_inst|uart_tick ; uart_controller:uart_ctrl_inst|baud_rate_gen:brg_inst|uart_tick ; 0.000        ; 0.001      ; 0.894      ;
; 0.741 ; uart_controller:uart_ctrl_inst|uart_tx:tx_inst|timeout_cnt[1] ; uart_controller:uart_ctrl_inst|uart_tx:tx_inst|timeout_cnt[7] ; uart_controller:uart_ctrl_inst|baud_rate_gen:brg_inst|uart_tick ; uart_controller:uart_ctrl_inst|baud_rate_gen:brg_inst|uart_tick ; 0.000        ; 0.000      ; 0.893      ;
; 0.741 ; uart_controller:uart_ctrl_inst|uart_tx:tx_inst|timeout_cnt[0] ; uart_controller:uart_ctrl_inst|uart_tx:tx_inst|timeout_cnt[6] ; uart_controller:uart_ctrl_inst|baud_rate_gen:brg_inst|uart_tick ; uart_controller:uart_ctrl_inst|baud_rate_gen:brg_inst|uart_tick ; 0.000        ; 0.000      ; 0.893      ;
; 0.744 ; uart_controller:uart_ctrl_inst|uart_tx:tx_inst|state.DATA     ; uart_controller:uart_ctrl_inst|uart_tx:tx_inst|state.STOP     ; uart_controller:uart_ctrl_inst|baud_rate_gen:brg_inst|uart_tick ; uart_controller:uart_ctrl_inst|baud_rate_gen:brg_inst|uart_tick ; 0.000        ; 0.000      ; 0.896      ;
; 0.744 ; uart_controller:uart_ctrl_inst|uart_tx:tx_inst|timeout_cnt[7] ; uart_controller:uart_ctrl_inst|uart_tx:tx_inst|state.DATA     ; uart_controller:uart_ctrl_inst|baud_rate_gen:brg_inst|uart_tick ; uart_controller:uart_ctrl_inst|baud_rate_gen:brg_inst|uart_tick ; 0.000        ; -0.002     ; 0.894      ;
; 0.749 ; uart_rx_packet_new:packet_inst|LEDR[15]                       ; uart_controller:uart_ctrl_inst|uart_tx:tx_inst|state.DATA     ; CLOCK_50                                                        ; uart_controller:uart_ctrl_inst|baud_rate_gen:brg_inst|uart_tick ; 0.000        ; -0.265     ; 0.636      ;
; 0.752 ; uart_controller:uart_ctrl_inst|uart_tx:tx_inst|bit_cnt[0]     ; uart_controller:uart_ctrl_inst|uart_tx:tx_inst|bit_cnt[2]     ; uart_controller:uart_ctrl_inst|baud_rate_gen:brg_inst|uart_tick ; uart_controller:uart_ctrl_inst|baud_rate_gen:brg_inst|uart_tick ; 0.000        ; 0.000      ; 0.904      ;
; 0.768 ; uart_controller:uart_ctrl_inst|uart_tx:tx_inst|state.START    ; uart_controller:uart_ctrl_inst|uart_tx:tx_inst|state.DATA     ; uart_controller:uart_ctrl_inst|baud_rate_gen:brg_inst|uart_tick ; uart_controller:uart_ctrl_inst|baud_rate_gen:brg_inst|uart_tick ; 0.000        ; 0.000      ; 0.920      ;
; 0.774 ; uart_controller:uart_ctrl_inst|uart_tx:tx_inst|bit_cnt[0]     ; uart_controller:uart_ctrl_inst|uart_tx:tx_inst|state.DATA     ; uart_controller:uart_ctrl_inst|baud_rate_gen:brg_inst|uart_tick ; uart_controller:uart_ctrl_inst|baud_rate_gen:brg_inst|uart_tick ; 0.000        ; 0.000      ; 0.926      ;
; 0.776 ; uart_controller:uart_ctrl_inst|uart_tx:tx_inst|timeout_cnt[0] ; uart_controller:uart_ctrl_inst|uart_tx:tx_inst|timeout_cnt[7] ; uart_controller:uart_ctrl_inst|baud_rate_gen:brg_inst|uart_tick ; uart_controller:uart_ctrl_inst|baud_rate_gen:brg_inst|uart_tick ; 0.000        ; 0.000      ; 0.928      ;
; 0.778 ; uart_controller:uart_ctrl_inst|uart_tx:tx_inst|state.DATA     ; uart_controller:uart_ctrl_inst|uart_tx:tx_inst|bit_cnt[2]     ; uart_controller:uart_ctrl_inst|baud_rate_gen:brg_inst|uart_tick ; uart_controller:uart_ctrl_inst|baud_rate_gen:brg_inst|uart_tick ; 0.000        ; 0.000      ; 0.930      ;
; 0.787 ; uart_rx_packet_new:packet_inst|LEDR[15]                       ; uart_controller:uart_ctrl_inst|uart_tx:tx_inst|state.IDLE     ; CLOCK_50                                                        ; uart_controller:uart_ctrl_inst|baud_rate_gen:brg_inst|uart_tick ; 0.000        ; -0.266     ; 0.673      ;
; 0.812 ; uart_controller:uart_ctrl_inst|uart_tx:tx_inst|bit_cnt[0]     ; uart_controller:uart_ctrl_inst|uart_tx:tx_inst|state.IDLE     ; uart_controller:uart_ctrl_inst|baud_rate_gen:brg_inst|uart_tick ; uart_controller:uart_ctrl_inst|baud_rate_gen:brg_inst|uart_tick ; 0.000        ; -0.001     ; 0.963      ;
; 0.825 ; uart_controller:uart_ctrl_inst|uart_tx:tx_inst|state.STOP     ; uart_controller:uart_ctrl_inst|uart_tx:tx_inst|tx_reg[1]      ; uart_controller:uart_ctrl_inst|baud_rate_gen:brg_inst|uart_tick ; uart_controller:uart_ctrl_inst|baud_rate_gen:brg_inst|uart_tick ; 0.000        ; 0.000      ; 0.977      ;
; 0.825 ; uart_controller:uart_ctrl_inst|uart_tx:tx_inst|state.STOP     ; uart_controller:uart_ctrl_inst|uart_tx:tx_inst|tx_reg[0]      ; uart_controller:uart_ctrl_inst|baud_rate_gen:brg_inst|uart_tick ; uart_controller:uart_ctrl_inst|baud_rate_gen:brg_inst|uart_tick ; 0.000        ; 0.000      ; 0.977      ;
+-------+---------------------------------------------------------------+---------------------------------------------------------------+-----------------------------------------------------------------+-----------------------------------------------------------------+--------------+------------+------------+


+------------------------------------------------------------------------------------------------------------------------------------------------------------------------------------------------------------------------------------------------+
; Fast Model Recovery: 'uart_controller:uart_ctrl_inst|baud_rate_gen:brg_inst|ov_tick'                                                                                                                                                           ;
+--------+-----------------------------------------+---------------------------------------------------------------------+--------------+---------------------------------------------------------------+--------------+------------+------------+
; Slack  ; From Node                               ; To Node                                                             ; Launch Clock ; Latch Clock                                                   ; Relationship ; Clock Skew ; Data Delay ;
+--------+-----------------------------------------+---------------------------------------------------------------------+--------------+---------------------------------------------------------------+--------------+------------+------------+
; -0.205 ; uart_rx_packet_new:packet_inst|rx_clear ; uart_controller:uart_ctrl_inst|uart_rx:rx_inst|valid_timeout_cnt[0] ; CLOCK_50     ; uart_controller:uart_ctrl_inst|baud_rate_gen:brg_inst|ov_tick ; 1.000        ; -0.241     ; 0.996      ;
; -0.205 ; uart_rx_packet_new:packet_inst|rx_clear ; uart_controller:uart_ctrl_inst|uart_rx:rx_inst|valid_timeout_cnt[1] ; CLOCK_50     ; uart_controller:uart_ctrl_inst|baud_rate_gen:brg_inst|ov_tick ; 1.000        ; -0.241     ; 0.996      ;
; -0.205 ; uart_rx_packet_new:packet_inst|rx_clear ; uart_controller:uart_ctrl_inst|uart_rx:rx_inst|valid_timeout_cnt[2] ; CLOCK_50     ; uart_controller:uart_ctrl_inst|baud_rate_gen:brg_inst|ov_tick ; 1.000        ; -0.241     ; 0.996      ;
; -0.205 ; uart_rx_packet_new:packet_inst|rx_clear ; uart_controller:uart_ctrl_inst|uart_rx:rx_inst|valid_timeout_cnt[3] ; CLOCK_50     ; uart_controller:uart_ctrl_inst|baud_rate_gen:brg_inst|ov_tick ; 1.000        ; -0.241     ; 0.996      ;
; -0.205 ; uart_rx_packet_new:packet_inst|rx_clear ; uart_controller:uart_ctrl_inst|uart_rx:rx_inst|valid_timeout_cnt[5] ; CLOCK_50     ; uart_controller:uart_ctrl_inst|baud_rate_gen:brg_inst|ov_tick ; 1.000        ; -0.241     ; 0.996      ;
; -0.205 ; uart_rx_packet_new:packet_inst|rx_clear ; uart_controller:uart_ctrl_inst|uart_rx:rx_inst|valid_timeout_cnt[6] ; CLOCK_50     ; uart_controller:uart_ctrl_inst|baud_rate_gen:brg_inst|ov_tick ; 1.000        ; -0.241     ; 0.996      ;
; -0.205 ; uart_rx_packet_new:packet_inst|rx_clear ; uart_controller:uart_ctrl_inst|uart_rx:rx_inst|valid_timeout_cnt[7] ; CLOCK_50     ; uart_controller:uart_ctrl_inst|baud_rate_gen:brg_inst|ov_tick ; 1.000        ; -0.241     ; 0.996      ;
; -0.205 ; uart_rx_packet_new:packet_inst|rx_clear ; uart_controller:uart_ctrl_inst|uart_rx:rx_inst|valid_timeout_cnt[4] ; CLOCK_50     ; uart_controller:uart_ctrl_inst|baud_rate_gen:brg_inst|ov_tick ; 1.000        ; -0.241     ; 0.996      ;
; -0.205 ; uart_rx_packet_new:packet_inst|rx_clear ; uart_controller:uart_ctrl_inst|uart_rx:rx_inst|rx_valid             ; CLOCK_50     ; uart_controller:uart_ctrl_inst|baud_rate_gen:brg_inst|ov_tick ; 1.000        ; -0.241     ; 0.996      ;
+--------+-----------------------------------------+---------------------------------------------------------------------+--------------+---------------------------------------------------------------+--------------+------------+------------+


+-----------------------------------------------------------------------------------------------------------------------------------------------------------------------------------------------------------------------------------------------+
; Fast Model Removal: 'uart_controller:uart_ctrl_inst|baud_rate_gen:brg_inst|ov_tick'                                                                                                                                                           ;
+-------+-----------------------------------------+---------------------------------------------------------------------+--------------+---------------------------------------------------------------+--------------+------------+------------+
; Slack ; From Node                               ; To Node                                                             ; Launch Clock ; Latch Clock                                                   ; Relationship ; Clock Skew ; Data Delay ;
+-------+-----------------------------------------+---------------------------------------------------------------------+--------------+---------------------------------------------------------------+--------------+------------+------------+
; 1.085 ; uart_rx_packet_new:packet_inst|rx_clear ; uart_controller:uart_ctrl_inst|uart_rx:rx_inst|valid_timeout_cnt[0] ; CLOCK_50     ; uart_controller:uart_ctrl_inst|baud_rate_gen:brg_inst|ov_tick ; 0.000        ; -0.241     ; 0.996      ;
; 1.085 ; uart_rx_packet_new:packet_inst|rx_clear ; uart_controller:uart_ctrl_inst|uart_rx:rx_inst|valid_timeout_cnt[1] ; CLOCK_50     ; uart_controller:uart_ctrl_inst|baud_rate_gen:brg_inst|ov_tick ; 0.000        ; -0.241     ; 0.996      ;
; 1.085 ; uart_rx_packet_new:packet_inst|rx_clear ; uart_controller:uart_ctrl_inst|uart_rx:rx_inst|valid_timeout_cnt[2] ; CLOCK_50     ; uart_controller:uart_ctrl_inst|baud_rate_gen:brg_inst|ov_tick ; 0.000        ; -0.241     ; 0.996      ;
; 1.085 ; uart_rx_packet_new:packet_inst|rx_clear ; uart_controller:uart_ctrl_inst|uart_rx:rx_inst|valid_timeout_cnt[3] ; CLOCK_50     ; uart_controller:uart_ctrl_inst|baud_rate_gen:brg_inst|ov_tick ; 0.000        ; -0.241     ; 0.996      ;
; 1.085 ; uart_rx_packet_new:packet_inst|rx_clear ; uart_controller:uart_ctrl_inst|uart_rx:rx_inst|valid_timeout_cnt[5] ; CLOCK_50     ; uart_controller:uart_ctrl_inst|baud_rate_gen:brg_inst|ov_tick ; 0.000        ; -0.241     ; 0.996      ;
; 1.085 ; uart_rx_packet_new:packet_inst|rx_clear ; uart_controller:uart_ctrl_inst|uart_rx:rx_inst|valid_timeout_cnt[6] ; CLOCK_50     ; uart_controller:uart_ctrl_inst|baud_rate_gen:brg_inst|ov_tick ; 0.000        ; -0.241     ; 0.996      ;
; 1.085 ; uart_rx_packet_new:packet_inst|rx_clear ; uart_controller:uart_ctrl_inst|uart_rx:rx_inst|valid_timeout_cnt[7] ; CLOCK_50     ; uart_controller:uart_ctrl_inst|baud_rate_gen:brg_inst|ov_tick ; 0.000        ; -0.241     ; 0.996      ;
; 1.085 ; uart_rx_packet_new:packet_inst|rx_clear ; uart_controller:uart_ctrl_inst|uart_rx:rx_inst|valid_timeout_cnt[4] ; CLOCK_50     ; uart_controller:uart_ctrl_inst|baud_rate_gen:brg_inst|ov_tick ; 0.000        ; -0.241     ; 0.996      ;
; 1.085 ; uart_rx_packet_new:packet_inst|rx_clear ; uart_controller:uart_ctrl_inst|uart_rx:rx_inst|rx_valid             ; CLOCK_50     ; uart_controller:uart_ctrl_inst|baud_rate_gen:brg_inst|ov_tick ; 0.000        ; -0.241     ; 0.996      ;
+-------+-----------------------------------------+---------------------------------------------------------------------+--------------+---------------------------------------------------------------+--------------+------------+------------+


+-----------------------------------------------------------------------------------------------------------------------------------------------------------------------------------------------------------+
; Fast Model Minimum Pulse Width: 'CLOCK_50'                                                                                                                                                                ;
+--------+--------------+----------------+------------------+----------+------------+-----------------------------------------------------------------------------------------------------------------------+
; Slack  ; Actual Width ; Required Width ; Type             ; Clock    ; Clock Edge ; Target                                                                                                                ;
+--------+--------------+----------------+------------------+----------+------------+-----------------------------------------------------------------------------------------------------------------------+
; -1.627 ; 0.500        ; 2.127          ; High Pulse Width ; CLOCK_50 ; Rise       ; uart_rx_packet_new:packet_inst|altsyncram:buffer_rtl_0|altsyncram_09c1:auto_generated|ram_block1a0~porta_address_reg0 ;
; -1.627 ; 0.500        ; 2.127          ; Low Pulse Width  ; CLOCK_50 ; Rise       ; uart_rx_packet_new:packet_inst|altsyncram:buffer_rtl_0|altsyncram_09c1:auto_generated|ram_block1a0~porta_address_reg0 ;
; -1.627 ; 0.500        ; 2.127          ; High Pulse Width ; CLOCK_50 ; Rise       ; uart_rx_packet_new:packet_inst|altsyncram:buffer_rtl_0|altsyncram_09c1:auto_generated|ram_block1a0~porta_address_reg1 ;
; -1.627 ; 0.500        ; 2.127          ; Low Pulse Width  ; CLOCK_50 ; Rise       ; uart_rx_packet_new:packet_inst|altsyncram:buffer_rtl_0|altsyncram_09c1:auto_generated|ram_block1a0~porta_address_reg1 ;
; -1.627 ; 0.500        ; 2.127          ; High Pulse Width ; CLOCK_50 ; Rise       ; uart_rx_packet_new:packet_inst|altsyncram:buffer_rtl_0|altsyncram_09c1:auto_generated|ram_block1a0~porta_address_reg2 ;
; -1.627 ; 0.500        ; 2.127          ; Low Pulse Width  ; CLOCK_50 ; Rise       ; uart_rx_packet_new:packet_inst|altsyncram:buffer_rtl_0|altsyncram_09c1:auto_generated|ram_block1a0~porta_address_reg2 ;
; -1.627 ; 0.500        ; 2.127          ; High Pulse Width ; CLOCK_50 ; Rise       ; uart_rx_packet_new:packet_inst|altsyncram:buffer_rtl_0|altsyncram_09c1:auto_generated|ram_block1a0~porta_address_reg3 ;
; -1.627 ; 0.500        ; 2.127          ; Low Pulse Width  ; CLOCK_50 ; Rise       ; uart_rx_packet_new:packet_inst|altsyncram:buffer_rtl_0|altsyncram_09c1:auto_generated|ram_block1a0~porta_address_reg3 ;
; -1.627 ; 0.500        ; 2.127          ; High Pulse Width ; CLOCK_50 ; Rise       ; uart_rx_packet_new:packet_inst|altsyncram:buffer_rtl_0|altsyncram_09c1:auto_generated|ram_block1a0~porta_address_reg4 ;
; -1.627 ; 0.500        ; 2.127          ; Low Pulse Width  ; CLOCK_50 ; Rise       ; uart_rx_packet_new:packet_inst|altsyncram:buffer_rtl_0|altsyncram_09c1:auto_generated|ram_block1a0~porta_address_reg4 ;
; -1.627 ; 0.500        ; 2.127          ; High Pulse Width ; CLOCK_50 ; Rise       ; uart_rx_packet_new:packet_inst|altsyncram:buffer_rtl_0|altsyncram_09c1:auto_generated|ram_block1a0~porta_address_reg5 ;
; -1.627 ; 0.500        ; 2.127          ; Low Pulse Width  ; CLOCK_50 ; Rise       ; uart_rx_packet_new:packet_inst|altsyncram:buffer_rtl_0|altsyncram_09c1:auto_generated|ram_block1a0~porta_address_reg5 ;
; -1.627 ; 0.500        ; 2.127          ; High Pulse Width ; CLOCK_50 ; Rise       ; uart_rx_packet_new:packet_inst|altsyncram:buffer_rtl_0|altsyncram_09c1:auto_generated|ram_block1a0~porta_address_reg6 ;
; -1.627 ; 0.500        ; 2.127          ; Low Pulse Width  ; CLOCK_50 ; Rise       ; uart_rx_packet_new:packet_inst|altsyncram:buffer_rtl_0|altsyncram_09c1:auto_generated|ram_block1a0~porta_address_reg6 ;
; -1.627 ; 0.500        ; 2.127          ; High Pulse Width ; CLOCK_50 ; Rise       ; uart_rx_packet_new:packet_inst|altsyncram:buffer_rtl_0|altsyncram_09c1:auto_generated|ram_block1a0~porta_address_reg7 ;
; -1.627 ; 0.500        ; 2.127          ; Low Pulse Width  ; CLOCK_50 ; Rise       ; uart_rx_packet_new:packet_inst|altsyncram:buffer_rtl_0|altsyncram_09c1:auto_generated|ram_block1a0~porta_address_reg7 ;
; -1.627 ; 0.500        ; 2.127          ; High Pulse Width ; CLOCK_50 ; Rise       ; uart_rx_packet_new:packet_inst|altsyncram:buffer_rtl_0|altsyncram_09c1:auto_generated|ram_block1a0~porta_datain_reg0  ;
; -1.627 ; 0.500        ; 2.127          ; Low Pulse Width  ; CLOCK_50 ; Rise       ; uart_rx_packet_new:packet_inst|altsyncram:buffer_rtl_0|altsyncram_09c1:auto_generated|ram_block1a0~porta_datain_reg0  ;
; -1.627 ; 0.500        ; 2.127          ; High Pulse Width ; CLOCK_50 ; Rise       ; uart_rx_packet_new:packet_inst|altsyncram:buffer_rtl_0|altsyncram_09c1:auto_generated|ram_block1a0~porta_datain_reg1  ;
; -1.627 ; 0.500        ; 2.127          ; Low Pulse Width  ; CLOCK_50 ; Rise       ; uart_rx_packet_new:packet_inst|altsyncram:buffer_rtl_0|altsyncram_09c1:auto_generated|ram_block1a0~porta_datain_reg1  ;
; -1.627 ; 0.500        ; 2.127          ; High Pulse Width ; CLOCK_50 ; Rise       ; uart_rx_packet_new:packet_inst|altsyncram:buffer_rtl_0|altsyncram_09c1:auto_generated|ram_block1a0~porta_datain_reg2  ;
; -1.627 ; 0.500        ; 2.127          ; Low Pulse Width  ; CLOCK_50 ; Rise       ; uart_rx_packet_new:packet_inst|altsyncram:buffer_rtl_0|altsyncram_09c1:auto_generated|ram_block1a0~porta_datain_reg2  ;
; -1.627 ; 0.500        ; 2.127          ; High Pulse Width ; CLOCK_50 ; Rise       ; uart_rx_packet_new:packet_inst|altsyncram:buffer_rtl_0|altsyncram_09c1:auto_generated|ram_block1a0~porta_datain_reg3  ;
; -1.627 ; 0.500        ; 2.127          ; Low Pulse Width  ; CLOCK_50 ; Rise       ; uart_rx_packet_new:packet_inst|altsyncram:buffer_rtl_0|altsyncram_09c1:auto_generated|ram_block1a0~porta_datain_reg3  ;
; -1.627 ; 0.500        ; 2.127          ; High Pulse Width ; CLOCK_50 ; Rise       ; uart_rx_packet_new:packet_inst|altsyncram:buffer_rtl_0|altsyncram_09c1:auto_generated|ram_block1a0~porta_datain_reg4  ;
; -1.627 ; 0.500        ; 2.127          ; Low Pulse Width  ; CLOCK_50 ; Rise       ; uart_rx_packet_new:packet_inst|altsyncram:buffer_rtl_0|altsyncram_09c1:auto_generated|ram_block1a0~porta_datain_reg4  ;
; -1.627 ; 0.500        ; 2.127          ; High Pulse Width ; CLOCK_50 ; Rise       ; uart_rx_packet_new:packet_inst|altsyncram:buffer_rtl_0|altsyncram_09c1:auto_generated|ram_block1a0~porta_datain_reg5  ;
; -1.627 ; 0.500        ; 2.127          ; Low Pulse Width  ; CLOCK_50 ; Rise       ; uart_rx_packet_new:packet_inst|altsyncram:buffer_rtl_0|altsyncram_09c1:auto_generated|ram_block1a0~porta_datain_reg5  ;
; -1.627 ; 0.500        ; 2.127          ; High Pulse Width ; CLOCK_50 ; Rise       ; uart_rx_packet_new:packet_inst|altsyncram:buffer_rtl_0|altsyncram_09c1:auto_generated|ram_block1a0~porta_datain_reg6  ;
; -1.627 ; 0.500        ; 2.127          ; Low Pulse Width  ; CLOCK_50 ; Rise       ; uart_rx_packet_new:packet_inst|altsyncram:buffer_rtl_0|altsyncram_09c1:auto_generated|ram_block1a0~porta_datain_reg6  ;
; -1.627 ; 0.500        ; 2.127          ; High Pulse Width ; CLOCK_50 ; Rise       ; uart_rx_packet_new:packet_inst|altsyncram:buffer_rtl_0|altsyncram_09c1:auto_generated|ram_block1a0~porta_datain_reg7  ;
; -1.627 ; 0.500        ; 2.127          ; Low Pulse Width  ; CLOCK_50 ; Rise       ; uart_rx_packet_new:packet_inst|altsyncram:buffer_rtl_0|altsyncram_09c1:auto_generated|ram_block1a0~porta_datain_reg7  ;
; -1.627 ; 0.500        ; 2.127          ; High Pulse Width ; CLOCK_50 ; Rise       ; uart_rx_packet_new:packet_inst|altsyncram:buffer_rtl_0|altsyncram_09c1:auto_generated|ram_block1a0~porta_memory_reg0  ;
; -1.627 ; 0.500        ; 2.127          ; Low Pulse Width  ; CLOCK_50 ; Rise       ; uart_rx_packet_new:packet_inst|altsyncram:buffer_rtl_0|altsyncram_09c1:auto_generated|ram_block1a0~porta_memory_reg0  ;
; -1.627 ; 0.500        ; 2.127          ; High Pulse Width ; CLOCK_50 ; Rise       ; uart_rx_packet_new:packet_inst|altsyncram:buffer_rtl_0|altsyncram_09c1:auto_generated|ram_block1a0~porta_we_reg       ;
; -1.627 ; 0.500        ; 2.127          ; Low Pulse Width  ; CLOCK_50 ; Rise       ; uart_rx_packet_new:packet_inst|altsyncram:buffer_rtl_0|altsyncram_09c1:auto_generated|ram_block1a0~porta_we_reg       ;
; -1.627 ; 0.500        ; 2.127          ; High Pulse Width ; CLOCK_50 ; Rise       ; uart_rx_packet_new:packet_inst|altsyncram:buffer_rtl_0|altsyncram_09c1:auto_generated|ram_block1a0~portb_address_reg0 ;
; -1.627 ; 0.500        ; 2.127          ; Low Pulse Width  ; CLOCK_50 ; Rise       ; uart_rx_packet_new:packet_inst|altsyncram:buffer_rtl_0|altsyncram_09c1:auto_generated|ram_block1a0~portb_address_reg0 ;
; -1.627 ; 0.500        ; 2.127          ; High Pulse Width ; CLOCK_50 ; Rise       ; uart_rx_packet_new:packet_inst|altsyncram:buffer_rtl_0|altsyncram_09c1:auto_generated|ram_block1a0~portb_address_reg1 ;
; -1.627 ; 0.500        ; 2.127          ; Low Pulse Width  ; CLOCK_50 ; Rise       ; uart_rx_packet_new:packet_inst|altsyncram:buffer_rtl_0|altsyncram_09c1:auto_generated|ram_block1a0~portb_address_reg1 ;
; -1.627 ; 0.500        ; 2.127          ; High Pulse Width ; CLOCK_50 ; Rise       ; uart_rx_packet_new:packet_inst|altsyncram:buffer_rtl_0|altsyncram_09c1:auto_generated|ram_block1a0~portb_address_reg2 ;
; -1.627 ; 0.500        ; 2.127          ; Low Pulse Width  ; CLOCK_50 ; Rise       ; uart_rx_packet_new:packet_inst|altsyncram:buffer_rtl_0|altsyncram_09c1:auto_generated|ram_block1a0~portb_address_reg2 ;
; -1.627 ; 0.500        ; 2.127          ; High Pulse Width ; CLOCK_50 ; Rise       ; uart_rx_packet_new:packet_inst|altsyncram:buffer_rtl_0|altsyncram_09c1:auto_generated|ram_block1a0~portb_address_reg3 ;
; -1.627 ; 0.500        ; 2.127          ; Low Pulse Width  ; CLOCK_50 ; Rise       ; uart_rx_packet_new:packet_inst|altsyncram:buffer_rtl_0|altsyncram_09c1:auto_generated|ram_block1a0~portb_address_reg3 ;
; -1.627 ; 0.500        ; 2.127          ; High Pulse Width ; CLOCK_50 ; Rise       ; uart_rx_packet_new:packet_inst|altsyncram:buffer_rtl_0|altsyncram_09c1:auto_generated|ram_block1a0~portb_address_reg4 ;
; -1.627 ; 0.500        ; 2.127          ; Low Pulse Width  ; CLOCK_50 ; Rise       ; uart_rx_packet_new:packet_inst|altsyncram:buffer_rtl_0|altsyncram_09c1:auto_generated|ram_block1a0~portb_address_reg4 ;
; -1.627 ; 0.500        ; 2.127          ; High Pulse Width ; CLOCK_50 ; Rise       ; uart_rx_packet_new:packet_inst|altsyncram:buffer_rtl_0|altsyncram_09c1:auto_generated|ram_block1a0~portb_address_reg5 ;
; -1.627 ; 0.500        ; 2.127          ; Low Pulse Width  ; CLOCK_50 ; Rise       ; uart_rx_packet_new:packet_inst|altsyncram:buffer_rtl_0|altsyncram_09c1:auto_generated|ram_block1a0~portb_address_reg5 ;
; -1.627 ; 0.500        ; 2.127          ; High Pulse Width ; CLOCK_50 ; Rise       ; uart_rx_packet_new:packet_inst|altsyncram:buffer_rtl_0|altsyncram_09c1:auto_generated|ram_block1a0~portb_address_reg6 ;
; -1.627 ; 0.500        ; 2.127          ; Low Pulse Width  ; CLOCK_50 ; Rise       ; uart_rx_packet_new:packet_inst|altsyncram:buffer_rtl_0|altsyncram_09c1:auto_generated|ram_block1a0~portb_address_reg6 ;
; -1.627 ; 0.500        ; 2.127          ; High Pulse Width ; CLOCK_50 ; Rise       ; uart_rx_packet_new:packet_inst|altsyncram:buffer_rtl_0|altsyncram_09c1:auto_generated|ram_block1a0~portb_address_reg7 ;
; -1.627 ; 0.500        ; 2.127          ; Low Pulse Width  ; CLOCK_50 ; Rise       ; uart_rx_packet_new:packet_inst|altsyncram:buffer_rtl_0|altsyncram_09c1:auto_generated|ram_block1a0~portb_address_reg7 ;
; -1.627 ; 0.500        ; 2.127          ; High Pulse Width ; CLOCK_50 ; Rise       ; uart_rx_packet_new:packet_inst|altsyncram:buffer_rtl_0|altsyncram_09c1:auto_generated|ram_block1a1~porta_memory_reg0  ;
; -1.627 ; 0.500        ; 2.127          ; Low Pulse Width  ; CLOCK_50 ; Rise       ; uart_rx_packet_new:packet_inst|altsyncram:buffer_rtl_0|altsyncram_09c1:auto_generated|ram_block1a1~porta_memory_reg0  ;
; -1.627 ; 0.500        ; 2.127          ; High Pulse Width ; CLOCK_50 ; Rise       ; uart_rx_packet_new:packet_inst|altsyncram:buffer_rtl_0|altsyncram_09c1:auto_generated|ram_block1a2~porta_memory_reg0  ;
; -1.627 ; 0.500        ; 2.127          ; Low Pulse Width  ; CLOCK_50 ; Rise       ; uart_rx_packet_new:packet_inst|altsyncram:buffer_rtl_0|altsyncram_09c1:auto_generated|ram_block1a2~porta_memory_reg0  ;
; -1.627 ; 0.500        ; 2.127          ; High Pulse Width ; CLOCK_50 ; Rise       ; uart_rx_packet_new:packet_inst|altsyncram:buffer_rtl_0|altsyncram_09c1:auto_generated|ram_block1a3~porta_memory_reg0  ;
; -1.627 ; 0.500        ; 2.127          ; Low Pulse Width  ; CLOCK_50 ; Rise       ; uart_rx_packet_new:packet_inst|altsyncram:buffer_rtl_0|altsyncram_09c1:auto_generated|ram_block1a3~porta_memory_reg0  ;
; -1.627 ; 0.500        ; 2.127          ; High Pulse Width ; CLOCK_50 ; Rise       ; uart_rx_packet_new:packet_inst|altsyncram:buffer_rtl_0|altsyncram_09c1:auto_generated|ram_block1a4~porta_memory_reg0  ;
; -1.627 ; 0.500        ; 2.127          ; Low Pulse Width  ; CLOCK_50 ; Rise       ; uart_rx_packet_new:packet_inst|altsyncram:buffer_rtl_0|altsyncram_09c1:auto_generated|ram_block1a4~porta_memory_reg0  ;
; -1.627 ; 0.500        ; 2.127          ; High Pulse Width ; CLOCK_50 ; Rise       ; uart_rx_packet_new:packet_inst|altsyncram:buffer_rtl_0|altsyncram_09c1:auto_generated|ram_block1a5~porta_memory_reg0  ;
; -1.627 ; 0.500        ; 2.127          ; Low Pulse Width  ; CLOCK_50 ; Rise       ; uart_rx_packet_new:packet_inst|altsyncram:buffer_rtl_0|altsyncram_09c1:auto_generated|ram_block1a5~porta_memory_reg0  ;
; -1.627 ; 0.500        ; 2.127          ; High Pulse Width ; CLOCK_50 ; Rise       ; uart_rx_packet_new:packet_inst|altsyncram:buffer_rtl_0|altsyncram_09c1:auto_generated|ram_block1a6~porta_memory_reg0  ;
; -1.627 ; 0.500        ; 2.127          ; Low Pulse Width  ; CLOCK_50 ; Rise       ; uart_rx_packet_new:packet_inst|altsyncram:buffer_rtl_0|altsyncram_09c1:auto_generated|ram_block1a6~porta_memory_reg0  ;
; -1.627 ; 0.500        ; 2.127          ; High Pulse Width ; CLOCK_50 ; Rise       ; uart_rx_packet_new:packet_inst|altsyncram:buffer_rtl_0|altsyncram_09c1:auto_generated|ram_block1a7~porta_memory_reg0  ;
; -1.627 ; 0.500        ; 2.127          ; Low Pulse Width  ; CLOCK_50 ; Rise       ; uart_rx_packet_new:packet_inst|altsyncram:buffer_rtl_0|altsyncram_09c1:auto_generated|ram_block1a7~porta_memory_reg0  ;
; -1.380 ; 1.000        ; 2.380          ; Port Rate        ; CLOCK_50 ; Rise       ; CLOCK_50                                                                                                              ;
; -0.500 ; 0.500        ; 1.000          ; High Pulse Width ; CLOCK_50 ; Rise       ; packet_cnt[0]                                                                                                         ;
; -0.500 ; 0.500        ; 1.000          ; Low Pulse Width  ; CLOCK_50 ; Rise       ; packet_cnt[0]                                                                                                         ;
; -0.500 ; 0.500        ; 1.000          ; High Pulse Width ; CLOCK_50 ; Rise       ; packet_cnt[10]                                                                                                        ;
; -0.500 ; 0.500        ; 1.000          ; Low Pulse Width  ; CLOCK_50 ; Rise       ; packet_cnt[10]                                                                                                        ;
; -0.500 ; 0.500        ; 1.000          ; High Pulse Width ; CLOCK_50 ; Rise       ; packet_cnt[11]                                                                                                        ;
; -0.500 ; 0.500        ; 1.000          ; Low Pulse Width  ; CLOCK_50 ; Rise       ; packet_cnt[11]                                                                                                        ;
; -0.500 ; 0.500        ; 1.000          ; High Pulse Width ; CLOCK_50 ; Rise       ; packet_cnt[1]                                                                                                         ;
; -0.500 ; 0.500        ; 1.000          ; Low Pulse Width  ; CLOCK_50 ; Rise       ; packet_cnt[1]                                                                                                         ;
; -0.500 ; 0.500        ; 1.000          ; High Pulse Width ; CLOCK_50 ; Rise       ; packet_cnt[2]                                                                                                         ;
; -0.500 ; 0.500        ; 1.000          ; Low Pulse Width  ; CLOCK_50 ; Rise       ; packet_cnt[2]                                                                                                         ;
; -0.500 ; 0.500        ; 1.000          ; High Pulse Width ; CLOCK_50 ; Rise       ; packet_cnt[3]                                                                                                         ;
; -0.500 ; 0.500        ; 1.000          ; Low Pulse Width  ; CLOCK_50 ; Rise       ; packet_cnt[3]                                                                                                         ;
; -0.500 ; 0.500        ; 1.000          ; High Pulse Width ; CLOCK_50 ; Rise       ; packet_cnt[4]                                                                                                         ;
; -0.500 ; 0.500        ; 1.000          ; Low Pulse Width  ; CLOCK_50 ; Rise       ; packet_cnt[4]                                                                                                         ;
; -0.500 ; 0.500        ; 1.000          ; High Pulse Width ; CLOCK_50 ; Rise       ; packet_cnt[5]                                                                                                         ;
; -0.500 ; 0.500        ; 1.000          ; Low Pulse Width  ; CLOCK_50 ; Rise       ; packet_cnt[5]                                                                                                         ;
; -0.500 ; 0.500        ; 1.000          ; High Pulse Width ; CLOCK_50 ; Rise       ; packet_cnt[6]                                                                                                         ;
; -0.500 ; 0.500        ; 1.000          ; Low Pulse Width  ; CLOCK_50 ; Rise       ; packet_cnt[6]                                                                                                         ;
; -0.500 ; 0.500        ; 1.000          ; High Pulse Width ; CLOCK_50 ; Rise       ; packet_cnt[7]                                                                                                         ;
; -0.500 ; 0.500        ; 1.000          ; Low Pulse Width  ; CLOCK_50 ; Rise       ; packet_cnt[7]                                                                                                         ;
; -0.500 ; 0.500        ; 1.000          ; High Pulse Width ; CLOCK_50 ; Rise       ; packet_cnt[8]                                                                                                         ;
; -0.500 ; 0.500        ; 1.000          ; Low Pulse Width  ; CLOCK_50 ; Rise       ; packet_cnt[8]                                                                                                         ;
; -0.500 ; 0.500        ; 1.000          ; High Pulse Width ; CLOCK_50 ; Rise       ; packet_cnt[9]                                                                                                         ;
; -0.500 ; 0.500        ; 1.000          ; Low Pulse Width  ; CLOCK_50 ; Rise       ; packet_cnt[9]                                                                                                         ;
; -0.500 ; 0.500        ; 1.000          ; High Pulse Width ; CLOCK_50 ; Rise       ; packet_valid_d                                                                                                        ;
; -0.500 ; 0.500        ; 1.000          ; Low Pulse Width  ; CLOCK_50 ; Rise       ; packet_valid_d                                                                                                        ;
; -0.500 ; 0.500        ; 1.000          ; High Pulse Width ; CLOCK_50 ; Rise       ; sram_packet_writer:sram_writer_inst|addr_latch[0]                                                                     ;
; -0.500 ; 0.500        ; 1.000          ; Low Pulse Width  ; CLOCK_50 ; Rise       ; sram_packet_writer:sram_writer_inst|addr_latch[0]                                                                     ;
; -0.500 ; 0.500        ; 1.000          ; High Pulse Width ; CLOCK_50 ; Rise       ; sram_packet_writer:sram_writer_inst|addr_latch[10]                                                                    ;
; -0.500 ; 0.500        ; 1.000          ; Low Pulse Width  ; CLOCK_50 ; Rise       ; sram_packet_writer:sram_writer_inst|addr_latch[10]                                                                    ;
; -0.500 ; 0.500        ; 1.000          ; High Pulse Width ; CLOCK_50 ; Rise       ; sram_packet_writer:sram_writer_inst|addr_latch[11]                                                                    ;
; -0.500 ; 0.500        ; 1.000          ; Low Pulse Width  ; CLOCK_50 ; Rise       ; sram_packet_writer:sram_writer_inst|addr_latch[11]                                                                    ;
; -0.500 ; 0.500        ; 1.000          ; High Pulse Width ; CLOCK_50 ; Rise       ; sram_packet_writer:sram_writer_inst|addr_latch[12]                                                                    ;
+--------+--------------+----------------+------------------+----------+------------+-----------------------------------------------------------------------------------------------------------------------+


+--------------------------------------------------------------------------------------------------------------------------------------------------------------------------------------------------------------+
; Fast Model Minimum Pulse Width: 'uart_controller:uart_ctrl_inst|baud_rate_gen:brg_inst|ov_tick'                                                                                                              ;
+--------+--------------+----------------+------------------+---------------------------------------------------------------+------------+---------------------------------------------------------------------+
; Slack  ; Actual Width ; Required Width ; Type             ; Clock                                                         ; Clock Edge ; Target                                                              ;
+--------+--------------+----------------+------------------+---------------------------------------------------------------+------------+---------------------------------------------------------------------+
; -0.500 ; 0.500        ; 1.000          ; High Pulse Width ; uart_controller:uart_ctrl_inst|baud_rate_gen:brg_inst|ov_tick ; Rise       ; uart_controller:uart_ctrl_inst|uart_rx:rx_inst|bit_cnt[0]           ;
; -0.500 ; 0.500        ; 1.000          ; Low Pulse Width  ; uart_controller:uart_ctrl_inst|baud_rate_gen:brg_inst|ov_tick ; Rise       ; uart_controller:uart_ctrl_inst|uart_rx:rx_inst|bit_cnt[0]           ;
; -0.500 ; 0.500        ; 1.000          ; High Pulse Width ; uart_controller:uart_ctrl_inst|baud_rate_gen:brg_inst|ov_tick ; Rise       ; uart_controller:uart_ctrl_inst|uart_rx:rx_inst|bit_cnt[1]           ;
; -0.500 ; 0.500        ; 1.000          ; Low Pulse Width  ; uart_controller:uart_ctrl_inst|baud_rate_gen:brg_inst|ov_tick ; Rise       ; uart_controller:uart_ctrl_inst|uart_rx:rx_inst|bit_cnt[1]           ;
; -0.500 ; 0.500        ; 1.000          ; High Pulse Width ; uart_controller:uart_ctrl_inst|baud_rate_gen:brg_inst|ov_tick ; Rise       ; uart_controller:uart_ctrl_inst|uart_rx:rx_inst|bit_cnt[2]           ;
; -0.500 ; 0.500        ; 1.000          ; Low Pulse Width  ; uart_controller:uart_ctrl_inst|baud_rate_gen:brg_inst|ov_tick ; Rise       ; uart_controller:uart_ctrl_inst|uart_rx:rx_inst|bit_cnt[2]           ;
; -0.500 ; 0.500        ; 1.000          ; High Pulse Width ; uart_controller:uart_ctrl_inst|baud_rate_gen:brg_inst|ov_tick ; Rise       ; uart_controller:uart_ctrl_inst|uart_rx:rx_inst|data_out[0]          ;
; -0.500 ; 0.500        ; 1.000          ; Low Pulse Width  ; uart_controller:uart_ctrl_inst|baud_rate_gen:brg_inst|ov_tick ; Rise       ; uart_controller:uart_ctrl_inst|uart_rx:rx_inst|data_out[0]          ;
; -0.500 ; 0.500        ; 1.000          ; High Pulse Width ; uart_controller:uart_ctrl_inst|baud_rate_gen:brg_inst|ov_tick ; Rise       ; uart_controller:uart_ctrl_inst|uart_rx:rx_inst|data_out[1]          ;
; -0.500 ; 0.500        ; 1.000          ; Low Pulse Width  ; uart_controller:uart_ctrl_inst|baud_rate_gen:brg_inst|ov_tick ; Rise       ; uart_controller:uart_ctrl_inst|uart_rx:rx_inst|data_out[1]          ;
; -0.500 ; 0.500        ; 1.000          ; High Pulse Width ; uart_controller:uart_ctrl_inst|baud_rate_gen:brg_inst|ov_tick ; Rise       ; uart_controller:uart_ctrl_inst|uart_rx:rx_inst|data_out[2]          ;
; -0.500 ; 0.500        ; 1.000          ; Low Pulse Width  ; uart_controller:uart_ctrl_inst|baud_rate_gen:brg_inst|ov_tick ; Rise       ; uart_controller:uart_ctrl_inst|uart_rx:rx_inst|data_out[2]          ;
; -0.500 ; 0.500        ; 1.000          ; High Pulse Width ; uart_controller:uart_ctrl_inst|baud_rate_gen:brg_inst|ov_tick ; Rise       ; uart_controller:uart_ctrl_inst|uart_rx:rx_inst|data_out[3]          ;
; -0.500 ; 0.500        ; 1.000          ; Low Pulse Width  ; uart_controller:uart_ctrl_inst|baud_rate_gen:brg_inst|ov_tick ; Rise       ; uart_controller:uart_ctrl_inst|uart_rx:rx_inst|data_out[3]          ;
; -0.500 ; 0.500        ; 1.000          ; High Pulse Width ; uart_controller:uart_ctrl_inst|baud_rate_gen:brg_inst|ov_tick ; Rise       ; uart_controller:uart_ctrl_inst|uart_rx:rx_inst|data_out[4]          ;
; -0.500 ; 0.500        ; 1.000          ; Low Pulse Width  ; uart_controller:uart_ctrl_inst|baud_rate_gen:brg_inst|ov_tick ; Rise       ; uart_controller:uart_ctrl_inst|uart_rx:rx_inst|data_out[4]          ;
; -0.500 ; 0.500        ; 1.000          ; High Pulse Width ; uart_controller:uart_ctrl_inst|baud_rate_gen:brg_inst|ov_tick ; Rise       ; uart_controller:uart_ctrl_inst|uart_rx:rx_inst|data_out[5]          ;
; -0.500 ; 0.500        ; 1.000          ; Low Pulse Width  ; uart_controller:uart_ctrl_inst|baud_rate_gen:brg_inst|ov_tick ; Rise       ; uart_controller:uart_ctrl_inst|uart_rx:rx_inst|data_out[5]          ;
; -0.500 ; 0.500        ; 1.000          ; High Pulse Width ; uart_controller:uart_ctrl_inst|baud_rate_gen:brg_inst|ov_tick ; Rise       ; uart_controller:uart_ctrl_inst|uart_rx:rx_inst|data_out[6]          ;
; -0.500 ; 0.500        ; 1.000          ; Low Pulse Width  ; uart_controller:uart_ctrl_inst|baud_rate_gen:brg_inst|ov_tick ; Rise       ; uart_controller:uart_ctrl_inst|uart_rx:rx_inst|data_out[6]          ;
; -0.500 ; 0.500        ; 1.000          ; High Pulse Width ; uart_controller:uart_ctrl_inst|baud_rate_gen:brg_inst|ov_tick ; Rise       ; uart_controller:uart_ctrl_inst|uart_rx:rx_inst|data_out[7]          ;
; -0.500 ; 0.500        ; 1.000          ; Low Pulse Width  ; uart_controller:uart_ctrl_inst|baud_rate_gen:brg_inst|ov_tick ; Rise       ; uart_controller:uart_ctrl_inst|uart_rx:rx_inst|data_out[7]          ;
; -0.500 ; 0.500        ; 1.000          ; High Pulse Width ; uart_controller:uart_ctrl_inst|baud_rate_gen:brg_inst|ov_tick ; Rise       ; uart_controller:uart_ctrl_inst|uart_rx:rx_inst|rx_reg[0]            ;
; -0.500 ; 0.500        ; 1.000          ; Low Pulse Width  ; uart_controller:uart_ctrl_inst|baud_rate_gen:brg_inst|ov_tick ; Rise       ; uart_controller:uart_ctrl_inst|uart_rx:rx_inst|rx_reg[0]            ;
; -0.500 ; 0.500        ; 1.000          ; High Pulse Width ; uart_controller:uart_ctrl_inst|baud_rate_gen:brg_inst|ov_tick ; Rise       ; uart_controller:uart_ctrl_inst|uart_rx:rx_inst|rx_reg[1]            ;
; -0.500 ; 0.500        ; 1.000          ; Low Pulse Width  ; uart_controller:uart_ctrl_inst|baud_rate_gen:brg_inst|ov_tick ; Rise       ; uart_controller:uart_ctrl_inst|uart_rx:rx_inst|rx_reg[1]            ;
; -0.500 ; 0.500        ; 1.000          ; High Pulse Width ; uart_controller:uart_ctrl_inst|baud_rate_gen:brg_inst|ov_tick ; Rise       ; uart_controller:uart_ctrl_inst|uart_rx:rx_inst|rx_reg[2]            ;
; -0.500 ; 0.500        ; 1.000          ; Low Pulse Width  ; uart_controller:uart_ctrl_inst|baud_rate_gen:brg_inst|ov_tick ; Rise       ; uart_controller:uart_ctrl_inst|uart_rx:rx_inst|rx_reg[2]            ;
; -0.500 ; 0.500        ; 1.000          ; High Pulse Width ; uart_controller:uart_ctrl_inst|baud_rate_gen:brg_inst|ov_tick ; Rise       ; uart_controller:uart_ctrl_inst|uart_rx:rx_inst|rx_reg[3]            ;
; -0.500 ; 0.500        ; 1.000          ; Low Pulse Width  ; uart_controller:uart_ctrl_inst|baud_rate_gen:brg_inst|ov_tick ; Rise       ; uart_controller:uart_ctrl_inst|uart_rx:rx_inst|rx_reg[3]            ;
; -0.500 ; 0.500        ; 1.000          ; High Pulse Width ; uart_controller:uart_ctrl_inst|baud_rate_gen:brg_inst|ov_tick ; Rise       ; uart_controller:uart_ctrl_inst|uart_rx:rx_inst|rx_reg[4]            ;
; -0.500 ; 0.500        ; 1.000          ; Low Pulse Width  ; uart_controller:uart_ctrl_inst|baud_rate_gen:brg_inst|ov_tick ; Rise       ; uart_controller:uart_ctrl_inst|uart_rx:rx_inst|rx_reg[4]            ;
; -0.500 ; 0.500        ; 1.000          ; High Pulse Width ; uart_controller:uart_ctrl_inst|baud_rate_gen:brg_inst|ov_tick ; Rise       ; uart_controller:uart_ctrl_inst|uart_rx:rx_inst|rx_reg[5]            ;
; -0.500 ; 0.500        ; 1.000          ; Low Pulse Width  ; uart_controller:uart_ctrl_inst|baud_rate_gen:brg_inst|ov_tick ; Rise       ; uart_controller:uart_ctrl_inst|uart_rx:rx_inst|rx_reg[5]            ;
; -0.500 ; 0.500        ; 1.000          ; High Pulse Width ; uart_controller:uart_ctrl_inst|baud_rate_gen:brg_inst|ov_tick ; Rise       ; uart_controller:uart_ctrl_inst|uart_rx:rx_inst|rx_reg[6]            ;
; -0.500 ; 0.500        ; 1.000          ; Low Pulse Width  ; uart_controller:uart_ctrl_inst|baud_rate_gen:brg_inst|ov_tick ; Rise       ; uart_controller:uart_ctrl_inst|uart_rx:rx_inst|rx_reg[6]            ;
; -0.500 ; 0.500        ; 1.000          ; High Pulse Width ; uart_controller:uart_ctrl_inst|baud_rate_gen:brg_inst|ov_tick ; Rise       ; uart_controller:uart_ctrl_inst|uart_rx:rx_inst|rx_reg[7]            ;
; -0.500 ; 0.500        ; 1.000          ; Low Pulse Width  ; uart_controller:uart_ctrl_inst|baud_rate_gen:brg_inst|ov_tick ; Rise       ; uart_controller:uart_ctrl_inst|uart_rx:rx_inst|rx_reg[7]            ;
; -0.500 ; 0.500        ; 1.000          ; High Pulse Width ; uart_controller:uart_ctrl_inst|baud_rate_gen:brg_inst|ov_tick ; Rise       ; uart_controller:uart_ctrl_inst|uart_rx:rx_inst|rx_valid             ;
; -0.500 ; 0.500        ; 1.000          ; Low Pulse Width  ; uart_controller:uart_ctrl_inst|baud_rate_gen:brg_inst|ov_tick ; Rise       ; uart_controller:uart_ctrl_inst|uart_rx:rx_inst|rx_valid             ;
; -0.500 ; 0.500        ; 1.000          ; High Pulse Width ; uart_controller:uart_ctrl_inst|baud_rate_gen:brg_inst|ov_tick ; Rise       ; uart_controller:uart_ctrl_inst|uart_rx:rx_inst|samples[0]           ;
; -0.500 ; 0.500        ; 1.000          ; Low Pulse Width  ; uart_controller:uart_ctrl_inst|baud_rate_gen:brg_inst|ov_tick ; Rise       ; uart_controller:uart_ctrl_inst|uart_rx:rx_inst|samples[0]           ;
; -0.500 ; 0.500        ; 1.000          ; High Pulse Width ; uart_controller:uart_ctrl_inst|baud_rate_gen:brg_inst|ov_tick ; Rise       ; uart_controller:uart_ctrl_inst|uart_rx:rx_inst|samples[1]           ;
; -0.500 ; 0.500        ; 1.000          ; Low Pulse Width  ; uart_controller:uart_ctrl_inst|baud_rate_gen:brg_inst|ov_tick ; Rise       ; uart_controller:uart_ctrl_inst|uart_rx:rx_inst|samples[1]           ;
; -0.500 ; 0.500        ; 1.000          ; High Pulse Width ; uart_controller:uart_ctrl_inst|baud_rate_gen:brg_inst|ov_tick ; Rise       ; uart_controller:uart_ctrl_inst|uart_rx:rx_inst|samples[2]           ;
; -0.500 ; 0.500        ; 1.000          ; Low Pulse Width  ; uart_controller:uart_ctrl_inst|baud_rate_gen:brg_inst|ov_tick ; Rise       ; uart_controller:uart_ctrl_inst|uart_rx:rx_inst|samples[2]           ;
; -0.500 ; 0.500        ; 1.000          ; High Pulse Width ; uart_controller:uart_ctrl_inst|baud_rate_gen:brg_inst|ov_tick ; Rise       ; uart_controller:uart_ctrl_inst|uart_rx:rx_inst|state.DATA           ;
; -0.500 ; 0.500        ; 1.000          ; Low Pulse Width  ; uart_controller:uart_ctrl_inst|baud_rate_gen:brg_inst|ov_tick ; Rise       ; uart_controller:uart_ctrl_inst|uart_rx:rx_inst|state.DATA           ;
; -0.500 ; 0.500        ; 1.000          ; High Pulse Width ; uart_controller:uart_ctrl_inst|baud_rate_gen:brg_inst|ov_tick ; Rise       ; uart_controller:uart_ctrl_inst|uart_rx:rx_inst|state.IDLE           ;
; -0.500 ; 0.500        ; 1.000          ; Low Pulse Width  ; uart_controller:uart_ctrl_inst|baud_rate_gen:brg_inst|ov_tick ; Rise       ; uart_controller:uart_ctrl_inst|uart_rx:rx_inst|state.IDLE           ;
; -0.500 ; 0.500        ; 1.000          ; High Pulse Width ; uart_controller:uart_ctrl_inst|baud_rate_gen:brg_inst|ov_tick ; Rise       ; uart_controller:uart_ctrl_inst|uart_rx:rx_inst|state.START          ;
; -0.500 ; 0.500        ; 1.000          ; Low Pulse Width  ; uart_controller:uart_ctrl_inst|baud_rate_gen:brg_inst|ov_tick ; Rise       ; uart_controller:uart_ctrl_inst|uart_rx:rx_inst|state.START          ;
; -0.500 ; 0.500        ; 1.000          ; High Pulse Width ; uart_controller:uart_ctrl_inst|baud_rate_gen:brg_inst|ov_tick ; Rise       ; uart_controller:uart_ctrl_inst|uart_rx:rx_inst|state.STOP           ;
; -0.500 ; 0.500        ; 1.000          ; Low Pulse Width  ; uart_controller:uart_ctrl_inst|baud_rate_gen:brg_inst|ov_tick ; Rise       ; uart_controller:uart_ctrl_inst|uart_rx:rx_inst|state.STOP           ;
; -0.500 ; 0.500        ; 1.000          ; High Pulse Width ; uart_controller:uart_ctrl_inst|baud_rate_gen:brg_inst|ov_tick ; Rise       ; uart_controller:uart_ctrl_inst|uart_rx:rx_inst|tick_cnt[0]          ;
; -0.500 ; 0.500        ; 1.000          ; Low Pulse Width  ; uart_controller:uart_ctrl_inst|baud_rate_gen:brg_inst|ov_tick ; Rise       ; uart_controller:uart_ctrl_inst|uart_rx:rx_inst|tick_cnt[0]          ;
; -0.500 ; 0.500        ; 1.000          ; High Pulse Width ; uart_controller:uart_ctrl_inst|baud_rate_gen:brg_inst|ov_tick ; Rise       ; uart_controller:uart_ctrl_inst|uart_rx:rx_inst|tick_cnt[1]          ;
; -0.500 ; 0.500        ; 1.000          ; Low Pulse Width  ; uart_controller:uart_ctrl_inst|baud_rate_gen:brg_inst|ov_tick ; Rise       ; uart_controller:uart_ctrl_inst|uart_rx:rx_inst|tick_cnt[1]          ;
; -0.500 ; 0.500        ; 1.000          ; High Pulse Width ; uart_controller:uart_ctrl_inst|baud_rate_gen:brg_inst|ov_tick ; Rise       ; uart_controller:uart_ctrl_inst|uart_rx:rx_inst|tick_cnt[2]          ;
; -0.500 ; 0.500        ; 1.000          ; Low Pulse Width  ; uart_controller:uart_ctrl_inst|baud_rate_gen:brg_inst|ov_tick ; Rise       ; uart_controller:uart_ctrl_inst|uart_rx:rx_inst|tick_cnt[2]          ;
; -0.500 ; 0.500        ; 1.000          ; High Pulse Width ; uart_controller:uart_ctrl_inst|baud_rate_gen:brg_inst|ov_tick ; Rise       ; uart_controller:uart_ctrl_inst|uart_rx:rx_inst|valid_timeout_cnt[0] ;
; -0.500 ; 0.500        ; 1.000          ; Low Pulse Width  ; uart_controller:uart_ctrl_inst|baud_rate_gen:brg_inst|ov_tick ; Rise       ; uart_controller:uart_ctrl_inst|uart_rx:rx_inst|valid_timeout_cnt[0] ;
; -0.500 ; 0.500        ; 1.000          ; High Pulse Width ; uart_controller:uart_ctrl_inst|baud_rate_gen:brg_inst|ov_tick ; Rise       ; uart_controller:uart_ctrl_inst|uart_rx:rx_inst|valid_timeout_cnt[1] ;
; -0.500 ; 0.500        ; 1.000          ; Low Pulse Width  ; uart_controller:uart_ctrl_inst|baud_rate_gen:brg_inst|ov_tick ; Rise       ; uart_controller:uart_ctrl_inst|uart_rx:rx_inst|valid_timeout_cnt[1] ;
; -0.500 ; 0.500        ; 1.000          ; High Pulse Width ; uart_controller:uart_ctrl_inst|baud_rate_gen:brg_inst|ov_tick ; Rise       ; uart_controller:uart_ctrl_inst|uart_rx:rx_inst|valid_timeout_cnt[2] ;
; -0.500 ; 0.500        ; 1.000          ; Low Pulse Width  ; uart_controller:uart_ctrl_inst|baud_rate_gen:brg_inst|ov_tick ; Rise       ; uart_controller:uart_ctrl_inst|uart_rx:rx_inst|valid_timeout_cnt[2] ;
; -0.500 ; 0.500        ; 1.000          ; High Pulse Width ; uart_controller:uart_ctrl_inst|baud_rate_gen:brg_inst|ov_tick ; Rise       ; uart_controller:uart_ctrl_inst|uart_rx:rx_inst|valid_timeout_cnt[3] ;
; -0.500 ; 0.500        ; 1.000          ; Low Pulse Width  ; uart_controller:uart_ctrl_inst|baud_rate_gen:brg_inst|ov_tick ; Rise       ; uart_controller:uart_ctrl_inst|uart_rx:rx_inst|valid_timeout_cnt[3] ;
; -0.500 ; 0.500        ; 1.000          ; High Pulse Width ; uart_controller:uart_ctrl_inst|baud_rate_gen:brg_inst|ov_tick ; Rise       ; uart_controller:uart_ctrl_inst|uart_rx:rx_inst|valid_timeout_cnt[4] ;
; -0.500 ; 0.500        ; 1.000          ; Low Pulse Width  ; uart_controller:uart_ctrl_inst|baud_rate_gen:brg_inst|ov_tick ; Rise       ; uart_controller:uart_ctrl_inst|uart_rx:rx_inst|valid_timeout_cnt[4] ;
; -0.500 ; 0.500        ; 1.000          ; High Pulse Width ; uart_controller:uart_ctrl_inst|baud_rate_gen:brg_inst|ov_tick ; Rise       ; uart_controller:uart_ctrl_inst|uart_rx:rx_inst|valid_timeout_cnt[5] ;
; -0.500 ; 0.500        ; 1.000          ; Low Pulse Width  ; uart_controller:uart_ctrl_inst|baud_rate_gen:brg_inst|ov_tick ; Rise       ; uart_controller:uart_ctrl_inst|uart_rx:rx_inst|valid_timeout_cnt[5] ;
; -0.500 ; 0.500        ; 1.000          ; High Pulse Width ; uart_controller:uart_ctrl_inst|baud_rate_gen:brg_inst|ov_tick ; Rise       ; uart_controller:uart_ctrl_inst|uart_rx:rx_inst|valid_timeout_cnt[6] ;
; -0.500 ; 0.500        ; 1.000          ; Low Pulse Width  ; uart_controller:uart_ctrl_inst|baud_rate_gen:brg_inst|ov_tick ; Rise       ; uart_controller:uart_ctrl_inst|uart_rx:rx_inst|valid_timeout_cnt[6] ;
; -0.500 ; 0.500        ; 1.000          ; High Pulse Width ; uart_controller:uart_ctrl_inst|baud_rate_gen:brg_inst|ov_tick ; Rise       ; uart_controller:uart_ctrl_inst|uart_rx:rx_inst|valid_timeout_cnt[7] ;
; -0.500 ; 0.500        ; 1.000          ; Low Pulse Width  ; uart_controller:uart_ctrl_inst|baud_rate_gen:brg_inst|ov_tick ; Rise       ; uart_controller:uart_ctrl_inst|uart_rx:rx_inst|valid_timeout_cnt[7] ;
; 0.500  ; 0.500        ; 0.000          ; High Pulse Width ; uart_controller:uart_ctrl_inst|baud_rate_gen:brg_inst|ov_tick ; Rise       ; uart_ctrl_inst|brg_inst|ov_tick|regout                              ;
; 0.500  ; 0.500        ; 0.000          ; Low Pulse Width  ; uart_controller:uart_ctrl_inst|baud_rate_gen:brg_inst|ov_tick ; Rise       ; uart_ctrl_inst|brg_inst|ov_tick|regout                              ;
; 0.500  ; 0.500        ; 0.000          ; High Pulse Width ; uart_controller:uart_ctrl_inst|baud_rate_gen:brg_inst|ov_tick ; Rise       ; uart_ctrl_inst|brg_inst|ov_tick~clkctrl|inclk[0]                    ;
; 0.500  ; 0.500        ; 0.000          ; Low Pulse Width  ; uart_controller:uart_ctrl_inst|baud_rate_gen:brg_inst|ov_tick ; Rise       ; uart_ctrl_inst|brg_inst|ov_tick~clkctrl|inclk[0]                    ;
; 0.500  ; 0.500        ; 0.000          ; High Pulse Width ; uart_controller:uart_ctrl_inst|baud_rate_gen:brg_inst|ov_tick ; Rise       ; uart_ctrl_inst|brg_inst|ov_tick~clkctrl|outclk                      ;
; 0.500  ; 0.500        ; 0.000          ; Low Pulse Width  ; uart_controller:uart_ctrl_inst|baud_rate_gen:brg_inst|ov_tick ; Rise       ; uart_ctrl_inst|brg_inst|ov_tick~clkctrl|outclk                      ;
; 0.500  ; 0.500        ; 0.000          ; High Pulse Width ; uart_controller:uart_ctrl_inst|baud_rate_gen:brg_inst|ov_tick ; Rise       ; uart_ctrl_inst|rx_inst|bit_cnt[0]|clk                               ;
; 0.500  ; 0.500        ; 0.000          ; Low Pulse Width  ; uart_controller:uart_ctrl_inst|baud_rate_gen:brg_inst|ov_tick ; Rise       ; uart_ctrl_inst|rx_inst|bit_cnt[0]|clk                               ;
; 0.500  ; 0.500        ; 0.000          ; High Pulse Width ; uart_controller:uart_ctrl_inst|baud_rate_gen:brg_inst|ov_tick ; Rise       ; uart_ctrl_inst|rx_inst|bit_cnt[1]|clk                               ;
; 0.500  ; 0.500        ; 0.000          ; Low Pulse Width  ; uart_controller:uart_ctrl_inst|baud_rate_gen:brg_inst|ov_tick ; Rise       ; uart_ctrl_inst|rx_inst|bit_cnt[1]|clk                               ;
; 0.500  ; 0.500        ; 0.000          ; High Pulse Width ; uart_controller:uart_ctrl_inst|baud_rate_gen:brg_inst|ov_tick ; Rise       ; uart_ctrl_inst|rx_inst|bit_cnt[2]|clk                               ;
; 0.500  ; 0.500        ; 0.000          ; Low Pulse Width  ; uart_controller:uart_ctrl_inst|baud_rate_gen:brg_inst|ov_tick ; Rise       ; uart_ctrl_inst|rx_inst|bit_cnt[2]|clk                               ;
; 0.500  ; 0.500        ; 0.000          ; High Pulse Width ; uart_controller:uart_ctrl_inst|baud_rate_gen:brg_inst|ov_tick ; Rise       ; uart_ctrl_inst|rx_inst|data_out[0]|clk                              ;
; 0.500  ; 0.500        ; 0.000          ; Low Pulse Width  ; uart_controller:uart_ctrl_inst|baud_rate_gen:brg_inst|ov_tick ; Rise       ; uart_ctrl_inst|rx_inst|data_out[0]|clk                              ;
; 0.500  ; 0.500        ; 0.000          ; High Pulse Width ; uart_controller:uart_ctrl_inst|baud_rate_gen:brg_inst|ov_tick ; Rise       ; uart_ctrl_inst|rx_inst|data_out[1]|clk                              ;
; 0.500  ; 0.500        ; 0.000          ; Low Pulse Width  ; uart_controller:uart_ctrl_inst|baud_rate_gen:brg_inst|ov_tick ; Rise       ; uart_ctrl_inst|rx_inst|data_out[1]|clk                              ;
; 0.500  ; 0.500        ; 0.000          ; High Pulse Width ; uart_controller:uart_ctrl_inst|baud_rate_gen:brg_inst|ov_tick ; Rise       ; uart_ctrl_inst|rx_inst|data_out[2]|clk                              ;
; 0.500  ; 0.500        ; 0.000          ; Low Pulse Width  ; uart_controller:uart_ctrl_inst|baud_rate_gen:brg_inst|ov_tick ; Rise       ; uart_ctrl_inst|rx_inst|data_out[2]|clk                              ;
; 0.500  ; 0.500        ; 0.000          ; High Pulse Width ; uart_controller:uart_ctrl_inst|baud_rate_gen:brg_inst|ov_tick ; Rise       ; uart_ctrl_inst|rx_inst|data_out[3]|clk                              ;
; 0.500  ; 0.500        ; 0.000          ; Low Pulse Width  ; uart_controller:uart_ctrl_inst|baud_rate_gen:brg_inst|ov_tick ; Rise       ; uart_ctrl_inst|rx_inst|data_out[3]|clk                              ;
; 0.500  ; 0.500        ; 0.000          ; High Pulse Width ; uart_controller:uart_ctrl_inst|baud_rate_gen:brg_inst|ov_tick ; Rise       ; uart_ctrl_inst|rx_inst|data_out[4]|clk                              ;
; 0.500  ; 0.500        ; 0.000          ; Low Pulse Width  ; uart_controller:uart_ctrl_inst|baud_rate_gen:brg_inst|ov_tick ; Rise       ; uart_ctrl_inst|rx_inst|data_out[4]|clk                              ;
; 0.500  ; 0.500        ; 0.000          ; High Pulse Width ; uart_controller:uart_ctrl_inst|baud_rate_gen:brg_inst|ov_tick ; Rise       ; uart_ctrl_inst|rx_inst|data_out[5]|clk                              ;
; 0.500  ; 0.500        ; 0.000          ; Low Pulse Width  ; uart_controller:uart_ctrl_inst|baud_rate_gen:brg_inst|ov_tick ; Rise       ; uart_ctrl_inst|rx_inst|data_out[5]|clk                              ;
+--------+--------------+----------------+------------------+---------------------------------------------------------------+------------+---------------------------------------------------------------------+


+----------------------------------------------------------------------------------------------------------------------------------------------------------------------------------------------------------+
; Fast Model Minimum Pulse Width: 'uart_controller:uart_ctrl_inst|baud_rate_gen:brg_inst|uart_tick'                                                                                                        ;
+--------+--------------+----------------+------------------+-----------------------------------------------------------------+------------+---------------------------------------------------------------+
; Slack  ; Actual Width ; Required Width ; Type             ; Clock                                                           ; Clock Edge ; Target                                                        ;
+--------+--------------+----------------+------------------+-----------------------------------------------------------------+------------+---------------------------------------------------------------+
; -0.500 ; 0.500        ; 1.000          ; High Pulse Width ; uart_controller:uart_ctrl_inst|baud_rate_gen:brg_inst|uart_tick ; Rise       ; uart_controller:uart_ctrl_inst|uart_tx:tx_inst|bit_cnt[0]     ;
; -0.500 ; 0.500        ; 1.000          ; Low Pulse Width  ; uart_controller:uart_ctrl_inst|baud_rate_gen:brg_inst|uart_tick ; Rise       ; uart_controller:uart_ctrl_inst|uart_tx:tx_inst|bit_cnt[0]     ;
; -0.500 ; 0.500        ; 1.000          ; High Pulse Width ; uart_controller:uart_ctrl_inst|baud_rate_gen:brg_inst|uart_tick ; Rise       ; uart_controller:uart_ctrl_inst|uart_tx:tx_inst|bit_cnt[1]     ;
; -0.500 ; 0.500        ; 1.000          ; Low Pulse Width  ; uart_controller:uart_ctrl_inst|baud_rate_gen:brg_inst|uart_tick ; Rise       ; uart_controller:uart_ctrl_inst|uart_tx:tx_inst|bit_cnt[1]     ;
; -0.500 ; 0.500        ; 1.000          ; High Pulse Width ; uart_controller:uart_ctrl_inst|baud_rate_gen:brg_inst|uart_tick ; Rise       ; uart_controller:uart_ctrl_inst|uart_tx:tx_inst|bit_cnt[2]     ;
; -0.500 ; 0.500        ; 1.000          ; Low Pulse Width  ; uart_controller:uart_ctrl_inst|baud_rate_gen:brg_inst|uart_tick ; Rise       ; uart_controller:uart_ctrl_inst|uart_tx:tx_inst|bit_cnt[2]     ;
; -0.500 ; 0.500        ; 1.000          ; High Pulse Width ; uart_controller:uart_ctrl_inst|baud_rate_gen:brg_inst|uart_tick ; Rise       ; uart_controller:uart_ctrl_inst|uart_tx:tx_inst|state.DATA     ;
; -0.500 ; 0.500        ; 1.000          ; Low Pulse Width  ; uart_controller:uart_ctrl_inst|baud_rate_gen:brg_inst|uart_tick ; Rise       ; uart_controller:uart_ctrl_inst|uart_tx:tx_inst|state.DATA     ;
; -0.500 ; 0.500        ; 1.000          ; High Pulse Width ; uart_controller:uart_ctrl_inst|baud_rate_gen:brg_inst|uart_tick ; Rise       ; uart_controller:uart_ctrl_inst|uart_tx:tx_inst|state.IDLE     ;
; -0.500 ; 0.500        ; 1.000          ; Low Pulse Width  ; uart_controller:uart_ctrl_inst|baud_rate_gen:brg_inst|uart_tick ; Rise       ; uart_controller:uart_ctrl_inst|uart_tx:tx_inst|state.IDLE     ;
; -0.500 ; 0.500        ; 1.000          ; High Pulse Width ; uart_controller:uart_ctrl_inst|baud_rate_gen:brg_inst|uart_tick ; Rise       ; uart_controller:uart_ctrl_inst|uart_tx:tx_inst|state.START    ;
; -0.500 ; 0.500        ; 1.000          ; Low Pulse Width  ; uart_controller:uart_ctrl_inst|baud_rate_gen:brg_inst|uart_tick ; Rise       ; uart_controller:uart_ctrl_inst|uart_tx:tx_inst|state.START    ;
; -0.500 ; 0.500        ; 1.000          ; High Pulse Width ; uart_controller:uart_ctrl_inst|baud_rate_gen:brg_inst|uart_tick ; Rise       ; uart_controller:uart_ctrl_inst|uart_tx:tx_inst|state.STOP     ;
; -0.500 ; 0.500        ; 1.000          ; Low Pulse Width  ; uart_controller:uart_ctrl_inst|baud_rate_gen:brg_inst|uart_tick ; Rise       ; uart_controller:uart_ctrl_inst|uart_tx:tx_inst|state.STOP     ;
; -0.500 ; 0.500        ; 1.000          ; High Pulse Width ; uart_controller:uart_ctrl_inst|baud_rate_gen:brg_inst|uart_tick ; Rise       ; uart_controller:uart_ctrl_inst|uart_tx:tx_inst|timeout_cnt[0] ;
; -0.500 ; 0.500        ; 1.000          ; Low Pulse Width  ; uart_controller:uart_ctrl_inst|baud_rate_gen:brg_inst|uart_tick ; Rise       ; uart_controller:uart_ctrl_inst|uart_tx:tx_inst|timeout_cnt[0] ;
; -0.500 ; 0.500        ; 1.000          ; High Pulse Width ; uart_controller:uart_ctrl_inst|baud_rate_gen:brg_inst|uart_tick ; Rise       ; uart_controller:uart_ctrl_inst|uart_tx:tx_inst|timeout_cnt[1] ;
; -0.500 ; 0.500        ; 1.000          ; Low Pulse Width  ; uart_controller:uart_ctrl_inst|baud_rate_gen:brg_inst|uart_tick ; Rise       ; uart_controller:uart_ctrl_inst|uart_tx:tx_inst|timeout_cnt[1] ;
; -0.500 ; 0.500        ; 1.000          ; High Pulse Width ; uart_controller:uart_ctrl_inst|baud_rate_gen:brg_inst|uart_tick ; Rise       ; uart_controller:uart_ctrl_inst|uart_tx:tx_inst|timeout_cnt[2] ;
; -0.500 ; 0.500        ; 1.000          ; Low Pulse Width  ; uart_controller:uart_ctrl_inst|baud_rate_gen:brg_inst|uart_tick ; Rise       ; uart_controller:uart_ctrl_inst|uart_tx:tx_inst|timeout_cnt[2] ;
; -0.500 ; 0.500        ; 1.000          ; High Pulse Width ; uart_controller:uart_ctrl_inst|baud_rate_gen:brg_inst|uart_tick ; Rise       ; uart_controller:uart_ctrl_inst|uart_tx:tx_inst|timeout_cnt[3] ;
; -0.500 ; 0.500        ; 1.000          ; Low Pulse Width  ; uart_controller:uart_ctrl_inst|baud_rate_gen:brg_inst|uart_tick ; Rise       ; uart_controller:uart_ctrl_inst|uart_tx:tx_inst|timeout_cnt[3] ;
; -0.500 ; 0.500        ; 1.000          ; High Pulse Width ; uart_controller:uart_ctrl_inst|baud_rate_gen:brg_inst|uart_tick ; Rise       ; uart_controller:uart_ctrl_inst|uart_tx:tx_inst|timeout_cnt[4] ;
; -0.500 ; 0.500        ; 1.000          ; Low Pulse Width  ; uart_controller:uart_ctrl_inst|baud_rate_gen:brg_inst|uart_tick ; Rise       ; uart_controller:uart_ctrl_inst|uart_tx:tx_inst|timeout_cnt[4] ;
; -0.500 ; 0.500        ; 1.000          ; High Pulse Width ; uart_controller:uart_ctrl_inst|baud_rate_gen:brg_inst|uart_tick ; Rise       ; uart_controller:uart_ctrl_inst|uart_tx:tx_inst|timeout_cnt[5] ;
; -0.500 ; 0.500        ; 1.000          ; Low Pulse Width  ; uart_controller:uart_ctrl_inst|baud_rate_gen:brg_inst|uart_tick ; Rise       ; uart_controller:uart_ctrl_inst|uart_tx:tx_inst|timeout_cnt[5] ;
; -0.500 ; 0.500        ; 1.000          ; High Pulse Width ; uart_controller:uart_ctrl_inst|baud_rate_gen:brg_inst|uart_tick ; Rise       ; uart_controller:uart_ctrl_inst|uart_tx:tx_inst|timeout_cnt[6] ;
; -0.500 ; 0.500        ; 1.000          ; Low Pulse Width  ; uart_controller:uart_ctrl_inst|baud_rate_gen:brg_inst|uart_tick ; Rise       ; uart_controller:uart_ctrl_inst|uart_tx:tx_inst|timeout_cnt[6] ;
; -0.500 ; 0.500        ; 1.000          ; High Pulse Width ; uart_controller:uart_ctrl_inst|baud_rate_gen:brg_inst|uart_tick ; Rise       ; uart_controller:uart_ctrl_inst|uart_tx:tx_inst|timeout_cnt[7] ;
; -0.500 ; 0.500        ; 1.000          ; Low Pulse Width  ; uart_controller:uart_ctrl_inst|baud_rate_gen:brg_inst|uart_tick ; Rise       ; uart_controller:uart_ctrl_inst|uart_tx:tx_inst|timeout_cnt[7] ;
; -0.500 ; 0.500        ; 1.000          ; High Pulse Width ; uart_controller:uart_ctrl_inst|baud_rate_gen:brg_inst|uart_tick ; Rise       ; uart_controller:uart_ctrl_inst|uart_tx:tx_inst|tx             ;
; -0.500 ; 0.500        ; 1.000          ; Low Pulse Width  ; uart_controller:uart_ctrl_inst|baud_rate_gen:brg_inst|uart_tick ; Rise       ; uart_controller:uart_ctrl_inst|uart_tx:tx_inst|tx             ;
; -0.500 ; 0.500        ; 1.000          ; High Pulse Width ; uart_controller:uart_ctrl_inst|baud_rate_gen:brg_inst|uart_tick ; Rise       ; uart_controller:uart_ctrl_inst|uart_tx:tx_inst|tx_reg[0]      ;
; -0.500 ; 0.500        ; 1.000          ; Low Pulse Width  ; uart_controller:uart_ctrl_inst|baud_rate_gen:brg_inst|uart_tick ; Rise       ; uart_controller:uart_ctrl_inst|uart_tx:tx_inst|tx_reg[0]      ;
; -0.500 ; 0.500        ; 1.000          ; High Pulse Width ; uart_controller:uart_ctrl_inst|baud_rate_gen:brg_inst|uart_tick ; Rise       ; uart_controller:uart_ctrl_inst|uart_tx:tx_inst|tx_reg[1]      ;
; -0.500 ; 0.500        ; 1.000          ; Low Pulse Width  ; uart_controller:uart_ctrl_inst|baud_rate_gen:brg_inst|uart_tick ; Rise       ; uart_controller:uart_ctrl_inst|uart_tx:tx_inst|tx_reg[1]      ;
; -0.500 ; 0.500        ; 1.000          ; High Pulse Width ; uart_controller:uart_ctrl_inst|baud_rate_gen:brg_inst|uart_tick ; Rise       ; uart_controller:uart_ctrl_inst|uart_tx:tx_inst|tx_reg[2]      ;
; -0.500 ; 0.500        ; 1.000          ; Low Pulse Width  ; uart_controller:uart_ctrl_inst|baud_rate_gen:brg_inst|uart_tick ; Rise       ; uart_controller:uart_ctrl_inst|uart_tx:tx_inst|tx_reg[2]      ;
; -0.500 ; 0.500        ; 1.000          ; High Pulse Width ; uart_controller:uart_ctrl_inst|baud_rate_gen:brg_inst|uart_tick ; Rise       ; uart_controller:uart_ctrl_inst|uart_tx:tx_inst|tx_reg[3]      ;
; -0.500 ; 0.500        ; 1.000          ; Low Pulse Width  ; uart_controller:uart_ctrl_inst|baud_rate_gen:brg_inst|uart_tick ; Rise       ; uart_controller:uart_ctrl_inst|uart_tx:tx_inst|tx_reg[3]      ;
; -0.500 ; 0.500        ; 1.000          ; High Pulse Width ; uart_controller:uart_ctrl_inst|baud_rate_gen:brg_inst|uart_tick ; Rise       ; uart_controller:uart_ctrl_inst|uart_tx:tx_inst|tx_reg[4]      ;
; -0.500 ; 0.500        ; 1.000          ; Low Pulse Width  ; uart_controller:uart_ctrl_inst|baud_rate_gen:brg_inst|uart_tick ; Rise       ; uart_controller:uart_ctrl_inst|uart_tx:tx_inst|tx_reg[4]      ;
; 0.500  ; 0.500        ; 0.000          ; High Pulse Width ; uart_controller:uart_ctrl_inst|baud_rate_gen:brg_inst|uart_tick ; Rise       ; uart_ctrl_inst|brg_inst|uart_tick|regout                      ;
; 0.500  ; 0.500        ; 0.000          ; Low Pulse Width  ; uart_controller:uart_ctrl_inst|baud_rate_gen:brg_inst|uart_tick ; Rise       ; uart_ctrl_inst|brg_inst|uart_tick|regout                      ;
; 0.500  ; 0.500        ; 0.000          ; High Pulse Width ; uart_controller:uart_ctrl_inst|baud_rate_gen:brg_inst|uart_tick ; Rise       ; uart_ctrl_inst|brg_inst|uart_tick~clkctrl|inclk[0]            ;
; 0.500  ; 0.500        ; 0.000          ; Low Pulse Width  ; uart_controller:uart_ctrl_inst|baud_rate_gen:brg_inst|uart_tick ; Rise       ; uart_ctrl_inst|brg_inst|uart_tick~clkctrl|inclk[0]            ;
; 0.500  ; 0.500        ; 0.000          ; High Pulse Width ; uart_controller:uart_ctrl_inst|baud_rate_gen:brg_inst|uart_tick ; Rise       ; uart_ctrl_inst|brg_inst|uart_tick~clkctrl|outclk              ;
; 0.500  ; 0.500        ; 0.000          ; Low Pulse Width  ; uart_controller:uart_ctrl_inst|baud_rate_gen:brg_inst|uart_tick ; Rise       ; uart_ctrl_inst|brg_inst|uart_tick~clkctrl|outclk              ;
; 0.500  ; 0.500        ; 0.000          ; High Pulse Width ; uart_controller:uart_ctrl_inst|baud_rate_gen:brg_inst|uart_tick ; Rise       ; uart_ctrl_inst|tx_inst|bit_cnt[0]|clk                         ;
; 0.500  ; 0.500        ; 0.000          ; Low Pulse Width  ; uart_controller:uart_ctrl_inst|baud_rate_gen:brg_inst|uart_tick ; Rise       ; uart_ctrl_inst|tx_inst|bit_cnt[0]|clk                         ;
; 0.500  ; 0.500        ; 0.000          ; High Pulse Width ; uart_controller:uart_ctrl_inst|baud_rate_gen:brg_inst|uart_tick ; Rise       ; uart_ctrl_inst|tx_inst|bit_cnt[1]|clk                         ;
; 0.500  ; 0.500        ; 0.000          ; Low Pulse Width  ; uart_controller:uart_ctrl_inst|baud_rate_gen:brg_inst|uart_tick ; Rise       ; uart_ctrl_inst|tx_inst|bit_cnt[1]|clk                         ;
; 0.500  ; 0.500        ; 0.000          ; High Pulse Width ; uart_controller:uart_ctrl_inst|baud_rate_gen:brg_inst|uart_tick ; Rise       ; uart_ctrl_inst|tx_inst|bit_cnt[2]|clk                         ;
; 0.500  ; 0.500        ; 0.000          ; Low Pulse Width  ; uart_controller:uart_ctrl_inst|baud_rate_gen:brg_inst|uart_tick ; Rise       ; uart_ctrl_inst|tx_inst|bit_cnt[2]|clk                         ;
; 0.500  ; 0.500        ; 0.000          ; High Pulse Width ; uart_controller:uart_ctrl_inst|baud_rate_gen:brg_inst|uart_tick ; Rise       ; uart_ctrl_inst|tx_inst|state.DATA|clk                         ;
; 0.500  ; 0.500        ; 0.000          ; Low Pulse Width  ; uart_controller:uart_ctrl_inst|baud_rate_gen:brg_inst|uart_tick ; Rise       ; uart_ctrl_inst|tx_inst|state.DATA|clk                         ;
; 0.500  ; 0.500        ; 0.000          ; High Pulse Width ; uart_controller:uart_ctrl_inst|baud_rate_gen:brg_inst|uart_tick ; Rise       ; uart_ctrl_inst|tx_inst|state.IDLE|clk                         ;
; 0.500  ; 0.500        ; 0.000          ; Low Pulse Width  ; uart_controller:uart_ctrl_inst|baud_rate_gen:brg_inst|uart_tick ; Rise       ; uart_ctrl_inst|tx_inst|state.IDLE|clk                         ;
; 0.500  ; 0.500        ; 0.000          ; High Pulse Width ; uart_controller:uart_ctrl_inst|baud_rate_gen:brg_inst|uart_tick ; Rise       ; uart_ctrl_inst|tx_inst|state.START|clk                        ;
; 0.500  ; 0.500        ; 0.000          ; Low Pulse Width  ; uart_controller:uart_ctrl_inst|baud_rate_gen:brg_inst|uart_tick ; Rise       ; uart_ctrl_inst|tx_inst|state.START|clk                        ;
; 0.500  ; 0.500        ; 0.000          ; High Pulse Width ; uart_controller:uart_ctrl_inst|baud_rate_gen:brg_inst|uart_tick ; Rise       ; uart_ctrl_inst|tx_inst|state.STOP|clk                         ;
; 0.500  ; 0.500        ; 0.000          ; Low Pulse Width  ; uart_controller:uart_ctrl_inst|baud_rate_gen:brg_inst|uart_tick ; Rise       ; uart_ctrl_inst|tx_inst|state.STOP|clk                         ;
; 0.500  ; 0.500        ; 0.000          ; High Pulse Width ; uart_controller:uart_ctrl_inst|baud_rate_gen:brg_inst|uart_tick ; Rise       ; uart_ctrl_inst|tx_inst|timeout_cnt[0]|clk                     ;
; 0.500  ; 0.500        ; 0.000          ; Low Pulse Width  ; uart_controller:uart_ctrl_inst|baud_rate_gen:brg_inst|uart_tick ; Rise       ; uart_ctrl_inst|tx_inst|timeout_cnt[0]|clk                     ;
; 0.500  ; 0.500        ; 0.000          ; High Pulse Width ; uart_controller:uart_ctrl_inst|baud_rate_gen:brg_inst|uart_tick ; Rise       ; uart_ctrl_inst|tx_inst|timeout_cnt[1]|clk                     ;
; 0.500  ; 0.500        ; 0.000          ; Low Pulse Width  ; uart_controller:uart_ctrl_inst|baud_rate_gen:brg_inst|uart_tick ; Rise       ; uart_ctrl_inst|tx_inst|timeout_cnt[1]|clk                     ;
; 0.500  ; 0.500        ; 0.000          ; High Pulse Width ; uart_controller:uart_ctrl_inst|baud_rate_gen:brg_inst|uart_tick ; Rise       ; uart_ctrl_inst|tx_inst|timeout_cnt[2]|clk                     ;
; 0.500  ; 0.500        ; 0.000          ; Low Pulse Width  ; uart_controller:uart_ctrl_inst|baud_rate_gen:brg_inst|uart_tick ; Rise       ; uart_ctrl_inst|tx_inst|timeout_cnt[2]|clk                     ;
; 0.500  ; 0.500        ; 0.000          ; High Pulse Width ; uart_controller:uart_ctrl_inst|baud_rate_gen:brg_inst|uart_tick ; Rise       ; uart_ctrl_inst|tx_inst|timeout_cnt[3]|clk                     ;
; 0.500  ; 0.500        ; 0.000          ; Low Pulse Width  ; uart_controller:uart_ctrl_inst|baud_rate_gen:brg_inst|uart_tick ; Rise       ; uart_ctrl_inst|tx_inst|timeout_cnt[3]|clk                     ;
; 0.500  ; 0.500        ; 0.000          ; High Pulse Width ; uart_controller:uart_ctrl_inst|baud_rate_gen:brg_inst|uart_tick ; Rise       ; uart_ctrl_inst|tx_inst|timeout_cnt[4]|clk                     ;
; 0.500  ; 0.500        ; 0.000          ; Low Pulse Width  ; uart_controller:uart_ctrl_inst|baud_rate_gen:brg_inst|uart_tick ; Rise       ; uart_ctrl_inst|tx_inst|timeout_cnt[4]|clk                     ;
; 0.500  ; 0.500        ; 0.000          ; High Pulse Width ; uart_controller:uart_ctrl_inst|baud_rate_gen:brg_inst|uart_tick ; Rise       ; uart_ctrl_inst|tx_inst|timeout_cnt[5]|clk                     ;
; 0.500  ; 0.500        ; 0.000          ; Low Pulse Width  ; uart_controller:uart_ctrl_inst|baud_rate_gen:brg_inst|uart_tick ; Rise       ; uart_ctrl_inst|tx_inst|timeout_cnt[5]|clk                     ;
; 0.500  ; 0.500        ; 0.000          ; High Pulse Width ; uart_controller:uart_ctrl_inst|baud_rate_gen:brg_inst|uart_tick ; Rise       ; uart_ctrl_inst|tx_inst|timeout_cnt[6]|clk                     ;
; 0.500  ; 0.500        ; 0.000          ; Low Pulse Width  ; uart_controller:uart_ctrl_inst|baud_rate_gen:brg_inst|uart_tick ; Rise       ; uart_ctrl_inst|tx_inst|timeout_cnt[6]|clk                     ;
; 0.500  ; 0.500        ; 0.000          ; High Pulse Width ; uart_controller:uart_ctrl_inst|baud_rate_gen:brg_inst|uart_tick ; Rise       ; uart_ctrl_inst|tx_inst|timeout_cnt[7]|clk                     ;
; 0.500  ; 0.500        ; 0.000          ; Low Pulse Width  ; uart_controller:uart_ctrl_inst|baud_rate_gen:brg_inst|uart_tick ; Rise       ; uart_ctrl_inst|tx_inst|timeout_cnt[7]|clk                     ;
; 0.500  ; 0.500        ; 0.000          ; High Pulse Width ; uart_controller:uart_ctrl_inst|baud_rate_gen:brg_inst|uart_tick ; Rise       ; uart_ctrl_inst|tx_inst|tx_reg[0]|clk                          ;
; 0.500  ; 0.500        ; 0.000          ; Low Pulse Width  ; uart_controller:uart_ctrl_inst|baud_rate_gen:brg_inst|uart_tick ; Rise       ; uart_ctrl_inst|tx_inst|tx_reg[0]|clk                          ;
; 0.500  ; 0.500        ; 0.000          ; High Pulse Width ; uart_controller:uart_ctrl_inst|baud_rate_gen:brg_inst|uart_tick ; Rise       ; uart_ctrl_inst|tx_inst|tx_reg[1]|clk                          ;
; 0.500  ; 0.500        ; 0.000          ; Low Pulse Width  ; uart_controller:uart_ctrl_inst|baud_rate_gen:brg_inst|uart_tick ; Rise       ; uart_ctrl_inst|tx_inst|tx_reg[1]|clk                          ;
; 0.500  ; 0.500        ; 0.000          ; High Pulse Width ; uart_controller:uart_ctrl_inst|baud_rate_gen:brg_inst|uart_tick ; Rise       ; uart_ctrl_inst|tx_inst|tx_reg[2]|clk                          ;
; 0.500  ; 0.500        ; 0.000          ; Low Pulse Width  ; uart_controller:uart_ctrl_inst|baud_rate_gen:brg_inst|uart_tick ; Rise       ; uart_ctrl_inst|tx_inst|tx_reg[2]|clk                          ;
; 0.500  ; 0.500        ; 0.000          ; High Pulse Width ; uart_controller:uart_ctrl_inst|baud_rate_gen:brg_inst|uart_tick ; Rise       ; uart_ctrl_inst|tx_inst|tx_reg[3]|clk                          ;
; 0.500  ; 0.500        ; 0.000          ; Low Pulse Width  ; uart_controller:uart_ctrl_inst|baud_rate_gen:brg_inst|uart_tick ; Rise       ; uart_ctrl_inst|tx_inst|tx_reg[3]|clk                          ;
; 0.500  ; 0.500        ; 0.000          ; High Pulse Width ; uart_controller:uart_ctrl_inst|baud_rate_gen:brg_inst|uart_tick ; Rise       ; uart_ctrl_inst|tx_inst|tx_reg[4]|clk                          ;
; 0.500  ; 0.500        ; 0.000          ; Low Pulse Width  ; uart_controller:uart_ctrl_inst|baud_rate_gen:brg_inst|uart_tick ; Rise       ; uart_ctrl_inst|tx_inst|tx_reg[4]|clk                          ;
; 0.500  ; 0.500        ; 0.000          ; High Pulse Width ; uart_controller:uart_ctrl_inst|baud_rate_gen:brg_inst|uart_tick ; Rise       ; uart_ctrl_inst|tx_inst|tx|clk                                 ;
; 0.500  ; 0.500        ; 0.000          ; Low Pulse Width  ; uart_controller:uart_ctrl_inst|baud_rate_gen:brg_inst|uart_tick ; Rise       ; uart_ctrl_inst|tx_inst|tx|clk                                 ;
+--------+--------------+----------------+------------------+-----------------------------------------------------------------+------------+---------------------------------------------------------------+


+------------------------------------------------------------------------------------------------------------------------------------------------------------------------+
; Setup Times                                                                                                                                                            ;
+-----------+---------------------------------------------------------------+-------+-------+------------+---------------------------------------------------------------+
; Data Port ; Clock Port                                                    ; Rise  ; Fall  ; Clock Edge ; Clock Reference                                               ;
+-----------+---------------------------------------------------------------+-------+-------+------------+---------------------------------------------------------------+
; UART_RXD  ; uart_controller:uart_ctrl_inst|baud_rate_gen:brg_inst|ov_tick ; 3.899 ; 3.899 ; Rise       ; uart_controller:uart_ctrl_inst|baud_rate_gen:brg_inst|ov_tick ;
+-----------+---------------------------------------------------------------+-------+-------+------------+---------------------------------------------------------------+


+--------------------------------------------------------------------------------------------------------------------------------------------------------------------------+
; Hold Times                                                                                                                                                               ;
+-----------+---------------------------------------------------------------+--------+--------+------------+---------------------------------------------------------------+
; Data Port ; Clock Port                                                    ; Rise   ; Fall   ; Clock Edge ; Clock Reference                                               ;
+-----------+---------------------------------------------------------------+--------+--------+------------+---------------------------------------------------------------+
; UART_RXD  ; uart_controller:uart_ctrl_inst|baud_rate_gen:brg_inst|ov_tick ; -3.168 ; -3.168 ; Rise       ; uart_controller:uart_ctrl_inst|baud_rate_gen:brg_inst|ov_tick ;
+-----------+---------------------------------------------------------------+--------+--------+------------+---------------------------------------------------------------+


+---------------------------------------------------------------------------------------------------------------------------------------------------------------------------------+
; Clock to Output Times                                                                                                                                                           ;
+----------------+-----------------------------------------------------------------+-------+-------+------------+-----------------------------------------------------------------+
; Data Port      ; Clock Port                                                      ; Rise  ; Fall  ; Clock Edge ; Clock Reference                                                 ;
+----------------+-----------------------------------------------------------------+-------+-------+------------+-----------------------------------------------------------------+
; HEX0[*]        ; CLOCK_50                                                        ; 5.016 ; 5.016 ; Rise       ; CLOCK_50                                                        ;
;  HEX0[0]       ; CLOCK_50                                                        ; 5.016 ; 5.016 ; Rise       ; CLOCK_50                                                        ;
;  HEX0[1]       ; CLOCK_50                                                        ; 4.991 ; 4.991 ; Rise       ; CLOCK_50                                                        ;
;  HEX0[2]       ; CLOCK_50                                                        ; 4.989 ; 4.989 ; Rise       ; CLOCK_50                                                        ;
;  HEX0[3]       ; CLOCK_50                                                        ; 4.891 ; 4.891 ; Rise       ; CLOCK_50                                                        ;
;  HEX0[4]       ; CLOCK_50                                                        ; 4.900 ; 4.900 ; Rise       ; CLOCK_50                                                        ;
;  HEX0[5]       ; CLOCK_50                                                        ; 4.884 ; 4.884 ; Rise       ; CLOCK_50                                                        ;
;  HEX0[6]       ; CLOCK_50                                                        ; 4.887 ; 4.887 ; Rise       ; CLOCK_50                                                        ;
; HEX1[*]        ; CLOCK_50                                                        ; 4.291 ; 4.291 ; Rise       ; CLOCK_50                                                        ;
;  HEX1[0]       ; CLOCK_50                                                        ; 4.191 ; 4.191 ; Rise       ; CLOCK_50                                                        ;
;  HEX1[1]       ; CLOCK_50                                                        ; 4.291 ; 4.291 ; Rise       ; CLOCK_50                                                        ;
;  HEX1[2]       ; CLOCK_50                                                        ; 4.043 ; 4.043 ; Rise       ; CLOCK_50                                                        ;
;  HEX1[3]       ; CLOCK_50                                                        ; 4.062 ; 4.062 ; Rise       ; CLOCK_50                                                        ;
;  HEX1[4]       ; CLOCK_50                                                        ; 4.063 ; 4.063 ; Rise       ; CLOCK_50                                                        ;
;  HEX1[5]       ; CLOCK_50                                                        ; 4.203 ; 4.203 ; Rise       ; CLOCK_50                                                        ;
;  HEX1[6]       ; CLOCK_50                                                        ; 4.071 ; 4.071 ; Rise       ; CLOCK_50                                                        ;
; HEX2[*]        ; CLOCK_50                                                        ; 4.273 ; 4.273 ; Rise       ; CLOCK_50                                                        ;
;  HEX2[0]       ; CLOCK_50                                                        ; 4.209 ; 4.209 ; Rise       ; CLOCK_50                                                        ;
;  HEX2[1]       ; CLOCK_50                                                        ; 4.096 ; 4.096 ; Rise       ; CLOCK_50                                                        ;
;  HEX2[2]       ; CLOCK_50                                                        ; 4.162 ; 4.162 ; Rise       ; CLOCK_50                                                        ;
;  HEX2[3]       ; CLOCK_50                                                        ; 4.143 ; 4.143 ; Rise       ; CLOCK_50                                                        ;
;  HEX2[4]       ; CLOCK_50                                                        ; 4.216 ; 4.216 ; Rise       ; CLOCK_50                                                        ;
;  HEX2[5]       ; CLOCK_50                                                        ; 4.273 ; 4.273 ; Rise       ; CLOCK_50                                                        ;
;  HEX2[6]       ; CLOCK_50                                                        ; 4.239 ; 4.239 ; Rise       ; CLOCK_50                                                        ;
; LEDR[*]        ; CLOCK_50                                                        ; 5.037 ; 5.037 ; Rise       ; CLOCK_50                                                        ;
;  LEDR[9]       ; CLOCK_50                                                        ; 4.859 ; 4.859 ; Rise       ; CLOCK_50                                                        ;
;  LEDR[10]      ; CLOCK_50                                                        ; 4.352 ; 4.352 ; Rise       ; CLOCK_50                                                        ;
;  LEDR[11]      ; CLOCK_50                                                        ; 4.307 ; 4.307 ; Rise       ; CLOCK_50                                                        ;
;  LEDR[12]      ; CLOCK_50                                                        ; 4.431 ; 4.431 ; Rise       ; CLOCK_50                                                        ;
;  LEDR[13]      ; CLOCK_50                                                        ; 5.037 ; 5.037 ; Rise       ; CLOCK_50                                                        ;
;  LEDR[15]      ; CLOCK_50                                                        ; 3.851 ; 3.851 ; Rise       ; CLOCK_50                                                        ;
;  LEDR[16]      ; CLOCK_50                                                        ; 3.670 ; 3.670 ; Rise       ; CLOCK_50                                                        ;
;  LEDR[17]      ; CLOCK_50                                                        ; 4.496 ; 4.496 ; Rise       ; CLOCK_50                                                        ;
; SRAM_ADDR[*]   ; CLOCK_50                                                        ; 4.134 ; 4.134 ; Rise       ; CLOCK_50                                                        ;
;  SRAM_ADDR[0]  ; CLOCK_50                                                        ; 4.094 ; 4.094 ; Rise       ; CLOCK_50                                                        ;
;  SRAM_ADDR[1]  ; CLOCK_50                                                        ; 3.978 ; 3.978 ; Rise       ; CLOCK_50                                                        ;
;  SRAM_ADDR[2]  ; CLOCK_50                                                        ; 4.134 ; 4.134 ; Rise       ; CLOCK_50                                                        ;
;  SRAM_ADDR[3]  ; CLOCK_50                                                        ; 3.974 ; 3.974 ; Rise       ; CLOCK_50                                                        ;
;  SRAM_ADDR[4]  ; CLOCK_50                                                        ; 3.861 ; 3.861 ; Rise       ; CLOCK_50                                                        ;
;  SRAM_ADDR[5]  ; CLOCK_50                                                        ; 3.862 ; 3.862 ; Rise       ; CLOCK_50                                                        ;
;  SRAM_ADDR[6]  ; CLOCK_50                                                        ; 3.995 ; 3.995 ; Rise       ; CLOCK_50                                                        ;
;  SRAM_ADDR[7]  ; CLOCK_50                                                        ; 3.875 ; 3.875 ; Rise       ; CLOCK_50                                                        ;
;  SRAM_ADDR[8]  ; CLOCK_50                                                        ; 3.849 ; 3.849 ; Rise       ; CLOCK_50                                                        ;
;  SRAM_ADDR[9]  ; CLOCK_50                                                        ; 3.863 ; 3.863 ; Rise       ; CLOCK_50                                                        ;
;  SRAM_ADDR[10] ; CLOCK_50                                                        ; 3.778 ; 3.778 ; Rise       ; CLOCK_50                                                        ;
;  SRAM_ADDR[11] ; CLOCK_50                                                        ; 3.761 ; 3.761 ; Rise       ; CLOCK_50                                                        ;
;  SRAM_ADDR[12] ; CLOCK_50                                                        ; 3.752 ; 3.752 ; Rise       ; CLOCK_50                                                        ;
;  SRAM_ADDR[13] ; CLOCK_50                                                        ; 3.789 ; 3.789 ; Rise       ; CLOCK_50                                                        ;
;  SRAM_ADDR[14] ; CLOCK_50                                                        ; 3.733 ; 3.733 ; Rise       ; CLOCK_50                                                        ;
;  SRAM_ADDR[15] ; CLOCK_50                                                        ; 3.732 ; 3.732 ; Rise       ; CLOCK_50                                                        ;
;  SRAM_ADDR[16] ; CLOCK_50                                                        ; 3.759 ; 3.759 ; Rise       ; CLOCK_50                                                        ;
;  SRAM_ADDR[17] ; CLOCK_50                                                        ; 3.655 ; 3.655 ; Rise       ; CLOCK_50                                                        ;
; SRAM_DQ[*]     ; CLOCK_50                                                        ; 3.990 ; 3.990 ; Rise       ; CLOCK_50                                                        ;
;  SRAM_DQ[0]    ; CLOCK_50                                                        ; 3.663 ; 3.663 ; Rise       ; CLOCK_50                                                        ;
;  SRAM_DQ[1]    ; CLOCK_50                                                        ; 3.913 ; 3.913 ; Rise       ; CLOCK_50                                                        ;
;  SRAM_DQ[2]    ; CLOCK_50                                                        ; 3.990 ; 3.990 ; Rise       ; CLOCK_50                                                        ;
;  SRAM_DQ[3]    ; CLOCK_50                                                        ; 3.767 ; 3.767 ; Rise       ; CLOCK_50                                                        ;
;  SRAM_DQ[4]    ; CLOCK_50                                                        ; 3.742 ; 3.742 ; Rise       ; CLOCK_50                                                        ;
;  SRAM_DQ[5]    ; CLOCK_50                                                        ; 3.863 ; 3.863 ; Rise       ; CLOCK_50                                                        ;
;  SRAM_DQ[6]    ; CLOCK_50                                                        ; 3.860 ; 3.860 ; Rise       ; CLOCK_50                                                        ;
;  SRAM_DQ[7]    ; CLOCK_50                                                        ; 3.613 ; 3.613 ; Rise       ; CLOCK_50                                                        ;
;  SRAM_DQ[8]    ; CLOCK_50                                                        ; 3.872 ; 3.872 ; Rise       ; CLOCK_50                                                        ;
;  SRAM_DQ[9]    ; CLOCK_50                                                        ; 3.872 ; 3.872 ; Rise       ; CLOCK_50                                                        ;
;  SRAM_DQ[10]   ; CLOCK_50                                                        ; 3.870 ; 3.870 ; Rise       ; CLOCK_50                                                        ;
;  SRAM_DQ[11]   ; CLOCK_50                                                        ; 3.876 ; 3.876 ; Rise       ; CLOCK_50                                                        ;
;  SRAM_DQ[12]   ; CLOCK_50                                                        ; 3.760 ; 3.760 ; Rise       ; CLOCK_50                                                        ;
;  SRAM_DQ[13]   ; CLOCK_50                                                        ; 3.864 ; 3.864 ; Rise       ; CLOCK_50                                                        ;
;  SRAM_DQ[14]   ; CLOCK_50                                                        ; 3.751 ; 3.751 ; Rise       ; CLOCK_50                                                        ;
;  SRAM_DQ[15]   ; CLOCK_50                                                        ; 3.753 ; 3.753 ; Rise       ; CLOCK_50                                                        ;
; SRAM_WE_N      ; CLOCK_50                                                        ; 3.663 ; 3.663 ; Rise       ; CLOCK_50                                                        ;
; LEDR[*]        ; uart_controller:uart_ctrl_inst|baud_rate_gen:brg_inst|ov_tick   ; 5.064 ; 5.064 ; Rise       ; uart_controller:uart_ctrl_inst|baud_rate_gen:brg_inst|ov_tick   ;
;  LEDR[0]       ; uart_controller:uart_ctrl_inst|baud_rate_gen:brg_inst|ov_tick   ; 4.360 ; 4.360 ; Rise       ; uart_controller:uart_ctrl_inst|baud_rate_gen:brg_inst|ov_tick   ;
;  LEDR[1]       ; uart_controller:uart_ctrl_inst|baud_rate_gen:brg_inst|ov_tick   ; 4.422 ; 4.422 ; Rise       ; uart_controller:uart_ctrl_inst|baud_rate_gen:brg_inst|ov_tick   ;
;  LEDR[2]       ; uart_controller:uart_ctrl_inst|baud_rate_gen:brg_inst|ov_tick   ; 4.796 ; 4.796 ; Rise       ; uart_controller:uart_ctrl_inst|baud_rate_gen:brg_inst|ov_tick   ;
;  LEDR[3]       ; uart_controller:uart_ctrl_inst|baud_rate_gen:brg_inst|ov_tick   ; 4.639 ; 4.639 ; Rise       ; uart_controller:uart_ctrl_inst|baud_rate_gen:brg_inst|ov_tick   ;
;  LEDR[4]       ; uart_controller:uart_ctrl_inst|baud_rate_gen:brg_inst|ov_tick   ; 4.400 ; 4.400 ; Rise       ; uart_controller:uart_ctrl_inst|baud_rate_gen:brg_inst|ov_tick   ;
;  LEDR[5]       ; uart_controller:uart_ctrl_inst|baud_rate_gen:brg_inst|ov_tick   ; 4.386 ; 4.386 ; Rise       ; uart_controller:uart_ctrl_inst|baud_rate_gen:brg_inst|ov_tick   ;
;  LEDR[6]       ; uart_controller:uart_ctrl_inst|baud_rate_gen:brg_inst|ov_tick   ; 5.064 ; 5.064 ; Rise       ; uart_controller:uart_ctrl_inst|baud_rate_gen:brg_inst|ov_tick   ;
;  LEDR[7]       ; uart_controller:uart_ctrl_inst|baud_rate_gen:brg_inst|ov_tick   ; 4.297 ; 4.297 ; Rise       ; uart_controller:uart_ctrl_inst|baud_rate_gen:brg_inst|ov_tick   ;
;  LEDR[8]       ; uart_controller:uart_ctrl_inst|baud_rate_gen:brg_inst|ov_tick   ; 3.784 ; 3.784 ; Rise       ; uart_controller:uart_ctrl_inst|baud_rate_gen:brg_inst|ov_tick   ;
; rx_valid_led   ; uart_controller:uart_ctrl_inst|baud_rate_gen:brg_inst|ov_tick   ; 3.696 ; 3.696 ; Rise       ; uart_controller:uart_ctrl_inst|baud_rate_gen:brg_inst|ov_tick   ;
; state_led[*]   ; uart_controller:uart_ctrl_inst|baud_rate_gen:brg_inst|ov_tick   ; 4.826 ; 4.826 ; Rise       ; uart_controller:uart_ctrl_inst|baud_rate_gen:brg_inst|ov_tick   ;
;  state_led[0]  ; uart_controller:uart_ctrl_inst|baud_rate_gen:brg_inst|ov_tick   ; 4.057 ; 4.057 ; Rise       ; uart_controller:uart_ctrl_inst|baud_rate_gen:brg_inst|ov_tick   ;
;  state_led[1]  ; uart_controller:uart_ctrl_inst|baud_rate_gen:brg_inst|ov_tick   ; 4.826 ; 4.826 ; Rise       ; uart_controller:uart_ctrl_inst|baud_rate_gen:brg_inst|ov_tick   ;
; LEDR[*]        ; uart_controller:uart_ctrl_inst|baud_rate_gen:brg_inst|uart_tick ; 3.604 ; 3.604 ; Rise       ; uart_controller:uart_ctrl_inst|baud_rate_gen:brg_inst|uart_tick ;
;  LEDR[14]      ; uart_controller:uart_ctrl_inst|baud_rate_gen:brg_inst|uart_tick ; 3.604 ; 3.604 ; Rise       ; uart_controller:uart_ctrl_inst|baud_rate_gen:brg_inst|uart_tick ;
; UART_TXD       ; uart_controller:uart_ctrl_inst|baud_rate_gen:brg_inst|uart_tick ; 4.954 ; 4.954 ; Rise       ; uart_controller:uart_ctrl_inst|baud_rate_gen:brg_inst|uart_tick ;
; tx_busy_led    ; uart_controller:uart_ctrl_inst|baud_rate_gen:brg_inst|uart_tick ; 3.868 ; 3.868 ; Rise       ; uart_controller:uart_ctrl_inst|baud_rate_gen:brg_inst|uart_tick ;
+----------------+-----------------------------------------------------------------+-------+-------+------------+-----------------------------------------------------------------+


+---------------------------------------------------------------------------------------------------------------------------------------------------------------------------------+
; Minimum Clock to Output Times                                                                                                                                                   ;
+----------------+-----------------------------------------------------------------+-------+-------+------------+-----------------------------------------------------------------+
; Data Port      ; Clock Port                                                      ; Rise  ; Fall  ; Clock Edge ; Clock Reference                                                 ;
+----------------+-----------------------------------------------------------------+-------+-------+------------+-----------------------------------------------------------------+
; HEX0[*]        ; CLOCK_50                                                        ; 4.300 ; 4.300 ; Rise       ; CLOCK_50                                                        ;
;  HEX0[0]       ; CLOCK_50                                                        ; 4.437 ; 4.437 ; Rise       ; CLOCK_50                                                        ;
;  HEX0[1]       ; CLOCK_50                                                        ; 4.410 ; 4.410 ; Rise       ; CLOCK_50                                                        ;
;  HEX0[2]       ; CLOCK_50                                                        ; 4.405 ; 4.405 ; Rise       ; CLOCK_50                                                        ;
;  HEX0[3]       ; CLOCK_50                                                        ; 4.307 ; 4.307 ; Rise       ; CLOCK_50                                                        ;
;  HEX0[4]       ; CLOCK_50                                                        ; 4.321 ; 4.321 ; Rise       ; CLOCK_50                                                        ;
;  HEX0[5]       ; CLOCK_50                                                        ; 4.300 ; 4.300 ; Rise       ; CLOCK_50                                                        ;
;  HEX0[6]       ; CLOCK_50                                                        ; 4.306 ; 4.306 ; Rise       ; CLOCK_50                                                        ;
; HEX1[*]        ; CLOCK_50                                                        ; 3.817 ; 3.817 ; Rise       ; CLOCK_50                                                        ;
;  HEX1[0]       ; CLOCK_50                                                        ; 3.969 ; 3.969 ; Rise       ; CLOCK_50                                                        ;
;  HEX1[1]       ; CLOCK_50                                                        ; 4.072 ; 4.072 ; Rise       ; CLOCK_50                                                        ;
;  HEX1[2]       ; CLOCK_50                                                        ; 3.817 ; 3.817 ; Rise       ; CLOCK_50                                                        ;
;  HEX1[3]       ; CLOCK_50                                                        ; 3.844 ; 3.844 ; Rise       ; CLOCK_50                                                        ;
;  HEX1[4]       ; CLOCK_50                                                        ; 3.844 ; 3.844 ; Rise       ; CLOCK_50                                                        ;
;  HEX1[5]       ; CLOCK_50                                                        ; 3.984 ; 3.984 ; Rise       ; CLOCK_50                                                        ;
;  HEX1[6]       ; CLOCK_50                                                        ; 3.853 ; 3.853 ; Rise       ; CLOCK_50                                                        ;
; HEX2[*]        ; CLOCK_50                                                        ; 3.958 ; 3.958 ; Rise       ; CLOCK_50                                                        ;
;  HEX2[0]       ; CLOCK_50                                                        ; 4.063 ; 4.063 ; Rise       ; CLOCK_50                                                        ;
;  HEX2[1]       ; CLOCK_50                                                        ; 3.958 ; 3.958 ; Rise       ; CLOCK_50                                                        ;
;  HEX2[2]       ; CLOCK_50                                                        ; 4.024 ; 4.024 ; Rise       ; CLOCK_50                                                        ;
;  HEX2[3]       ; CLOCK_50                                                        ; 4.008 ; 4.008 ; Rise       ; CLOCK_50                                                        ;
;  HEX2[4]       ; CLOCK_50                                                        ; 4.084 ; 4.084 ; Rise       ; CLOCK_50                                                        ;
;  HEX2[5]       ; CLOCK_50                                                        ; 4.137 ; 4.137 ; Rise       ; CLOCK_50                                                        ;
;  HEX2[6]       ; CLOCK_50                                                        ; 4.103 ; 4.103 ; Rise       ; CLOCK_50                                                        ;
; LEDR[*]        ; CLOCK_50                                                        ; 3.670 ; 3.670 ; Rise       ; CLOCK_50                                                        ;
;  LEDR[9]       ; CLOCK_50                                                        ; 4.229 ; 4.229 ; Rise       ; CLOCK_50                                                        ;
;  LEDR[10]      ; CLOCK_50                                                        ; 3.923 ; 3.923 ; Rise       ; CLOCK_50                                                        ;
;  LEDR[11]      ; CLOCK_50                                                        ; 4.161 ; 4.161 ; Rise       ; CLOCK_50                                                        ;
;  LEDR[12]      ; CLOCK_50                                                        ; 3.915 ; 3.915 ; Rise       ; CLOCK_50                                                        ;
;  LEDR[13]      ; CLOCK_50                                                        ; 4.410 ; 4.410 ; Rise       ; CLOCK_50                                                        ;
;  LEDR[15]      ; CLOCK_50                                                        ; 3.851 ; 3.851 ; Rise       ; CLOCK_50                                                        ;
;  LEDR[16]      ; CLOCK_50                                                        ; 3.670 ; 3.670 ; Rise       ; CLOCK_50                                                        ;
;  LEDR[17]      ; CLOCK_50                                                        ; 4.110 ; 4.110 ; Rise       ; CLOCK_50                                                        ;
; SRAM_ADDR[*]   ; CLOCK_50                                                        ; 3.655 ; 3.655 ; Rise       ; CLOCK_50                                                        ;
;  SRAM_ADDR[0]  ; CLOCK_50                                                        ; 4.094 ; 4.094 ; Rise       ; CLOCK_50                                                        ;
;  SRAM_ADDR[1]  ; CLOCK_50                                                        ; 3.978 ; 3.978 ; Rise       ; CLOCK_50                                                        ;
;  SRAM_ADDR[2]  ; CLOCK_50                                                        ; 4.134 ; 4.134 ; Rise       ; CLOCK_50                                                        ;
;  SRAM_ADDR[3]  ; CLOCK_50                                                        ; 3.974 ; 3.974 ; Rise       ; CLOCK_50                                                        ;
;  SRAM_ADDR[4]  ; CLOCK_50                                                        ; 3.861 ; 3.861 ; Rise       ; CLOCK_50                                                        ;
;  SRAM_ADDR[5]  ; CLOCK_50                                                        ; 3.862 ; 3.862 ; Rise       ; CLOCK_50                                                        ;
;  SRAM_ADDR[6]  ; CLOCK_50                                                        ; 3.995 ; 3.995 ; Rise       ; CLOCK_50                                                        ;
;  SRAM_ADDR[7]  ; CLOCK_50                                                        ; 3.875 ; 3.875 ; Rise       ; CLOCK_50                                                        ;
;  SRAM_ADDR[8]  ; CLOCK_50                                                        ; 3.849 ; 3.849 ; Rise       ; CLOCK_50                                                        ;
;  SRAM_ADDR[9]  ; CLOCK_50                                                        ; 3.863 ; 3.863 ; Rise       ; CLOCK_50                                                        ;
;  SRAM_ADDR[10] ; CLOCK_50                                                        ; 3.778 ; 3.778 ; Rise       ; CLOCK_50                                                        ;
;  SRAM_ADDR[11] ; CLOCK_50                                                        ; 3.761 ; 3.761 ; Rise       ; CLOCK_50                                                        ;
;  SRAM_ADDR[12] ; CLOCK_50                                                        ; 3.752 ; 3.752 ; Rise       ; CLOCK_50                                                        ;
;  SRAM_ADDR[13] ; CLOCK_50                                                        ; 3.789 ; 3.789 ; Rise       ; CLOCK_50                                                        ;
;  SRAM_ADDR[14] ; CLOCK_50                                                        ; 3.733 ; 3.733 ; Rise       ; CLOCK_50                                                        ;
;  SRAM_ADDR[15] ; CLOCK_50                                                        ; 3.732 ; 3.732 ; Rise       ; CLOCK_50                                                        ;
;  SRAM_ADDR[16] ; CLOCK_50                                                        ; 3.759 ; 3.759 ; Rise       ; CLOCK_50                                                        ;
;  SRAM_ADDR[17] ; CLOCK_50                                                        ; 3.655 ; 3.655 ; Rise       ; CLOCK_50                                                        ;
; SRAM_DQ[*]     ; CLOCK_50                                                        ; 3.613 ; 3.613 ; Rise       ; CLOCK_50                                                        ;
;  SRAM_DQ[0]    ; CLOCK_50                                                        ; 3.663 ; 3.663 ; Rise       ; CLOCK_50                                                        ;
;  SRAM_DQ[1]    ; CLOCK_50                                                        ; 3.913 ; 3.913 ; Rise       ; CLOCK_50                                                        ;
;  SRAM_DQ[2]    ; CLOCK_50                                                        ; 3.990 ; 3.990 ; Rise       ; CLOCK_50                                                        ;
;  SRAM_DQ[3]    ; CLOCK_50                                                        ; 3.767 ; 3.767 ; Rise       ; CLOCK_50                                                        ;
;  SRAM_DQ[4]    ; CLOCK_50                                                        ; 3.742 ; 3.742 ; Rise       ; CLOCK_50                                                        ;
;  SRAM_DQ[5]    ; CLOCK_50                                                        ; 3.863 ; 3.863 ; Rise       ; CLOCK_50                                                        ;
;  SRAM_DQ[6]    ; CLOCK_50                                                        ; 3.860 ; 3.860 ; Rise       ; CLOCK_50                                                        ;
;  SRAM_DQ[7]    ; CLOCK_50                                                        ; 3.613 ; 3.613 ; Rise       ; CLOCK_50                                                        ;
;  SRAM_DQ[8]    ; CLOCK_50                                                        ; 3.872 ; 3.872 ; Rise       ; CLOCK_50                                                        ;
;  SRAM_DQ[9]    ; CLOCK_50                                                        ; 3.872 ; 3.872 ; Rise       ; CLOCK_50                                                        ;
;  SRAM_DQ[10]   ; CLOCK_50                                                        ; 3.870 ; 3.870 ; Rise       ; CLOCK_50                                                        ;
;  SRAM_DQ[11]   ; CLOCK_50                                                        ; 3.876 ; 3.876 ; Rise       ; CLOCK_50                                                        ;
;  SRAM_DQ[12]   ; CLOCK_50                                                        ; 3.760 ; 3.760 ; Rise       ; CLOCK_50                                                        ;
;  SRAM_DQ[13]   ; CLOCK_50                                                        ; 3.864 ; 3.864 ; Rise       ; CLOCK_50                                                        ;
;  SRAM_DQ[14]   ; CLOCK_50                                                        ; 3.751 ; 3.751 ; Rise       ; CLOCK_50                                                        ;
;  SRAM_DQ[15]   ; CLOCK_50                                                        ; 3.753 ; 3.753 ; Rise       ; CLOCK_50                                                        ;
; SRAM_WE_N      ; CLOCK_50                                                        ; 3.663 ; 3.663 ; Rise       ; CLOCK_50                                                        ;
; LEDR[*]        ; uart_controller:uart_ctrl_inst|baud_rate_gen:brg_inst|ov_tick   ; 3.784 ; 3.784 ; Rise       ; uart_controller:uart_ctrl_inst|baud_rate_gen:brg_inst|ov_tick   ;
;  LEDR[0]       ; uart_controller:uart_ctrl_inst|baud_rate_gen:brg_inst|ov_tick   ; 4.360 ; 4.360 ; Rise       ; uart_controller:uart_ctrl_inst|baud_rate_gen:brg_inst|ov_tick   ;
;  LEDR[1]       ; uart_controller:uart_ctrl_inst|baud_rate_gen:brg_inst|ov_tick   ; 4.422 ; 4.422 ; Rise       ; uart_controller:uart_ctrl_inst|baud_rate_gen:brg_inst|ov_tick   ;
;  LEDR[2]       ; uart_controller:uart_ctrl_inst|baud_rate_gen:brg_inst|ov_tick   ; 4.796 ; 4.796 ; Rise       ; uart_controller:uart_ctrl_inst|baud_rate_gen:brg_inst|ov_tick   ;
;  LEDR[3]       ; uart_controller:uart_ctrl_inst|baud_rate_gen:brg_inst|ov_tick   ; 4.639 ; 4.639 ; Rise       ; uart_controller:uart_ctrl_inst|baud_rate_gen:brg_inst|ov_tick   ;
;  LEDR[4]       ; uart_controller:uart_ctrl_inst|baud_rate_gen:brg_inst|ov_tick   ; 4.400 ; 4.400 ; Rise       ; uart_controller:uart_ctrl_inst|baud_rate_gen:brg_inst|ov_tick   ;
;  LEDR[5]       ; uart_controller:uart_ctrl_inst|baud_rate_gen:brg_inst|ov_tick   ; 4.386 ; 4.386 ; Rise       ; uart_controller:uart_ctrl_inst|baud_rate_gen:brg_inst|ov_tick   ;
;  LEDR[6]       ; uart_controller:uart_ctrl_inst|baud_rate_gen:brg_inst|ov_tick   ; 5.064 ; 5.064 ; Rise       ; uart_controller:uart_ctrl_inst|baud_rate_gen:brg_inst|ov_tick   ;
;  LEDR[7]       ; uart_controller:uart_ctrl_inst|baud_rate_gen:brg_inst|ov_tick   ; 4.297 ; 4.297 ; Rise       ; uart_controller:uart_ctrl_inst|baud_rate_gen:brg_inst|ov_tick   ;
;  LEDR[8]       ; uart_controller:uart_ctrl_inst|baud_rate_gen:brg_inst|ov_tick   ; 3.784 ; 3.784 ; Rise       ; uart_controller:uart_ctrl_inst|baud_rate_gen:brg_inst|ov_tick   ;
; rx_valid_led   ; uart_controller:uart_ctrl_inst|baud_rate_gen:brg_inst|ov_tick   ; 3.696 ; 3.696 ; Rise       ; uart_controller:uart_ctrl_inst|baud_rate_gen:brg_inst|ov_tick   ;
; state_led[*]   ; uart_controller:uart_ctrl_inst|baud_rate_gen:brg_inst|ov_tick   ; 3.980 ; 3.980 ; Rise       ; uart_controller:uart_ctrl_inst|baud_rate_gen:brg_inst|ov_tick   ;
;  state_led[0]  ; uart_controller:uart_ctrl_inst|baud_rate_gen:brg_inst|ov_tick   ; 3.980 ; 3.980 ; Rise       ; uart_controller:uart_ctrl_inst|baud_rate_gen:brg_inst|ov_tick   ;
;  state_led[1]  ; uart_controller:uart_ctrl_inst|baud_rate_gen:brg_inst|ov_tick   ; 4.591 ; 4.591 ; Rise       ; uart_controller:uart_ctrl_inst|baud_rate_gen:brg_inst|ov_tick   ;
; LEDR[*]        ; uart_controller:uart_ctrl_inst|baud_rate_gen:brg_inst|uart_tick ; 3.604 ; 3.604 ; Rise       ; uart_controller:uart_ctrl_inst|baud_rate_gen:brg_inst|uart_tick ;
;  LEDR[14]      ; uart_controller:uart_ctrl_inst|baud_rate_gen:brg_inst|uart_tick ; 3.604 ; 3.604 ; Rise       ; uart_controller:uart_ctrl_inst|baud_rate_gen:brg_inst|uart_tick ;
; UART_TXD       ; uart_controller:uart_ctrl_inst|baud_rate_gen:brg_inst|uart_tick ; 4.954 ; 4.954 ; Rise       ; uart_controller:uart_ctrl_inst|baud_rate_gen:brg_inst|uart_tick ;
; tx_busy_led    ; uart_controller:uart_ctrl_inst|baud_rate_gen:brg_inst|uart_tick ; 3.868 ; 3.868 ; Rise       ; uart_controller:uart_ctrl_inst|baud_rate_gen:brg_inst|uart_tick ;
+----------------+-----------------------------------------------------------------+-------+-------+------------+-----------------------------------------------------------------+


+-------------------------------------------------------------------------+
; Output Enable Times                                                     ;
+--------------+------------+-------+------+------------+-----------------+
; Data Port    ; Clock Port ; Rise  ; Fall ; Clock Edge ; Clock Reference ;
+--------------+------------+-------+------+------------+-----------------+
; SRAM_DQ[*]   ; CLOCK_50   ; 3.726 ;      ; Rise       ; CLOCK_50        ;
;  SRAM_DQ[0]  ; CLOCK_50   ; 4.000 ;      ; Rise       ; CLOCK_50        ;
;  SRAM_DQ[1]  ; CLOCK_50   ; 4.010 ;      ; Rise       ; CLOCK_50        ;
;  SRAM_DQ[2]  ; CLOCK_50   ; 4.000 ;      ; Rise       ; CLOCK_50        ;
;  SRAM_DQ[3]  ; CLOCK_50   ; 3.980 ;      ; Rise       ; CLOCK_50        ;
;  SRAM_DQ[4]  ; CLOCK_50   ; 3.841 ;      ; Rise       ; CLOCK_50        ;
;  SRAM_DQ[5]  ; CLOCK_50   ; 3.841 ;      ; Rise       ; CLOCK_50        ;
;  SRAM_DQ[6]  ; CLOCK_50   ; 3.841 ;      ; Rise       ; CLOCK_50        ;
;  SRAM_DQ[7]  ; CLOCK_50   ; 3.825 ;      ; Rise       ; CLOCK_50        ;
;  SRAM_DQ[8]  ; CLOCK_50   ; 3.875 ;      ; Rise       ; CLOCK_50        ;
;  SRAM_DQ[9]  ; CLOCK_50   ; 3.875 ;      ; Rise       ; CLOCK_50        ;
;  SRAM_DQ[10] ; CLOCK_50   ; 3.867 ;      ; Rise       ; CLOCK_50        ;
;  SRAM_DQ[11] ; CLOCK_50   ; 3.867 ;      ; Rise       ; CLOCK_50        ;
;  SRAM_DQ[12] ; CLOCK_50   ; 3.746 ;      ; Rise       ; CLOCK_50        ;
;  SRAM_DQ[13] ; CLOCK_50   ; 3.746 ;      ; Rise       ; CLOCK_50        ;
;  SRAM_DQ[14] ; CLOCK_50   ; 3.736 ;      ; Rise       ; CLOCK_50        ;
;  SRAM_DQ[15] ; CLOCK_50   ; 3.726 ;      ; Rise       ; CLOCK_50        ;
+--------------+------------+-------+------+------------+-----------------+


+-------------------------------------------------------------------------+
; Minimum Output Enable Times                                             ;
+--------------+------------+-------+------+------------+-----------------+
; Data Port    ; Clock Port ; Rise  ; Fall ; Clock Edge ; Clock Reference ;
+--------------+------------+-------+------+------------+-----------------+
; SRAM_DQ[*]   ; CLOCK_50   ; 3.726 ;      ; Rise       ; CLOCK_50        ;
;  SRAM_DQ[0]  ; CLOCK_50   ; 4.000 ;      ; Rise       ; CLOCK_50        ;
;  SRAM_DQ[1]  ; CLOCK_50   ; 4.010 ;      ; Rise       ; CLOCK_50        ;
;  SRAM_DQ[2]  ; CLOCK_50   ; 4.000 ;      ; Rise       ; CLOCK_50        ;
;  SRAM_DQ[3]  ; CLOCK_50   ; 3.980 ;      ; Rise       ; CLOCK_50        ;
;  SRAM_DQ[4]  ; CLOCK_50   ; 3.841 ;      ; Rise       ; CLOCK_50        ;
;  SRAM_DQ[5]  ; CLOCK_50   ; 3.841 ;      ; Rise       ; CLOCK_50        ;
;  SRAM_DQ[6]  ; CLOCK_50   ; 3.841 ;      ; Rise       ; CLOCK_50        ;
;  SRAM_DQ[7]  ; CLOCK_50   ; 3.825 ;      ; Rise       ; CLOCK_50        ;
;  SRAM_DQ[8]  ; CLOCK_50   ; 3.875 ;      ; Rise       ; CLOCK_50        ;
;  SRAM_DQ[9]  ; CLOCK_50   ; 3.875 ;      ; Rise       ; CLOCK_50        ;
;  SRAM_DQ[10] ; CLOCK_50   ; 3.867 ;      ; Rise       ; CLOCK_50        ;
;  SRAM_DQ[11] ; CLOCK_50   ; 3.867 ;      ; Rise       ; CLOCK_50        ;
;  SRAM_DQ[12] ; CLOCK_50   ; 3.746 ;      ; Rise       ; CLOCK_50        ;
;  SRAM_DQ[13] ; CLOCK_50   ; 3.746 ;      ; Rise       ; CLOCK_50        ;
;  SRAM_DQ[14] ; CLOCK_50   ; 3.736 ;      ; Rise       ; CLOCK_50        ;
;  SRAM_DQ[15] ; CLOCK_50   ; 3.726 ;      ; Rise       ; CLOCK_50        ;
+--------------+------------+-------+------+------------+-----------------+


+----------------------------------------------------------------------------------+
; Output Disable Times                                                             ;
+--------------+------------+-----------+-----------+------------+-----------------+
; Data Port    ; Clock Port ; 0 to Hi-Z ; 1 to Hi-Z ; Clock Edge ; Clock Reference ;
+--------------+------------+-----------+-----------+------------+-----------------+
; SRAM_DQ[*]   ; CLOCK_50   ; 3.726     ;           ; Rise       ; CLOCK_50        ;
;  SRAM_DQ[0]  ; CLOCK_50   ; 4.000     ;           ; Rise       ; CLOCK_50        ;
;  SRAM_DQ[1]  ; CLOCK_50   ; 4.010     ;           ; Rise       ; CLOCK_50        ;
;  SRAM_DQ[2]  ; CLOCK_50   ; 4.000     ;           ; Rise       ; CLOCK_50        ;
;  SRAM_DQ[3]  ; CLOCK_50   ; 3.980     ;           ; Rise       ; CLOCK_50        ;
;  SRAM_DQ[4]  ; CLOCK_50   ; 3.841     ;           ; Rise       ; CLOCK_50        ;
;  SRAM_DQ[5]  ; CLOCK_50   ; 3.841     ;           ; Rise       ; CLOCK_50        ;
;  SRAM_DQ[6]  ; CLOCK_50   ; 3.841     ;           ; Rise       ; CLOCK_50        ;
;  SRAM_DQ[7]  ; CLOCK_50   ; 3.825     ;           ; Rise       ; CLOCK_50        ;
;  SRAM_DQ[8]  ; CLOCK_50   ; 3.875     ;           ; Rise       ; CLOCK_50        ;
;  SRAM_DQ[9]  ; CLOCK_50   ; 3.875     ;           ; Rise       ; CLOCK_50        ;
;  SRAM_DQ[10] ; CLOCK_50   ; 3.867     ;           ; Rise       ; CLOCK_50        ;
;  SRAM_DQ[11] ; CLOCK_50   ; 3.867     ;           ; Rise       ; CLOCK_50        ;
;  SRAM_DQ[12] ; CLOCK_50   ; 3.746     ;           ; Rise       ; CLOCK_50        ;
;  SRAM_DQ[13] ; CLOCK_50   ; 3.746     ;           ; Rise       ; CLOCK_50        ;
;  SRAM_DQ[14] ; CLOCK_50   ; 3.736     ;           ; Rise       ; CLOCK_50        ;
;  SRAM_DQ[15] ; CLOCK_50   ; 3.726     ;           ; Rise       ; CLOCK_50        ;
+--------------+------------+-----------+-----------+------------+-----------------+


+----------------------------------------------------------------------------------+
; Minimum Output Disable Times                                                     ;
+--------------+------------+-----------+-----------+------------+-----------------+
; Data Port    ; Clock Port ; 0 to Hi-Z ; 1 to Hi-Z ; Clock Edge ; Clock Reference ;
+--------------+------------+-----------+-----------+------------+-----------------+
; SRAM_DQ[*]   ; CLOCK_50   ; 3.726     ;           ; Rise       ; CLOCK_50        ;
;  SRAM_DQ[0]  ; CLOCK_50   ; 4.000     ;           ; Rise       ; CLOCK_50        ;
;  SRAM_DQ[1]  ; CLOCK_50   ; 4.010     ;           ; Rise       ; CLOCK_50        ;
;  SRAM_DQ[2]  ; CLOCK_50   ; 4.000     ;           ; Rise       ; CLOCK_50        ;
;  SRAM_DQ[3]  ; CLOCK_50   ; 3.980     ;           ; Rise       ; CLOCK_50        ;
;  SRAM_DQ[4]  ; CLOCK_50   ; 3.841     ;           ; Rise       ; CLOCK_50        ;
;  SRAM_DQ[5]  ; CLOCK_50   ; 3.841     ;           ; Rise       ; CLOCK_50        ;
;  SRAM_DQ[6]  ; CLOCK_50   ; 3.841     ;           ; Rise       ; CLOCK_50        ;
;  SRAM_DQ[7]  ; CLOCK_50   ; 3.825     ;           ; Rise       ; CLOCK_50        ;
;  SRAM_DQ[8]  ; CLOCK_50   ; 3.875     ;           ; Rise       ; CLOCK_50        ;
;  SRAM_DQ[9]  ; CLOCK_50   ; 3.875     ;           ; Rise       ; CLOCK_50        ;
;  SRAM_DQ[10] ; CLOCK_50   ; 3.867     ;           ; Rise       ; CLOCK_50        ;
;  SRAM_DQ[11] ; CLOCK_50   ; 3.867     ;           ; Rise       ; CLOCK_50        ;
;  SRAM_DQ[12] ; CLOCK_50   ; 3.746     ;           ; Rise       ; CLOCK_50        ;
;  SRAM_DQ[13] ; CLOCK_50   ; 3.746     ;           ; Rise       ; CLOCK_50        ;
;  SRAM_DQ[14] ; CLOCK_50   ; 3.736     ;           ; Rise       ; CLOCK_50        ;
;  SRAM_DQ[15] ; CLOCK_50   ; 3.726     ;           ; Rise       ; CLOCK_50        ;
+--------------+------------+-----------+-----------+------------+-----------------+


+--------------------------------------------------------------------------------------------------------------------------------+
; Multicorner Timing Analysis Summary                                                                                            ;
+------------------------------------------------------------------+----------+-------+----------+---------+---------------------+
; Clock                                                            ; Setup    ; Hold  ; Recovery ; Removal ; Minimum Pulse Width ;
+------------------------------------------------------------------+----------+-------+----------+---------+---------------------+
; Worst-case Slack                                                 ; -4.210   ; 0.215 ; -1.226   ; 1.085   ; -1.627              ;
;  CLOCK_50                                                        ; -4.210   ; 0.215 ; N/A      ; N/A     ; -1.627              ;
;  uart_controller:uart_ctrl_inst|baud_rate_gen:brg_inst|ov_tick   ; -2.451   ; 0.215 ; -1.226   ; 1.085   ; -0.500              ;
;  uart_controller:uart_ctrl_inst|baud_rate_gen:brg_inst|uart_tick ; -1.577   ; 0.215 ; N/A      ; N/A     ; -0.500              ;
; Design-wide TNS                                                  ; -534.624 ; 0.0   ; -11.034  ; 0.0     ; -363.762            ;
;  CLOCK_50                                                        ; -457.190 ; 0.000 ; N/A      ; N/A     ; -304.762            ;
;  uart_controller:uart_ctrl_inst|baud_rate_gen:brg_inst|ov_tick   ; -60.397  ; 0.000 ; -11.034  ; 0.000   ; -38.000             ;
;  uart_controller:uart_ctrl_inst|baud_rate_gen:brg_inst|uart_tick ; -17.037  ; 0.000 ; N/A      ; N/A     ; -21.000             ;
+------------------------------------------------------------------+----------+-------+----------+---------+---------------------+


+------------------------------------------------------------------------------------------------------------------------------------------------------------------------+
; Setup Times                                                                                                                                                            ;
+-----------+---------------------------------------------------------------+-------+-------+------------+---------------------------------------------------------------+
; Data Port ; Clock Port                                                    ; Rise  ; Fall  ; Clock Edge ; Clock Reference                                               ;
+-----------+---------------------------------------------------------------+-------+-------+------------+---------------------------------------------------------------+
; UART_RXD  ; uart_controller:uart_ctrl_inst|baud_rate_gen:brg_inst|ov_tick ; 7.166 ; 7.166 ; Rise       ; uart_controller:uart_ctrl_inst|baud_rate_gen:brg_inst|ov_tick ;
+-----------+---------------------------------------------------------------+-------+-------+------------+---------------------------------------------------------------+


+--------------------------------------------------------------------------------------------------------------------------------------------------------------------------+
; Hold Times                                                                                                                                                               ;
+-----------+---------------------------------------------------------------+--------+--------+------------+---------------------------------------------------------------+
; Data Port ; Clock Port                                                    ; Rise   ; Fall   ; Clock Edge ; Clock Reference                                               ;
+-----------+---------------------------------------------------------------+--------+--------+------------+---------------------------------------------------------------+
; UART_RXD  ; uart_controller:uart_ctrl_inst|baud_rate_gen:brg_inst|ov_tick ; -3.168 ; -3.168 ; Rise       ; uart_controller:uart_ctrl_inst|baud_rate_gen:brg_inst|ov_tick ;
+-----------+---------------------------------------------------------------+--------+--------+------------+---------------------------------------------------------------+


+---------------------------------------------------------------------------------------------------------------------------------------------------------------------------------+
; Clock to Output Times                                                                                                                                                           ;
+----------------+-----------------------------------------------------------------+-------+-------+------------+-----------------------------------------------------------------+
; Data Port      ; Clock Port                                                      ; Rise  ; Fall  ; Clock Edge ; Clock Reference                                                 ;
+----------------+-----------------------------------------------------------------+-------+-------+------------+-----------------------------------------------------------------+
; HEX0[*]        ; CLOCK_50                                                        ; 9.285 ; 9.285 ; Rise       ; CLOCK_50                                                        ;
;  HEX0[0]       ; CLOCK_50                                                        ; 9.285 ; 9.285 ; Rise       ; CLOCK_50                                                        ;
;  HEX0[1]       ; CLOCK_50                                                        ; 9.262 ; 9.262 ; Rise       ; CLOCK_50                                                        ;
;  HEX0[2]       ; CLOCK_50                                                        ; 9.268 ; 9.268 ; Rise       ; CLOCK_50                                                        ;
;  HEX0[3]       ; CLOCK_50                                                        ; 9.042 ; 9.042 ; Rise       ; CLOCK_50                                                        ;
;  HEX0[4]       ; CLOCK_50                                                        ; 9.045 ; 9.045 ; Rise       ; CLOCK_50                                                        ;
;  HEX0[5]       ; CLOCK_50                                                        ; 9.027 ; 9.027 ; Rise       ; CLOCK_50                                                        ;
;  HEX0[6]       ; CLOCK_50                                                        ; 9.027 ; 9.027 ; Rise       ; CLOCK_50                                                        ;
; HEX1[*]        ; CLOCK_50                                                        ; 7.856 ; 7.856 ; Rise       ; CLOCK_50                                                        ;
;  HEX1[0]       ; CLOCK_50                                                        ; 7.590 ; 7.590 ; Rise       ; CLOCK_50                                                        ;
;  HEX1[1]       ; CLOCK_50                                                        ; 7.856 ; 7.856 ; Rise       ; CLOCK_50                                                        ;
;  HEX1[2]       ; CLOCK_50                                                        ; 7.406 ; 7.406 ; Rise       ; CLOCK_50                                                        ;
;  HEX1[3]       ; CLOCK_50                                                        ; 7.447 ; 7.447 ; Rise       ; CLOCK_50                                                        ;
;  HEX1[4]       ; CLOCK_50                                                        ; 7.407 ; 7.407 ; Rise       ; CLOCK_50                                                        ;
;  HEX1[5]       ; CLOCK_50                                                        ; 7.718 ; 7.718 ; Rise       ; CLOCK_50                                                        ;
;  HEX1[6]       ; CLOCK_50                                                        ; 7.446 ; 7.446 ; Rise       ; CLOCK_50                                                        ;
; HEX2[*]        ; CLOCK_50                                                        ; 7.865 ; 7.865 ; Rise       ; CLOCK_50                                                        ;
;  HEX2[0]       ; CLOCK_50                                                        ; 7.724 ; 7.724 ; Rise       ; CLOCK_50                                                        ;
;  HEX2[1]       ; CLOCK_50                                                        ; 7.515 ; 7.515 ; Rise       ; CLOCK_50                                                        ;
;  HEX2[2]       ; CLOCK_50                                                        ; 7.601 ; 7.601 ; Rise       ; CLOCK_50                                                        ;
;  HEX2[3]       ; CLOCK_50                                                        ; 7.536 ; 7.536 ; Rise       ; CLOCK_50                                                        ;
;  HEX2[4]       ; CLOCK_50                                                        ; 7.750 ; 7.750 ; Rise       ; CLOCK_50                                                        ;
;  HEX2[5]       ; CLOCK_50                                                        ; 7.865 ; 7.865 ; Rise       ; CLOCK_50                                                        ;
;  HEX2[6]       ; CLOCK_50                                                        ; 7.813 ; 7.813 ; Rise       ; CLOCK_50                                                        ;
; LEDR[*]        ; CLOCK_50                                                        ; 9.439 ; 9.439 ; Rise       ; CLOCK_50                                                        ;
;  LEDR[9]       ; CLOCK_50                                                        ; 9.126 ; 9.126 ; Rise       ; CLOCK_50                                                        ;
;  LEDR[10]      ; CLOCK_50                                                        ; 7.904 ; 7.904 ; Rise       ; CLOCK_50                                                        ;
;  LEDR[11]      ; CLOCK_50                                                        ; 7.860 ; 7.860 ; Rise       ; CLOCK_50                                                        ;
;  LEDR[12]      ; CLOCK_50                                                        ; 8.096 ; 8.096 ; Rise       ; CLOCK_50                                                        ;
;  LEDR[13]      ; CLOCK_50                                                        ; 9.439 ; 9.439 ; Rise       ; CLOCK_50                                                        ;
;  LEDR[15]      ; CLOCK_50                                                        ; 6.752 ; 6.752 ; Rise       ; CLOCK_50                                                        ;
;  LEDR[16]      ; CLOCK_50                                                        ; 6.391 ; 6.391 ; Rise       ; CLOCK_50                                                        ;
;  LEDR[17]      ; CLOCK_50                                                        ; 8.235 ; 8.235 ; Rise       ; CLOCK_50                                                        ;
; SRAM_ADDR[*]   ; CLOCK_50                                                        ; 7.389 ; 7.389 ; Rise       ; CLOCK_50                                                        ;
;  SRAM_ADDR[0]  ; CLOCK_50                                                        ; 7.319 ; 7.319 ; Rise       ; CLOCK_50                                                        ;
;  SRAM_ADDR[1]  ; CLOCK_50                                                        ; 7.064 ; 7.064 ; Rise       ; CLOCK_50                                                        ;
;  SRAM_ADDR[2]  ; CLOCK_50                                                        ; 7.389 ; 7.389 ; Rise       ; CLOCK_50                                                        ;
;  SRAM_ADDR[3]  ; CLOCK_50                                                        ; 7.032 ; 7.032 ; Rise       ; CLOCK_50                                                        ;
;  SRAM_ADDR[4]  ; CLOCK_50                                                        ; 6.823 ; 6.823 ; Rise       ; CLOCK_50                                                        ;
;  SRAM_ADDR[5]  ; CLOCK_50                                                        ; 6.826 ; 6.826 ; Rise       ; CLOCK_50                                                        ;
;  SRAM_ADDR[6]  ; CLOCK_50                                                        ; 7.092 ; 7.092 ; Rise       ; CLOCK_50                                                        ;
;  SRAM_ADDR[7]  ; CLOCK_50                                                        ; 6.836 ; 6.836 ; Rise       ; CLOCK_50                                                        ;
;  SRAM_ADDR[8]  ; CLOCK_50                                                        ; 6.812 ; 6.812 ; Rise       ; CLOCK_50                                                        ;
;  SRAM_ADDR[9]  ; CLOCK_50                                                        ; 6.828 ; 6.828 ; Rise       ; CLOCK_50                                                        ;
;  SRAM_ADDR[10] ; CLOCK_50                                                        ; 6.633 ; 6.633 ; Rise       ; CLOCK_50                                                        ;
;  SRAM_ADDR[11] ; CLOCK_50                                                        ; 6.598 ; 6.598 ; Rise       ; CLOCK_50                                                        ;
;  SRAM_ADDR[12] ; CLOCK_50                                                        ; 6.591 ; 6.591 ; Rise       ; CLOCK_50                                                        ;
;  SRAM_ADDR[13] ; CLOCK_50                                                        ; 6.627 ; 6.627 ; Rise       ; CLOCK_50                                                        ;
;  SRAM_ADDR[14] ; CLOCK_50                                                        ; 6.572 ; 6.572 ; Rise       ; CLOCK_50                                                        ;
;  SRAM_ADDR[15] ; CLOCK_50                                                        ; 6.573 ; 6.573 ; Rise       ; CLOCK_50                                                        ;
;  SRAM_ADDR[16] ; CLOCK_50                                                        ; 6.599 ; 6.599 ; Rise       ; CLOCK_50                                                        ;
;  SRAM_ADDR[17] ; CLOCK_50                                                        ; 6.373 ; 6.373 ; Rise       ; CLOCK_50                                                        ;
; SRAM_DQ[*]     ; CLOCK_50                                                        ; 7.086 ; 7.086 ; Rise       ; CLOCK_50                                                        ;
;  SRAM_DQ[0]    ; CLOCK_50                                                        ; 6.379 ; 6.379 ; Rise       ; CLOCK_50                                                        ;
;  SRAM_DQ[1]    ; CLOCK_50                                                        ; 6.904 ; 6.904 ; Rise       ; CLOCK_50                                                        ;
;  SRAM_DQ[2]    ; CLOCK_50                                                        ; 7.086 ; 7.086 ; Rise       ; CLOCK_50                                                        ;
;  SRAM_DQ[3]    ; CLOCK_50                                                        ; 6.616 ; 6.616 ; Rise       ; CLOCK_50                                                        ;
;  SRAM_DQ[4]    ; CLOCK_50                                                        ; 6.592 ; 6.592 ; Rise       ; CLOCK_50                                                        ;
;  SRAM_DQ[5]    ; CLOCK_50                                                        ; 6.846 ; 6.846 ; Rise       ; CLOCK_50                                                        ;
;  SRAM_DQ[6]    ; CLOCK_50                                                        ; 6.841 ; 6.841 ; Rise       ; CLOCK_50                                                        ;
;  SRAM_DQ[7]    ; CLOCK_50                                                        ; 6.328 ; 6.328 ; Rise       ; CLOCK_50                                                        ;
;  SRAM_DQ[8]    ; CLOCK_50                                                        ; 6.836 ; 6.836 ; Rise       ; CLOCK_50                                                        ;
;  SRAM_DQ[9]    ; CLOCK_50                                                        ; 6.834 ; 6.834 ; Rise       ; CLOCK_50                                                        ;
;  SRAM_DQ[10]   ; CLOCK_50                                                        ; 6.833 ; 6.833 ; Rise       ; CLOCK_50                                                        ;
;  SRAM_DQ[11]   ; CLOCK_50                                                        ; 6.843 ; 6.843 ; Rise       ; CLOCK_50                                                        ;
;  SRAM_DQ[12]   ; CLOCK_50                                                        ; 6.597 ; 6.597 ; Rise       ; CLOCK_50                                                        ;
;  SRAM_DQ[13]   ; CLOCK_50                                                        ; 6.831 ; 6.831 ; Rise       ; CLOCK_50                                                        ;
;  SRAM_DQ[14]   ; CLOCK_50                                                        ; 6.589 ; 6.589 ; Rise       ; CLOCK_50                                                        ;
;  SRAM_DQ[15]   ; CLOCK_50                                                        ; 6.592 ; 6.592 ; Rise       ; CLOCK_50                                                        ;
; SRAM_WE_N      ; CLOCK_50                                                        ; 6.383 ; 6.383 ; Rise       ; CLOCK_50                                                        ;
; LEDR[*]        ; uart_controller:uart_ctrl_inst|baud_rate_gen:brg_inst|ov_tick   ; 9.226 ; 9.226 ; Rise       ; uart_controller:uart_ctrl_inst|baud_rate_gen:brg_inst|ov_tick   ;
;  LEDR[0]       ; uart_controller:uart_ctrl_inst|baud_rate_gen:brg_inst|ov_tick   ; 8.126 ; 8.126 ; Rise       ; uart_controller:uart_ctrl_inst|baud_rate_gen:brg_inst|ov_tick   ;
;  LEDR[1]       ; uart_controller:uart_ctrl_inst|baud_rate_gen:brg_inst|ov_tick   ; 8.224 ; 8.224 ; Rise       ; uart_controller:uart_ctrl_inst|baud_rate_gen:brg_inst|ov_tick   ;
;  LEDR[2]       ; uart_controller:uart_ctrl_inst|baud_rate_gen:brg_inst|ov_tick   ; 8.730 ; 8.730 ; Rise       ; uart_controller:uart_ctrl_inst|baud_rate_gen:brg_inst|ov_tick   ;
;  LEDR[3]       ; uart_controller:uart_ctrl_inst|baud_rate_gen:brg_inst|ov_tick   ; 8.454 ; 8.454 ; Rise       ; uart_controller:uart_ctrl_inst|baud_rate_gen:brg_inst|ov_tick   ;
;  LEDR[4]       ; uart_controller:uart_ctrl_inst|baud_rate_gen:brg_inst|ov_tick   ; 8.194 ; 8.194 ; Rise       ; uart_controller:uart_ctrl_inst|baud_rate_gen:brg_inst|ov_tick   ;
;  LEDR[5]       ; uart_controller:uart_ctrl_inst|baud_rate_gen:brg_inst|ov_tick   ; 8.172 ; 8.172 ; Rise       ; uart_controller:uart_ctrl_inst|baud_rate_gen:brg_inst|ov_tick   ;
;  LEDR[6]       ; uart_controller:uart_ctrl_inst|baud_rate_gen:brg_inst|ov_tick   ; 9.226 ; 9.226 ; Rise       ; uart_controller:uart_ctrl_inst|baud_rate_gen:brg_inst|ov_tick   ;
;  LEDR[7]       ; uart_controller:uart_ctrl_inst|baud_rate_gen:brg_inst|ov_tick   ; 7.968 ; 7.968 ; Rise       ; uart_controller:uart_ctrl_inst|baud_rate_gen:brg_inst|ov_tick   ;
;  LEDR[8]       ; uart_controller:uart_ctrl_inst|baud_rate_gen:brg_inst|ov_tick   ; 6.833 ; 6.833 ; Rise       ; uart_controller:uart_ctrl_inst|baud_rate_gen:brg_inst|ov_tick   ;
; rx_valid_led   ; uart_controller:uart_ctrl_inst|baud_rate_gen:brg_inst|ov_tick   ; 6.631 ; 6.631 ; Rise       ; uart_controller:uart_ctrl_inst|baud_rate_gen:brg_inst|ov_tick   ;
; state_led[*]   ; uart_controller:uart_ctrl_inst|baud_rate_gen:brg_inst|ov_tick   ; 9.271 ; 9.271 ; Rise       ; uart_controller:uart_ctrl_inst|baud_rate_gen:brg_inst|ov_tick   ;
;  state_led[0]  ; uart_controller:uart_ctrl_inst|baud_rate_gen:brg_inst|ov_tick   ; 7.505 ; 7.505 ; Rise       ; uart_controller:uart_ctrl_inst|baud_rate_gen:brg_inst|ov_tick   ;
;  state_led[1]  ; uart_controller:uart_ctrl_inst|baud_rate_gen:brg_inst|ov_tick   ; 9.271 ; 9.271 ; Rise       ; uart_controller:uart_ctrl_inst|baud_rate_gen:brg_inst|ov_tick   ;
; LEDR[*]        ; uart_controller:uart_ctrl_inst|baud_rate_gen:brg_inst|uart_tick ; 6.423 ; 6.423 ; Rise       ; uart_controller:uart_ctrl_inst|baud_rate_gen:brg_inst|uart_tick ;
;  LEDR[14]      ; uart_controller:uart_ctrl_inst|baud_rate_gen:brg_inst|uart_tick ; 6.423 ; 6.423 ; Rise       ; uart_controller:uart_ctrl_inst|baud_rate_gen:brg_inst|uart_tick ;
; UART_TXD       ; uart_controller:uart_ctrl_inst|baud_rate_gen:brg_inst|uart_tick ; 9.276 ; 9.276 ; Rise       ; uart_controller:uart_ctrl_inst|baud_rate_gen:brg_inst|uart_tick ;
; tx_busy_led    ; uart_controller:uart_ctrl_inst|baud_rate_gen:brg_inst|uart_tick ; 7.062 ; 7.062 ; Rise       ; uart_controller:uart_ctrl_inst|baud_rate_gen:brg_inst|uart_tick ;
+----------------+-----------------------------------------------------------------+-------+-------+------------+-----------------------------------------------------------------+


+---------------------------------------------------------------------------------------------------------------------------------------------------------------------------------+
; Minimum Clock to Output Times                                                                                                                                                   ;
+----------------+-----------------------------------------------------------------+-------+-------+------------+-----------------------------------------------------------------+
; Data Port      ; Clock Port                                                      ; Rise  ; Fall  ; Clock Edge ; Clock Reference                                                 ;
+----------------+-----------------------------------------------------------------+-------+-------+------------+-----------------------------------------------------------------+
; HEX0[*]        ; CLOCK_50                                                        ; 4.300 ; 4.300 ; Rise       ; CLOCK_50                                                        ;
;  HEX0[0]       ; CLOCK_50                                                        ; 4.437 ; 4.437 ; Rise       ; CLOCK_50                                                        ;
;  HEX0[1]       ; CLOCK_50                                                        ; 4.410 ; 4.410 ; Rise       ; CLOCK_50                                                        ;
;  HEX0[2]       ; CLOCK_50                                                        ; 4.405 ; 4.405 ; Rise       ; CLOCK_50                                                        ;
;  HEX0[3]       ; CLOCK_50                                                        ; 4.307 ; 4.307 ; Rise       ; CLOCK_50                                                        ;
;  HEX0[4]       ; CLOCK_50                                                        ; 4.321 ; 4.321 ; Rise       ; CLOCK_50                                                        ;
;  HEX0[5]       ; CLOCK_50                                                        ; 4.300 ; 4.300 ; Rise       ; CLOCK_50                                                        ;
;  HEX0[6]       ; CLOCK_50                                                        ; 4.306 ; 4.306 ; Rise       ; CLOCK_50                                                        ;
; HEX1[*]        ; CLOCK_50                                                        ; 3.817 ; 3.817 ; Rise       ; CLOCK_50                                                        ;
;  HEX1[0]       ; CLOCK_50                                                        ; 3.969 ; 3.969 ; Rise       ; CLOCK_50                                                        ;
;  HEX1[1]       ; CLOCK_50                                                        ; 4.072 ; 4.072 ; Rise       ; CLOCK_50                                                        ;
;  HEX1[2]       ; CLOCK_50                                                        ; 3.817 ; 3.817 ; Rise       ; CLOCK_50                                                        ;
;  HEX1[3]       ; CLOCK_50                                                        ; 3.844 ; 3.844 ; Rise       ; CLOCK_50                                                        ;
;  HEX1[4]       ; CLOCK_50                                                        ; 3.844 ; 3.844 ; Rise       ; CLOCK_50                                                        ;
;  HEX1[5]       ; CLOCK_50                                                        ; 3.984 ; 3.984 ; Rise       ; CLOCK_50                                                        ;
;  HEX1[6]       ; CLOCK_50                                                        ; 3.853 ; 3.853 ; Rise       ; CLOCK_50                                                        ;
; HEX2[*]        ; CLOCK_50                                                        ; 3.958 ; 3.958 ; Rise       ; CLOCK_50                                                        ;
;  HEX2[0]       ; CLOCK_50                                                        ; 4.063 ; 4.063 ; Rise       ; CLOCK_50                                                        ;
;  HEX2[1]       ; CLOCK_50                                                        ; 3.958 ; 3.958 ; Rise       ; CLOCK_50                                                        ;
;  HEX2[2]       ; CLOCK_50                                                        ; 4.024 ; 4.024 ; Rise       ; CLOCK_50                                                        ;
;  HEX2[3]       ; CLOCK_50                                                        ; 4.008 ; 4.008 ; Rise       ; CLOCK_50                                                        ;
;  HEX2[4]       ; CLOCK_50                                                        ; 4.084 ; 4.084 ; Rise       ; CLOCK_50                                                        ;
;  HEX2[5]       ; CLOCK_50                                                        ; 4.137 ; 4.137 ; Rise       ; CLOCK_50                                                        ;
;  HEX2[6]       ; CLOCK_50                                                        ; 4.103 ; 4.103 ; Rise       ; CLOCK_50                                                        ;
; LEDR[*]        ; CLOCK_50                                                        ; 3.670 ; 3.670 ; Rise       ; CLOCK_50                                                        ;
;  LEDR[9]       ; CLOCK_50                                                        ; 4.229 ; 4.229 ; Rise       ; CLOCK_50                                                        ;
;  LEDR[10]      ; CLOCK_50                                                        ; 3.923 ; 3.923 ; Rise       ; CLOCK_50                                                        ;
;  LEDR[11]      ; CLOCK_50                                                        ; 4.161 ; 4.161 ; Rise       ; CLOCK_50                                                        ;
;  LEDR[12]      ; CLOCK_50                                                        ; 3.915 ; 3.915 ; Rise       ; CLOCK_50                                                        ;
;  LEDR[13]      ; CLOCK_50                                                        ; 4.410 ; 4.410 ; Rise       ; CLOCK_50                                                        ;
;  LEDR[15]      ; CLOCK_50                                                        ; 3.851 ; 3.851 ; Rise       ; CLOCK_50                                                        ;
;  LEDR[16]      ; CLOCK_50                                                        ; 3.670 ; 3.670 ; Rise       ; CLOCK_50                                                        ;
;  LEDR[17]      ; CLOCK_50                                                        ; 4.110 ; 4.110 ; Rise       ; CLOCK_50                                                        ;
; SRAM_ADDR[*]   ; CLOCK_50                                                        ; 3.655 ; 3.655 ; Rise       ; CLOCK_50                                                        ;
;  SRAM_ADDR[0]  ; CLOCK_50                                                        ; 4.094 ; 4.094 ; Rise       ; CLOCK_50                                                        ;
;  SRAM_ADDR[1]  ; CLOCK_50                                                        ; 3.978 ; 3.978 ; Rise       ; CLOCK_50                                                        ;
;  SRAM_ADDR[2]  ; CLOCK_50                                                        ; 4.134 ; 4.134 ; Rise       ; CLOCK_50                                                        ;
;  SRAM_ADDR[3]  ; CLOCK_50                                                        ; 3.974 ; 3.974 ; Rise       ; CLOCK_50                                                        ;
;  SRAM_ADDR[4]  ; CLOCK_50                                                        ; 3.861 ; 3.861 ; Rise       ; CLOCK_50                                                        ;
;  SRAM_ADDR[5]  ; CLOCK_50                                                        ; 3.862 ; 3.862 ; Rise       ; CLOCK_50                                                        ;
;  SRAM_ADDR[6]  ; CLOCK_50                                                        ; 3.995 ; 3.995 ; Rise       ; CLOCK_50                                                        ;
;  SRAM_ADDR[7]  ; CLOCK_50                                                        ; 3.875 ; 3.875 ; Rise       ; CLOCK_50                                                        ;
;  SRAM_ADDR[8]  ; CLOCK_50                                                        ; 3.849 ; 3.849 ; Rise       ; CLOCK_50                                                        ;
;  SRAM_ADDR[9]  ; CLOCK_50                                                        ; 3.863 ; 3.863 ; Rise       ; CLOCK_50                                                        ;
;  SRAM_ADDR[10] ; CLOCK_50                                                        ; 3.778 ; 3.778 ; Rise       ; CLOCK_50                                                        ;
;  SRAM_ADDR[11] ; CLOCK_50                                                        ; 3.761 ; 3.761 ; Rise       ; CLOCK_50                                                        ;
;  SRAM_ADDR[12] ; CLOCK_50                                                        ; 3.752 ; 3.752 ; Rise       ; CLOCK_50                                                        ;
;  SRAM_ADDR[13] ; CLOCK_50                                                        ; 3.789 ; 3.789 ; Rise       ; CLOCK_50                                                        ;
;  SRAM_ADDR[14] ; CLOCK_50                                                        ; 3.733 ; 3.733 ; Rise       ; CLOCK_50                                                        ;
;  SRAM_ADDR[15] ; CLOCK_50                                                        ; 3.732 ; 3.732 ; Rise       ; CLOCK_50                                                        ;
;  SRAM_ADDR[16] ; CLOCK_50                                                        ; 3.759 ; 3.759 ; Rise       ; CLOCK_50                                                        ;
;  SRAM_ADDR[17] ; CLOCK_50                                                        ; 3.655 ; 3.655 ; Rise       ; CLOCK_50                                                        ;
; SRAM_DQ[*]     ; CLOCK_50                                                        ; 3.613 ; 3.613 ; Rise       ; CLOCK_50                                                        ;
;  SRAM_DQ[0]    ; CLOCK_50                                                        ; 3.663 ; 3.663 ; Rise       ; CLOCK_50                                                        ;
;  SRAM_DQ[1]    ; CLOCK_50                                                        ; 3.913 ; 3.913 ; Rise       ; CLOCK_50                                                        ;
;  SRAM_DQ[2]    ; CLOCK_50                                                        ; 3.990 ; 3.990 ; Rise       ; CLOCK_50                                                        ;
;  SRAM_DQ[3]    ; CLOCK_50                                                        ; 3.767 ; 3.767 ; Rise       ; CLOCK_50                                                        ;
;  SRAM_DQ[4]    ; CLOCK_50                                                        ; 3.742 ; 3.742 ; Rise       ; CLOCK_50                                                        ;
;  SRAM_DQ[5]    ; CLOCK_50                                                        ; 3.863 ; 3.863 ; Rise       ; CLOCK_50                                                        ;
;  SRAM_DQ[6]    ; CLOCK_50                                                        ; 3.860 ; 3.860 ; Rise       ; CLOCK_50                                                        ;
;  SRAM_DQ[7]    ; CLOCK_50                                                        ; 3.613 ; 3.613 ; Rise       ; CLOCK_50                                                        ;
;  SRAM_DQ[8]    ; CLOCK_50                                                        ; 3.872 ; 3.872 ; Rise       ; CLOCK_50                                                        ;
;  SRAM_DQ[9]    ; CLOCK_50                                                        ; 3.872 ; 3.872 ; Rise       ; CLOCK_50                                                        ;
;  SRAM_DQ[10]   ; CLOCK_50                                                        ; 3.870 ; 3.870 ; Rise       ; CLOCK_50                                                        ;
;  SRAM_DQ[11]   ; CLOCK_50                                                        ; 3.876 ; 3.876 ; Rise       ; CLOCK_50                                                        ;
;  SRAM_DQ[12]   ; CLOCK_50                                                        ; 3.760 ; 3.760 ; Rise       ; CLOCK_50                                                        ;
;  SRAM_DQ[13]   ; CLOCK_50                                                        ; 3.864 ; 3.864 ; Rise       ; CLOCK_50                                                        ;
;  SRAM_DQ[14]   ; CLOCK_50                                                        ; 3.751 ; 3.751 ; Rise       ; CLOCK_50                                                        ;
;  SRAM_DQ[15]   ; CLOCK_50                                                        ; 3.753 ; 3.753 ; Rise       ; CLOCK_50                                                        ;
; SRAM_WE_N      ; CLOCK_50                                                        ; 3.663 ; 3.663 ; Rise       ; CLOCK_50                                                        ;
; LEDR[*]        ; uart_controller:uart_ctrl_inst|baud_rate_gen:brg_inst|ov_tick   ; 3.784 ; 3.784 ; Rise       ; uart_controller:uart_ctrl_inst|baud_rate_gen:brg_inst|ov_tick   ;
;  LEDR[0]       ; uart_controller:uart_ctrl_inst|baud_rate_gen:brg_inst|ov_tick   ; 4.360 ; 4.360 ; Rise       ; uart_controller:uart_ctrl_inst|baud_rate_gen:brg_inst|ov_tick   ;
;  LEDR[1]       ; uart_controller:uart_ctrl_inst|baud_rate_gen:brg_inst|ov_tick   ; 4.422 ; 4.422 ; Rise       ; uart_controller:uart_ctrl_inst|baud_rate_gen:brg_inst|ov_tick   ;
;  LEDR[2]       ; uart_controller:uart_ctrl_inst|baud_rate_gen:brg_inst|ov_tick   ; 4.796 ; 4.796 ; Rise       ; uart_controller:uart_ctrl_inst|baud_rate_gen:brg_inst|ov_tick   ;
;  LEDR[3]       ; uart_controller:uart_ctrl_inst|baud_rate_gen:brg_inst|ov_tick   ; 4.639 ; 4.639 ; Rise       ; uart_controller:uart_ctrl_inst|baud_rate_gen:brg_inst|ov_tick   ;
;  LEDR[4]       ; uart_controller:uart_ctrl_inst|baud_rate_gen:brg_inst|ov_tick   ; 4.400 ; 4.400 ; Rise       ; uart_controller:uart_ctrl_inst|baud_rate_gen:brg_inst|ov_tick   ;
;  LEDR[5]       ; uart_controller:uart_ctrl_inst|baud_rate_gen:brg_inst|ov_tick   ; 4.386 ; 4.386 ; Rise       ; uart_controller:uart_ctrl_inst|baud_rate_gen:brg_inst|ov_tick   ;
;  LEDR[6]       ; uart_controller:uart_ctrl_inst|baud_rate_gen:brg_inst|ov_tick   ; 5.064 ; 5.064 ; Rise       ; uart_controller:uart_ctrl_inst|baud_rate_gen:brg_inst|ov_tick   ;
;  LEDR[7]       ; uart_controller:uart_ctrl_inst|baud_rate_gen:brg_inst|ov_tick   ; 4.297 ; 4.297 ; Rise       ; uart_controller:uart_ctrl_inst|baud_rate_gen:brg_inst|ov_tick   ;
;  LEDR[8]       ; uart_controller:uart_ctrl_inst|baud_rate_gen:brg_inst|ov_tick   ; 3.784 ; 3.784 ; Rise       ; uart_controller:uart_ctrl_inst|baud_rate_gen:brg_inst|ov_tick   ;
; rx_valid_led   ; uart_controller:uart_ctrl_inst|baud_rate_gen:brg_inst|ov_tick   ; 3.696 ; 3.696 ; Rise       ; uart_controller:uart_ctrl_inst|baud_rate_gen:brg_inst|ov_tick   ;
; state_led[*]   ; uart_controller:uart_ctrl_inst|baud_rate_gen:brg_inst|ov_tick   ; 3.980 ; 3.980 ; Rise       ; uart_controller:uart_ctrl_inst|baud_rate_gen:brg_inst|ov_tick   ;
;  state_led[0]  ; uart_controller:uart_ctrl_inst|baud_rate_gen:brg_inst|ov_tick   ; 3.980 ; 3.980 ; Rise       ; uart_controller:uart_ctrl_inst|baud_rate_gen:brg_inst|ov_tick   ;
;  state_led[1]  ; uart_controller:uart_ctrl_inst|baud_rate_gen:brg_inst|ov_tick   ; 4.591 ; 4.591 ; Rise       ; uart_controller:uart_ctrl_inst|baud_rate_gen:brg_inst|ov_tick   ;
; LEDR[*]        ; uart_controller:uart_ctrl_inst|baud_rate_gen:brg_inst|uart_tick ; 3.604 ; 3.604 ; Rise       ; uart_controller:uart_ctrl_inst|baud_rate_gen:brg_inst|uart_tick ;
;  LEDR[14]      ; uart_controller:uart_ctrl_inst|baud_rate_gen:brg_inst|uart_tick ; 3.604 ; 3.604 ; Rise       ; uart_controller:uart_ctrl_inst|baud_rate_gen:brg_inst|uart_tick ;
; UART_TXD       ; uart_controller:uart_ctrl_inst|baud_rate_gen:brg_inst|uart_tick ; 4.954 ; 4.954 ; Rise       ; uart_controller:uart_ctrl_inst|baud_rate_gen:brg_inst|uart_tick ;
; tx_busy_led    ; uart_controller:uart_ctrl_inst|baud_rate_gen:brg_inst|uart_tick ; 3.868 ; 3.868 ; Rise       ; uart_controller:uart_ctrl_inst|baud_rate_gen:brg_inst|uart_tick ;
+----------------+-----------------------------------------------------------------+-------+-------+------------+-----------------------------------------------------------------+


+-------------------------------------------------------------------------------------------------------------------------------------------------------------------------------+
; Setup Transfers                                                                                                                                                               ;
+-----------------------------------------------------------------+-----------------------------------------------------------------+----------+----------+----------+----------+
; From Clock                                                      ; To Clock                                                        ; RR Paths ; FR Paths ; RF Paths ; FF Paths ;
+-----------------------------------------------------------------+-----------------------------------------------------------------+----------+----------+----------+----------+
; CLOCK_50                                                        ; CLOCK_50                                                        ; 2972     ; 0        ; 0        ; 0        ;
; uart_controller:uart_ctrl_inst|baud_rate_gen:brg_inst|ov_tick   ; CLOCK_50                                                        ; 211      ; 0        ; 0        ; 0        ;
; uart_controller:uart_ctrl_inst|baud_rate_gen:brg_inst|uart_tick ; CLOCK_50                                                        ; 42       ; 0        ; 0        ; 0        ;
; CLOCK_50                                                        ; uart_controller:uart_ctrl_inst|baud_rate_gen:brg_inst|ov_tick   ; 29       ; 0        ; 0        ; 0        ;
; uart_controller:uart_ctrl_inst|baud_rate_gen:brg_inst|ov_tick   ; uart_controller:uart_ctrl_inst|baud_rate_gen:brg_inst|ov_tick   ; 301      ; 0        ; 0        ; 0        ;
; CLOCK_50                                                        ; uart_controller:uart_ctrl_inst|baud_rate_gen:brg_inst|uart_tick ; 6        ; 0        ; 0        ; 0        ;
; uart_controller:uart_ctrl_inst|baud_rate_gen:brg_inst|uart_tick ; uart_controller:uart_ctrl_inst|baud_rate_gen:brg_inst|uart_tick ; 122      ; 0        ; 0        ; 0        ;
+-----------------------------------------------------------------+-----------------------------------------------------------------+----------+----------+----------+----------+
Entries labeled "false path" only account for clock-to-clock false paths and not path-based false paths. As a result, actual path counts may be lower than reported.


+-------------------------------------------------------------------------------------------------------------------------------------------------------------------------------+
; Hold Transfers                                                                                                                                                                ;
+-----------------------------------------------------------------+-----------------------------------------------------------------+----------+----------+----------+----------+
; From Clock                                                      ; To Clock                                                        ; RR Paths ; FR Paths ; RF Paths ; FF Paths ;
+-----------------------------------------------------------------+-----------------------------------------------------------------+----------+----------+----------+----------+
; CLOCK_50                                                        ; CLOCK_50                                                        ; 2972     ; 0        ; 0        ; 0        ;
; uart_controller:uart_ctrl_inst|baud_rate_gen:brg_inst|ov_tick   ; CLOCK_50                                                        ; 211      ; 0        ; 0        ; 0        ;
; uart_controller:uart_ctrl_inst|baud_rate_gen:brg_inst|uart_tick ; CLOCK_50                                                        ; 42       ; 0        ; 0        ; 0        ;
; CLOCK_50                                                        ; uart_controller:uart_ctrl_inst|baud_rate_gen:brg_inst|ov_tick   ; 29       ; 0        ; 0        ; 0        ;
; uart_controller:uart_ctrl_inst|baud_rate_gen:brg_inst|ov_tick   ; uart_controller:uart_ctrl_inst|baud_rate_gen:brg_inst|ov_tick   ; 301      ; 0        ; 0        ; 0        ;
; CLOCK_50                                                        ; uart_controller:uart_ctrl_inst|baud_rate_gen:brg_inst|uart_tick ; 6        ; 0        ; 0        ; 0        ;
; uart_controller:uart_ctrl_inst|baud_rate_gen:brg_inst|uart_tick ; uart_controller:uart_ctrl_inst|baud_rate_gen:brg_inst|uart_tick ; 122      ; 0        ; 0        ; 0        ;
+-----------------------------------------------------------------+-----------------------------------------------------------------+----------+----------+----------+----------+
Entries labeled "false path" only account for clock-to-clock false paths and not path-based false paths. As a result, actual path counts may be lower than reported.


+------------------------------------------------------------------------------------------------------------------------+
; Recovery Transfers                                                                                                     ;
+------------+---------------------------------------------------------------+----------+----------+----------+----------+
; From Clock ; To Clock                                                      ; RR Paths ; FR Paths ; RF Paths ; FF Paths ;
+------------+---------------------------------------------------------------+----------+----------+----------+----------+
; CLOCK_50   ; uart_controller:uart_ctrl_inst|baud_rate_gen:brg_inst|ov_tick ; 9        ; 0        ; 0        ; 0        ;
+------------+---------------------------------------------------------------+----------+----------+----------+----------+
Entries labeled "false path" only account for clock-to-clock false paths and not path-based false paths. As a result, actual path counts may be lower than reported.


+------------------------------------------------------------------------------------------------------------------------+
; Removal Transfers                                                                                                      ;
+------------+---------------------------------------------------------------+----------+----------+----------+----------+
; From Clock ; To Clock                                                      ; RR Paths ; FR Paths ; RF Paths ; FF Paths ;
+------------+---------------------------------------------------------------+----------+----------+----------+----------+
; CLOCK_50   ; uart_controller:uart_ctrl_inst|baud_rate_gen:brg_inst|ov_tick ; 9        ; 0        ; 0        ; 0        ;
+------------+---------------------------------------------------------------+----------+----------+----------+----------+
Entries labeled "false path" only account for clock-to-clock false paths and not path-based false paths. As a result, actual path counts may be lower than reported.


---------------
; Report TCCS ;
---------------
No dedicated SERDES Transmitter circuitry present in device or used in design


---------------
; Report RSKM ;
---------------
No dedicated SERDES Receiver circuitry present in device or used in design


+------------------------------------------------+
; Unconstrained Paths                            ;
+---------------------------------+-------+------+
; Property                        ; Setup ; Hold ;
+---------------------------------+-------+------+
; Illegal Clocks                  ; 0     ; 0    ;
; Unconstrained Clocks            ; 0     ; 0    ;
; Unconstrained Input Ports       ; 2     ; 2    ;
; Unconstrained Input Port Paths  ; 166   ; 166  ;
; Unconstrained Output Ports      ; 79    ; 79   ;
; Unconstrained Output Port Paths ; 217   ; 217  ;
+---------------------------------+-------+------+


+------------------------------------+
; TimeQuest Timing Analyzer Messages ;
+------------------------------------+
Info: *******************************************************************
Info: Running Quartus II 64-Bit TimeQuest Timing Analyzer
    Info: Version 13.0.1 Build 232 06/12/2013 Service Pack 1 SJ Web Edition
    Info: Processing started: Fri May 22 09:25:50 2026
Info: Command: quartus_sta UART_SRAM -c UART_SRAM
Info: qsta_default_script.tcl version: #1
Warning (20028): Parallel compilation is not licensed and has been disabled
Info (21077): Low junction temperature is 0 degrees C
Info (21077): High junction temperature is 85 degrees C
Critical Warning (332012): Synopsys Design Constraints File file not found: 'UART_SRAM.sdc'. A Synopsys Design Constraints File is required by the TimeQuest Timing Analyzer to get proper timing constraints. Without it, the Compiler will not properly optimize the design.
Info (332142): No user constrained base clocks found in the design. Calling "derive_clocks -period 1.0"
Info (332105): Deriving Clocks
    Info (332105): create_clock -period 1.000 -name CLOCK_50 CLOCK_50
    Info (332105): create_clock -period 1.000 -name uart_controller:uart_ctrl_inst|baud_rate_gen:brg_inst|uart_tick uart_controller:uart_ctrl_inst|baud_rate_gen:brg_inst|uart_tick
    Info (332105): create_clock -period 1.000 -name uart_controller:uart_ctrl_inst|baud_rate_gen:brg_inst|ov_tick uart_controller:uart_ctrl_inst|baud_rate_gen:brg_inst|ov_tick
Info: Found TIMEQUEST_REPORT_SCRIPT_INCLUDE_DEFAULT_ANALYSIS = ON
Info: Analyzing Slow Model
Critical Warning (332148): Timing requirements not met
Info (332146): Worst-case setup slack is -4.210
    Info (332119):     Slack End Point TNS Clock 
    Info (332119): ========= ============= =====================
    Info (332119):    -4.210      -457.190 CLOCK_50 
    Info (332119):    -2.451       -60.397 uart_controller:uart_ctrl_inst|baud_rate_gen:brg_inst|ov_tick 
    Info (332119):    -1.577       -17.037 uart_controller:uart_ctrl_inst|baud_rate_gen:brg_inst|uart_tick 
Info (332146): Worst-case hold slack is 0.391
    Info (332119):     Slack End Point TNS Clock 
    Info (332119): ========= ============= =====================
    Info (332119):     0.391         0.000 CLOCK_50 
    Info (332119):     0.391         0.000 uart_controller:uart_ctrl_inst|baud_rate_gen:brg_inst|ov_tick 
    Info (332119):     0.391         0.000 uart_controller:uart_ctrl_inst|baud_rate_gen:brg_inst|uart_tick 
Info (332146): Worst-case recovery slack is -1.226
    Info (332119):     Slack End Point TNS Clock 
    Info (332119): ========= ============= =====================
    Info (332119):    -1.226       -11.034 uart_controller:uart_ctrl_inst|baud_rate_gen:brg_inst|ov_tick 
Info (332146): Worst-case removal slack is 1.996
    Info (332119):     Slack End Point TNS Clock 
    Info (332119): ========= ============= =====================
    Info (332119):     1.996         0.000 uart_controller:uart_ctrl_inst|baud_rate_gen:brg_inst|ov_tick 
Info (332146): Worst-case minimum pulse width slack is -1.627
    Info (332119):     Slack End Point TNS Clock 
    Info (332119): ========= ============= =====================
    Info (332119):    -1.627      -304.762 CLOCK_50 
    Info (332119):    -0.500       -38.000 uart_controller:uart_ctrl_inst|baud_rate_gen:brg_inst|ov_tick 
    Info (332119):    -0.500       -21.000 uart_controller:uart_ctrl_inst|baud_rate_gen:brg_inst|uart_tick 
Info (332001): The selected device family is not supported by the report_metastability command.
Info: Analyzing Fast Model
Critical Warning (332148): Timing requirements not met
Info (332146): Worst-case setup slack is -1.942
    Info (332119):     Slack End Point TNS Clock 
    Info (332119): ========= ============= =====================
    Info (332119):    -1.942      -125.758 CLOCK_50 
    Info (332119):    -0.619        -9.318 uart_controller:uart_ctrl_inst|baud_rate_gen:brg_inst|ov_tick 
    Info (332119):    -0.172        -0.592 uart_controller:uart_ctrl_inst|baud_rate_gen:brg_inst|uart_tick 
Info (332146): Worst-case hold slack is 0.215
    Info (332119):     Slack End Point TNS Clock 
    Info (332119): ========= ============= =====================
    Info (332119):     0.215         0.000 CLOCK_50 
    Info (332119):     0.215         0.000 uart_controller:uart_ctrl_inst|baud_rate_gen:brg_inst|ov_tick 
    Info (332119):     0.215         0.000 uart_controller:uart_ctrl_inst|baud_rate_gen:brg_inst|uart_tick 
Info (332146): Worst-case recovery slack is -0.205
    Info (332119):     Slack End Point TNS Clock 
    Info (332119): ========= ============= =====================
    Info (332119):    -0.205        -1.845 uart_controller:uart_ctrl_inst|baud_rate_gen:brg_inst|ov_tick 
Info (332146): Worst-case removal slack is 1.085
    Info (332119):     Slack End Point TNS Clock 
    Info (332119): ========= ============= =====================
    Info (332119):     1.085         0.000 uart_controller:uart_ctrl_inst|baud_rate_gen:brg_inst|ov_tick 
Info (332146): Worst-case minimum pulse width slack is -1.627
    Info (332119):     Slack End Point TNS Clock 
    Info (332119): ========= ============= =====================
    Info (332119):    -1.627      -304.762 CLOCK_50 
    Info (332119):    -0.500       -38.000 uart_controller:uart_ctrl_inst|baud_rate_gen:brg_inst|ov_tick 
    Info (332119):    -0.500       -21.000 uart_controller:uart_ctrl_inst|baud_rate_gen:brg_inst|uart_tick 
Info (332001): The selected device family is not supported by the report_metastability command.
Info (332102): Design is not fully constrained for setup requirements
Info (332102): Design is not fully constrained for hold requirements
Info: Quartus II 64-Bit TimeQuest Timing Analyzer was successful. 0 errors, 4 warnings
    Info: Peak virtual memory: 4557 megabytes
    Info: Processing ended: Fri May 22 09:25:51 2026
    Info: Elapsed time: 00:00:01
    Info: Total CPU time (on all processors): 00:00:01


