TimeQuest Timing Analyzer report for UART_SRAM
Fri May 22 09:19:07 2026
Quartus II 64-Bit Version 13.0.1 Build 232 06/12/2013 Service Pack 1 SJ Web Edition


---------------------
; Table of Contents ;
---------------------
  1. Legal Notice
  2. TimeQuest Timing Analyzer Summary
  3. Parallel Compilation
  4. Clocks
  5. Slow Model Fmax Summary
  6. Slow Model Setup Summary
  7. Slow Model Hold Summary
  8. Slow Model Recovery Summary
  9. Slow Model Removal Summary
 10. Slow Model Minimum Pulse Width Summary
 11. Slow Model Setup: 'CLOCK_50'
 12. Slow Model Setup: 'uart_controller:uart_ctrl_inst|baud_rate_gen:brg_inst|ov_tick'
 13. Slow Model Setup: 'uart_controller:uart_ctrl_inst|baud_rate_gen:brg_inst|uart_tick'
 14. Slow Model Hold: 'CLOCK_50'
 15. Slow Model Hold: 'uart_controller:uart_ctrl_inst|baud_rate_gen:brg_inst|ov_tick'
 16. Slow Model Hold: 'uart_controller:uart_ctrl_inst|baud_rate_gen:brg_inst|uart_tick'
 17. Slow Model Recovery: 'uart_controller:uart_ctrl_inst|baud_rate_gen:brg_inst|ov_tick'
 18. Slow Model Removal: 'uart_controller:uart_ctrl_inst|baud_rate_gen:brg_inst|ov_tick'
 19. Slow Model Minimum Pulse Width: 'CLOCK_50'
 20. Slow Model Minimum Pulse Width: 'uart_controller:uart_ctrl_inst|baud_rate_gen:brg_inst|ov_tick'
 21. Slow Model Minimum Pulse Width: 'uart_controller:uart_ctrl_inst|baud_rate_gen:brg_inst|uart_tick'
 22. Setup Times
 23. Hold Times
 24. Clock to Output Times
 25. Minimum Clock to Output Times
 26. Output Enable Times
 27. Minimum Output Enable Times
 28. Output Disable Times
 29. Minimum Output Disable Times
 30. Fast Model Setup Summary
 31. Fast Model Hold Summary
 32. Fast Model Recovery Summary
 33. Fast Model Removal Summary
 34. Fast Model Minimum Pulse Width Summary
 35. Fast Model Setup: 'CLOCK_50'
 36. Fast Model Setup: 'uart_controller:uart_ctrl_inst|baud_rate_gen:brg_inst|ov_tick'
 37. Fast Model Setup: 'uart_controller:uart_ctrl_inst|baud_rate_gen:brg_inst|uart_tick'
 38. Fast Model Hold: 'CLOCK_50'
 39. Fast Model Hold: 'uart_controller:uart_ctrl_inst|baud_rate_gen:brg_inst|ov_tick'
 40. Fast Model Hold: 'uart_controller:uart_ctrl_inst|baud_rate_gen:brg_inst|uart_tick'
 41. Fast Model Recovery: 'uart_controller:uart_ctrl_inst|baud_rate_gen:brg_inst|ov_tick'
 42. Fast Model Removal: 'uart_controller:uart_ctrl_inst|baud_rate_gen:brg_inst|ov_tick'
 43. Fast Model Minimum Pulse Width: 'CLOCK_50'
 44. Fast Model Minimum Pulse Width: 'uart_controller:uart_ctrl_inst|baud_rate_gen:brg_inst|ov_tick'
 45. Fast Model Minimum Pulse Width: 'uart_controller:uart_ctrl_inst|baud_rate_gen:brg_inst|uart_tick'
 46. Setup Times
 47. Hold Times
 48. Clock to Output Times
 49. Minimum Clock to Output Times
 50. Output Enable Times
 51. Minimum Output Enable Times
 52. Output Disable Times
 53. Minimum Output Disable Times
 54. Multicorner Timing Analysis Summary
 55. Setup Times
 56. Hold Times
 57. Clock to Output Times
 58. Minimum Clock to Output Times
 59. Setup Transfers
 60. Hold Transfers
 61. Recovery Transfers
 62. Removal Transfers
 63. Report TCCS
 64. Report RSKM
 65. Unconstrained Paths
 66. TimeQuest Timing Analyzer Messages



----------------
; Legal Notice ;
----------------
Copyright (C) 1991-2013 Altera Corporation
Your use of Altera Corporation's design tools, logic functions 
and other software and tools, and its AMPP partner logic 
functions, and any output files from any of the foregoing 
(including device programming or simulation files), and any 
associated documentation or information are expressly subject 
to the terms and conditions of the Altera Program License 
Subscription Agreement, Altera MegaCore Function License 
Agreement, or other applicable license agreement, including, 
without limitation, that your use is for the sole purpose of 
programming logic devices manufactured by Altera and sold by 
Altera or its authorized distributors.  Please refer to the 
applicable agreement for further details.



+----------------------------------------------------------------------------------------+
; TimeQuest Timing Analyzer Summary                                                      ;
+--------------------+-------------------------------------------------------------------+
; Quartus II Version ; Version 13.0.1 Build 232 06/12/2013 Service Pack 1 SJ Web Edition ;
; Revision Name      ; UART_SRAM                                                         ;
; Device Family      ; Cyclone II                                                        ;
; Device Name        ; EP2C35F672C6                                                      ;
; Timing Models      ; Final                                                             ;
; Delay Model        ; Combined                                                          ;
; Rise/Fall Delays   ; Unavailable                                                       ;
+--------------------+-------------------------------------------------------------------+


Parallel compilation was disabled, but you have multiple processors available. Enable parallel compilation to reduce compilation time.
+-------------------------------------+
; Parallel Compilation                ;
+----------------------------+--------+
; Processors                 ; Number ;
+----------------------------+--------+
; Number detected on machine ; 8      ;
; Maximum allowed            ; 1      ;
+----------------------------+--------+


+--------------------------------------------------------------------------------------------------------------------------------------------------------------------------------------------------------------------------------------------------------------------------------------------------+
; Clocks                                                                                                                                                                                                                                                                                           ;
+-----------------------------------------------------------------+------+--------+------------+-------+-------+------------+-----------+-------------+-------+--------+-----------+------------+----------+--------+--------+---------------------------------------------------------------------+
; Clock Name                                                      ; Type ; Period ; Frequency  ; Rise  ; Fall  ; Duty Cycle ; Divide by ; Multiply by ; Phase ; Offset ; Edge List ; Edge Shift ; Inverted ; Master ; Source ; Targets                                                             ;
+-----------------------------------------------------------------+------+--------+------------+-------+-------+------------+-----------+-------------+-------+--------+-----------+------------+----------+--------+--------+---------------------------------------------------------------------+
; CLOCK_50                                                        ; Base ; 1.000  ; 1000.0 MHz ; 0.000 ; 0.500 ;            ;           ;             ;       ;        ;           ;            ;          ;        ;        ; { CLOCK_50 }                                                        ;
; uart_controller:uart_ctrl_inst|baud_rate_gen:brg_inst|ov_tick   ; Base ; 1.000  ; 1000.0 MHz ; 0.000 ; 0.500 ;            ;           ;             ;       ;        ;           ;            ;          ;        ;        ; { uart_controller:uart_ctrl_inst|baud_rate_gen:brg_inst|ov_tick }   ;
; uart_controller:uart_ctrl_inst|baud_rate_gen:brg_inst|uart_tick ; Base ; 1.000  ; 1000.0 MHz ; 0.000 ; 0.500 ;            ;           ;             ;       ;        ;           ;            ;          ;        ;        ; { uart_controller:uart_ctrl_inst|baud_rate_gen:brg_inst|uart_tick } ;
+-----------------------------------------------------------------+------+--------+------------+-------+-------+------------+-----------+-------------+-------+--------+-----------+------------+----------+--------+--------+---------------------------------------------------------------------+


+-------------------------------------------------------------------------------------------------------+
; Slow Model Fmax Summary                                                                               ;
+------------+-----------------+-----------------------------------------------------------------+------+
; Fmax       ; Restricted Fmax ; Clock Name                                                      ; Note ;
+------------+-----------------+-----------------------------------------------------------------+------+
; 192.23 MHz ; 192.23 MHz      ; CLOCK_50                                                        ;      ;
; 319.49 MHz ; 319.49 MHz      ; uart_controller:uart_ctrl_inst|baud_rate_gen:brg_inst|ov_tick   ;      ;
; 340.83 MHz ; 340.83 MHz      ; uart_controller:uart_ctrl_inst|baud_rate_gen:brg_inst|uart_tick ;      ;
+------------+-----------------+-----------------------------------------------------------------+------+
This panel reports FMAX for every clock in the design, regardless of the user-specified clock periods.  FMAX is only computed for paths where the source and destination registers or ports are driven by the same clock.  Paths of different clocks, including generated clocks, are ignored.  For paths between a clock and its inversion, FMAX is computed as if the rising and falling edges are scaled along with FMAX, such that the duty cycle (in terms of a percentage) is maintained. Altera recommends that you always use clock constraints and other slack reports for sign-off analysis.


+------------------------------------------------------------------------------------------+
; Slow Model Setup Summary                                                                 ;
+-----------------------------------------------------------------+--------+---------------+
; Clock                                                           ; Slack  ; End Point TNS ;
+-----------------------------------------------------------------+--------+---------------+
; CLOCK_50                                                        ; -4.202 ; -411.542      ;
; uart_controller:uart_ctrl_inst|baud_rate_gen:brg_inst|ov_tick   ; -2.130 ; -57.093       ;
; uart_controller:uart_ctrl_inst|baud_rate_gen:brg_inst|uart_tick ; -1.934 ; -21.725       ;
+-----------------------------------------------------------------+--------+---------------+


+-----------------------------------------------------------------------------------------+
; Slow Model Hold Summary                                                                 ;
+-----------------------------------------------------------------+-------+---------------+
; Clock                                                           ; Slack ; End Point TNS ;
+-----------------------------------------------------------------+-------+---------------+
; CLOCK_50                                                        ; 0.391 ; 0.000         ;
; uart_controller:uart_ctrl_inst|baud_rate_gen:brg_inst|ov_tick   ; 0.391 ; 0.000         ;
; uart_controller:uart_ctrl_inst|baud_rate_gen:brg_inst|uart_tick ; 0.391 ; 0.000         ;
+-----------------------------------------------------------------+-------+---------------+


+----------------------------------------------------------------------------------------+
; Slow Model Recovery Summary                                                            ;
+---------------------------------------------------------------+--------+---------------+
; Clock                                                         ; Slack  ; End Point TNS ;
+---------------------------------------------------------------+--------+---------------+
; uart_controller:uart_ctrl_inst|baud_rate_gen:brg_inst|ov_tick ; -1.247 ; -11.223       ;
+---------------------------------------------------------------+--------+---------------+


+---------------------------------------------------------------------------------------+
; Slow Model Removal Summary                                                            ;
+---------------------------------------------------------------+-------+---------------+
; Clock                                                         ; Slack ; End Point TNS ;
+---------------------------------------------------------------+-------+---------------+
; uart_controller:uart_ctrl_inst|baud_rate_gen:brg_inst|ov_tick ; 2.017 ; 0.000         ;
+---------------------------------------------------------------+-------+---------------+


+------------------------------------------------------------------------------------------+
; Slow Model Minimum Pulse Width Summary                                                   ;
+-----------------------------------------------------------------+--------+---------------+
; Clock                                                           ; Slack  ; End Point TNS ;
+-----------------------------------------------------------------+--------+---------------+
; CLOCK_50                                                        ; -1.627 ; -304.762      ;
; uart_controller:uart_ctrl_inst|baud_rate_gen:brg_inst|ov_tick   ; -0.500 ; -38.000       ;
; uart_controller:uart_ctrl_inst|baud_rate_gen:brg_inst|uart_tick ; -0.500 ; -21.000       ;
+-----------------------------------------------------------------+--------+---------------+


+------------------------------------------------------------------------------------------------------------------------------------------------------------------------------------------------------------------------------------------------------------------------------------------------------------------------------+
; Slow Model Setup: 'CLOCK_50'                                                                                                                                                                                                                                                                                                 ;
+--------+-----------------------------------------------------------------------------------------------------------------------+-----------------------------------------------------------------------------------------------------------------------+--------------+-------------+--------------+------------+------------+
; Slack  ; From Node                                                                                                             ; To Node                                                                                                               ; Launch Clock ; Latch Clock ; Relationship ; Clock Skew ; Data Delay ;
+--------+-----------------------------------------------------------------------------------------------------------------------+-----------------------------------------------------------------------------------------------------------------------+--------------+-------------+--------------+------------+------------+
; -4.202 ; uart_rx_packet_new:packet_inst|altsyncram:buffer_rtl_0|altsyncram_09c1:auto_generated|ram_block1a0~portb_address_reg0 ; sram_packet_writer:sram_writer_inst|data_low[4]                                                                       ; CLOCK_50     ; CLOCK_50    ; 1.000        ; -0.085     ; 5.153      ;
; -4.202 ; uart_rx_packet_new:packet_inst|altsyncram:buffer_rtl_0|altsyncram_09c1:auto_generated|ram_block1a0~portb_address_reg1 ; sram_packet_writer:sram_writer_inst|data_low[4]                                                                       ; CLOCK_50     ; CLOCK_50    ; 1.000        ; -0.085     ; 5.153      ;
; -4.202 ; uart_rx_packet_new:packet_inst|altsyncram:buffer_rtl_0|altsyncram_09c1:auto_generated|ram_block1a0~portb_address_reg2 ; sram_packet_writer:sram_writer_inst|data_low[4]                                                                       ; CLOCK_50     ; CLOCK_50    ; 1.000        ; -0.085     ; 5.153      ;
; -4.202 ; uart_rx_packet_new:packet_inst|altsyncram:buffer_rtl_0|altsyncram_09c1:auto_generated|ram_block1a0~portb_address_reg3 ; sram_packet_writer:sram_writer_inst|data_low[4]                                                                       ; CLOCK_50     ; CLOCK_50    ; 1.000        ; -0.085     ; 5.153      ;
; -4.202 ; uart_rx_packet_new:packet_inst|altsyncram:buffer_rtl_0|altsyncram_09c1:auto_generated|ram_block1a0~portb_address_reg4 ; sram_packet_writer:sram_writer_inst|data_low[4]                                                                       ; CLOCK_50     ; CLOCK_50    ; 1.000        ; -0.085     ; 5.153      ;
; -4.202 ; uart_rx_packet_new:packet_inst|altsyncram:buffer_rtl_0|altsyncram_09c1:auto_generated|ram_block1a0~portb_address_reg5 ; sram_packet_writer:sram_writer_inst|data_low[4]                                                                       ; CLOCK_50     ; CLOCK_50    ; 1.000        ; -0.085     ; 5.153      ;
; -4.202 ; uart_rx_packet_new:packet_inst|altsyncram:buffer_rtl_0|altsyncram_09c1:auto_generated|ram_block1a0~portb_address_reg6 ; sram_packet_writer:sram_writer_inst|data_low[4]                                                                       ; CLOCK_50     ; CLOCK_50    ; 1.000        ; -0.085     ; 5.153      ;
; -4.202 ; uart_rx_packet_new:packet_inst|altsyncram:buffer_rtl_0|altsyncram_09c1:auto_generated|ram_block1a0~portb_address_reg7 ; sram_packet_writer:sram_writer_inst|data_low[4]                                                                       ; CLOCK_50     ; CLOCK_50    ; 1.000        ; -0.085     ; 5.153      ;
; -4.112 ; uart_rx_packet_new:packet_inst|altsyncram:buffer_rtl_0|altsyncram_09c1:auto_generated|ram_block1a0~portb_address_reg0 ; sram_packet_writer:sram_writer_inst|w_data[13]                                                                        ; CLOCK_50     ; CLOCK_50    ; 1.000        ; -0.084     ; 5.064      ;
; -4.112 ; uart_rx_packet_new:packet_inst|altsyncram:buffer_rtl_0|altsyncram_09c1:auto_generated|ram_block1a0~portb_address_reg1 ; sram_packet_writer:sram_writer_inst|w_data[13]                                                                        ; CLOCK_50     ; CLOCK_50    ; 1.000        ; -0.084     ; 5.064      ;
; -4.112 ; uart_rx_packet_new:packet_inst|altsyncram:buffer_rtl_0|altsyncram_09c1:auto_generated|ram_block1a0~portb_address_reg2 ; sram_packet_writer:sram_writer_inst|w_data[13]                                                                        ; CLOCK_50     ; CLOCK_50    ; 1.000        ; -0.084     ; 5.064      ;
; -4.112 ; uart_rx_packet_new:packet_inst|altsyncram:buffer_rtl_0|altsyncram_09c1:auto_generated|ram_block1a0~portb_address_reg3 ; sram_packet_writer:sram_writer_inst|w_data[13]                                                                        ; CLOCK_50     ; CLOCK_50    ; 1.000        ; -0.084     ; 5.064      ;
; -4.112 ; uart_rx_packet_new:packet_inst|altsyncram:buffer_rtl_0|altsyncram_09c1:auto_generated|ram_block1a0~portb_address_reg4 ; sram_packet_writer:sram_writer_inst|w_data[13]                                                                        ; CLOCK_50     ; CLOCK_50    ; 1.000        ; -0.084     ; 5.064      ;
; -4.112 ; uart_rx_packet_new:packet_inst|altsyncram:buffer_rtl_0|altsyncram_09c1:auto_generated|ram_block1a0~portb_address_reg5 ; sram_packet_writer:sram_writer_inst|w_data[13]                                                                        ; CLOCK_50     ; CLOCK_50    ; 1.000        ; -0.084     ; 5.064      ;
; -4.112 ; uart_rx_packet_new:packet_inst|altsyncram:buffer_rtl_0|altsyncram_09c1:auto_generated|ram_block1a0~portb_address_reg6 ; sram_packet_writer:sram_writer_inst|w_data[13]                                                                        ; CLOCK_50     ; CLOCK_50    ; 1.000        ; -0.084     ; 5.064      ;
; -4.112 ; uart_rx_packet_new:packet_inst|altsyncram:buffer_rtl_0|altsyncram_09c1:auto_generated|ram_block1a0~portb_address_reg7 ; sram_packet_writer:sram_writer_inst|w_data[13]                                                                        ; CLOCK_50     ; CLOCK_50    ; 1.000        ; -0.084     ; 5.064      ;
; -4.095 ; uart_rx_packet_new:packet_inst|altsyncram:buffer_rtl_0|altsyncram_09c1:auto_generated|ram_block1a0~portb_address_reg0 ; sram_packet_writer:sram_writer_inst|w_data[15]                                                                        ; CLOCK_50     ; CLOCK_50    ; 1.000        ; -0.084     ; 5.047      ;
; -4.095 ; uart_rx_packet_new:packet_inst|altsyncram:buffer_rtl_0|altsyncram_09c1:auto_generated|ram_block1a0~portb_address_reg1 ; sram_packet_writer:sram_writer_inst|w_data[15]                                                                        ; CLOCK_50     ; CLOCK_50    ; 1.000        ; -0.084     ; 5.047      ;
; -4.095 ; uart_rx_packet_new:packet_inst|altsyncram:buffer_rtl_0|altsyncram_09c1:auto_generated|ram_block1a0~portb_address_reg2 ; sram_packet_writer:sram_writer_inst|w_data[15]                                                                        ; CLOCK_50     ; CLOCK_50    ; 1.000        ; -0.084     ; 5.047      ;
; -4.095 ; uart_rx_packet_new:packet_inst|altsyncram:buffer_rtl_0|altsyncram_09c1:auto_generated|ram_block1a0~portb_address_reg3 ; sram_packet_writer:sram_writer_inst|w_data[15]                                                                        ; CLOCK_50     ; CLOCK_50    ; 1.000        ; -0.084     ; 5.047      ;
; -4.095 ; uart_rx_packet_new:packet_inst|altsyncram:buffer_rtl_0|altsyncram_09c1:auto_generated|ram_block1a0~portb_address_reg4 ; sram_packet_writer:sram_writer_inst|w_data[15]                                                                        ; CLOCK_50     ; CLOCK_50    ; 1.000        ; -0.084     ; 5.047      ;
; -4.095 ; uart_rx_packet_new:packet_inst|altsyncram:buffer_rtl_0|altsyncram_09c1:auto_generated|ram_block1a0~portb_address_reg5 ; sram_packet_writer:sram_writer_inst|w_data[15]                                                                        ; CLOCK_50     ; CLOCK_50    ; 1.000        ; -0.084     ; 5.047      ;
; -4.095 ; uart_rx_packet_new:packet_inst|altsyncram:buffer_rtl_0|altsyncram_09c1:auto_generated|ram_block1a0~portb_address_reg6 ; sram_packet_writer:sram_writer_inst|w_data[15]                                                                        ; CLOCK_50     ; CLOCK_50    ; 1.000        ; -0.084     ; 5.047      ;
; -4.095 ; uart_rx_packet_new:packet_inst|altsyncram:buffer_rtl_0|altsyncram_09c1:auto_generated|ram_block1a0~portb_address_reg7 ; sram_packet_writer:sram_writer_inst|w_data[15]                                                                        ; CLOCK_50     ; CLOCK_50    ; 1.000        ; -0.084     ; 5.047      ;
; -4.079 ; uart_rx_packet_new:packet_inst|altsyncram:buffer_rtl_0|altsyncram_09c1:auto_generated|ram_block1a0~portb_address_reg0 ; sram_packet_writer:sram_writer_inst|w_data[9]                                                                         ; CLOCK_50     ; CLOCK_50    ; 1.000        ; -0.084     ; 5.031      ;
; -4.079 ; uart_rx_packet_new:packet_inst|altsyncram:buffer_rtl_0|altsyncram_09c1:auto_generated|ram_block1a0~portb_address_reg1 ; sram_packet_writer:sram_writer_inst|w_data[9]                                                                         ; CLOCK_50     ; CLOCK_50    ; 1.000        ; -0.084     ; 5.031      ;
; -4.079 ; uart_rx_packet_new:packet_inst|altsyncram:buffer_rtl_0|altsyncram_09c1:auto_generated|ram_block1a0~portb_address_reg2 ; sram_packet_writer:sram_writer_inst|w_data[9]                                                                         ; CLOCK_50     ; CLOCK_50    ; 1.000        ; -0.084     ; 5.031      ;
; -4.079 ; uart_rx_packet_new:packet_inst|altsyncram:buffer_rtl_0|altsyncram_09c1:auto_generated|ram_block1a0~portb_address_reg3 ; sram_packet_writer:sram_writer_inst|w_data[9]                                                                         ; CLOCK_50     ; CLOCK_50    ; 1.000        ; -0.084     ; 5.031      ;
; -4.079 ; uart_rx_packet_new:packet_inst|altsyncram:buffer_rtl_0|altsyncram_09c1:auto_generated|ram_block1a0~portb_address_reg4 ; sram_packet_writer:sram_writer_inst|w_data[9]                                                                         ; CLOCK_50     ; CLOCK_50    ; 1.000        ; -0.084     ; 5.031      ;
; -4.079 ; uart_rx_packet_new:packet_inst|altsyncram:buffer_rtl_0|altsyncram_09c1:auto_generated|ram_block1a0~portb_address_reg5 ; sram_packet_writer:sram_writer_inst|w_data[9]                                                                         ; CLOCK_50     ; CLOCK_50    ; 1.000        ; -0.084     ; 5.031      ;
; -4.079 ; uart_rx_packet_new:packet_inst|altsyncram:buffer_rtl_0|altsyncram_09c1:auto_generated|ram_block1a0~portb_address_reg6 ; sram_packet_writer:sram_writer_inst|w_data[9]                                                                         ; CLOCK_50     ; CLOCK_50    ; 1.000        ; -0.084     ; 5.031      ;
; -4.079 ; uart_rx_packet_new:packet_inst|altsyncram:buffer_rtl_0|altsyncram_09c1:auto_generated|ram_block1a0~portb_address_reg7 ; sram_packet_writer:sram_writer_inst|w_data[9]                                                                         ; CLOCK_50     ; CLOCK_50    ; 1.000        ; -0.084     ; 5.031      ;
; -4.003 ; uart_rx_packet_new:packet_inst|altsyncram:buffer_rtl_0|altsyncram_09c1:auto_generated|ram_block1a0~portb_address_reg0 ; sram_packet_writer:sram_writer_inst|w_data[14]                                                                        ; CLOCK_50     ; CLOCK_50    ; 1.000        ; -0.084     ; 4.955      ;
; -4.003 ; uart_rx_packet_new:packet_inst|altsyncram:buffer_rtl_0|altsyncram_09c1:auto_generated|ram_block1a0~portb_address_reg1 ; sram_packet_writer:sram_writer_inst|w_data[14]                                                                        ; CLOCK_50     ; CLOCK_50    ; 1.000        ; -0.084     ; 4.955      ;
; -4.003 ; uart_rx_packet_new:packet_inst|altsyncram:buffer_rtl_0|altsyncram_09c1:auto_generated|ram_block1a0~portb_address_reg2 ; sram_packet_writer:sram_writer_inst|w_data[14]                                                                        ; CLOCK_50     ; CLOCK_50    ; 1.000        ; -0.084     ; 4.955      ;
; -4.003 ; uart_rx_packet_new:packet_inst|altsyncram:buffer_rtl_0|altsyncram_09c1:auto_generated|ram_block1a0~portb_address_reg3 ; sram_packet_writer:sram_writer_inst|w_data[14]                                                                        ; CLOCK_50     ; CLOCK_50    ; 1.000        ; -0.084     ; 4.955      ;
; -4.003 ; uart_rx_packet_new:packet_inst|altsyncram:buffer_rtl_0|altsyncram_09c1:auto_generated|ram_block1a0~portb_address_reg4 ; sram_packet_writer:sram_writer_inst|w_data[14]                                                                        ; CLOCK_50     ; CLOCK_50    ; 1.000        ; -0.084     ; 4.955      ;
; -4.003 ; uart_rx_packet_new:packet_inst|altsyncram:buffer_rtl_0|altsyncram_09c1:auto_generated|ram_block1a0~portb_address_reg5 ; sram_packet_writer:sram_writer_inst|w_data[14]                                                                        ; CLOCK_50     ; CLOCK_50    ; 1.000        ; -0.084     ; 4.955      ;
; -4.003 ; uart_rx_packet_new:packet_inst|altsyncram:buffer_rtl_0|altsyncram_09c1:auto_generated|ram_block1a0~portb_address_reg6 ; sram_packet_writer:sram_writer_inst|w_data[14]                                                                        ; CLOCK_50     ; CLOCK_50    ; 1.000        ; -0.084     ; 4.955      ;
; -4.003 ; uart_rx_packet_new:packet_inst|altsyncram:buffer_rtl_0|altsyncram_09c1:auto_generated|ram_block1a0~portb_address_reg7 ; sram_packet_writer:sram_writer_inst|w_data[14]                                                                        ; CLOCK_50     ; CLOCK_50    ; 1.000        ; -0.084     ; 4.955      ;
; -3.970 ; uart_rx_packet_new:packet_inst|byte_cnt[5]                                                                            ; uart_rx_packet_new:packet_inst|state.WAIT_SEND                                                                        ; CLOCK_50     ; CLOCK_50    ; 1.000        ; -0.023     ; 4.983      ;
; -3.935 ; uart_rx_packet_new:packet_inst|byte_cnt[7]                                                                            ; uart_rx_packet_new:packet_inst|state.WAIT_SEND                                                                        ; CLOCK_50     ; CLOCK_50    ; 1.000        ; -0.023     ; 4.948      ;
; -3.930 ; uart_rx_packet_new:packet_inst|timeout_cnt[14]                                                                        ; uart_rx_packet_new:packet_inst|state.WAIT_SEND                                                                        ; CLOCK_50     ; CLOCK_50    ; 1.000        ; 0.008      ; 4.974      ;
; -3.909 ; uart_rx_packet_new:packet_inst|timeout_cnt[0]                                                                         ; uart_rx_packet_new:packet_inst|state.WAIT_SEND                                                                        ; CLOCK_50     ; CLOCK_50    ; 1.000        ; 0.008      ; 4.953      ;
; -3.895 ; uart_rx_packet_new:packet_inst|byte_cnt[3]                                                                            ; uart_rx_packet_new:packet_inst|state.ACK                                                                              ; CLOCK_50     ; CLOCK_50    ; 1.000        ; -0.030     ; 4.901      ;
; -3.883 ; uart_rx_packet_new:packet_inst|altsyncram:buffer_rtl_0|altsyncram_09c1:auto_generated|ram_block1a0~portb_address_reg0 ; sram_packet_writer:sram_writer_inst|w_data[11]                                                                        ; CLOCK_50     ; CLOCK_50    ; 1.000        ; -0.084     ; 4.835      ;
; -3.883 ; uart_rx_packet_new:packet_inst|timeout_cnt[16]                                                                        ; uart_rx_packet_new:packet_inst|state.WAIT_SEND                                                                        ; CLOCK_50     ; CLOCK_50    ; 1.000        ; 0.005      ; 4.924      ;
; -3.883 ; uart_rx_packet_new:packet_inst|altsyncram:buffer_rtl_0|altsyncram_09c1:auto_generated|ram_block1a0~portb_address_reg1 ; sram_packet_writer:sram_writer_inst|w_data[11]                                                                        ; CLOCK_50     ; CLOCK_50    ; 1.000        ; -0.084     ; 4.835      ;
; -3.883 ; uart_rx_packet_new:packet_inst|altsyncram:buffer_rtl_0|altsyncram_09c1:auto_generated|ram_block1a0~portb_address_reg2 ; sram_packet_writer:sram_writer_inst|w_data[11]                                                                        ; CLOCK_50     ; CLOCK_50    ; 1.000        ; -0.084     ; 4.835      ;
; -3.883 ; uart_rx_packet_new:packet_inst|altsyncram:buffer_rtl_0|altsyncram_09c1:auto_generated|ram_block1a0~portb_address_reg3 ; sram_packet_writer:sram_writer_inst|w_data[11]                                                                        ; CLOCK_50     ; CLOCK_50    ; 1.000        ; -0.084     ; 4.835      ;
; -3.883 ; uart_rx_packet_new:packet_inst|altsyncram:buffer_rtl_0|altsyncram_09c1:auto_generated|ram_block1a0~portb_address_reg4 ; sram_packet_writer:sram_writer_inst|w_data[11]                                                                        ; CLOCK_50     ; CLOCK_50    ; 1.000        ; -0.084     ; 4.835      ;
; -3.883 ; uart_rx_packet_new:packet_inst|altsyncram:buffer_rtl_0|altsyncram_09c1:auto_generated|ram_block1a0~portb_address_reg5 ; sram_packet_writer:sram_writer_inst|w_data[11]                                                                        ; CLOCK_50     ; CLOCK_50    ; 1.000        ; -0.084     ; 4.835      ;
; -3.883 ; uart_rx_packet_new:packet_inst|altsyncram:buffer_rtl_0|altsyncram_09c1:auto_generated|ram_block1a0~portb_address_reg6 ; sram_packet_writer:sram_writer_inst|w_data[11]                                                                        ; CLOCK_50     ; CLOCK_50    ; 1.000        ; -0.084     ; 4.835      ;
; -3.883 ; uart_rx_packet_new:packet_inst|altsyncram:buffer_rtl_0|altsyncram_09c1:auto_generated|ram_block1a0~portb_address_reg7 ; sram_packet_writer:sram_writer_inst|w_data[11]                                                                        ; CLOCK_50     ; CLOCK_50    ; 1.000        ; -0.084     ; 4.835      ;
; -3.878 ; uart_rx_packet_new:packet_inst|altsyncram:buffer_rtl_0|altsyncram_09c1:auto_generated|ram_block1a0~portb_address_reg0 ; sram_packet_writer:sram_writer_inst|w_data[10]                                                                        ; CLOCK_50     ; CLOCK_50    ; 1.000        ; -0.084     ; 4.830      ;
; -3.878 ; uart_rx_packet_new:packet_inst|altsyncram:buffer_rtl_0|altsyncram_09c1:auto_generated|ram_block1a0~portb_address_reg1 ; sram_packet_writer:sram_writer_inst|w_data[10]                                                                        ; CLOCK_50     ; CLOCK_50    ; 1.000        ; -0.084     ; 4.830      ;
; -3.878 ; uart_rx_packet_new:packet_inst|altsyncram:buffer_rtl_0|altsyncram_09c1:auto_generated|ram_block1a0~portb_address_reg2 ; sram_packet_writer:sram_writer_inst|w_data[10]                                                                        ; CLOCK_50     ; CLOCK_50    ; 1.000        ; -0.084     ; 4.830      ;
; -3.878 ; uart_rx_packet_new:packet_inst|altsyncram:buffer_rtl_0|altsyncram_09c1:auto_generated|ram_block1a0~portb_address_reg3 ; sram_packet_writer:sram_writer_inst|w_data[10]                                                                        ; CLOCK_50     ; CLOCK_50    ; 1.000        ; -0.084     ; 4.830      ;
; -3.878 ; uart_rx_packet_new:packet_inst|altsyncram:buffer_rtl_0|altsyncram_09c1:auto_generated|ram_block1a0~portb_address_reg4 ; sram_packet_writer:sram_writer_inst|w_data[10]                                                                        ; CLOCK_50     ; CLOCK_50    ; 1.000        ; -0.084     ; 4.830      ;
; -3.878 ; uart_rx_packet_new:packet_inst|altsyncram:buffer_rtl_0|altsyncram_09c1:auto_generated|ram_block1a0~portb_address_reg5 ; sram_packet_writer:sram_writer_inst|w_data[10]                                                                        ; CLOCK_50     ; CLOCK_50    ; 1.000        ; -0.084     ; 4.830      ;
; -3.878 ; uart_rx_packet_new:packet_inst|altsyncram:buffer_rtl_0|altsyncram_09c1:auto_generated|ram_block1a0~portb_address_reg6 ; sram_packet_writer:sram_writer_inst|w_data[10]                                                                        ; CLOCK_50     ; CLOCK_50    ; 1.000        ; -0.084     ; 4.830      ;
; -3.878 ; uart_rx_packet_new:packet_inst|altsyncram:buffer_rtl_0|altsyncram_09c1:auto_generated|ram_block1a0~portb_address_reg7 ; sram_packet_writer:sram_writer_inst|w_data[10]                                                                        ; CLOCK_50     ; CLOCK_50    ; 1.000        ; -0.084     ; 4.830      ;
; -3.876 ; uart_rx_packet_new:packet_inst|altsyncram:buffer_rtl_0|altsyncram_09c1:auto_generated|ram_block1a0~portb_address_reg0 ; sram_packet_writer:sram_writer_inst|w_data[8]                                                                         ; CLOCK_50     ; CLOCK_50    ; 1.000        ; -0.084     ; 4.828      ;
; -3.876 ; uart_rx_packet_new:packet_inst|altsyncram:buffer_rtl_0|altsyncram_09c1:auto_generated|ram_block1a0~portb_address_reg1 ; sram_packet_writer:sram_writer_inst|w_data[8]                                                                         ; CLOCK_50     ; CLOCK_50    ; 1.000        ; -0.084     ; 4.828      ;
; -3.876 ; uart_rx_packet_new:packet_inst|altsyncram:buffer_rtl_0|altsyncram_09c1:auto_generated|ram_block1a0~portb_address_reg2 ; sram_packet_writer:sram_writer_inst|w_data[8]                                                                         ; CLOCK_50     ; CLOCK_50    ; 1.000        ; -0.084     ; 4.828      ;
; -3.876 ; uart_rx_packet_new:packet_inst|altsyncram:buffer_rtl_0|altsyncram_09c1:auto_generated|ram_block1a0~portb_address_reg3 ; sram_packet_writer:sram_writer_inst|w_data[8]                                                                         ; CLOCK_50     ; CLOCK_50    ; 1.000        ; -0.084     ; 4.828      ;
; -3.876 ; uart_rx_packet_new:packet_inst|altsyncram:buffer_rtl_0|altsyncram_09c1:auto_generated|ram_block1a0~portb_address_reg4 ; sram_packet_writer:sram_writer_inst|w_data[8]                                                                         ; CLOCK_50     ; CLOCK_50    ; 1.000        ; -0.084     ; 4.828      ;
; -3.876 ; uart_rx_packet_new:packet_inst|altsyncram:buffer_rtl_0|altsyncram_09c1:auto_generated|ram_block1a0~portb_address_reg5 ; sram_packet_writer:sram_writer_inst|w_data[8]                                                                         ; CLOCK_50     ; CLOCK_50    ; 1.000        ; -0.084     ; 4.828      ;
; -3.876 ; uart_rx_packet_new:packet_inst|altsyncram:buffer_rtl_0|altsyncram_09c1:auto_generated|ram_block1a0~portb_address_reg6 ; sram_packet_writer:sram_writer_inst|w_data[8]                                                                         ; CLOCK_50     ; CLOCK_50    ; 1.000        ; -0.084     ; 4.828      ;
; -3.876 ; uart_rx_packet_new:packet_inst|altsyncram:buffer_rtl_0|altsyncram_09c1:auto_generated|ram_block1a0~portb_address_reg7 ; sram_packet_writer:sram_writer_inst|w_data[8]                                                                         ; CLOCK_50     ; CLOCK_50    ; 1.000        ; -0.084     ; 4.828      ;
; -3.875 ; uart_rx_packet_new:packet_inst|timeout_cnt[2]                                                                         ; uart_rx_packet_new:packet_inst|state.WAIT_SEND                                                                        ; CLOCK_50     ; CLOCK_50    ; 1.000        ; 0.008      ; 4.919      ;
; -3.834 ; uart_rx_packet_new:packet_inst|timeout_cnt[21]                                                                        ; uart_rx_packet_new:packet_inst|state.WAIT_SEND                                                                        ; CLOCK_50     ; CLOCK_50    ; 1.000        ; 0.005      ; 4.875      ;
; -3.827 ; uart_rx_packet_new:packet_inst|timeout_cnt[15]                                                                        ; uart_rx_packet_new:packet_inst|state.WAIT_SEND                                                                        ; CLOCK_50     ; CLOCK_50    ; 1.000        ; 0.008      ; 4.871      ;
; -3.822 ; uart_rx_packet_new:packet_inst|byte_cnt[6]                                                                            ; uart_rx_packet_new:packet_inst|state.WAIT_SEND                                                                        ; CLOCK_50     ; CLOCK_50    ; 1.000        ; -0.023     ; 4.835      ;
; -3.790 ; uart_rx_packet_new:packet_inst|timeout_cnt[19]                                                                        ; uart_rx_packet_new:packet_inst|state.WAIT_SEND                                                                        ; CLOCK_50     ; CLOCK_50    ; 1.000        ; 0.005      ; 4.831      ;
; -3.733 ; uart_rx_packet_new:packet_inst|timeout_cnt[11]                                                                        ; uart_rx_packet_new:packet_inst|state.WAIT_SEND                                                                        ; CLOCK_50     ; CLOCK_50    ; 1.000        ; 0.008      ; 4.777      ;
; -3.715 ; uart_rx_packet_new:packet_inst|timeout_cnt[3]                                                                         ; uart_rx_packet_new:packet_inst|state.WAIT_SEND                                                                        ; CLOCK_50     ; CLOCK_50    ; 1.000        ; 0.008      ; 4.759      ;
; -3.708 ; uart_rx_packet_new:packet_inst|timeout_cnt[17]                                                                        ; uart_rx_packet_new:packet_inst|state.WAIT_SEND                                                                        ; CLOCK_50     ; CLOCK_50    ; 1.000        ; 0.005      ; 4.749      ;
; -3.706 ; uart_rx_packet_new:packet_inst|byte_cnt[3]                                                                            ; uart_rx_packet_new:packet_inst|state.WAIT_SEND                                                                        ; CLOCK_50     ; CLOCK_50    ; 1.000        ; -0.023     ; 4.719      ;
; -3.691 ; uart_rx_packet_new:packet_inst|byte_cnt[0]                                                                            ; uart_rx_packet_new:packet_inst|state.ACK                                                                              ; CLOCK_50     ; CLOCK_50    ; 1.000        ; -0.030     ; 4.697      ;
; -3.688 ; uart_rx_packet_new:packet_inst|byte_cnt[4]                                                                            ; uart_rx_packet_new:packet_inst|state.WAIT_SEND                                                                        ; CLOCK_50     ; CLOCK_50    ; 1.000        ; -0.023     ; 4.701      ;
; -3.688 ; uart_rx_packet_new:packet_inst|timeout_cnt[18]                                                                        ; uart_rx_packet_new:packet_inst|state.WAIT_SEND                                                                        ; CLOCK_50     ; CLOCK_50    ; 1.000        ; 0.005      ; 4.729      ;
; -3.673 ; uart_rx_packet_new:packet_inst|timeout_cnt[9]                                                                         ; uart_rx_packet_new:packet_inst|state.WAIT_SEND                                                                        ; CLOCK_50     ; CLOCK_50    ; 1.000        ; 0.008      ; 4.717      ;
; -3.657 ; uart_rx_packet_new:packet_inst|timeout_cnt[28]                                                                        ; uart_rx_packet_new:packet_inst|state.WAIT_SEND                                                                        ; CLOCK_50     ; CLOCK_50    ; 1.000        ; 0.005      ; 4.698      ;
; -3.646 ; uart_rx_packet_new:packet_inst|timeout_cnt[25]                                                                        ; uart_rx_packet_new:packet_inst|state.WAIT_SEND                                                                        ; CLOCK_50     ; CLOCK_50    ; 1.000        ; 0.005      ; 4.687      ;
; -3.600 ; uart_rx_packet_new:packet_inst|timeout_cnt[1]                                                                         ; uart_rx_packet_new:packet_inst|state.WAIT_SEND                                                                        ; CLOCK_50     ; CLOCK_50    ; 1.000        ; 0.008      ; 4.644      ;
; -3.597 ; sram_packet_writer:sram_writer_inst|current_state.FINISH                                                              ; uart_rx_packet_new:packet_inst|altsyncram:buffer_rtl_0|altsyncram_09c1:auto_generated|ram_block1a0~portb_address_reg2 ; CLOCK_50     ; CLOCK_50    ; 1.000        ; 0.085      ; 4.647      ;
; -3.597 ; uart_rx_packet_new:packet_inst|timeout_cnt[5]                                                                         ; uart_rx_packet_new:packet_inst|state.WAIT_SEND                                                                        ; CLOCK_50     ; CLOCK_50    ; 1.000        ; 0.008      ; 4.641      ;
; -3.578 ; uart_rx_packet_new:packet_inst|timeout_cnt[14]                                                                        ; uart_rx_packet_new:packet_inst|state.ACK                                                                              ; CLOCK_50     ; CLOCK_50    ; 1.000        ; 0.001      ; 4.615      ;
; -3.574 ; uart_rx_packet_new:packet_inst|byte_cnt[5]                                                                            ; uart_rx_packet_new:packet_inst|state.CLEAR_DATA                                                                       ; CLOCK_50     ; CLOCK_50    ; 1.000        ; -0.023     ; 4.587      ;
; -3.567 ; uart_rx_packet_new:packet_inst|timeout_cnt[20]                                                                        ; uart_rx_packet_new:packet_inst|state.WAIT_SEND                                                                        ; CLOCK_50     ; CLOCK_50    ; 1.000        ; 0.005      ; 4.608      ;
; -3.557 ; uart_rx_packet_new:packet_inst|timeout_cnt[0]                                                                         ; uart_rx_packet_new:packet_inst|state.ACK                                                                              ; CLOCK_50     ; CLOCK_50    ; 1.000        ; 0.001      ; 4.594      ;
; -3.555 ; uart_rx_packet_new:packet_inst|timeout_cnt[10]                                                                        ; uart_rx_packet_new:packet_inst|state.WAIT_SEND                                                                        ; CLOCK_50     ; CLOCK_50    ; 1.000        ; 0.008      ; 4.599      ;
; -3.552 ; uart_rx_packet_new:packet_inst|timeout_cnt[22]                                                                        ; uart_rx_packet_new:packet_inst|state.WAIT_SEND                                                                        ; CLOCK_50     ; CLOCK_50    ; 1.000        ; 0.005      ; 4.593      ;
; -3.544 ; uart_rx_packet_new:packet_inst|altsyncram:buffer_rtl_0|altsyncram_09c1:auto_generated|ram_block1a0~portb_address_reg0 ; sram_packet_writer:sram_writer_inst|data_low[1]                                                                       ; CLOCK_50     ; CLOCK_50    ; 1.000        ; -0.085     ; 4.495      ;
; -3.544 ; uart_rx_packet_new:packet_inst|altsyncram:buffer_rtl_0|altsyncram_09c1:auto_generated|ram_block1a0~portb_address_reg1 ; sram_packet_writer:sram_writer_inst|data_low[1]                                                                       ; CLOCK_50     ; CLOCK_50    ; 1.000        ; -0.085     ; 4.495      ;
; -3.544 ; uart_rx_packet_new:packet_inst|altsyncram:buffer_rtl_0|altsyncram_09c1:auto_generated|ram_block1a0~portb_address_reg2 ; sram_packet_writer:sram_writer_inst|data_low[1]                                                                       ; CLOCK_50     ; CLOCK_50    ; 1.000        ; -0.085     ; 4.495      ;
; -3.544 ; uart_rx_packet_new:packet_inst|altsyncram:buffer_rtl_0|altsyncram_09c1:auto_generated|ram_block1a0~portb_address_reg3 ; sram_packet_writer:sram_writer_inst|data_low[1]                                                                       ; CLOCK_50     ; CLOCK_50    ; 1.000        ; -0.085     ; 4.495      ;
; -3.544 ; uart_rx_packet_new:packet_inst|altsyncram:buffer_rtl_0|altsyncram_09c1:auto_generated|ram_block1a0~portb_address_reg4 ; sram_packet_writer:sram_writer_inst|data_low[1]                                                                       ; CLOCK_50     ; CLOCK_50    ; 1.000        ; -0.085     ; 4.495      ;
; -3.544 ; uart_rx_packet_new:packet_inst|altsyncram:buffer_rtl_0|altsyncram_09c1:auto_generated|ram_block1a0~portb_address_reg5 ; sram_packet_writer:sram_writer_inst|data_low[1]                                                                       ; CLOCK_50     ; CLOCK_50    ; 1.000        ; -0.085     ; 4.495      ;
+--------+-----------------------------------------------------------------------------------------------------------------------+-----------------------------------------------------------------------------------------------------------------------+--------------+-------------+--------------+------------+------------+


+-----------------------------------------------------------------------------------------------------------------------------------------------------------------------------------------------------------------------------------------------------------------------------------------------------------+
; Slow Model Setup: 'uart_controller:uart_ctrl_inst|baud_rate_gen:brg_inst|ov_tick'                                                                                                                                                                                                                         ;
+--------+------------------------------------------------------------+------------------------------------------------------------+---------------------------------------------------------------+---------------------------------------------------------------+--------------+------------+------------+
; Slack  ; From Node                                                  ; To Node                                                    ; Launch Clock                                                  ; Latch Clock                                                   ; Relationship ; Clock Skew ; Data Delay ;
+--------+------------------------------------------------------------+------------------------------------------------------------+---------------------------------------------------------------+---------------------------------------------------------------+--------------+------------+------------+
; -2.130 ; uart_controller:uart_ctrl_inst|uart_rx:rx_inst|bit_cnt[1]  ; uart_controller:uart_ctrl_inst|uart_rx:rx_inst|state.DATA  ; uart_controller:uart_ctrl_inst|baud_rate_gen:brg_inst|ov_tick ; uart_controller:uart_ctrl_inst|baud_rate_gen:brg_inst|ov_tick ; 1.000        ; 0.000      ; 3.166      ;
; -2.130 ; uart_controller:uart_ctrl_inst|uart_rx:rx_inst|bit_cnt[1]  ; uart_controller:uart_ctrl_inst|uart_rx:rx_inst|state.IDLE  ; uart_controller:uart_ctrl_inst|baud_rate_gen:brg_inst|ov_tick ; uart_controller:uart_ctrl_inst|baud_rate_gen:brg_inst|ov_tick ; 1.000        ; 0.000      ; 3.166      ;
; -2.120 ; uart_controller:uart_ctrl_inst|uart_rx:rx_inst|tick_cnt[0] ; uart_controller:uart_ctrl_inst|uart_rx:rx_inst|state.DATA  ; uart_controller:uart_ctrl_inst|baud_rate_gen:brg_inst|ov_tick ; uart_controller:uart_ctrl_inst|baud_rate_gen:brg_inst|ov_tick ; 1.000        ; 0.000      ; 3.156      ;
; -2.120 ; uart_controller:uart_ctrl_inst|uart_rx:rx_inst|tick_cnt[0] ; uart_controller:uart_ctrl_inst|uart_rx:rx_inst|state.IDLE  ; uart_controller:uart_ctrl_inst|baud_rate_gen:brg_inst|ov_tick ; uart_controller:uart_ctrl_inst|baud_rate_gen:brg_inst|ov_tick ; 1.000        ; 0.000      ; 3.156      ;
; -1.998 ; uart_controller:uart_ctrl_inst|uart_rx:rx_inst|tick_cnt[1] ; uart_controller:uart_ctrl_inst|uart_rx:rx_inst|state.DATA  ; uart_controller:uart_ctrl_inst|baud_rate_gen:brg_inst|ov_tick ; uart_controller:uart_ctrl_inst|baud_rate_gen:brg_inst|ov_tick ; 1.000        ; 0.000      ; 3.034      ;
; -1.998 ; uart_controller:uart_ctrl_inst|uart_rx:rx_inst|tick_cnt[1] ; uart_controller:uart_ctrl_inst|uart_rx:rx_inst|state.IDLE  ; uart_controller:uart_ctrl_inst|baud_rate_gen:brg_inst|ov_tick ; uart_controller:uart_ctrl_inst|baud_rate_gen:brg_inst|ov_tick ; 1.000        ; 0.000      ; 3.034      ;
; -1.944 ; uart_controller:uart_ctrl_inst|uart_rx:rx_inst|bit_cnt[1]  ; uart_controller:uart_ctrl_inst|uart_rx:rx_inst|state.START ; uart_controller:uart_ctrl_inst|baud_rate_gen:brg_inst|ov_tick ; uart_controller:uart_ctrl_inst|baud_rate_gen:brg_inst|ov_tick ; 1.000        ; 0.000      ; 2.980      ;
; -1.944 ; uart_controller:uart_ctrl_inst|uart_rx:rx_inst|bit_cnt[1]  ; uart_controller:uart_ctrl_inst|uart_rx:rx_inst|state.STOP  ; uart_controller:uart_ctrl_inst|baud_rate_gen:brg_inst|ov_tick ; uart_controller:uart_ctrl_inst|baud_rate_gen:brg_inst|ov_tick ; 1.000        ; 0.000      ; 2.980      ;
; -1.934 ; uart_controller:uart_ctrl_inst|uart_rx:rx_inst|tick_cnt[0] ; uart_controller:uart_ctrl_inst|uart_rx:rx_inst|state.START ; uart_controller:uart_ctrl_inst|baud_rate_gen:brg_inst|ov_tick ; uart_controller:uart_ctrl_inst|baud_rate_gen:brg_inst|ov_tick ; 1.000        ; 0.000      ; 2.970      ;
; -1.934 ; uart_controller:uart_ctrl_inst|uart_rx:rx_inst|tick_cnt[0] ; uart_controller:uart_ctrl_inst|uart_rx:rx_inst|state.STOP  ; uart_controller:uart_ctrl_inst|baud_rate_gen:brg_inst|ov_tick ; uart_controller:uart_ctrl_inst|baud_rate_gen:brg_inst|ov_tick ; 1.000        ; 0.000      ; 2.970      ;
; -1.919 ; uart_controller:uart_ctrl_inst|uart_rx:rx_inst|bit_cnt[0]  ; uart_controller:uart_ctrl_inst|uart_rx:rx_inst|state.START ; uart_controller:uart_ctrl_inst|baud_rate_gen:brg_inst|ov_tick ; uart_controller:uart_ctrl_inst|baud_rate_gen:brg_inst|ov_tick ; 1.000        ; 0.000      ; 2.955      ;
; -1.919 ; uart_controller:uart_ctrl_inst|uart_rx:rx_inst|bit_cnt[0]  ; uart_controller:uart_ctrl_inst|uart_rx:rx_inst|state.STOP  ; uart_controller:uart_ctrl_inst|baud_rate_gen:brg_inst|ov_tick ; uart_controller:uart_ctrl_inst|baud_rate_gen:brg_inst|ov_tick ; 1.000        ; 0.000      ; 2.955      ;
; -1.866 ; uart_controller:uart_ctrl_inst|uart_rx:rx_inst|tick_cnt[2] ; uart_controller:uart_ctrl_inst|uart_rx:rx_inst|state.DATA  ; uart_controller:uart_ctrl_inst|baud_rate_gen:brg_inst|ov_tick ; uart_controller:uart_ctrl_inst|baud_rate_gen:brg_inst|ov_tick ; 1.000        ; 0.000      ; 2.902      ;
; -1.866 ; uart_controller:uart_ctrl_inst|uart_rx:rx_inst|tick_cnt[2] ; uart_controller:uart_ctrl_inst|uart_rx:rx_inst|state.IDLE  ; uart_controller:uart_ctrl_inst|baud_rate_gen:brg_inst|ov_tick ; uart_controller:uart_ctrl_inst|baud_rate_gen:brg_inst|ov_tick ; 1.000        ; 0.000      ; 2.902      ;
; -1.859 ; uart_controller:uart_ctrl_inst|uart_rx:rx_inst|bit_cnt[0]  ; uart_controller:uart_ctrl_inst|uart_rx:rx_inst|state.DATA  ; uart_controller:uart_ctrl_inst|baud_rate_gen:brg_inst|ov_tick ; uart_controller:uart_ctrl_inst|baud_rate_gen:brg_inst|ov_tick ; 1.000        ; 0.000      ; 2.895      ;
; -1.859 ; uart_controller:uart_ctrl_inst|uart_rx:rx_inst|bit_cnt[0]  ; uart_controller:uart_ctrl_inst|uart_rx:rx_inst|state.IDLE  ; uart_controller:uart_ctrl_inst|baud_rate_gen:brg_inst|ov_tick ; uart_controller:uart_ctrl_inst|baud_rate_gen:brg_inst|ov_tick ; 1.000        ; 0.000      ; 2.895      ;
; -1.844 ; uart_controller:uart_ctrl_inst|uart_rx:rx_inst|state.DATA  ; uart_controller:uart_ctrl_inst|uart_rx:rx_inst|state.START ; uart_controller:uart_ctrl_inst|baud_rate_gen:brg_inst|ov_tick ; uart_controller:uart_ctrl_inst|baud_rate_gen:brg_inst|ov_tick ; 1.000        ; 0.000      ; 2.880      ;
; -1.844 ; uart_controller:uart_ctrl_inst|uart_rx:rx_inst|state.DATA  ; uart_controller:uart_ctrl_inst|uart_rx:rx_inst|state.STOP  ; uart_controller:uart_ctrl_inst|baud_rate_gen:brg_inst|ov_tick ; uart_controller:uart_ctrl_inst|baud_rate_gen:brg_inst|ov_tick ; 1.000        ; 0.000      ; 2.880      ;
; -1.812 ; uart_controller:uart_ctrl_inst|uart_rx:rx_inst|tick_cnt[1] ; uart_controller:uart_ctrl_inst|uart_rx:rx_inst|state.START ; uart_controller:uart_ctrl_inst|baud_rate_gen:brg_inst|ov_tick ; uart_controller:uart_ctrl_inst|baud_rate_gen:brg_inst|ov_tick ; 1.000        ; 0.000      ; 2.848      ;
; -1.812 ; uart_controller:uart_ctrl_inst|uart_rx:rx_inst|tick_cnt[1] ; uart_controller:uart_ctrl_inst|uart_rx:rx_inst|state.STOP  ; uart_controller:uart_ctrl_inst|baud_rate_gen:brg_inst|ov_tick ; uart_controller:uart_ctrl_inst|baud_rate_gen:brg_inst|ov_tick ; 1.000        ; 0.000      ; 2.848      ;
; -1.765 ; uart_controller:uart_ctrl_inst|uart_rx:rx_inst|bit_cnt[2]  ; uart_controller:uart_ctrl_inst|uart_rx:rx_inst|state.START ; uart_controller:uart_ctrl_inst|baud_rate_gen:brg_inst|ov_tick ; uart_controller:uart_ctrl_inst|baud_rate_gen:brg_inst|ov_tick ; 1.000        ; 0.000      ; 2.801      ;
; -1.765 ; uart_controller:uart_ctrl_inst|uart_rx:rx_inst|bit_cnt[2]  ; uart_controller:uart_ctrl_inst|uart_rx:rx_inst|state.STOP  ; uart_controller:uart_ctrl_inst|baud_rate_gen:brg_inst|ov_tick ; uart_controller:uart_ctrl_inst|baud_rate_gen:brg_inst|ov_tick ; 1.000        ; 0.000      ; 2.801      ;
; -1.751 ; uart_rx_packet_new:packet_inst|rx_clear                    ; uart_controller:uart_ctrl_inst|uart_rx:rx_inst|state.START ; CLOCK_50                                                      ; uart_controller:uart_ctrl_inst|baud_rate_gen:brg_inst|ov_tick ; 1.000        ; -0.389     ; 2.398      ;
; -1.751 ; uart_rx_packet_new:packet_inst|rx_clear                    ; uart_controller:uart_ctrl_inst|uart_rx:rx_inst|state.STOP  ; CLOCK_50                                                      ; uart_controller:uart_ctrl_inst|baud_rate_gen:brg_inst|ov_tick ; 1.000        ; -0.389     ; 2.398      ;
; -1.707 ; uart_controller:uart_ctrl_inst|uart_rx:rx_inst|tick_cnt[2] ; uart_controller:uart_ctrl_inst|uart_rx:rx_inst|data_out[5] ; uart_controller:uart_ctrl_inst|baud_rate_gen:brg_inst|ov_tick ; uart_controller:uart_ctrl_inst|baud_rate_gen:brg_inst|ov_tick ; 1.000        ; 0.000      ; 2.743      ;
; -1.707 ; uart_controller:uart_ctrl_inst|uart_rx:rx_inst|tick_cnt[2] ; uart_controller:uart_ctrl_inst|uart_rx:rx_inst|data_out[7] ; uart_controller:uart_ctrl_inst|baud_rate_gen:brg_inst|ov_tick ; uart_controller:uart_ctrl_inst|baud_rate_gen:brg_inst|ov_tick ; 1.000        ; 0.000      ; 2.743      ;
; -1.707 ; uart_controller:uart_ctrl_inst|uart_rx:rx_inst|tick_cnt[2] ; uart_controller:uart_ctrl_inst|uart_rx:rx_inst|data_out[6] ; uart_controller:uart_ctrl_inst|baud_rate_gen:brg_inst|ov_tick ; uart_controller:uart_ctrl_inst|baud_rate_gen:brg_inst|ov_tick ; 1.000        ; 0.000      ; 2.743      ;
; -1.707 ; uart_controller:uart_ctrl_inst|uart_rx:rx_inst|tick_cnt[2] ; uart_controller:uart_ctrl_inst|uart_rx:rx_inst|data_out[0] ; uart_controller:uart_ctrl_inst|baud_rate_gen:brg_inst|ov_tick ; uart_controller:uart_ctrl_inst|baud_rate_gen:brg_inst|ov_tick ; 1.000        ; 0.000      ; 2.743      ;
; -1.707 ; uart_controller:uart_ctrl_inst|uart_rx:rx_inst|tick_cnt[2] ; uart_controller:uart_ctrl_inst|uart_rx:rx_inst|data_out[3] ; uart_controller:uart_ctrl_inst|baud_rate_gen:brg_inst|ov_tick ; uart_controller:uart_ctrl_inst|baud_rate_gen:brg_inst|ov_tick ; 1.000        ; 0.000      ; 2.743      ;
; -1.707 ; uart_controller:uart_ctrl_inst|uart_rx:rx_inst|tick_cnt[2] ; uart_controller:uart_ctrl_inst|uart_rx:rx_inst|data_out[1] ; uart_controller:uart_ctrl_inst|baud_rate_gen:brg_inst|ov_tick ; uart_controller:uart_ctrl_inst|baud_rate_gen:brg_inst|ov_tick ; 1.000        ; 0.000      ; 2.743      ;
; -1.707 ; uart_controller:uart_ctrl_inst|uart_rx:rx_inst|tick_cnt[2] ; uart_controller:uart_ctrl_inst|uart_rx:rx_inst|data_out[2] ; uart_controller:uart_ctrl_inst|baud_rate_gen:brg_inst|ov_tick ; uart_controller:uart_ctrl_inst|baud_rate_gen:brg_inst|ov_tick ; 1.000        ; 0.000      ; 2.743      ;
; -1.707 ; uart_controller:uart_ctrl_inst|uart_rx:rx_inst|tick_cnt[2] ; uart_controller:uart_ctrl_inst|uart_rx:rx_inst|data_out[4] ; uart_controller:uart_ctrl_inst|baud_rate_gen:brg_inst|ov_tick ; uart_controller:uart_ctrl_inst|baud_rate_gen:brg_inst|ov_tick ; 1.000        ; 0.000      ; 2.743      ;
; -1.705 ; uart_controller:uart_ctrl_inst|uart_rx:rx_inst|bit_cnt[2]  ; uart_controller:uart_ctrl_inst|uart_rx:rx_inst|state.DATA  ; uart_controller:uart_ctrl_inst|baud_rate_gen:brg_inst|ov_tick ; uart_controller:uart_ctrl_inst|baud_rate_gen:brg_inst|ov_tick ; 1.000        ; 0.000      ; 2.741      ;
; -1.705 ; uart_controller:uart_ctrl_inst|uart_rx:rx_inst|bit_cnt[2]  ; uart_controller:uart_ctrl_inst|uart_rx:rx_inst|state.IDLE  ; uart_controller:uart_ctrl_inst|baud_rate_gen:brg_inst|ov_tick ; uart_controller:uart_ctrl_inst|baud_rate_gen:brg_inst|ov_tick ; 1.000        ; 0.000      ; 2.741      ;
; -1.682 ; uart_controller:uart_ctrl_inst|uart_rx:rx_inst|tick_cnt[0] ; uart_controller:uart_ctrl_inst|uart_rx:rx_inst|data_out[5] ; uart_controller:uart_ctrl_inst|baud_rate_gen:brg_inst|ov_tick ; uart_controller:uart_ctrl_inst|baud_rate_gen:brg_inst|ov_tick ; 1.000        ; 0.000      ; 2.718      ;
; -1.682 ; uart_controller:uart_ctrl_inst|uart_rx:rx_inst|tick_cnt[0] ; uart_controller:uart_ctrl_inst|uart_rx:rx_inst|data_out[7] ; uart_controller:uart_ctrl_inst|baud_rate_gen:brg_inst|ov_tick ; uart_controller:uart_ctrl_inst|baud_rate_gen:brg_inst|ov_tick ; 1.000        ; 0.000      ; 2.718      ;
; -1.682 ; uart_controller:uart_ctrl_inst|uart_rx:rx_inst|tick_cnt[0] ; uart_controller:uart_ctrl_inst|uart_rx:rx_inst|data_out[6] ; uart_controller:uart_ctrl_inst|baud_rate_gen:brg_inst|ov_tick ; uart_controller:uart_ctrl_inst|baud_rate_gen:brg_inst|ov_tick ; 1.000        ; 0.000      ; 2.718      ;
; -1.682 ; uart_controller:uart_ctrl_inst|uart_rx:rx_inst|tick_cnt[0] ; uart_controller:uart_ctrl_inst|uart_rx:rx_inst|data_out[0] ; uart_controller:uart_ctrl_inst|baud_rate_gen:brg_inst|ov_tick ; uart_controller:uart_ctrl_inst|baud_rate_gen:brg_inst|ov_tick ; 1.000        ; 0.000      ; 2.718      ;
; -1.682 ; uart_controller:uart_ctrl_inst|uart_rx:rx_inst|tick_cnt[0] ; uart_controller:uart_ctrl_inst|uart_rx:rx_inst|data_out[3] ; uart_controller:uart_ctrl_inst|baud_rate_gen:brg_inst|ov_tick ; uart_controller:uart_ctrl_inst|baud_rate_gen:brg_inst|ov_tick ; 1.000        ; 0.000      ; 2.718      ;
; -1.682 ; uart_controller:uart_ctrl_inst|uart_rx:rx_inst|tick_cnt[0] ; uart_controller:uart_ctrl_inst|uart_rx:rx_inst|data_out[1] ; uart_controller:uart_ctrl_inst|baud_rate_gen:brg_inst|ov_tick ; uart_controller:uart_ctrl_inst|baud_rate_gen:brg_inst|ov_tick ; 1.000        ; 0.000      ; 2.718      ;
; -1.682 ; uart_controller:uart_ctrl_inst|uart_rx:rx_inst|tick_cnt[0] ; uart_controller:uart_ctrl_inst|uart_rx:rx_inst|data_out[2] ; uart_controller:uart_ctrl_inst|baud_rate_gen:brg_inst|ov_tick ; uart_controller:uart_ctrl_inst|baud_rate_gen:brg_inst|ov_tick ; 1.000        ; 0.000      ; 2.718      ;
; -1.682 ; uart_controller:uart_ctrl_inst|uart_rx:rx_inst|tick_cnt[0] ; uart_controller:uart_ctrl_inst|uart_rx:rx_inst|data_out[4] ; uart_controller:uart_ctrl_inst|baud_rate_gen:brg_inst|ov_tick ; uart_controller:uart_ctrl_inst|baud_rate_gen:brg_inst|ov_tick ; 1.000        ; 0.000      ; 2.718      ;
; -1.680 ; uart_controller:uart_ctrl_inst|uart_rx:rx_inst|tick_cnt[2] ; uart_controller:uart_ctrl_inst|uart_rx:rx_inst|state.START ; uart_controller:uart_ctrl_inst|baud_rate_gen:brg_inst|ov_tick ; uart_controller:uart_ctrl_inst|baud_rate_gen:brg_inst|ov_tick ; 1.000        ; 0.000      ; 2.716      ;
; -1.680 ; uart_controller:uart_ctrl_inst|uart_rx:rx_inst|tick_cnt[2] ; uart_controller:uart_ctrl_inst|uart_rx:rx_inst|state.STOP  ; uart_controller:uart_ctrl_inst|baud_rate_gen:brg_inst|ov_tick ; uart_controller:uart_ctrl_inst|baud_rate_gen:brg_inst|ov_tick ; 1.000        ; 0.000      ; 2.716      ;
; -1.620 ; uart_controller:uart_ctrl_inst|uart_rx:rx_inst|tick_cnt[2] ; uart_controller:uart_ctrl_inst|uart_rx:rx_inst|rx_reg[7]   ; uart_controller:uart_ctrl_inst|baud_rate_gen:brg_inst|ov_tick ; uart_controller:uart_ctrl_inst|baud_rate_gen:brg_inst|ov_tick ; 1.000        ; -0.001     ; 2.655      ;
; -1.620 ; uart_controller:uart_ctrl_inst|uart_rx:rx_inst|tick_cnt[2] ; uart_controller:uart_ctrl_inst|uart_rx:rx_inst|rx_reg[6]   ; uart_controller:uart_ctrl_inst|baud_rate_gen:brg_inst|ov_tick ; uart_controller:uart_ctrl_inst|baud_rate_gen:brg_inst|ov_tick ; 1.000        ; -0.001     ; 2.655      ;
; -1.620 ; uart_controller:uart_ctrl_inst|uart_rx:rx_inst|tick_cnt[2] ; uart_controller:uart_ctrl_inst|uart_rx:rx_inst|rx_reg[5]   ; uart_controller:uart_ctrl_inst|baud_rate_gen:brg_inst|ov_tick ; uart_controller:uart_ctrl_inst|baud_rate_gen:brg_inst|ov_tick ; 1.000        ; -0.001     ; 2.655      ;
; -1.620 ; uart_controller:uart_ctrl_inst|uart_rx:rx_inst|tick_cnt[2] ; uart_controller:uart_ctrl_inst|uart_rx:rx_inst|rx_reg[4]   ; uart_controller:uart_ctrl_inst|baud_rate_gen:brg_inst|ov_tick ; uart_controller:uart_ctrl_inst|baud_rate_gen:brg_inst|ov_tick ; 1.000        ; -0.001     ; 2.655      ;
; -1.620 ; uart_controller:uart_ctrl_inst|uart_rx:rx_inst|tick_cnt[2] ; uart_controller:uart_ctrl_inst|uart_rx:rx_inst|rx_reg[3]   ; uart_controller:uart_ctrl_inst|baud_rate_gen:brg_inst|ov_tick ; uart_controller:uart_ctrl_inst|baud_rate_gen:brg_inst|ov_tick ; 1.000        ; -0.001     ; 2.655      ;
; -1.620 ; uart_controller:uart_ctrl_inst|uart_rx:rx_inst|tick_cnt[2] ; uart_controller:uart_ctrl_inst|uart_rx:rx_inst|rx_reg[2]   ; uart_controller:uart_ctrl_inst|baud_rate_gen:brg_inst|ov_tick ; uart_controller:uart_ctrl_inst|baud_rate_gen:brg_inst|ov_tick ; 1.000        ; -0.001     ; 2.655      ;
; -1.620 ; uart_controller:uart_ctrl_inst|uart_rx:rx_inst|tick_cnt[2] ; uart_controller:uart_ctrl_inst|uart_rx:rx_inst|rx_reg[1]   ; uart_controller:uart_ctrl_inst|baud_rate_gen:brg_inst|ov_tick ; uart_controller:uart_ctrl_inst|baud_rate_gen:brg_inst|ov_tick ; 1.000        ; -0.001     ; 2.655      ;
; -1.620 ; uart_controller:uart_ctrl_inst|uart_rx:rx_inst|tick_cnt[2] ; uart_controller:uart_ctrl_inst|uart_rx:rx_inst|rx_reg[0]   ; uart_controller:uart_ctrl_inst|baud_rate_gen:brg_inst|ov_tick ; uart_controller:uart_ctrl_inst|baud_rate_gen:brg_inst|ov_tick ; 1.000        ; -0.001     ; 2.655      ;
; -1.611 ; uart_controller:uart_ctrl_inst|uart_rx:rx_inst|tick_cnt[1] ; uart_controller:uart_ctrl_inst|uart_rx:rx_inst|rx_reg[7]   ; uart_controller:uart_ctrl_inst|baud_rate_gen:brg_inst|ov_tick ; uart_controller:uart_ctrl_inst|baud_rate_gen:brg_inst|ov_tick ; 1.000        ; -0.001     ; 2.646      ;
; -1.611 ; uart_controller:uart_ctrl_inst|uart_rx:rx_inst|tick_cnt[1] ; uart_controller:uart_ctrl_inst|uart_rx:rx_inst|rx_reg[6]   ; uart_controller:uart_ctrl_inst|baud_rate_gen:brg_inst|ov_tick ; uart_controller:uart_ctrl_inst|baud_rate_gen:brg_inst|ov_tick ; 1.000        ; -0.001     ; 2.646      ;
; -1.611 ; uart_controller:uart_ctrl_inst|uart_rx:rx_inst|tick_cnt[1] ; uart_controller:uart_ctrl_inst|uart_rx:rx_inst|rx_reg[5]   ; uart_controller:uart_ctrl_inst|baud_rate_gen:brg_inst|ov_tick ; uart_controller:uart_ctrl_inst|baud_rate_gen:brg_inst|ov_tick ; 1.000        ; -0.001     ; 2.646      ;
; -1.611 ; uart_controller:uart_ctrl_inst|uart_rx:rx_inst|tick_cnt[1] ; uart_controller:uart_ctrl_inst|uart_rx:rx_inst|rx_reg[4]   ; uart_controller:uart_ctrl_inst|baud_rate_gen:brg_inst|ov_tick ; uart_controller:uart_ctrl_inst|baud_rate_gen:brg_inst|ov_tick ; 1.000        ; -0.001     ; 2.646      ;
; -1.611 ; uart_controller:uart_ctrl_inst|uart_rx:rx_inst|tick_cnt[1] ; uart_controller:uart_ctrl_inst|uart_rx:rx_inst|rx_reg[3]   ; uart_controller:uart_ctrl_inst|baud_rate_gen:brg_inst|ov_tick ; uart_controller:uart_ctrl_inst|baud_rate_gen:brg_inst|ov_tick ; 1.000        ; -0.001     ; 2.646      ;
; -1.611 ; uart_controller:uart_ctrl_inst|uart_rx:rx_inst|tick_cnt[1] ; uart_controller:uart_ctrl_inst|uart_rx:rx_inst|rx_reg[2]   ; uart_controller:uart_ctrl_inst|baud_rate_gen:brg_inst|ov_tick ; uart_controller:uart_ctrl_inst|baud_rate_gen:brg_inst|ov_tick ; 1.000        ; -0.001     ; 2.646      ;
; -1.611 ; uart_controller:uart_ctrl_inst|uart_rx:rx_inst|tick_cnt[1] ; uart_controller:uart_ctrl_inst|uart_rx:rx_inst|rx_reg[1]   ; uart_controller:uart_ctrl_inst|baud_rate_gen:brg_inst|ov_tick ; uart_controller:uart_ctrl_inst|baud_rate_gen:brg_inst|ov_tick ; 1.000        ; -0.001     ; 2.646      ;
; -1.611 ; uart_controller:uart_ctrl_inst|uart_rx:rx_inst|tick_cnt[1] ; uart_controller:uart_ctrl_inst|uart_rx:rx_inst|rx_reg[0]   ; uart_controller:uart_ctrl_inst|baud_rate_gen:brg_inst|ov_tick ; uart_controller:uart_ctrl_inst|baud_rate_gen:brg_inst|ov_tick ; 1.000        ; -0.001     ; 2.646      ;
; -1.592 ; uart_controller:uart_ctrl_inst|uart_rx:rx_inst|state.STOP  ; uart_controller:uart_ctrl_inst|uart_rx:rx_inst|data_out[5] ; uart_controller:uart_ctrl_inst|baud_rate_gen:brg_inst|ov_tick ; uart_controller:uart_ctrl_inst|baud_rate_gen:brg_inst|ov_tick ; 1.000        ; 0.000      ; 2.628      ;
; -1.592 ; uart_controller:uart_ctrl_inst|uart_rx:rx_inst|state.STOP  ; uart_controller:uart_ctrl_inst|uart_rx:rx_inst|data_out[7] ; uart_controller:uart_ctrl_inst|baud_rate_gen:brg_inst|ov_tick ; uart_controller:uart_ctrl_inst|baud_rate_gen:brg_inst|ov_tick ; 1.000        ; 0.000      ; 2.628      ;
; -1.592 ; uart_controller:uart_ctrl_inst|uart_rx:rx_inst|state.STOP  ; uart_controller:uart_ctrl_inst|uart_rx:rx_inst|data_out[6] ; uart_controller:uart_ctrl_inst|baud_rate_gen:brg_inst|ov_tick ; uart_controller:uart_ctrl_inst|baud_rate_gen:brg_inst|ov_tick ; 1.000        ; 0.000      ; 2.628      ;
; -1.592 ; uart_controller:uart_ctrl_inst|uart_rx:rx_inst|state.STOP  ; uart_controller:uart_ctrl_inst|uart_rx:rx_inst|data_out[0] ; uart_controller:uart_ctrl_inst|baud_rate_gen:brg_inst|ov_tick ; uart_controller:uart_ctrl_inst|baud_rate_gen:brg_inst|ov_tick ; 1.000        ; 0.000      ; 2.628      ;
; -1.592 ; uart_controller:uart_ctrl_inst|uart_rx:rx_inst|state.STOP  ; uart_controller:uart_ctrl_inst|uart_rx:rx_inst|data_out[3] ; uart_controller:uart_ctrl_inst|baud_rate_gen:brg_inst|ov_tick ; uart_controller:uart_ctrl_inst|baud_rate_gen:brg_inst|ov_tick ; 1.000        ; 0.000      ; 2.628      ;
; -1.592 ; uart_controller:uart_ctrl_inst|uart_rx:rx_inst|state.STOP  ; uart_controller:uart_ctrl_inst|uart_rx:rx_inst|data_out[1] ; uart_controller:uart_ctrl_inst|baud_rate_gen:brg_inst|ov_tick ; uart_controller:uart_ctrl_inst|baud_rate_gen:brg_inst|ov_tick ; 1.000        ; 0.000      ; 2.628      ;
; -1.592 ; uart_controller:uart_ctrl_inst|uart_rx:rx_inst|state.STOP  ; uart_controller:uart_ctrl_inst|uart_rx:rx_inst|data_out[2] ; uart_controller:uart_ctrl_inst|baud_rate_gen:brg_inst|ov_tick ; uart_controller:uart_ctrl_inst|baud_rate_gen:brg_inst|ov_tick ; 1.000        ; 0.000      ; 2.628      ;
; -1.592 ; uart_controller:uart_ctrl_inst|uart_rx:rx_inst|state.STOP  ; uart_controller:uart_ctrl_inst|uart_rx:rx_inst|data_out[4] ; uart_controller:uart_ctrl_inst|baud_rate_gen:brg_inst|ov_tick ; uart_controller:uart_ctrl_inst|baud_rate_gen:brg_inst|ov_tick ; 1.000        ; 0.000      ; 2.628      ;
; -1.584 ; uart_controller:uart_ctrl_inst|uart_rx:rx_inst|state.DATA  ; uart_controller:uart_ctrl_inst|uart_rx:rx_inst|state.DATA  ; uart_controller:uart_ctrl_inst|baud_rate_gen:brg_inst|ov_tick ; uart_controller:uart_ctrl_inst|baud_rate_gen:brg_inst|ov_tick ; 1.000        ; 0.000      ; 2.620      ;
; -1.584 ; uart_controller:uart_ctrl_inst|uart_rx:rx_inst|state.DATA  ; uart_controller:uart_ctrl_inst|uart_rx:rx_inst|state.IDLE  ; uart_controller:uart_ctrl_inst|baud_rate_gen:brg_inst|ov_tick ; uart_controller:uart_ctrl_inst|baud_rate_gen:brg_inst|ov_tick ; 1.000        ; 0.000      ; 2.620      ;
; -1.582 ; uart_controller:uart_ctrl_inst|uart_rx:rx_inst|state.DATA  ; uart_controller:uart_ctrl_inst|uart_rx:rx_inst|rx_reg[7]   ; uart_controller:uart_ctrl_inst|baud_rate_gen:brg_inst|ov_tick ; uart_controller:uart_ctrl_inst|baud_rate_gen:brg_inst|ov_tick ; 1.000        ; -0.001     ; 2.617      ;
; -1.582 ; uart_controller:uart_ctrl_inst|uart_rx:rx_inst|state.DATA  ; uart_controller:uart_ctrl_inst|uart_rx:rx_inst|rx_reg[6]   ; uart_controller:uart_ctrl_inst|baud_rate_gen:brg_inst|ov_tick ; uart_controller:uart_ctrl_inst|baud_rate_gen:brg_inst|ov_tick ; 1.000        ; -0.001     ; 2.617      ;
; -1.582 ; uart_controller:uart_ctrl_inst|uart_rx:rx_inst|state.DATA  ; uart_controller:uart_ctrl_inst|uart_rx:rx_inst|rx_reg[5]   ; uart_controller:uart_ctrl_inst|baud_rate_gen:brg_inst|ov_tick ; uart_controller:uart_ctrl_inst|baud_rate_gen:brg_inst|ov_tick ; 1.000        ; -0.001     ; 2.617      ;
; -1.582 ; uart_controller:uart_ctrl_inst|uart_rx:rx_inst|state.DATA  ; uart_controller:uart_ctrl_inst|uart_rx:rx_inst|rx_reg[4]   ; uart_controller:uart_ctrl_inst|baud_rate_gen:brg_inst|ov_tick ; uart_controller:uart_ctrl_inst|baud_rate_gen:brg_inst|ov_tick ; 1.000        ; -0.001     ; 2.617      ;
; -1.582 ; uart_controller:uart_ctrl_inst|uart_rx:rx_inst|state.DATA  ; uart_controller:uart_ctrl_inst|uart_rx:rx_inst|rx_reg[3]   ; uart_controller:uart_ctrl_inst|baud_rate_gen:brg_inst|ov_tick ; uart_controller:uart_ctrl_inst|baud_rate_gen:brg_inst|ov_tick ; 1.000        ; -0.001     ; 2.617      ;
; -1.582 ; uart_controller:uart_ctrl_inst|uart_rx:rx_inst|state.DATA  ; uart_controller:uart_ctrl_inst|uart_rx:rx_inst|rx_reg[2]   ; uart_controller:uart_ctrl_inst|baud_rate_gen:brg_inst|ov_tick ; uart_controller:uart_ctrl_inst|baud_rate_gen:brg_inst|ov_tick ; 1.000        ; -0.001     ; 2.617      ;
; -1.582 ; uart_controller:uart_ctrl_inst|uart_rx:rx_inst|state.DATA  ; uart_controller:uart_ctrl_inst|uart_rx:rx_inst|rx_reg[1]   ; uart_controller:uart_ctrl_inst|baud_rate_gen:brg_inst|ov_tick ; uart_controller:uart_ctrl_inst|baud_rate_gen:brg_inst|ov_tick ; 1.000        ; -0.001     ; 2.617      ;
; -1.582 ; uart_controller:uart_ctrl_inst|uart_rx:rx_inst|state.DATA  ; uart_controller:uart_ctrl_inst|uart_rx:rx_inst|rx_reg[0]   ; uart_controller:uart_ctrl_inst|baud_rate_gen:brg_inst|ov_tick ; uart_controller:uart_ctrl_inst|baud_rate_gen:brg_inst|ov_tick ; 1.000        ; -0.001     ; 2.617      ;
; -1.577 ; uart_rx_packet_new:packet_inst|rx_clear                    ; uart_controller:uart_ctrl_inst|uart_rx:rx_inst|rx_reg[7]   ; CLOCK_50                                                      ; uart_controller:uart_ctrl_inst|baud_rate_gen:brg_inst|ov_tick ; 1.000        ; -0.390     ; 2.223      ;
; -1.577 ; uart_rx_packet_new:packet_inst|rx_clear                    ; uart_controller:uart_ctrl_inst|uart_rx:rx_inst|rx_reg[6]   ; CLOCK_50                                                      ; uart_controller:uart_ctrl_inst|baud_rate_gen:brg_inst|ov_tick ; 1.000        ; -0.390     ; 2.223      ;
; -1.577 ; uart_rx_packet_new:packet_inst|rx_clear                    ; uart_controller:uart_ctrl_inst|uart_rx:rx_inst|rx_reg[5]   ; CLOCK_50                                                      ; uart_controller:uart_ctrl_inst|baud_rate_gen:brg_inst|ov_tick ; 1.000        ; -0.390     ; 2.223      ;
; -1.577 ; uart_rx_packet_new:packet_inst|rx_clear                    ; uart_controller:uart_ctrl_inst|uart_rx:rx_inst|rx_reg[4]   ; CLOCK_50                                                      ; uart_controller:uart_ctrl_inst|baud_rate_gen:brg_inst|ov_tick ; 1.000        ; -0.390     ; 2.223      ;
; -1.577 ; uart_rx_packet_new:packet_inst|rx_clear                    ; uart_controller:uart_ctrl_inst|uart_rx:rx_inst|rx_reg[3]   ; CLOCK_50                                                      ; uart_controller:uart_ctrl_inst|baud_rate_gen:brg_inst|ov_tick ; 1.000        ; -0.390     ; 2.223      ;
; -1.577 ; uart_rx_packet_new:packet_inst|rx_clear                    ; uart_controller:uart_ctrl_inst|uart_rx:rx_inst|rx_reg[2]   ; CLOCK_50                                                      ; uart_controller:uart_ctrl_inst|baud_rate_gen:brg_inst|ov_tick ; 1.000        ; -0.390     ; 2.223      ;
; -1.577 ; uart_rx_packet_new:packet_inst|rx_clear                    ; uart_controller:uart_ctrl_inst|uart_rx:rx_inst|rx_reg[1]   ; CLOCK_50                                                      ; uart_controller:uart_ctrl_inst|baud_rate_gen:brg_inst|ov_tick ; 1.000        ; -0.390     ; 2.223      ;
; -1.577 ; uart_rx_packet_new:packet_inst|rx_clear                    ; uart_controller:uart_ctrl_inst|uart_rx:rx_inst|rx_reg[0]   ; CLOCK_50                                                      ; uart_controller:uart_ctrl_inst|baud_rate_gen:brg_inst|ov_tick ; 1.000        ; -0.390     ; 2.223      ;
; -1.560 ; uart_controller:uart_ctrl_inst|uart_rx:rx_inst|tick_cnt[1] ; uart_controller:uart_ctrl_inst|uart_rx:rx_inst|data_out[5] ; uart_controller:uart_ctrl_inst|baud_rate_gen:brg_inst|ov_tick ; uart_controller:uart_ctrl_inst|baud_rate_gen:brg_inst|ov_tick ; 1.000        ; 0.000      ; 2.596      ;
; -1.560 ; uart_controller:uart_ctrl_inst|uart_rx:rx_inst|tick_cnt[1] ; uart_controller:uart_ctrl_inst|uart_rx:rx_inst|data_out[7] ; uart_controller:uart_ctrl_inst|baud_rate_gen:brg_inst|ov_tick ; uart_controller:uart_ctrl_inst|baud_rate_gen:brg_inst|ov_tick ; 1.000        ; 0.000      ; 2.596      ;
; -1.560 ; uart_controller:uart_ctrl_inst|uart_rx:rx_inst|tick_cnt[1] ; uart_controller:uart_ctrl_inst|uart_rx:rx_inst|data_out[6] ; uart_controller:uart_ctrl_inst|baud_rate_gen:brg_inst|ov_tick ; uart_controller:uart_ctrl_inst|baud_rate_gen:brg_inst|ov_tick ; 1.000        ; 0.000      ; 2.596      ;
; -1.560 ; uart_controller:uart_ctrl_inst|uart_rx:rx_inst|tick_cnt[1] ; uart_controller:uart_ctrl_inst|uart_rx:rx_inst|data_out[0] ; uart_controller:uart_ctrl_inst|baud_rate_gen:brg_inst|ov_tick ; uart_controller:uart_ctrl_inst|baud_rate_gen:brg_inst|ov_tick ; 1.000        ; 0.000      ; 2.596      ;
; -1.560 ; uart_controller:uart_ctrl_inst|uart_rx:rx_inst|tick_cnt[1] ; uart_controller:uart_ctrl_inst|uart_rx:rx_inst|data_out[3] ; uart_controller:uart_ctrl_inst|baud_rate_gen:brg_inst|ov_tick ; uart_controller:uart_ctrl_inst|baud_rate_gen:brg_inst|ov_tick ; 1.000        ; 0.000      ; 2.596      ;
; -1.560 ; uart_controller:uart_ctrl_inst|uart_rx:rx_inst|tick_cnt[1] ; uart_controller:uart_ctrl_inst|uart_rx:rx_inst|data_out[1] ; uart_controller:uart_ctrl_inst|baud_rate_gen:brg_inst|ov_tick ; uart_controller:uart_ctrl_inst|baud_rate_gen:brg_inst|ov_tick ; 1.000        ; 0.000      ; 2.596      ;
; -1.560 ; uart_controller:uart_ctrl_inst|uart_rx:rx_inst|tick_cnt[1] ; uart_controller:uart_ctrl_inst|uart_rx:rx_inst|data_out[2] ; uart_controller:uart_ctrl_inst|baud_rate_gen:brg_inst|ov_tick ; uart_controller:uart_ctrl_inst|baud_rate_gen:brg_inst|ov_tick ; 1.000        ; 0.000      ; 2.596      ;
; -1.560 ; uart_controller:uart_ctrl_inst|uart_rx:rx_inst|tick_cnt[1] ; uart_controller:uart_ctrl_inst|uart_rx:rx_inst|data_out[4] ; uart_controller:uart_ctrl_inst|baud_rate_gen:brg_inst|ov_tick ; uart_controller:uart_ctrl_inst|baud_rate_gen:brg_inst|ov_tick ; 1.000        ; 0.000      ; 2.596      ;
; -1.539 ; uart_controller:uart_ctrl_inst|uart_rx:rx_inst|state.START ; uart_controller:uart_ctrl_inst|uart_rx:rx_inst|bit_cnt[1]  ; uart_controller:uart_ctrl_inst|baud_rate_gen:brg_inst|ov_tick ; uart_controller:uart_ctrl_inst|baud_rate_gen:brg_inst|ov_tick ; 1.000        ; 0.000      ; 2.575      ;
; -1.530 ; uart_rx_packet_new:packet_inst|rx_clear                    ; uart_controller:uart_ctrl_inst|uart_rx:rx_inst|data_out[5] ; CLOCK_50                                                      ; uart_controller:uart_ctrl_inst|baud_rate_gen:brg_inst|ov_tick ; 1.000        ; -0.389     ; 2.177      ;
; -1.530 ; uart_rx_packet_new:packet_inst|rx_clear                    ; uart_controller:uart_ctrl_inst|uart_rx:rx_inst|data_out[7] ; CLOCK_50                                                      ; uart_controller:uart_ctrl_inst|baud_rate_gen:brg_inst|ov_tick ; 1.000        ; -0.389     ; 2.177      ;
; -1.530 ; uart_rx_packet_new:packet_inst|rx_clear                    ; uart_controller:uart_ctrl_inst|uart_rx:rx_inst|data_out[6] ; CLOCK_50                                                      ; uart_controller:uart_ctrl_inst|baud_rate_gen:brg_inst|ov_tick ; 1.000        ; -0.389     ; 2.177      ;
; -1.530 ; uart_rx_packet_new:packet_inst|rx_clear                    ; uart_controller:uart_ctrl_inst|uart_rx:rx_inst|data_out[0] ; CLOCK_50                                                      ; uart_controller:uart_ctrl_inst|baud_rate_gen:brg_inst|ov_tick ; 1.000        ; -0.389     ; 2.177      ;
; -1.530 ; uart_rx_packet_new:packet_inst|rx_clear                    ; uart_controller:uart_ctrl_inst|uart_rx:rx_inst|data_out[3] ; CLOCK_50                                                      ; uart_controller:uart_ctrl_inst|baud_rate_gen:brg_inst|ov_tick ; 1.000        ; -0.389     ; 2.177      ;
+--------+------------------------------------------------------------+------------------------------------------------------------+---------------------------------------------------------------+---------------------------------------------------------------+--------------+------------+------------+


+---------------------------------------------------------------------------------------------------------------------------------------------------------------------------------------------------------------------------------------------------------------------------------------------------------------------+
; Slow Model Setup: 'uart_controller:uart_ctrl_inst|baud_rate_gen:brg_inst|uart_tick'                                                                                                                                                                                                                                 ;
+--------+---------------------------------------------------------------+---------------------------------------------------------------+-----------------------------------------------------------------+-----------------------------------------------------------------+--------------+------------+------------+
; Slack  ; From Node                                                     ; To Node                                                       ; Launch Clock                                                    ; Latch Clock                                                     ; Relationship ; Clock Skew ; Data Delay ;
+--------+---------------------------------------------------------------+---------------------------------------------------------------+-----------------------------------------------------------------+-----------------------------------------------------------------+--------------+------------+------------+
; -1.934 ; uart_controller:uart_ctrl_inst|uart_tx:tx_inst|state.START    ; uart_controller:uart_ctrl_inst|uart_tx:tx_inst|state.IDLE     ; uart_controller:uart_ctrl_inst|baud_rate_gen:brg_inst|uart_tick ; uart_controller:uart_ctrl_inst|baud_rate_gen:brg_inst|uart_tick ; 1.000        ; 0.000      ; 2.970      ;
; -1.929 ; uart_controller:uart_ctrl_inst|uart_tx:tx_inst|timeout_cnt[3] ; uart_controller:uart_ctrl_inst|uart_tx:tx_inst|state.DATA     ; uart_controller:uart_ctrl_inst|baud_rate_gen:brg_inst|uart_tick ; uart_controller:uart_ctrl_inst|baud_rate_gen:brg_inst|uart_tick ; 1.000        ; -0.031     ; 2.934      ;
; -1.892 ; uart_controller:uart_ctrl_inst|uart_tx:tx_inst|timeout_cnt[2] ; uart_controller:uart_ctrl_inst|uart_tx:tx_inst|state.DATA     ; uart_controller:uart_ctrl_inst|baud_rate_gen:brg_inst|uart_tick ; uart_controller:uart_ctrl_inst|baud_rate_gen:brg_inst|uart_tick ; 1.000        ; -0.031     ; 2.897      ;
; -1.880 ; uart_controller:uart_ctrl_inst|uart_tx:tx_inst|timeout_cnt[3] ; uart_controller:uart_ctrl_inst|uart_tx:tx_inst|state.IDLE     ; uart_controller:uart_ctrl_inst|baud_rate_gen:brg_inst|uart_tick ; uart_controller:uart_ctrl_inst|baud_rate_gen:brg_inst|uart_tick ; 1.000        ; -0.031     ; 2.885      ;
; -1.843 ; uart_controller:uart_ctrl_inst|uart_tx:tx_inst|timeout_cnt[2] ; uart_controller:uart_ctrl_inst|uart_tx:tx_inst|state.IDLE     ; uart_controller:uart_ctrl_inst|baud_rate_gen:brg_inst|uart_tick ; uart_controller:uart_ctrl_inst|baud_rate_gen:brg_inst|uart_tick ; 1.000        ; -0.031     ; 2.848      ;
; -1.759 ; uart_controller:uart_ctrl_inst|uart_tx:tx_inst|state.DATA     ; uart_controller:uart_ctrl_inst|uart_tx:tx_inst|state.IDLE     ; uart_controller:uart_ctrl_inst|baud_rate_gen:brg_inst|uart_tick ; uart_controller:uart_ctrl_inst|baud_rate_gen:brg_inst|uart_tick ; 1.000        ; 0.000      ; 2.795      ;
; -1.757 ; uart_controller:uart_ctrl_inst|uart_tx:tx_inst|timeout_cnt[5] ; uart_controller:uart_ctrl_inst|uart_tx:tx_inst|state.DATA     ; uart_controller:uart_ctrl_inst|baud_rate_gen:brg_inst|uart_tick ; uart_controller:uart_ctrl_inst|baud_rate_gen:brg_inst|uart_tick ; 1.000        ; -0.031     ; 2.762      ;
; -1.755 ; uart_controller:uart_ctrl_inst|uart_tx:tx_inst|state.DATA     ; uart_controller:uart_ctrl_inst|uart_tx:tx_inst|state.DATA     ; uart_controller:uart_ctrl_inst|baud_rate_gen:brg_inst|uart_tick ; uart_controller:uart_ctrl_inst|baud_rate_gen:brg_inst|uart_tick ; 1.000        ; 0.000      ; 2.791      ;
; -1.708 ; uart_controller:uart_ctrl_inst|uart_tx:tx_inst|timeout_cnt[5] ; uart_controller:uart_ctrl_inst|uart_tx:tx_inst|state.IDLE     ; uart_controller:uart_ctrl_inst|baud_rate_gen:brg_inst|uart_tick ; uart_controller:uart_ctrl_inst|baud_rate_gen:brg_inst|uart_tick ; 1.000        ; -0.031     ; 2.713      ;
; -1.672 ; uart_controller:uart_ctrl_inst|uart_tx:tx_inst|timeout_cnt[7] ; uart_controller:uart_ctrl_inst|uart_tx:tx_inst|state.IDLE     ; uart_controller:uart_ctrl_inst|baud_rate_gen:brg_inst|uart_tick ; uart_controller:uart_ctrl_inst|baud_rate_gen:brg_inst|uart_tick ; 1.000        ; -0.031     ; 2.677      ;
; -1.636 ; uart_controller:uart_ctrl_inst|uart_tx:tx_inst|bit_cnt[2]     ; uart_controller:uart_ctrl_inst|uart_tx:tx_inst|state.IDLE     ; uart_controller:uart_ctrl_inst|baud_rate_gen:brg_inst|uart_tick ; uart_controller:uart_ctrl_inst|baud_rate_gen:brg_inst|uart_tick ; 1.000        ; -0.001     ; 2.671      ;
; -1.632 ; uart_controller:uart_ctrl_inst|uart_tx:tx_inst|bit_cnt[2]     ; uart_controller:uart_ctrl_inst|uart_tx:tx_inst|state.DATA     ; uart_controller:uart_ctrl_inst|baud_rate_gen:brg_inst|uart_tick ; uart_controller:uart_ctrl_inst|baud_rate_gen:brg_inst|uart_tick ; 1.000        ; -0.001     ; 2.667      ;
; -1.620 ; uart_controller:uart_ctrl_inst|uart_tx:tx_inst|timeout_cnt[4] ; uart_controller:uart_ctrl_inst|uart_tx:tx_inst|state.DATA     ; uart_controller:uart_ctrl_inst|baud_rate_gen:brg_inst|uart_tick ; uart_controller:uart_ctrl_inst|baud_rate_gen:brg_inst|uart_tick ; 1.000        ; -0.031     ; 2.625      ;
; -1.612 ; uart_controller:uart_ctrl_inst|uart_tx:tx_inst|bit_cnt[1]     ; uart_controller:uart_ctrl_inst|uart_tx:tx_inst|state.IDLE     ; uart_controller:uart_ctrl_inst|baud_rate_gen:brg_inst|uart_tick ; uart_controller:uart_ctrl_inst|baud_rate_gen:brg_inst|uart_tick ; 1.000        ; -0.001     ; 2.647      ;
; -1.608 ; uart_controller:uart_ctrl_inst|uart_tx:tx_inst|bit_cnt[1]     ; uart_controller:uart_ctrl_inst|uart_tx:tx_inst|state.DATA     ; uart_controller:uart_ctrl_inst|baud_rate_gen:brg_inst|uart_tick ; uart_controller:uart_ctrl_inst|baud_rate_gen:brg_inst|uart_tick ; 1.000        ; -0.001     ; 2.643      ;
; -1.571 ; uart_controller:uart_ctrl_inst|uart_tx:tx_inst|timeout_cnt[4] ; uart_controller:uart_ctrl_inst|uart_tx:tx_inst|state.IDLE     ; uart_controller:uart_ctrl_inst|baud_rate_gen:brg_inst|uart_tick ; uart_controller:uart_ctrl_inst|baud_rate_gen:brg_inst|uart_tick ; 1.000        ; -0.031     ; 2.576      ;
; -1.563 ; uart_controller:uart_ctrl_inst|uart_tx:tx_inst|state.START    ; uart_controller:uart_ctrl_inst|uart_tx:tx_inst|state.DATA     ; uart_controller:uart_ctrl_inst|baud_rate_gen:brg_inst|uart_tick ; uart_controller:uart_ctrl_inst|baud_rate_gen:brg_inst|uart_tick ; 1.000        ; 0.000      ; 2.599      ;
; -1.545 ; uart_controller:uart_ctrl_inst|uart_tx:tx_inst|state.STOP     ; uart_controller:uart_ctrl_inst|uart_tx:tx_inst|bit_cnt[1]     ; uart_controller:uart_ctrl_inst|baud_rate_gen:brg_inst|uart_tick ; uart_controller:uart_ctrl_inst|baud_rate_gen:brg_inst|uart_tick ; 1.000        ; 0.000      ; 2.581      ;
; -1.535 ; uart_controller:uart_ctrl_inst|uart_tx:tx_inst|state.STOP     ; uart_controller:uart_ctrl_inst|uart_tx:tx_inst|state.IDLE     ; uart_controller:uart_ctrl_inst|baud_rate_gen:brg_inst|uart_tick ; uart_controller:uart_ctrl_inst|baud_rate_gen:brg_inst|uart_tick ; 1.000        ; -0.001     ; 2.570      ;
; -1.531 ; uart_controller:uart_ctrl_inst|uart_tx:tx_inst|state.STOP     ; uart_controller:uart_ctrl_inst|uart_tx:tx_inst|state.DATA     ; uart_controller:uart_ctrl_inst|baud_rate_gen:brg_inst|uart_tick ; uart_controller:uart_ctrl_inst|baud_rate_gen:brg_inst|uart_tick ; 1.000        ; -0.001     ; 2.566      ;
; -1.494 ; uart_controller:uart_ctrl_inst|uart_tx:tx_inst|bit_cnt[0]     ; uart_controller:uart_ctrl_inst|uart_tx:tx_inst|state.IDLE     ; uart_controller:uart_ctrl_inst|baud_rate_gen:brg_inst|uart_tick ; uart_controller:uart_ctrl_inst|baud_rate_gen:brg_inst|uart_tick ; 1.000        ; -0.001     ; 2.529      ;
; -1.490 ; uart_controller:uart_ctrl_inst|uart_tx:tx_inst|bit_cnt[0]     ; uart_controller:uart_ctrl_inst|uart_tx:tx_inst|state.DATA     ; uart_controller:uart_ctrl_inst|baud_rate_gen:brg_inst|uart_tick ; uart_controller:uart_ctrl_inst|baud_rate_gen:brg_inst|uart_tick ; 1.000        ; -0.001     ; 2.525      ;
; -1.486 ; uart_controller:uart_ctrl_inst|uart_tx:tx_inst|state.IDLE     ; uart_controller:uart_ctrl_inst|uart_tx:tx_inst|tx_reg[1]      ; uart_controller:uart_ctrl_inst|baud_rate_gen:brg_inst|uart_tick ; uart_controller:uart_ctrl_inst|baud_rate_gen:brg_inst|uart_tick ; 1.000        ; 0.005      ; 2.527      ;
; -1.486 ; uart_controller:uart_ctrl_inst|uart_tx:tx_inst|state.IDLE     ; uart_controller:uart_ctrl_inst|uart_tx:tx_inst|tx_reg[0]      ; uart_controller:uart_ctrl_inst|baud_rate_gen:brg_inst|uart_tick ; uart_controller:uart_ctrl_inst|baud_rate_gen:brg_inst|uart_tick ; 1.000        ; 0.005      ; 2.527      ;
; -1.453 ; uart_controller:uart_ctrl_inst|uart_tx:tx_inst|timeout_cnt[6] ; uart_controller:uart_ctrl_inst|uart_tx:tx_inst|state.IDLE     ; uart_controller:uart_ctrl_inst|baud_rate_gen:brg_inst|uart_tick ; uart_controller:uart_ctrl_inst|baud_rate_gen:brg_inst|uart_tick ; 1.000        ; -0.031     ; 2.458      ;
; -1.381 ; uart_controller:uart_ctrl_inst|uart_tx:tx_inst|state.IDLE     ; uart_controller:uart_ctrl_inst|uart_tx:tx_inst|tx_reg[2]      ; uart_controller:uart_ctrl_inst|baud_rate_gen:brg_inst|uart_tick ; uart_controller:uart_ctrl_inst|baud_rate_gen:brg_inst|uart_tick ; 1.000        ; 0.001      ; 2.418      ;
; -1.366 ; uart_controller:uart_ctrl_inst|uart_tx:tx_inst|timeout_cnt[7] ; uart_controller:uart_ctrl_inst|uart_tx:tx_inst|state.DATA     ; uart_controller:uart_ctrl_inst|baud_rate_gen:brg_inst|uart_tick ; uart_controller:uart_ctrl_inst|baud_rate_gen:brg_inst|uart_tick ; 1.000        ; -0.031     ; 2.371      ;
; -1.176 ; uart_controller:uart_ctrl_inst|uart_tx:tx_inst|state.IDLE     ; uart_controller:uart_ctrl_inst|uart_tx:tx_inst|tx_reg[4]      ; uart_controller:uart_ctrl_inst|baud_rate_gen:brg_inst|uart_tick ; uart_controller:uart_ctrl_inst|baud_rate_gen:brg_inst|uart_tick ; 1.000        ; 0.001      ; 2.213      ;
; -1.138 ; uart_controller:uart_ctrl_inst|uart_tx:tx_inst|timeout_cnt[6] ; uart_controller:uart_ctrl_inst|uart_tx:tx_inst|state.DATA     ; uart_controller:uart_ctrl_inst|baud_rate_gen:brg_inst|uart_tick ; uart_controller:uart_ctrl_inst|baud_rate_gen:brg_inst|uart_tick ; 1.000        ; -0.031     ; 2.143      ;
; -1.110 ; uart_controller:uart_ctrl_inst|uart_tx:tx_inst|state.IDLE     ; uart_controller:uart_ctrl_inst|uart_tx:tx_inst|tx_reg[3]      ; uart_controller:uart_ctrl_inst|baud_rate_gen:brg_inst|uart_tick ; uart_controller:uart_ctrl_inst|baud_rate_gen:brg_inst|uart_tick ; 1.000        ; 0.001      ; 2.147      ;
; -1.094 ; uart_controller:uart_ctrl_inst|uart_tx:tx_inst|state.START    ; uart_controller:uart_ctrl_inst|uart_tx:tx_inst|bit_cnt[1]     ; uart_controller:uart_ctrl_inst|baud_rate_gen:brg_inst|uart_tick ; uart_controller:uart_ctrl_inst|baud_rate_gen:brg_inst|uart_tick ; 1.000        ; 0.001      ; 2.131      ;
; -1.012 ; uart_controller:uart_ctrl_inst|uart_tx:tx_inst|state.DATA     ; uart_controller:uart_ctrl_inst|uart_tx:tx_inst|bit_cnt[2]     ; uart_controller:uart_ctrl_inst|baud_rate_gen:brg_inst|uart_tick ; uart_controller:uart_ctrl_inst|baud_rate_gen:brg_inst|uart_tick ; 1.000        ; 0.001      ; 2.049      ;
; -1.007 ; uart_controller:uart_ctrl_inst|uart_tx:tx_inst|state.STOP     ; uart_controller:uart_ctrl_inst|uart_tx:tx_inst|tx_reg[1]      ; uart_controller:uart_ctrl_inst|baud_rate_gen:brg_inst|uart_tick ; uart_controller:uart_ctrl_inst|baud_rate_gen:brg_inst|uart_tick ; 1.000        ; 0.004      ; 2.047      ;
; -1.007 ; uart_controller:uart_ctrl_inst|uart_tx:tx_inst|state.STOP     ; uart_controller:uart_ctrl_inst|uart_tx:tx_inst|tx_reg[0]      ; uart_controller:uart_ctrl_inst|baud_rate_gen:brg_inst|uart_tick ; uart_controller:uart_ctrl_inst|baud_rate_gen:brg_inst|uart_tick ; 1.000        ; 0.004      ; 2.047      ;
; -0.919 ; uart_controller:uart_ctrl_inst|uart_tx:tx_inst|timeout_cnt[0] ; uart_controller:uart_ctrl_inst|uart_tx:tx_inst|timeout_cnt[7] ; uart_controller:uart_ctrl_inst|baud_rate_gen:brg_inst|uart_tick ; uart_controller:uart_ctrl_inst|baud_rate_gen:brg_inst|uart_tick ; 1.000        ; 0.000      ; 1.955      ;
; -0.902 ; uart_controller:uart_ctrl_inst|uart_tx:tx_inst|state.STOP     ; uart_controller:uart_ctrl_inst|uart_tx:tx_inst|tx_reg[2]      ; uart_controller:uart_ctrl_inst|baud_rate_gen:brg_inst|uart_tick ; uart_controller:uart_ctrl_inst|baud_rate_gen:brg_inst|uart_tick ; 1.000        ; 0.000      ; 1.938      ;
; -0.848 ; uart_controller:uart_ctrl_inst|uart_tx:tx_inst|timeout_cnt[0] ; uart_controller:uart_ctrl_inst|uart_tx:tx_inst|timeout_cnt[6] ; uart_controller:uart_ctrl_inst|baud_rate_gen:brg_inst|uart_tick ; uart_controller:uart_ctrl_inst|baud_rate_gen:brg_inst|uart_tick ; 1.000        ; 0.000      ; 1.884      ;
; -0.833 ; uart_controller:uart_ctrl_inst|uart_tx:tx_inst|state.IDLE     ; uart_controller:uart_ctrl_inst|uart_tx:tx_inst|state.START    ; uart_controller:uart_ctrl_inst|baud_rate_gen:brg_inst|uart_tick ; uart_controller:uart_ctrl_inst|baud_rate_gen:brg_inst|uart_tick ; 1.000        ; 0.000      ; 1.869      ;
; -0.806 ; uart_controller:uart_ctrl_inst|uart_tx:tx_inst|state.DATA     ; uart_controller:uart_ctrl_inst|uart_tx:tx_inst|tx_reg[3]      ; uart_controller:uart_ctrl_inst|baud_rate_gen:brg_inst|uart_tick ; uart_controller:uart_ctrl_inst|baud_rate_gen:brg_inst|uart_tick ; 1.000        ; 0.001      ; 1.843      ;
; -0.805 ; uart_controller:uart_ctrl_inst|uart_tx:tx_inst|timeout_cnt[1] ; uart_controller:uart_ctrl_inst|uart_tx:tx_inst|timeout_cnt[7] ; uart_controller:uart_ctrl_inst|baud_rate_gen:brg_inst|uart_tick ; uart_controller:uart_ctrl_inst|baud_rate_gen:brg_inst|uart_tick ; 1.000        ; 0.000      ; 1.841      ;
; -0.803 ; uart_controller:uart_ctrl_inst|uart_tx:tx_inst|state.DATA     ; uart_controller:uart_ctrl_inst|uart_tx:tx_inst|bit_cnt[0]     ; uart_controller:uart_ctrl_inst|baud_rate_gen:brg_inst|uart_tick ; uart_controller:uart_ctrl_inst|baud_rate_gen:brg_inst|uart_tick ; 1.000        ; 0.001      ; 1.840      ;
; -0.802 ; uart_controller:uart_ctrl_inst|uart_tx:tx_inst|state.DATA     ; uart_controller:uart_ctrl_inst|uart_tx:tx_inst|bit_cnt[1]     ; uart_controller:uart_ctrl_inst|baud_rate_gen:brg_inst|uart_tick ; uart_controller:uart_ctrl_inst|baud_rate_gen:brg_inst|uart_tick ; 1.000        ; 0.001      ; 1.839      ;
; -0.782 ; uart_controller:uart_ctrl_inst|uart_tx:tx_inst|state.DATA     ; uart_controller:uart_ctrl_inst|uart_tx:tx_inst|tx_reg[2]      ; uart_controller:uart_ctrl_inst|baud_rate_gen:brg_inst|uart_tick ; uart_controller:uart_ctrl_inst|baud_rate_gen:brg_inst|uart_tick ; 1.000        ; 0.001      ; 1.819      ;
; -0.777 ; uart_controller:uart_ctrl_inst|uart_tx:tx_inst|timeout_cnt[0] ; uart_controller:uart_ctrl_inst|uart_tx:tx_inst|timeout_cnt[5] ; uart_controller:uart_ctrl_inst|baud_rate_gen:brg_inst|uart_tick ; uart_controller:uart_ctrl_inst|baud_rate_gen:brg_inst|uart_tick ; 1.000        ; 0.000      ; 1.813      ;
; -0.772 ; uart_controller:uart_ctrl_inst|uart_tx:tx_inst|timeout_cnt[4] ; uart_controller:uart_ctrl_inst|uart_tx:tx_inst|timeout_cnt[7] ; uart_controller:uart_ctrl_inst|baud_rate_gen:brg_inst|uart_tick ; uart_controller:uart_ctrl_inst|baud_rate_gen:brg_inst|uart_tick ; 1.000        ; 0.000      ; 1.808      ;
; -0.753 ; uart_controller:uart_ctrl_inst|uart_tx:tx_inst|state.START    ; uart_controller:uart_ctrl_inst|uart_tx:tx_inst|bit_cnt[2]     ; uart_controller:uart_ctrl_inst|baud_rate_gen:brg_inst|uart_tick ; uart_controller:uart_ctrl_inst|baud_rate_gen:brg_inst|uart_tick ; 1.000        ; 0.001      ; 1.790      ;
; -0.753 ; uart_controller:uart_ctrl_inst|uart_tx:tx_inst|state.START    ; uart_controller:uart_ctrl_inst|uart_tx:tx_inst|bit_cnt[0]     ; uart_controller:uart_ctrl_inst|baud_rate_gen:brg_inst|uart_tick ; uart_controller:uart_ctrl_inst|baud_rate_gen:brg_inst|uart_tick ; 1.000        ; 0.001      ; 1.790      ;
; -0.748 ; uart_controller:uart_ctrl_inst|uart_tx:tx_inst|state.START    ; uart_controller:uart_ctrl_inst|uart_tx:tx_inst|tx_reg[4]      ; uart_controller:uart_ctrl_inst|baud_rate_gen:brg_inst|uart_tick ; uart_controller:uart_ctrl_inst|baud_rate_gen:brg_inst|uart_tick ; 1.000        ; 0.001      ; 1.785      ;
; -0.734 ; uart_controller:uart_ctrl_inst|uart_tx:tx_inst|timeout_cnt[1] ; uart_controller:uart_ctrl_inst|uart_tx:tx_inst|timeout_cnt[6] ; uart_controller:uart_ctrl_inst|baud_rate_gen:brg_inst|uart_tick ; uart_controller:uart_ctrl_inst|baud_rate_gen:brg_inst|uart_tick ; 1.000        ; 0.000      ; 1.770      ;
; -0.730 ; uart_controller:uart_ctrl_inst|uart_tx:tx_inst|state.DATA     ; uart_controller:uart_ctrl_inst|uart_tx:tx_inst|tx_reg[1]      ; uart_controller:uart_ctrl_inst|baud_rate_gen:brg_inst|uart_tick ; uart_controller:uart_ctrl_inst|baud_rate_gen:brg_inst|uart_tick ; 1.000        ; 0.005      ; 1.771      ;
; -0.706 ; uart_controller:uart_ctrl_inst|uart_tx:tx_inst|timeout_cnt[0] ; uart_controller:uart_ctrl_inst|uart_tx:tx_inst|timeout_cnt[4] ; uart_controller:uart_ctrl_inst|baud_rate_gen:brg_inst|uart_tick ; uart_controller:uart_ctrl_inst|baud_rate_gen:brg_inst|uart_tick ; 1.000        ; 0.000      ; 1.742      ;
; -0.701 ; uart_controller:uart_ctrl_inst|uart_tx:tx_inst|timeout_cnt[4] ; uart_controller:uart_ctrl_inst|uart_tx:tx_inst|timeout_cnt[6] ; uart_controller:uart_ctrl_inst|baud_rate_gen:brg_inst|uart_tick ; uart_controller:uart_ctrl_inst|baud_rate_gen:brg_inst|uart_tick ; 1.000        ; 0.000      ; 1.737      ;
; -0.698 ; uart_controller:uart_ctrl_inst|uart_tx:tx_inst|timeout_cnt[2] ; uart_controller:uart_ctrl_inst|uart_tx:tx_inst|timeout_cnt[7] ; uart_controller:uart_ctrl_inst|baud_rate_gen:brg_inst|uart_tick ; uart_controller:uart_ctrl_inst|baud_rate_gen:brg_inst|uart_tick ; 1.000        ; 0.000      ; 1.734      ;
; -0.697 ; uart_controller:uart_ctrl_inst|uart_tx:tx_inst|state.STOP     ; uart_controller:uart_ctrl_inst|uart_tx:tx_inst|tx_reg[4]      ; uart_controller:uart_ctrl_inst|baud_rate_gen:brg_inst|uart_tick ; uart_controller:uart_ctrl_inst|baud_rate_gen:brg_inst|uart_tick ; 1.000        ; 0.000      ; 1.733      ;
; -0.667 ; uart_controller:uart_ctrl_inst|uart_tx:tx_inst|timeout_cnt[3] ; uart_controller:uart_ctrl_inst|uart_tx:tx_inst|timeout_cnt[7] ; uart_controller:uart_ctrl_inst|baud_rate_gen:brg_inst|uart_tick ; uart_controller:uart_ctrl_inst|baud_rate_gen:brg_inst|uart_tick ; 1.000        ; 0.000      ; 1.703      ;
; -0.663 ; uart_controller:uart_ctrl_inst|uart_tx:tx_inst|timeout_cnt[1] ; uart_controller:uart_ctrl_inst|uart_tx:tx_inst|timeout_cnt[5] ; uart_controller:uart_ctrl_inst|baud_rate_gen:brg_inst|uart_tick ; uart_controller:uart_ctrl_inst|baud_rate_gen:brg_inst|uart_tick ; 1.000        ; 0.000      ; 1.699      ;
; -0.662 ; uart_controller:uart_ctrl_inst|uart_tx:tx_inst|timeout_cnt[5] ; uart_controller:uart_ctrl_inst|uart_tx:tx_inst|timeout_cnt[7] ; uart_controller:uart_ctrl_inst|baud_rate_gen:brg_inst|uart_tick ; uart_controller:uart_ctrl_inst|baud_rate_gen:brg_inst|uart_tick ; 1.000        ; 0.000      ; 1.698      ;
; -0.648 ; uart_controller:uart_ctrl_inst|uart_tx:tx_inst|state.START    ; uart_controller:uart_ctrl_inst|uart_tx:tx_inst|timeout_cnt[0] ; uart_controller:uart_ctrl_inst|baud_rate_gen:brg_inst|uart_tick ; uart_controller:uart_ctrl_inst|baud_rate_gen:brg_inst|uart_tick ; 1.000        ; 0.031      ; 1.715      ;
; -0.648 ; uart_controller:uart_ctrl_inst|uart_tx:tx_inst|state.START    ; uart_controller:uart_ctrl_inst|uart_tx:tx_inst|timeout_cnt[1] ; uart_controller:uart_ctrl_inst|baud_rate_gen:brg_inst|uart_tick ; uart_controller:uart_ctrl_inst|baud_rate_gen:brg_inst|uart_tick ; 1.000        ; 0.031      ; 1.715      ;
; -0.648 ; uart_controller:uart_ctrl_inst|uart_tx:tx_inst|state.START    ; uart_controller:uart_ctrl_inst|uart_tx:tx_inst|timeout_cnt[2] ; uart_controller:uart_ctrl_inst|baud_rate_gen:brg_inst|uart_tick ; uart_controller:uart_ctrl_inst|baud_rate_gen:brg_inst|uart_tick ; 1.000        ; 0.031      ; 1.715      ;
; -0.648 ; uart_controller:uart_ctrl_inst|uart_tx:tx_inst|state.START    ; uart_controller:uart_ctrl_inst|uart_tx:tx_inst|timeout_cnt[3] ; uart_controller:uart_ctrl_inst|baud_rate_gen:brg_inst|uart_tick ; uart_controller:uart_ctrl_inst|baud_rate_gen:brg_inst|uart_tick ; 1.000        ; 0.031      ; 1.715      ;
; -0.648 ; uart_controller:uart_ctrl_inst|uart_tx:tx_inst|state.START    ; uart_controller:uart_ctrl_inst|uart_tx:tx_inst|timeout_cnt[4] ; uart_controller:uart_ctrl_inst|baud_rate_gen:brg_inst|uart_tick ; uart_controller:uart_ctrl_inst|baud_rate_gen:brg_inst|uart_tick ; 1.000        ; 0.031      ; 1.715      ;
; -0.648 ; uart_controller:uart_ctrl_inst|uart_tx:tx_inst|state.START    ; uart_controller:uart_ctrl_inst|uart_tx:tx_inst|timeout_cnt[5] ; uart_controller:uart_ctrl_inst|baud_rate_gen:brg_inst|uart_tick ; uart_controller:uart_ctrl_inst|baud_rate_gen:brg_inst|uart_tick ; 1.000        ; 0.031      ; 1.715      ;
; -0.648 ; uart_controller:uart_ctrl_inst|uart_tx:tx_inst|state.START    ; uart_controller:uart_ctrl_inst|uart_tx:tx_inst|timeout_cnt[6] ; uart_controller:uart_ctrl_inst|baud_rate_gen:brg_inst|uart_tick ; uart_controller:uart_ctrl_inst|baud_rate_gen:brg_inst|uart_tick ; 1.000        ; 0.031      ; 1.715      ;
; -0.648 ; uart_controller:uart_ctrl_inst|uart_tx:tx_inst|state.START    ; uart_controller:uart_ctrl_inst|uart_tx:tx_inst|timeout_cnt[7] ; uart_controller:uart_ctrl_inst|baud_rate_gen:brg_inst|uart_tick ; uart_controller:uart_ctrl_inst|baud_rate_gen:brg_inst|uart_tick ; 1.000        ; 0.031      ; 1.715      ;
; -0.635 ; uart_controller:uart_ctrl_inst|uart_tx:tx_inst|timeout_cnt[0] ; uart_controller:uart_ctrl_inst|uart_tx:tx_inst|timeout_cnt[3] ; uart_controller:uart_ctrl_inst|baud_rate_gen:brg_inst|uart_tick ; uart_controller:uart_ctrl_inst|baud_rate_gen:brg_inst|uart_tick ; 1.000        ; 0.000      ; 1.671      ;
; -0.631 ; uart_controller:uart_ctrl_inst|uart_tx:tx_inst|state.STOP     ; uart_controller:uart_ctrl_inst|uart_tx:tx_inst|tx_reg[3]      ; uart_controller:uart_ctrl_inst|baud_rate_gen:brg_inst|uart_tick ; uart_controller:uart_ctrl_inst|baud_rate_gen:brg_inst|uart_tick ; 1.000        ; 0.000      ; 1.667      ;
; -0.630 ; uart_controller:uart_ctrl_inst|uart_tx:tx_inst|timeout_cnt[4] ; uart_controller:uart_ctrl_inst|uart_tx:tx_inst|timeout_cnt[5] ; uart_controller:uart_ctrl_inst|baud_rate_gen:brg_inst|uart_tick ; uart_controller:uart_ctrl_inst|baud_rate_gen:brg_inst|uart_tick ; 1.000        ; 0.000      ; 1.666      ;
; -0.627 ; uart_controller:uart_ctrl_inst|uart_tx:tx_inst|timeout_cnt[2] ; uart_controller:uart_ctrl_inst|uart_tx:tx_inst|timeout_cnt[6] ; uart_controller:uart_ctrl_inst|baud_rate_gen:brg_inst|uart_tick ; uart_controller:uart_ctrl_inst|baud_rate_gen:brg_inst|uart_tick ; 1.000        ; 0.000      ; 1.663      ;
; -0.626 ; uart_controller:uart_ctrl_inst|uart_tx:tx_inst|state.DATA     ; uart_controller:uart_ctrl_inst|uart_tx:tx_inst|tx             ; uart_controller:uart_ctrl_inst|baud_rate_gen:brg_inst|uart_tick ; uart_controller:uart_ctrl_inst|baud_rate_gen:brg_inst|uart_tick ; 1.000        ; 0.001      ; 1.663      ;
; -0.596 ; uart_controller:uart_ctrl_inst|uart_tx:tx_inst|timeout_cnt[3] ; uart_controller:uart_ctrl_inst|uart_tx:tx_inst|timeout_cnt[6] ; uart_controller:uart_ctrl_inst|baud_rate_gen:brg_inst|uart_tick ; uart_controller:uart_ctrl_inst|baud_rate_gen:brg_inst|uart_tick ; 1.000        ; 0.000      ; 1.632      ;
; -0.592 ; uart_controller:uart_ctrl_inst|uart_tx:tx_inst|timeout_cnt[1] ; uart_controller:uart_ctrl_inst|uart_tx:tx_inst|timeout_cnt[4] ; uart_controller:uart_ctrl_inst|baud_rate_gen:brg_inst|uart_tick ; uart_controller:uart_ctrl_inst|baud_rate_gen:brg_inst|uart_tick ; 1.000        ; 0.000      ; 1.628      ;
; -0.591 ; uart_controller:uart_ctrl_inst|uart_tx:tx_inst|timeout_cnt[5] ; uart_controller:uart_ctrl_inst|uart_tx:tx_inst|timeout_cnt[6] ; uart_controller:uart_ctrl_inst|baud_rate_gen:brg_inst|uart_tick ; uart_controller:uart_ctrl_inst|baud_rate_gen:brg_inst|uart_tick ; 1.000        ; 0.000      ; 1.627      ;
; -0.564 ; uart_controller:uart_ctrl_inst|uart_tx:tx_inst|timeout_cnt[0] ; uart_controller:uart_ctrl_inst|uart_tx:tx_inst|timeout_cnt[2] ; uart_controller:uart_ctrl_inst|baud_rate_gen:brg_inst|uart_tick ; uart_controller:uart_ctrl_inst|baud_rate_gen:brg_inst|uart_tick ; 1.000        ; 0.000      ; 1.600      ;
; -0.562 ; uart_controller:uart_ctrl_inst|uart_tx:tx_inst|state.DATA     ; uart_controller:uart_ctrl_inst|uart_tx:tx_inst|state.STOP     ; uart_controller:uart_ctrl_inst|baud_rate_gen:brg_inst|uart_tick ; uart_controller:uart_ctrl_inst|baud_rate_gen:brg_inst|uart_tick ; 1.000        ; 0.001      ; 1.599      ;
; -0.558 ; uart_rx_packet_new:packet_inst|LEDR[15]                       ; uart_controller:uart_ctrl_inst|uart_tx:tx_inst|state.IDLE     ; CLOCK_50                                                        ; uart_controller:uart_ctrl_inst|baud_rate_gen:brg_inst|uart_tick ; 1.000        ; -0.391     ; 1.203      ;
; -0.556 ; uart_controller:uart_ctrl_inst|uart_tx:tx_inst|timeout_cnt[2] ; uart_controller:uart_ctrl_inst|uart_tx:tx_inst|timeout_cnt[5] ; uart_controller:uart_ctrl_inst|baud_rate_gen:brg_inst|uart_tick ; uart_controller:uart_ctrl_inst|baud_rate_gen:brg_inst|uart_tick ; 1.000        ; 0.000      ; 1.592      ;
; -0.554 ; uart_rx_packet_new:packet_inst|LEDR[15]                       ; uart_controller:uart_ctrl_inst|uart_tx:tx_inst|state.DATA     ; CLOCK_50                                                        ; uart_controller:uart_ctrl_inst|baud_rate_gen:brg_inst|uart_tick ; 1.000        ; -0.391     ; 1.199      ;
; -0.525 ; uart_controller:uart_ctrl_inst|uart_tx:tx_inst|timeout_cnt[3] ; uart_controller:uart_ctrl_inst|uart_tx:tx_inst|timeout_cnt[5] ; uart_controller:uart_ctrl_inst|baud_rate_gen:brg_inst|uart_tick ; uart_controller:uart_ctrl_inst|baud_rate_gen:brg_inst|uart_tick ; 1.000        ; 0.000      ; 1.561      ;
; -0.521 ; uart_controller:uart_ctrl_inst|uart_tx:tx_inst|timeout_cnt[1] ; uart_controller:uart_ctrl_inst|uart_tx:tx_inst|timeout_cnt[3] ; uart_controller:uart_ctrl_inst|baud_rate_gen:brg_inst|uart_tick ; uart_controller:uart_ctrl_inst|baud_rate_gen:brg_inst|uart_tick ; 1.000        ; 0.000      ; 1.557      ;
; -0.493 ; uart_controller:uart_ctrl_inst|uart_tx:tx_inst|timeout_cnt[0] ; uart_controller:uart_ctrl_inst|uart_tx:tx_inst|timeout_cnt[1] ; uart_controller:uart_ctrl_inst|baud_rate_gen:brg_inst|uart_tick ; uart_controller:uart_ctrl_inst|baud_rate_gen:brg_inst|uart_tick ; 1.000        ; 0.000      ; 1.529      ;
; -0.490 ; uart_controller:uart_ctrl_inst|uart_tx:tx_inst|state.IDLE     ; uart_controller:uart_ctrl_inst|uart_tx:tx_inst|tx             ; uart_controller:uart_ctrl_inst|baud_rate_gen:brg_inst|uart_tick ; uart_controller:uart_ctrl_inst|baud_rate_gen:brg_inst|uart_tick ; 1.000        ; 0.001      ; 1.527      ;
; -0.485 ; uart_controller:uart_ctrl_inst|uart_tx:tx_inst|timeout_cnt[2] ; uart_controller:uart_ctrl_inst|uart_tx:tx_inst|timeout_cnt[4] ; uart_controller:uart_ctrl_inst|baud_rate_gen:brg_inst|uart_tick ; uart_controller:uart_ctrl_inst|baud_rate_gen:brg_inst|uart_tick ; 1.000        ; 0.000      ; 1.521      ;
; -0.459 ; uart_controller:uart_ctrl_inst|uart_tx:tx_inst|state.DATA     ; uart_controller:uart_ctrl_inst|uart_tx:tx_inst|tx_reg[0]      ; uart_controller:uart_ctrl_inst|baud_rate_gen:brg_inst|uart_tick ; uart_controller:uart_ctrl_inst|baud_rate_gen:brg_inst|uart_tick ; 1.000        ; 0.005      ; 1.500      ;
; -0.454 ; uart_controller:uart_ctrl_inst|uart_tx:tx_inst|timeout_cnt[3] ; uart_controller:uart_ctrl_inst|uart_tx:tx_inst|timeout_cnt[4] ; uart_controller:uart_ctrl_inst|baud_rate_gen:brg_inst|uart_tick ; uart_controller:uart_ctrl_inst|baud_rate_gen:brg_inst|uart_tick ; 1.000        ; 0.000      ; 1.490      ;
; -0.450 ; uart_controller:uart_ctrl_inst|uart_tx:tx_inst|bit_cnt[2]     ; uart_controller:uart_ctrl_inst|uart_tx:tx_inst|bit_cnt[2]     ; uart_controller:uart_ctrl_inst|baud_rate_gen:brg_inst|uart_tick ; uart_controller:uart_ctrl_inst|baud_rate_gen:brg_inst|uart_tick ; 1.000        ; 0.000      ; 1.486      ;
; -0.450 ; uart_controller:uart_ctrl_inst|uart_tx:tx_inst|timeout_cnt[1] ; uart_controller:uart_ctrl_inst|uart_tx:tx_inst|timeout_cnt[2] ; uart_controller:uart_ctrl_inst|baud_rate_gen:brg_inst|uart_tick ; uart_controller:uart_ctrl_inst|baud_rate_gen:brg_inst|uart_tick ; 1.000        ; 0.000      ; 1.486      ;
; -0.439 ; uart_controller:uart_ctrl_inst|uart_tx:tx_inst|bit_cnt[2]     ; uart_controller:uart_ctrl_inst|uart_tx:tx_inst|state.STOP     ; uart_controller:uart_ctrl_inst|baud_rate_gen:brg_inst|uart_tick ; uart_controller:uart_ctrl_inst|baud_rate_gen:brg_inst|uart_tick ; 1.000        ; 0.000      ; 1.475      ;
; -0.427 ; uart_controller:uart_ctrl_inst|uart_tx:tx_inst|bit_cnt[0]     ; uart_controller:uart_ctrl_inst|uart_tx:tx_inst|bit_cnt[2]     ; uart_controller:uart_ctrl_inst|baud_rate_gen:brg_inst|uart_tick ; uart_controller:uart_ctrl_inst|baud_rate_gen:brg_inst|uart_tick ; 1.000        ; 0.000      ; 1.463      ;
; -0.421 ; uart_controller:uart_ctrl_inst|uart_tx:tx_inst|timeout_cnt[6] ; uart_controller:uart_ctrl_inst|uart_tx:tx_inst|timeout_cnt[7] ; uart_controller:uart_ctrl_inst|baud_rate_gen:brg_inst|uart_tick ; uart_controller:uart_ctrl_inst|baud_rate_gen:brg_inst|uart_tick ; 1.000        ; 0.000      ; 1.457      ;
; -0.415 ; uart_controller:uart_ctrl_inst|uart_tx:tx_inst|bit_cnt[1]     ; uart_controller:uart_ctrl_inst|uart_tx:tx_inst|state.STOP     ; uart_controller:uart_ctrl_inst|baud_rate_gen:brg_inst|uart_tick ; uart_controller:uart_ctrl_inst|baud_rate_gen:brg_inst|uart_tick ; 1.000        ; 0.000      ; 1.451      ;
; -0.414 ; uart_controller:uart_ctrl_inst|uart_tx:tx_inst|timeout_cnt[2] ; uart_controller:uart_ctrl_inst|uart_tx:tx_inst|timeout_cnt[3] ; uart_controller:uart_ctrl_inst|baud_rate_gen:brg_inst|uart_tick ; uart_controller:uart_ctrl_inst|baud_rate_gen:brg_inst|uart_tick ; 1.000        ; 0.000      ; 1.450      ;
; -0.356 ; uart_rx_packet_new:packet_inst|tx_data[0]                     ; uart_controller:uart_ctrl_inst|uart_tx:tx_inst|tx_reg[4]      ; CLOCK_50                                                        ; uart_controller:uart_ctrl_inst|baud_rate_gen:brg_inst|uart_tick ; 1.000        ; -0.395     ; 0.997      ;
; -0.297 ; uart_controller:uart_ctrl_inst|uart_tx:tx_inst|bit_cnt[0]     ; uart_controller:uart_ctrl_inst|uart_tx:tx_inst|state.STOP     ; uart_controller:uart_ctrl_inst|baud_rate_gen:brg_inst|uart_tick ; uart_controller:uart_ctrl_inst|baud_rate_gen:brg_inst|uart_tick ; 1.000        ; 0.000      ; 1.333      ;
; -0.279 ; uart_rx_packet_new:packet_inst|tx_data[0]                     ; uart_controller:uart_ctrl_inst|uart_tx:tx_inst|tx_reg[0]      ; CLOCK_50                                                        ; uart_controller:uart_ctrl_inst|baud_rate_gen:brg_inst|uart_tick ; 1.000        ; -0.391     ; 0.924      ;
; -0.277 ; uart_controller:uart_ctrl_inst|uart_tx:tx_inst|state.STOP     ; uart_controller:uart_ctrl_inst|uart_tx:tx_inst|bit_cnt[2]     ; uart_controller:uart_ctrl_inst|baud_rate_gen:brg_inst|uart_tick ; uart_controller:uart_ctrl_inst|baud_rate_gen:brg_inst|uart_tick ; 1.000        ; 0.000      ; 1.313      ;
; -0.244 ; uart_controller:uart_ctrl_inst|uart_tx:tx_inst|timeout_cnt[4] ; uart_controller:uart_ctrl_inst|uart_tx:tx_inst|timeout_cnt[4] ; uart_controller:uart_ctrl_inst|baud_rate_gen:brg_inst|uart_tick ; uart_controller:uart_ctrl_inst|baud_rate_gen:brg_inst|uart_tick ; 1.000        ; 0.000      ; 1.280      ;
; -0.212 ; uart_controller:uart_ctrl_inst|uart_tx:tx_inst|tx_reg[0]      ; uart_controller:uart_ctrl_inst|uart_tx:tx_inst|tx             ; uart_controller:uart_ctrl_inst|baud_rate_gen:brg_inst|uart_tick ; uart_controller:uart_ctrl_inst|baud_rate_gen:brg_inst|uart_tick ; 1.000        ; -0.004     ; 1.244      ;
; -0.208 ; uart_controller:uart_ctrl_inst|uart_tx:tx_inst|timeout_cnt[5] ; uart_controller:uart_ctrl_inst|uart_tx:tx_inst|timeout_cnt[5] ; uart_controller:uart_ctrl_inst|baud_rate_gen:brg_inst|uart_tick ; uart_controller:uart_ctrl_inst|baud_rate_gen:brg_inst|uart_tick ; 1.000        ; 0.000      ; 1.244      ;
; -0.155 ; uart_rx_packet_new:packet_inst|LEDR[15]                       ; uart_controller:uart_ctrl_inst|uart_tx:tx_inst|state.START    ; CLOCK_50                                                        ; uart_controller:uart_ctrl_inst|baud_rate_gen:brg_inst|uart_tick ; 1.000        ; -0.391     ; 0.800      ;
+--------+---------------------------------------------------------------+---------------------------------------------------------------+-----------------------------------------------------------------+-----------------------------------------------------------------+--------------+------------+------------+


+--------------------------------------------------------------------------------------------------------------------------------------------------------------------------------------------------------------------------------------------------------------------------------+
; Slow Model Hold: 'CLOCK_50'                                                                                                                                                                                                                                                    ;
+-------+-----------------------------------------------------------------------+-----------------------------------------------------------------------+-----------------------------------------------------------------+-------------+--------------+------------+------------+
; Slack ; From Node                                                             ; To Node                                                               ; Launch Clock                                                    ; Latch Clock ; Relationship ; Clock Skew ; Data Delay ;
+-------+-----------------------------------------------------------------------+-----------------------------------------------------------------------+-----------------------------------------------------------------+-------------+--------------+------------+------------+
; 0.391 ; sram_packet_writer:sram_writer_inst|packet_cnt[0]                     ; sram_packet_writer:sram_writer_inst|packet_cnt[0]                     ; CLOCK_50                                                        ; CLOCK_50    ; 0.000        ; 0.000      ; 0.657      ;
; 0.391 ; uart_rx_packet_new:packet_inst|byte_cnt[2]                            ; uart_rx_packet_new:packet_inst|byte_cnt[2]                            ; CLOCK_50                                                        ; CLOCK_50    ; 0.000        ; 0.000      ; 0.657      ;
; 0.391 ; uart_rx_packet_new:packet_inst|byte_cnt[3]                            ; uart_rx_packet_new:packet_inst|byte_cnt[3]                            ; CLOCK_50                                                        ; CLOCK_50    ; 0.000        ; 0.000      ; 0.657      ;
; 0.391 ; uart_rx_packet_new:packet_inst|byte_cnt[4]                            ; uart_rx_packet_new:packet_inst|byte_cnt[4]                            ; CLOCK_50                                                        ; CLOCK_50    ; 0.000        ; 0.000      ; 0.657      ;
; 0.391 ; uart_rx_packet_new:packet_inst|byte_cnt[5]                            ; uart_rx_packet_new:packet_inst|byte_cnt[5]                            ; CLOCK_50                                                        ; CLOCK_50    ; 0.000        ; 0.000      ; 0.657      ;
; 0.391 ; uart_rx_packet_new:packet_inst|byte_cnt[6]                            ; uart_rx_packet_new:packet_inst|byte_cnt[6]                            ; CLOCK_50                                                        ; CLOCK_50    ; 0.000        ; 0.000      ; 0.657      ;
; 0.391 ; uart_rx_packet_new:packet_inst|byte_cnt[7]                            ; uart_rx_packet_new:packet_inst|byte_cnt[7]                            ; CLOCK_50                                                        ; CLOCK_50    ; 0.000        ; 0.000      ; 0.657      ;
; 0.391 ; uart_controller:uart_ctrl_inst|baud_rate_gen:brg_inst|ov_counter[1]   ; uart_controller:uart_ctrl_inst|baud_rate_gen:brg_inst|ov_counter[1]   ; CLOCK_50                                                        ; CLOCK_50    ; 0.000        ; 0.000      ; 0.657      ;
; 0.391 ; uart_rx_packet_new:packet_inst|state.DATA                             ; uart_rx_packet_new:packet_inst|state.DATA                             ; CLOCK_50                                                        ; CLOCK_50    ; 0.000        ; 0.000      ; 0.657      ;
; 0.391 ; uart_rx_packet_new:packet_inst|crc[0]                                 ; uart_rx_packet_new:packet_inst|crc[0]                                 ; CLOCK_50                                                        ; CLOCK_50    ; 0.000        ; 0.000      ; 0.657      ;
; 0.391 ; uart_rx_packet_new:packet_inst|crc[2]                                 ; uart_rx_packet_new:packet_inst|crc[2]                                 ; CLOCK_50                                                        ; CLOCK_50    ; 0.000        ; 0.000      ; 0.657      ;
; 0.391 ; uart_rx_packet_new:packet_inst|crc[4]                                 ; uart_rx_packet_new:packet_inst|crc[4]                                 ; CLOCK_50                                                        ; CLOCK_50    ; 0.000        ; 0.000      ; 0.657      ;
; 0.391 ; uart_rx_packet_new:packet_inst|crc[6]                                 ; uart_rx_packet_new:packet_inst|crc[6]                                 ; CLOCK_50                                                        ; CLOCK_50    ; 0.000        ; 0.000      ; 0.657      ;
; 0.391 ; uart_rx_packet_new:packet_inst|state.REC_CRC8                         ; uart_rx_packet_new:packet_inst|state.REC_CRC8                         ; CLOCK_50                                                        ; CLOCK_50    ; 0.000        ; 0.000      ; 0.657      ;
; 0.391 ; uart_rx_packet_new:packet_inst|byte_cnt[0]                            ; uart_rx_packet_new:packet_inst|byte_cnt[0]                            ; CLOCK_50                                                        ; CLOCK_50    ; 0.000        ; 0.000      ; 0.657      ;
; 0.391 ; uart_rx_packet_new:packet_inst|byte_cnt[1]                            ; uart_rx_packet_new:packet_inst|byte_cnt[1]                            ; CLOCK_50                                                        ; CLOCK_50    ; 0.000        ; 0.000      ; 0.657      ;
; 0.391 ; uart_rx_packet_new:packet_inst|state.WAIT_SEND                        ; uart_rx_packet_new:packet_inst|state.WAIT_SEND                        ; CLOCK_50                                                        ; CLOCK_50    ; 0.000        ; 0.000      ; 0.657      ;
; 0.391 ; uart_rx_packet_new:packet_inst|state.NACK                             ; uart_rx_packet_new:packet_inst|state.NACK                             ; CLOCK_50                                                        ; CLOCK_50    ; 0.000        ; 0.000      ; 0.657      ;
; 0.391 ; uart_controller:uart_ctrl_inst|baud_rate_gen:brg_inst|uart_counter[0] ; uart_controller:uart_ctrl_inst|baud_rate_gen:brg_inst|uart_counter[0] ; CLOCK_50                                                        ; CLOCK_50    ; 0.000        ; 0.000      ; 0.657      ;
; 0.391 ; uart_controller:uart_ctrl_inst|baud_rate_gen:brg_inst|uart_counter[1] ; uart_controller:uart_ctrl_inst|baud_rate_gen:brg_inst|uart_counter[1] ; CLOCK_50                                                        ; CLOCK_50    ; 0.000        ; 0.000      ; 0.657      ;
; 0.391 ; uart_controller:uart_ctrl_inst|baud_rate_gen:brg_inst|uart_counter[2] ; uart_controller:uart_ctrl_inst|baud_rate_gen:brg_inst|uart_counter[2] ; CLOCK_50                                                        ; CLOCK_50    ; 0.000        ; 0.000      ; 0.657      ;
; 0.391 ; sram_packet_writer:sram_writer_inst|current_state.IDLE                ; sram_packet_writer:sram_writer_inst|current_state.IDLE                ; CLOCK_50                                                        ; CLOCK_50    ; 0.000        ; 0.000      ; 0.657      ;
; 0.391 ; sram_packet_writer:sram_writer_inst|current_state.FINISH              ; sram_packet_writer:sram_writer_inst|current_state.FINISH              ; CLOCK_50                                                        ; CLOCK_50    ; 0.000        ; 0.000      ; 0.657      ;
; 0.391 ; packet_cnt[0]                                                         ; packet_cnt[0]                                                         ; CLOCK_50                                                        ; CLOCK_50    ; 0.000        ; 0.000      ; 0.657      ;
; 0.527 ; packet_cnt[11]                                                        ; packet_cnt[11]                                                        ; CLOCK_50                                                        ; CLOCK_50    ; 0.000        ; 0.000      ; 0.793      ;
; 0.531 ; uart_rx_packet_new:packet_inst|timeout_cnt[31]                        ; uart_rx_packet_new:packet_inst|timeout_cnt[31]                        ; CLOCK_50                                                        ; CLOCK_50    ; 0.000        ; 0.000      ; 0.797      ;
; 0.573 ; uart_controller:uart_ctrl_inst|uart_tx:tx_inst|state.IDLE             ; uart_rx_packet_new:packet_inst|state.NACK                             ; uart_controller:uart_ctrl_inst|baud_rate_gen:brg_inst|uart_tick ; CLOCK_50    ; 0.000        ; 0.394      ; 1.233      ;
; 0.642 ; uart_controller:uart_ctrl_inst|uart_rx:rx_inst|data_out[2]            ; uart_rx_packet_new:packet_inst|crc_rec[2]                             ; uart_controller:uart_ctrl_inst|baud_rate_gen:brg_inst|ov_tick   ; CLOCK_50    ; 0.000        ; 0.387      ; 1.295      ;
; 0.673 ; uart_controller:uart_ctrl_inst|uart_rx:rx_inst|data_out[2]            ; uart_rx_packet_new:packet_inst|buffer_rtl_0_bypass[19]                ; uart_controller:uart_ctrl_inst|baud_rate_gen:brg_inst|ov_tick   ; CLOCK_50    ; 0.000        ; 0.387      ; 1.326      ;
; 0.677 ; sram_packet_writer:sram_writer_inst|current_state.WRITE_DATA_1        ; sram_packet_writer:sram_writer_inst|current_state.WRITE_DATA_2        ; CLOCK_50                                                        ; CLOCK_50    ; 0.000        ; 0.000      ; 0.943      ;
; 0.677 ; sram_packet_writer:sram_writer_inst|current_state.SRAM_WRITE          ; sram_packet_writer:sram_writer_inst|wr_en                             ; CLOCK_50                                                        ; CLOCK_50    ; 0.000        ; -0.001     ; 0.942      ;
; 0.677 ; uart_controller:uart_ctrl_inst|uart_rx:rx_inst|data_out[2]            ; uart_rx_packet_new:packet_inst|crc[2]                                 ; uart_controller:uart_ctrl_inst|baud_rate_gen:brg_inst|ov_tick   ; CLOCK_50    ; 0.000        ; 0.387      ; 1.330      ;
; 0.699 ; sram_packet_writer:sram_writer_inst|word_index[3]                     ; sram_packet_writer:sram_writer_inst|addr_latch[3]                     ; CLOCK_50                                                        ; CLOCK_50    ; 0.000        ; 0.002      ; 0.967      ;
; 0.713 ; sram_packet_writer:sram_writer_inst|current_state.UPDATE              ; sram_packet_writer:sram_writer_inst|packet_cnt[0]                     ; CLOCK_50                                                        ; CLOCK_50    ; 0.000        ; -0.001     ; 0.978      ;
; 0.715 ; sram_packet_writer:sram_writer_inst|word_index[7]                     ; sram_packet_writer:sram_writer_inst|word_index[7]                     ; CLOCK_50                                                        ; CLOCK_50    ; 0.000        ; 0.000      ; 0.981      ;
; 0.716 ; sram_packet_writer:sram_writer_inst|word_index[5]                     ; sram_packet_writer:sram_writer_inst|addr_latch[5]                     ; CLOCK_50                                                        ; CLOCK_50    ; 0.000        ; -0.001     ; 0.981      ;
; 0.724 ; sram_packet_writer:sram_writer_inst|word_index[4]                     ; sram_packet_writer:sram_writer_inst|addr_latch[4]                     ; CLOCK_50                                                        ; CLOCK_50    ; 0.000        ; -0.001     ; 0.989      ;
; 0.770 ; uart_controller:uart_ctrl_inst|baud_rate_gen:brg_inst|uart_counter[1] ; uart_controller:uart_ctrl_inst|baud_rate_gen:brg_inst|uart_tick       ; CLOCK_50                                                        ; CLOCK_50    ; 0.000        ; 0.000      ; 1.036      ;
; 0.782 ; uart_rx_packet_new:packet_inst|buffer~8                               ; sram_packet_writer:sram_writer_inst|data_low[7]                       ; CLOCK_50                                                        ; CLOCK_50    ; 0.000        ; 0.000      ; 1.048      ;
; 0.784 ; uart_rx_packet_new:packet_inst|buffer~2                               ; sram_packet_writer:sram_writer_inst|data_low[1]                       ; CLOCK_50                                                        ; CLOCK_50    ; 0.000        ; 0.000      ; 1.050      ;
; 0.785 ; uart_rx_packet_new:packet_inst|buffer~1                               ; sram_packet_writer:sram_writer_inst|data_low[0]                       ; CLOCK_50                                                        ; CLOCK_50    ; 0.000        ; 0.000      ; 1.051      ;
; 0.786 ; uart_rx_packet_new:packet_inst|buffer~4                               ; sram_packet_writer:sram_writer_inst|data_low[3]                       ; CLOCK_50                                                        ; CLOCK_50    ; 0.000        ; 0.000      ; 1.052      ;
; 0.786 ; uart_rx_packet_new:packet_inst|buffer~6                               ; sram_packet_writer:sram_writer_inst|data_low[5]                       ; CLOCK_50                                                        ; CLOCK_50    ; 0.000        ; 0.000      ; 1.052      ;
; 0.791 ; uart_rx_packet_new:packet_inst|buffer~3                               ; sram_packet_writer:sram_writer_inst|data_low[2]                       ; CLOCK_50                                                        ; CLOCK_50    ; 0.000        ; 0.000      ; 1.057      ;
; 0.793 ; uart_controller:uart_ctrl_inst|uart_rx:rx_inst|data_out[4]            ; uart_rx_packet_new:packet_inst|buffer_rtl_0_bypass[21]                ; uart_controller:uart_ctrl_inst|baud_rate_gen:brg_inst|ov_tick   ; CLOCK_50    ; 0.000        ; 0.387      ; 1.446      ;
; 0.795 ; uart_rx_packet_new:packet_inst|timeout_cnt[0]                         ; uart_rx_packet_new:packet_inst|timeout_cnt[0]                         ; CLOCK_50                                                        ; CLOCK_50    ; 0.000        ; 0.000      ; 1.061      ;
; 0.795 ; uart_rx_packet_new:packet_inst|timeout_cnt[16]                        ; uart_rx_packet_new:packet_inst|timeout_cnt[16]                        ; CLOCK_50                                                        ; CLOCK_50    ; 0.000        ; 0.000      ; 1.061      ;
; 0.798 ; uart_controller:uart_ctrl_inst|uart_rx:rx_inst|data_out[4]            ; uart_rx_packet_new:packet_inst|crc_rec[4]                             ; uart_controller:uart_ctrl_inst|baud_rate_gen:brg_inst|ov_tick   ; CLOCK_50    ; 0.000        ; 0.387      ; 1.451      ;
; 0.801 ; packet_cnt[6]                                                         ; packet_cnt[6]                                                         ; CLOCK_50                                                        ; CLOCK_50    ; 0.000        ; 0.000      ; 1.067      ;
; 0.801 ; uart_controller:uart_ctrl_inst|baud_rate_gen:brg_inst|uart_counter[1] ; uart_controller:uart_ctrl_inst|baud_rate_gen:brg_inst|uart_counter[2] ; CLOCK_50                                                        ; CLOCK_50    ; 0.000        ; 0.000      ; 1.067      ;
; 0.802 ; packet_cnt[1]                                                         ; packet_cnt[1]                                                         ; CLOCK_50                                                        ; CLOCK_50    ; 0.000        ; 0.000      ; 1.068      ;
; 0.802 ; packet_cnt[4]                                                         ; packet_cnt[4]                                                         ; CLOCK_50                                                        ; CLOCK_50    ; 0.000        ; 0.000      ; 1.068      ;
; 0.802 ; packet_cnt[8]                                                         ; packet_cnt[8]                                                         ; CLOCK_50                                                        ; CLOCK_50    ; 0.000        ; 0.000      ; 1.068      ;
; 0.802 ; packet_cnt[10]                                                        ; packet_cnt[10]                                                        ; CLOCK_50                                                        ; CLOCK_50    ; 0.000        ; 0.000      ; 1.068      ;
; 0.805 ; uart_rx_packet_new:packet_inst|timeout_cnt[1]                         ; uart_rx_packet_new:packet_inst|timeout_cnt[1]                         ; CLOCK_50                                                        ; CLOCK_50    ; 0.000        ; 0.000      ; 1.071      ;
; 0.805 ; uart_rx_packet_new:packet_inst|timeout_cnt[17]                        ; uart_rx_packet_new:packet_inst|timeout_cnt[17]                        ; CLOCK_50                                                        ; CLOCK_50    ; 0.000        ; 0.000      ; 1.071      ;
; 0.806 ; uart_rx_packet_new:packet_inst|state.CLEAR_IDLE                       ; uart_rx_packet_new:packet_inst|state.IDLE                             ; CLOCK_50                                                        ; CLOCK_50    ; 0.000        ; 0.000      ; 1.072      ;
; 0.806 ; uart_rx_packet_new:packet_inst|timeout_cnt[2]                         ; uart_rx_packet_new:packet_inst|timeout_cnt[2]                         ; CLOCK_50                                                        ; CLOCK_50    ; 0.000        ; 0.000      ; 1.072      ;
; 0.806 ; uart_rx_packet_new:packet_inst|timeout_cnt[4]                         ; uart_rx_packet_new:packet_inst|timeout_cnt[4]                         ; CLOCK_50                                                        ; CLOCK_50    ; 0.000        ; 0.000      ; 1.072      ;
; 0.806 ; uart_rx_packet_new:packet_inst|timeout_cnt[7]                         ; uart_rx_packet_new:packet_inst|timeout_cnt[7]                         ; CLOCK_50                                                        ; CLOCK_50    ; 0.000        ; 0.000      ; 1.072      ;
; 0.806 ; uart_rx_packet_new:packet_inst|timeout_cnt[9]                         ; uart_rx_packet_new:packet_inst|timeout_cnt[9]                         ; CLOCK_50                                                        ; CLOCK_50    ; 0.000        ; 0.000      ; 1.072      ;
; 0.806 ; uart_rx_packet_new:packet_inst|timeout_cnt[11]                        ; uart_rx_packet_new:packet_inst|timeout_cnt[11]                        ; CLOCK_50                                                        ; CLOCK_50    ; 0.000        ; 0.000      ; 1.072      ;
; 0.806 ; uart_rx_packet_new:packet_inst|timeout_cnt[13]                        ; uart_rx_packet_new:packet_inst|timeout_cnt[13]                        ; CLOCK_50                                                        ; CLOCK_50    ; 0.000        ; 0.000      ; 1.072      ;
; 0.806 ; uart_rx_packet_new:packet_inst|timeout_cnt[14]                        ; uart_rx_packet_new:packet_inst|timeout_cnt[14]                        ; CLOCK_50                                                        ; CLOCK_50    ; 0.000        ; 0.000      ; 1.072      ;
; 0.806 ; uart_rx_packet_new:packet_inst|timeout_cnt[15]                        ; uart_rx_packet_new:packet_inst|timeout_cnt[15]                        ; CLOCK_50                                                        ; CLOCK_50    ; 0.000        ; 0.000      ; 1.072      ;
; 0.806 ; uart_rx_packet_new:packet_inst|timeout_cnt[18]                        ; uart_rx_packet_new:packet_inst|timeout_cnt[18]                        ; CLOCK_50                                                        ; CLOCK_50    ; 0.000        ; 0.000      ; 1.072      ;
; 0.806 ; uart_rx_packet_new:packet_inst|timeout_cnt[20]                        ; uart_rx_packet_new:packet_inst|timeout_cnt[20]                        ; CLOCK_50                                                        ; CLOCK_50    ; 0.000        ; 0.000      ; 1.072      ;
; 0.806 ; uart_rx_packet_new:packet_inst|timeout_cnt[23]                        ; uart_rx_packet_new:packet_inst|timeout_cnt[23]                        ; CLOCK_50                                                        ; CLOCK_50    ; 0.000        ; 0.000      ; 1.072      ;
; 0.806 ; uart_rx_packet_new:packet_inst|timeout_cnt[25]                        ; uart_rx_packet_new:packet_inst|timeout_cnt[25]                        ; CLOCK_50                                                        ; CLOCK_50    ; 0.000        ; 0.000      ; 1.072      ;
; 0.806 ; uart_rx_packet_new:packet_inst|timeout_cnt[27]                        ; uart_rx_packet_new:packet_inst|timeout_cnt[27]                        ; CLOCK_50                                                        ; CLOCK_50    ; 0.000        ; 0.000      ; 1.072      ;
; 0.806 ; uart_rx_packet_new:packet_inst|timeout_cnt[29]                        ; uart_rx_packet_new:packet_inst|timeout_cnt[29]                        ; CLOCK_50                                                        ; CLOCK_50    ; 0.000        ; 0.000      ; 1.072      ;
; 0.806 ; uart_rx_packet_new:packet_inst|timeout_cnt[30]                        ; uart_rx_packet_new:packet_inst|timeout_cnt[30]                        ; CLOCK_50                                                        ; CLOCK_50    ; 0.000        ; 0.000      ; 1.072      ;
; 0.806 ; uart_rx_packet_new:packet_inst|buffer_rtl_0_bypass[22]                ; sram_packet_writer:sram_writer_inst|data_low[5]                       ; CLOCK_50                                                        ; CLOCK_50    ; 0.000        ; -0.001     ; 1.071      ;
; 0.811 ; sram_packet_writer:sram_writer_inst|word_index[2]                     ; sram_packet_writer:sram_writer_inst|addr_latch[2]                     ; CLOCK_50                                                        ; CLOCK_50    ; 0.000        ; -0.001     ; 1.076      ;
; 0.812 ; packet_valid_d                                                        ; packet_cnt[0]                                                         ; CLOCK_50                                                        ; CLOCK_50    ; 0.000        ; 0.000      ; 1.078      ;
; 0.813 ; uart_controller:uart_ctrl_inst|baud_rate_gen:brg_inst|ov_counter[0]   ; uart_controller:uart_ctrl_inst|baud_rate_gen:brg_inst|ov_counter[0]   ; CLOCK_50                                                        ; CLOCK_50    ; 0.000        ; 0.000      ; 1.079      ;
; 0.813 ; sram_packet_writer:sram_writer_inst|word_index[2]                     ; sram_packet_writer:sram_writer_inst|word_index[2]                     ; CLOCK_50                                                        ; CLOCK_50    ; 0.000        ; 0.000      ; 1.079      ;
; 0.813 ; sram_packet_writer:sram_writer_inst|word_index[4]                     ; sram_packet_writer:sram_writer_inst|word_index[4]                     ; CLOCK_50                                                        ; CLOCK_50    ; 0.000        ; 0.000      ; 1.079      ;
; 0.813 ; sram_packet_writer:sram_writer_inst|word_index[6]                     ; sram_packet_writer:sram_writer_inst|word_index[6]                     ; CLOCK_50                                                        ; CLOCK_50    ; 0.000        ; 0.000      ; 1.079      ;
; 0.816 ; sram_packet_writer:sram_writer_inst|packet_cnt[8]                     ; sram_packet_writer:sram_writer_inst|packet_cnt[8]                     ; CLOCK_50                                                        ; CLOCK_50    ; 0.000        ; 0.000      ; 1.082      ;
; 0.821 ; sram_packet_writer:sram_writer_inst|packet_cnt[1]                     ; sram_packet_writer:sram_writer_inst|packet_cnt[1]                     ; CLOCK_50                                                        ; CLOCK_50    ; 0.000        ; 0.000      ; 1.087      ;
; 0.821 ; sram_packet_writer:sram_writer_inst|packet_cnt[6]                     ; sram_packet_writer:sram_writer_inst|packet_cnt[6]                     ; CLOCK_50                                                        ; CLOCK_50    ; 0.000        ; 0.000      ; 1.087      ;
; 0.822 ; sram_packet_writer:sram_writer_inst|packet_cnt[3]                     ; sram_packet_writer:sram_writer_inst|packet_cnt[3]                     ; CLOCK_50                                                        ; CLOCK_50    ; 0.000        ; 0.000      ; 1.088      ;
; 0.827 ; uart_controller:uart_ctrl_inst|baud_rate_gen:brg_inst|uart_counter[0] ; uart_controller:uart_ctrl_inst|baud_rate_gen:brg_inst|uart_tick       ; CLOCK_50                                                        ; CLOCK_50    ; 0.000        ; 0.000      ; 1.093      ;
; 0.831 ; uart_controller:uart_ctrl_inst|baud_rate_gen:brg_inst|uart_counter[2] ; uart_controller:uart_ctrl_inst|baud_rate_gen:brg_inst|uart_tick       ; CLOCK_50                                                        ; CLOCK_50    ; 0.000        ; 0.000      ; 1.097      ;
; 0.832 ; uart_rx_packet_new:packet_inst|crc[3]                                 ; uart_rx_packet_new:packet_inst|crc[5]                                 ; CLOCK_50                                                        ; CLOCK_50    ; 0.000        ; 0.000      ; 1.098      ;
; 0.835 ; packet_cnt[2]                                                         ; packet_cnt[2]                                                         ; CLOCK_50                                                        ; CLOCK_50    ; 0.000        ; 0.000      ; 1.101      ;
; 0.835 ; packet_cnt[3]                                                         ; packet_cnt[3]                                                         ; CLOCK_50                                                        ; CLOCK_50    ; 0.000        ; 0.000      ; 1.101      ;
; 0.838 ; uart_controller:uart_ctrl_inst|baud_rate_gen:brg_inst|ov_counter[3]   ; uart_controller:uart_ctrl_inst|baud_rate_gen:brg_inst|ov_counter[3]   ; CLOCK_50                                                        ; CLOCK_50    ; 0.000        ; 0.000      ; 1.104      ;
; 0.838 ; uart_rx_packet_new:packet_inst|timeout_cnt[3]                         ; uart_rx_packet_new:packet_inst|timeout_cnt[3]                         ; CLOCK_50                                                        ; CLOCK_50    ; 0.000        ; 0.000      ; 1.104      ;
; 0.838 ; uart_rx_packet_new:packet_inst|timeout_cnt[8]                         ; uart_rx_packet_new:packet_inst|timeout_cnt[8]                         ; CLOCK_50                                                        ; CLOCK_50    ; 0.000        ; 0.000      ; 1.104      ;
; 0.838 ; uart_rx_packet_new:packet_inst|timeout_cnt[10]                        ; uart_rx_packet_new:packet_inst|timeout_cnt[10]                        ; CLOCK_50                                                        ; CLOCK_50    ; 0.000        ; 0.000      ; 1.104      ;
; 0.838 ; uart_rx_packet_new:packet_inst|timeout_cnt[12]                        ; uart_rx_packet_new:packet_inst|timeout_cnt[12]                        ; CLOCK_50                                                        ; CLOCK_50    ; 0.000        ; 0.000      ; 1.104      ;
; 0.838 ; uart_rx_packet_new:packet_inst|timeout_cnt[19]                        ; uart_rx_packet_new:packet_inst|timeout_cnt[19]                        ; CLOCK_50                                                        ; CLOCK_50    ; 0.000        ; 0.000      ; 1.104      ;
; 0.838 ; uart_rx_packet_new:packet_inst|timeout_cnt[24]                        ; uart_rx_packet_new:packet_inst|timeout_cnt[24]                        ; CLOCK_50                                                        ; CLOCK_50    ; 0.000        ; 0.000      ; 1.104      ;
; 0.838 ; uart_rx_packet_new:packet_inst|timeout_cnt[26]                        ; uart_rx_packet_new:packet_inst|timeout_cnt[26]                        ; CLOCK_50                                                        ; CLOCK_50    ; 0.000        ; 0.000      ; 1.104      ;
; 0.838 ; uart_rx_packet_new:packet_inst|timeout_cnt[28]                        ; uart_rx_packet_new:packet_inst|timeout_cnt[28]                        ; CLOCK_50                                                        ; CLOCK_50    ; 0.000        ; 0.000      ; 1.104      ;
; 0.838 ; packet_cnt[5]                                                         ; packet_cnt[5]                                                         ; CLOCK_50                                                        ; CLOCK_50    ; 0.000        ; 0.000      ; 1.104      ;
; 0.838 ; packet_cnt[7]                                                         ; packet_cnt[7]                                                         ; CLOCK_50                                                        ; CLOCK_50    ; 0.000        ; 0.000      ; 1.104      ;
; 0.838 ; packet_cnt[9]                                                         ; packet_cnt[9]                                                         ; CLOCK_50                                                        ; CLOCK_50    ; 0.000        ; 0.000      ; 1.104      ;
+-------+-----------------------------------------------------------------------+-----------------------------------------------------------------------+-----------------------------------------------------------------+-------------+--------------+------------+------------+


+----------------------------------------------------------------------------------------------------------------------------------------------------------------------------------------------------------------------------------------------------------------------------------------------------------------------------+
; Slow Model Hold: 'uart_controller:uart_ctrl_inst|baud_rate_gen:brg_inst|ov_tick'                                                                                                                                                                                                                                           ;
+-------+---------------------------------------------------------------------+---------------------------------------------------------------------+---------------------------------------------------------------+---------------------------------------------------------------+--------------+------------+------------+
; Slack ; From Node                                                           ; To Node                                                             ; Launch Clock                                                  ; Latch Clock                                                   ; Relationship ; Clock Skew ; Data Delay ;
+-------+---------------------------------------------------------------------+---------------------------------------------------------------------+---------------------------------------------------------------+---------------------------------------------------------------+--------------+------------+------------+
; 0.391 ; uart_controller:uart_ctrl_inst|uart_rx:rx_inst|bit_cnt[0]           ; uart_controller:uart_ctrl_inst|uart_rx:rx_inst|bit_cnt[0]           ; uart_controller:uart_ctrl_inst|baud_rate_gen:brg_inst|ov_tick ; uart_controller:uart_ctrl_inst|baud_rate_gen:brg_inst|ov_tick ; 0.000        ; 0.000      ; 0.657      ;
; 0.391 ; uart_controller:uart_ctrl_inst|uart_rx:rx_inst|bit_cnt[1]           ; uart_controller:uart_ctrl_inst|uart_rx:rx_inst|bit_cnt[1]           ; uart_controller:uart_ctrl_inst|baud_rate_gen:brg_inst|ov_tick ; uart_controller:uart_ctrl_inst|baud_rate_gen:brg_inst|ov_tick ; 0.000        ; 0.000      ; 0.657      ;
; 0.391 ; uart_controller:uart_ctrl_inst|uart_rx:rx_inst|samples[2]           ; uart_controller:uart_ctrl_inst|uart_rx:rx_inst|samples[2]           ; uart_controller:uart_ctrl_inst|baud_rate_gen:brg_inst|ov_tick ; uart_controller:uart_ctrl_inst|baud_rate_gen:brg_inst|ov_tick ; 0.000        ; 0.000      ; 0.657      ;
; 0.391 ; uart_controller:uart_ctrl_inst|uart_rx:rx_inst|samples[1]           ; uart_controller:uart_ctrl_inst|uart_rx:rx_inst|samples[1]           ; uart_controller:uart_ctrl_inst|baud_rate_gen:brg_inst|ov_tick ; uart_controller:uart_ctrl_inst|baud_rate_gen:brg_inst|ov_tick ; 0.000        ; 0.000      ; 0.657      ;
; 0.391 ; uart_controller:uart_ctrl_inst|uart_rx:rx_inst|samples[0]           ; uart_controller:uart_ctrl_inst|uart_rx:rx_inst|samples[0]           ; uart_controller:uart_ctrl_inst|baud_rate_gen:brg_inst|ov_tick ; uart_controller:uart_ctrl_inst|baud_rate_gen:brg_inst|ov_tick ; 0.000        ; 0.000      ; 0.657      ;
; 0.520 ; uart_controller:uart_ctrl_inst|uart_rx:rx_inst|samples[2]           ; uart_controller:uart_ctrl_inst|uart_rx:rx_inst|rx_reg[7]            ; uart_controller:uart_ctrl_inst|baud_rate_gen:brg_inst|ov_tick ; uart_controller:uart_ctrl_inst|baud_rate_gen:brg_inst|ov_tick ; 0.000        ; 0.000      ; 0.786      ;
; 0.525 ; uart_controller:uart_ctrl_inst|uart_rx:rx_inst|rx_reg[3]            ; uart_controller:uart_ctrl_inst|uart_rx:rx_inst|rx_reg[2]            ; uart_controller:uart_ctrl_inst|baud_rate_gen:brg_inst|ov_tick ; uart_controller:uart_ctrl_inst|baud_rate_gen:brg_inst|ov_tick ; 0.000        ; 0.000      ; 0.791      ;
; 0.526 ; uart_controller:uart_ctrl_inst|uart_rx:rx_inst|rx_reg[5]            ; uart_controller:uart_ctrl_inst|uart_rx:rx_inst|rx_reg[4]            ; uart_controller:uart_ctrl_inst|baud_rate_gen:brg_inst|ov_tick ; uart_controller:uart_ctrl_inst|baud_rate_gen:brg_inst|ov_tick ; 0.000        ; 0.000      ; 0.792      ;
; 0.527 ; uart_controller:uart_ctrl_inst|uart_rx:rx_inst|rx_reg[4]            ; uart_controller:uart_ctrl_inst|uart_rx:rx_inst|rx_reg[3]            ; uart_controller:uart_ctrl_inst|baud_rate_gen:brg_inst|ov_tick ; uart_controller:uart_ctrl_inst|baud_rate_gen:brg_inst|ov_tick ; 0.000        ; 0.000      ; 0.793      ;
; 0.533 ; uart_controller:uart_ctrl_inst|uart_rx:rx_inst|rx_reg[7]            ; uart_controller:uart_ctrl_inst|uart_rx:rx_inst|rx_reg[6]            ; uart_controller:uart_ctrl_inst|baud_rate_gen:brg_inst|ov_tick ; uart_controller:uart_ctrl_inst|baud_rate_gen:brg_inst|ov_tick ; 0.000        ; 0.000      ; 0.799      ;
; 0.533 ; uart_controller:uart_ctrl_inst|uart_rx:rx_inst|rx_reg[1]            ; uart_controller:uart_ctrl_inst|uart_rx:rx_inst|rx_reg[0]            ; uart_controller:uart_ctrl_inst|baud_rate_gen:brg_inst|ov_tick ; uart_controller:uart_ctrl_inst|baud_rate_gen:brg_inst|ov_tick ; 0.000        ; 0.000      ; 0.799      ;
; 0.550 ; uart_controller:uart_ctrl_inst|uart_rx:rx_inst|valid_timeout_cnt[7] ; uart_controller:uart_ctrl_inst|uart_rx:rx_inst|valid_timeout_cnt[7] ; uart_controller:uart_ctrl_inst|baud_rate_gen:brg_inst|ov_tick ; uart_controller:uart_ctrl_inst|baud_rate_gen:brg_inst|ov_tick ; 0.000        ; 0.000      ; 0.816      ;
; 0.652 ; uart_controller:uart_ctrl_inst|uart_rx:rx_inst|samples[1]           ; uart_controller:uart_ctrl_inst|uart_rx:rx_inst|rx_reg[7]            ; uart_controller:uart_ctrl_inst|baud_rate_gen:brg_inst|ov_tick ; uart_controller:uart_ctrl_inst|baud_rate_gen:brg_inst|ov_tick ; 0.000        ; 0.000      ; 0.918      ;
; 0.664 ; uart_controller:uart_ctrl_inst|uart_rx:rx_inst|rx_reg[2]            ; uart_controller:uart_ctrl_inst|uart_rx:rx_inst|rx_reg[1]            ; uart_controller:uart_ctrl_inst|baud_rate_gen:brg_inst|ov_tick ; uart_controller:uart_ctrl_inst|baud_rate_gen:brg_inst|ov_tick ; 0.000        ; 0.000      ; 0.930      ;
; 0.667 ; uart_controller:uart_ctrl_inst|uart_rx:rx_inst|rx_reg[6]            ; uart_controller:uart_ctrl_inst|uart_rx:rx_inst|rx_reg[5]            ; uart_controller:uart_ctrl_inst|baud_rate_gen:brg_inst|ov_tick ; uart_controller:uart_ctrl_inst|baud_rate_gen:brg_inst|ov_tick ; 0.000        ; 0.000      ; 0.933      ;
; 0.743 ; uart_controller:uart_ctrl_inst|uart_rx:rx_inst|state.IDLE           ; uart_controller:uart_ctrl_inst|uart_rx:rx_inst|state.START          ; uart_controller:uart_ctrl_inst|baud_rate_gen:brg_inst|ov_tick ; uart_controller:uart_ctrl_inst|baud_rate_gen:brg_inst|ov_tick ; 0.000        ; 0.000      ; 1.009      ;
; 0.801 ; uart_controller:uart_ctrl_inst|uart_rx:rx_inst|samples[0]           ; uart_controller:uart_ctrl_inst|uart_rx:rx_inst|rx_reg[7]            ; uart_controller:uart_ctrl_inst|baud_rate_gen:brg_inst|ov_tick ; uart_controller:uart_ctrl_inst|baud_rate_gen:brg_inst|ov_tick ; 0.000        ; 0.000      ; 1.067      ;
; 0.802 ; uart_controller:uart_ctrl_inst|uart_rx:rx_inst|valid_timeout_cnt[1] ; uart_controller:uart_ctrl_inst|uart_rx:rx_inst|valid_timeout_cnt[1] ; uart_controller:uart_ctrl_inst|baud_rate_gen:brg_inst|ov_tick ; uart_controller:uart_ctrl_inst|baud_rate_gen:brg_inst|ov_tick ; 0.000        ; 0.000      ; 1.068      ;
; 0.806 ; uart_controller:uart_ctrl_inst|uart_rx:rx_inst|valid_timeout_cnt[3] ; uart_controller:uart_ctrl_inst|uart_rx:rx_inst|valid_timeout_cnt[3] ; uart_controller:uart_ctrl_inst|baud_rate_gen:brg_inst|ov_tick ; uart_controller:uart_ctrl_inst|baud_rate_gen:brg_inst|ov_tick ; 0.000        ; 0.000      ; 1.072      ;
; 0.822 ; uart_controller:uart_ctrl_inst|uart_rx:rx_inst|valid_timeout_cnt[5] ; uart_controller:uart_ctrl_inst|uart_rx:rx_inst|valid_timeout_cnt[5] ; uart_controller:uart_ctrl_inst|baud_rate_gen:brg_inst|ov_tick ; uart_controller:uart_ctrl_inst|baud_rate_gen:brg_inst|ov_tick ; 0.000        ; 0.000      ; 1.088      ;
; 0.825 ; uart_controller:uart_ctrl_inst|uart_rx:rx_inst|valid_timeout_cnt[6] ; uart_controller:uart_ctrl_inst|uart_rx:rx_inst|valid_timeout_cnt[6] ; uart_controller:uart_ctrl_inst|baud_rate_gen:brg_inst|ov_tick ; uart_controller:uart_ctrl_inst|baud_rate_gen:brg_inst|ov_tick ; 0.000        ; 0.000      ; 1.091      ;
; 0.828 ; uart_controller:uart_ctrl_inst|uart_rx:rx_inst|valid_timeout_cnt[6] ; uart_controller:uart_ctrl_inst|uart_rx:rx_inst|rx_valid             ; uart_controller:uart_ctrl_inst|baud_rate_gen:brg_inst|ov_tick ; uart_controller:uart_ctrl_inst|baud_rate_gen:brg_inst|ov_tick ; 0.000        ; 0.000      ; 1.094      ;
; 0.831 ; uart_controller:uart_ctrl_inst|uart_rx:rx_inst|state.DATA           ; uart_controller:uart_ctrl_inst|uart_rx:rx_inst|tick_cnt[2]          ; uart_controller:uart_ctrl_inst|baud_rate_gen:brg_inst|ov_tick ; uart_controller:uart_ctrl_inst|baud_rate_gen:brg_inst|ov_tick ; 0.000        ; 0.000      ; 1.097      ;
; 0.833 ; uart_controller:uart_ctrl_inst|uart_rx:rx_inst|state.DATA           ; uart_controller:uart_ctrl_inst|uart_rx:rx_inst|bit_cnt[0]           ; uart_controller:uart_ctrl_inst|baud_rate_gen:brg_inst|ov_tick ; uart_controller:uart_ctrl_inst|baud_rate_gen:brg_inst|ov_tick ; 0.000        ; 0.000      ; 1.099      ;
; 0.838 ; uart_controller:uart_ctrl_inst|uart_rx:rx_inst|valid_timeout_cnt[0] ; uart_controller:uart_ctrl_inst|uart_rx:rx_inst|valid_timeout_cnt[0] ; uart_controller:uart_ctrl_inst|baud_rate_gen:brg_inst|ov_tick ; uart_controller:uart_ctrl_inst|baud_rate_gen:brg_inst|ov_tick ; 0.000        ; 0.000      ; 1.104      ;
; 0.841 ; uart_controller:uart_ctrl_inst|uart_rx:rx_inst|valid_timeout_cnt[2] ; uart_controller:uart_ctrl_inst|uart_rx:rx_inst|valid_timeout_cnt[2] ; uart_controller:uart_ctrl_inst|baud_rate_gen:brg_inst|ov_tick ; uart_controller:uart_ctrl_inst|baud_rate_gen:brg_inst|ov_tick ; 0.000        ; 0.000      ; 1.107      ;
; 0.842 ; uart_controller:uart_ctrl_inst|uart_rx:rx_inst|valid_timeout_cnt[4] ; uart_controller:uart_ctrl_inst|uart_rx:rx_inst|valid_timeout_cnt[4] ; uart_controller:uart_ctrl_inst|baud_rate_gen:brg_inst|ov_tick ; uart_controller:uart_ctrl_inst|baud_rate_gen:brg_inst|ov_tick ; 0.000        ; 0.000      ; 1.108      ;
; 0.868 ; uart_controller:uart_ctrl_inst|uart_rx:rx_inst|state.START          ; uart_controller:uart_ctrl_inst|uart_rx:rx_inst|state.DATA           ; uart_controller:uart_ctrl_inst|baud_rate_gen:brg_inst|ov_tick ; uart_controller:uart_ctrl_inst|baud_rate_gen:brg_inst|ov_tick ; 0.000        ; 0.000      ; 1.134      ;
; 0.877 ; uart_controller:uart_ctrl_inst|uart_rx:rx_inst|state.DATA           ; uart_controller:uart_ctrl_inst|uart_rx:rx_inst|state.STOP           ; uart_controller:uart_ctrl_inst|baud_rate_gen:brg_inst|ov_tick ; uart_controller:uart_ctrl_inst|baud_rate_gen:brg_inst|ov_tick ; 0.000        ; 0.000      ; 1.143      ;
; 0.972 ; uart_controller:uart_ctrl_inst|uart_rx:rx_inst|tick_cnt[0]          ; uart_controller:uart_ctrl_inst|uart_rx:rx_inst|samples[0]           ; uart_controller:uart_ctrl_inst|baud_rate_gen:brg_inst|ov_tick ; uart_controller:uart_ctrl_inst|baud_rate_gen:brg_inst|ov_tick ; 0.000        ; -0.001     ; 1.237      ;
; 0.989 ; uart_controller:uart_ctrl_inst|uart_rx:rx_inst|state.DATA           ; uart_controller:uart_ctrl_inst|uart_rx:rx_inst|samples[2]           ; uart_controller:uart_ctrl_inst|baud_rate_gen:brg_inst|ov_tick ; uart_controller:uart_ctrl_inst|baud_rate_gen:brg_inst|ov_tick ; 0.000        ; -0.001     ; 1.254      ;
; 0.991 ; uart_controller:uart_ctrl_inst|uart_rx:rx_inst|state.DATA           ; uart_controller:uart_ctrl_inst|uart_rx:rx_inst|samples[1]           ; uart_controller:uart_ctrl_inst|baud_rate_gen:brg_inst|ov_tick ; uart_controller:uart_ctrl_inst|baud_rate_gen:brg_inst|ov_tick ; 0.000        ; -0.001     ; 1.256      ;
; 1.005 ; uart_controller:uart_ctrl_inst|uart_rx:rx_inst|tick_cnt[2]          ; uart_controller:uart_ctrl_inst|uart_rx:rx_inst|bit_cnt[0]           ; uart_controller:uart_ctrl_inst|baud_rate_gen:brg_inst|ov_tick ; uart_controller:uart_ctrl_inst|baud_rate_gen:brg_inst|ov_tick ; 0.000        ; 0.000      ; 1.271      ;
; 1.006 ; uart_controller:uart_ctrl_inst|uart_rx:rx_inst|tick_cnt[2]          ; uart_controller:uart_ctrl_inst|uart_rx:rx_inst|tick_cnt[2]          ; uart_controller:uart_ctrl_inst|baud_rate_gen:brg_inst|ov_tick ; uart_controller:uart_ctrl_inst|baud_rate_gen:brg_inst|ov_tick ; 0.000        ; 0.000      ; 1.272      ;
; 1.027 ; uart_controller:uart_ctrl_inst|uart_rx:rx_inst|bit_cnt[0]           ; uart_controller:uart_ctrl_inst|uart_rx:rx_inst|bit_cnt[1]           ; uart_controller:uart_ctrl_inst|baud_rate_gen:brg_inst|ov_tick ; uart_controller:uart_ctrl_inst|baud_rate_gen:brg_inst|ov_tick ; 0.000        ; 0.000      ; 1.293      ;
; 1.060 ; uart_controller:uart_ctrl_inst|uart_rx:rx_inst|valid_timeout_cnt[3] ; uart_controller:uart_ctrl_inst|uart_rx:rx_inst|rx_valid             ; uart_controller:uart_ctrl_inst|baud_rate_gen:brg_inst|ov_tick ; uart_controller:uart_ctrl_inst|baud_rate_gen:brg_inst|ov_tick ; 0.000        ; 0.000      ; 1.326      ;
; 1.066 ; uart_controller:uart_ctrl_inst|uart_rx:rx_inst|rx_reg[0]            ; uart_controller:uart_ctrl_inst|uart_rx:rx_inst|data_out[0]          ; uart_controller:uart_ctrl_inst|baud_rate_gen:brg_inst|ov_tick ; uart_controller:uart_ctrl_inst|baud_rate_gen:brg_inst|ov_tick ; 0.000        ; 0.001      ; 1.333      ;
; 1.072 ; uart_controller:uart_ctrl_inst|uart_rx:rx_inst|rx_reg[3]            ; uart_controller:uart_ctrl_inst|uart_rx:rx_inst|data_out[3]          ; uart_controller:uart_ctrl_inst|baud_rate_gen:brg_inst|ov_tick ; uart_controller:uart_ctrl_inst|baud_rate_gen:brg_inst|ov_tick ; 0.000        ; 0.001      ; 1.339      ;
; 1.074 ; uart_controller:uart_ctrl_inst|uart_rx:rx_inst|rx_reg[5]            ; uart_controller:uart_ctrl_inst|uart_rx:rx_inst|data_out[5]          ; uart_controller:uart_ctrl_inst|baud_rate_gen:brg_inst|ov_tick ; uart_controller:uart_ctrl_inst|baud_rate_gen:brg_inst|ov_tick ; 0.000        ; 0.001      ; 1.341      ;
; 1.080 ; uart_controller:uart_ctrl_inst|uart_rx:rx_inst|rx_reg[6]            ; uart_controller:uart_ctrl_inst|uart_rx:rx_inst|data_out[6]          ; uart_controller:uart_ctrl_inst|baud_rate_gen:brg_inst|ov_tick ; uart_controller:uart_ctrl_inst|baud_rate_gen:brg_inst|ov_tick ; 0.000        ; 0.001      ; 1.347      ;
; 1.084 ; uart_controller:uart_ctrl_inst|uart_rx:rx_inst|rx_reg[7]            ; uart_controller:uart_ctrl_inst|uart_rx:rx_inst|data_out[7]          ; uart_controller:uart_ctrl_inst|baud_rate_gen:brg_inst|ov_tick ; uart_controller:uart_ctrl_inst|baud_rate_gen:brg_inst|ov_tick ; 0.000        ; 0.001      ; 1.351      ;
; 1.086 ; uart_controller:uart_ctrl_inst|uart_rx:rx_inst|rx_reg[2]            ; uart_controller:uart_ctrl_inst|uart_rx:rx_inst|data_out[2]          ; uart_controller:uart_ctrl_inst|baud_rate_gen:brg_inst|ov_tick ; uart_controller:uart_ctrl_inst|baud_rate_gen:brg_inst|ov_tick ; 0.000        ; 0.001      ; 1.353      ;
; 1.101 ; uart_controller:uart_ctrl_inst|uart_rx:rx_inst|state.IDLE           ; uart_controller:uart_ctrl_inst|uart_rx:rx_inst|tick_cnt[2]          ; uart_controller:uart_ctrl_inst|baud_rate_gen:brg_inst|ov_tick ; uart_controller:uart_ctrl_inst|baud_rate_gen:brg_inst|ov_tick ; 0.000        ; 0.000      ; 1.367      ;
; 1.132 ; uart_controller:uart_ctrl_inst|uart_rx:rx_inst|tick_cnt[1]          ; uart_controller:uart_ctrl_inst|uart_rx:rx_inst|bit_cnt[0]           ; uart_controller:uart_ctrl_inst|baud_rate_gen:brg_inst|ov_tick ; uart_controller:uart_ctrl_inst|baud_rate_gen:brg_inst|ov_tick ; 0.000        ; 0.000      ; 1.398      ;
; 1.133 ; uart_controller:uart_ctrl_inst|uart_rx:rx_inst|tick_cnt[1]          ; uart_controller:uart_ctrl_inst|uart_rx:rx_inst|tick_cnt[2]          ; uart_controller:uart_ctrl_inst|baud_rate_gen:brg_inst|ov_tick ; uart_controller:uart_ctrl_inst|baud_rate_gen:brg_inst|ov_tick ; 0.000        ; 0.000      ; 1.399      ;
; 1.185 ; uart_controller:uart_ctrl_inst|uart_rx:rx_inst|valid_timeout_cnt[1] ; uart_controller:uart_ctrl_inst|uart_rx:rx_inst|valid_timeout_cnt[2] ; uart_controller:uart_ctrl_inst|baud_rate_gen:brg_inst|ov_tick ; uart_controller:uart_ctrl_inst|baud_rate_gen:brg_inst|ov_tick ; 0.000        ; 0.000      ; 1.451      ;
; 1.189 ; uart_controller:uart_ctrl_inst|uart_rx:rx_inst|valid_timeout_cnt[3] ; uart_controller:uart_ctrl_inst|uart_rx:rx_inst|valid_timeout_cnt[4] ; uart_controller:uart_ctrl_inst|baud_rate_gen:brg_inst|ov_tick ; uart_controller:uart_ctrl_inst|baud_rate_gen:brg_inst|ov_tick ; 0.000        ; 0.000      ; 1.455      ;
; 1.197 ; uart_controller:uart_ctrl_inst|uart_rx:rx_inst|valid_timeout_cnt[2] ; uart_controller:uart_ctrl_inst|uart_rx:rx_inst|rx_valid             ; uart_controller:uart_ctrl_inst|baud_rate_gen:brg_inst|ov_tick ; uart_controller:uart_ctrl_inst|baud_rate_gen:brg_inst|ov_tick ; 0.000        ; 0.000      ; 1.463      ;
; 1.205 ; uart_controller:uart_ctrl_inst|uart_rx:rx_inst|valid_timeout_cnt[5] ; uart_controller:uart_ctrl_inst|uart_rx:rx_inst|valid_timeout_cnt[6] ; uart_controller:uart_ctrl_inst|baud_rate_gen:brg_inst|ov_tick ; uart_controller:uart_ctrl_inst|baud_rate_gen:brg_inst|ov_tick ; 0.000        ; 0.000      ; 1.471      ;
; 1.208 ; uart_controller:uart_ctrl_inst|uart_rx:rx_inst|valid_timeout_cnt[6] ; uart_controller:uart_ctrl_inst|uart_rx:rx_inst|valid_timeout_cnt[0] ; uart_controller:uart_ctrl_inst|baud_rate_gen:brg_inst|ov_tick ; uart_controller:uart_ctrl_inst|baud_rate_gen:brg_inst|ov_tick ; 0.000        ; 0.000      ; 1.474      ;
; 1.208 ; uart_controller:uart_ctrl_inst|uart_rx:rx_inst|valid_timeout_cnt[6] ; uart_controller:uart_ctrl_inst|uart_rx:rx_inst|valid_timeout_cnt[1] ; uart_controller:uart_ctrl_inst|baud_rate_gen:brg_inst|ov_tick ; uart_controller:uart_ctrl_inst|baud_rate_gen:brg_inst|ov_tick ; 0.000        ; 0.000      ; 1.474      ;
; 1.208 ; uart_controller:uart_ctrl_inst|uart_rx:rx_inst|valid_timeout_cnt[6] ; uart_controller:uart_ctrl_inst|uart_rx:rx_inst|valid_timeout_cnt[2] ; uart_controller:uart_ctrl_inst|baud_rate_gen:brg_inst|ov_tick ; uart_controller:uart_ctrl_inst|baud_rate_gen:brg_inst|ov_tick ; 0.000        ; 0.000      ; 1.474      ;
; 1.208 ; uart_controller:uart_ctrl_inst|uart_rx:rx_inst|valid_timeout_cnt[6] ; uart_controller:uart_ctrl_inst|uart_rx:rx_inst|valid_timeout_cnt[4] ; uart_controller:uart_ctrl_inst|baud_rate_gen:brg_inst|ov_tick ; uart_controller:uart_ctrl_inst|baud_rate_gen:brg_inst|ov_tick ; 0.000        ; 0.000      ; 1.474      ;
; 1.208 ; uart_controller:uart_ctrl_inst|uart_rx:rx_inst|valid_timeout_cnt[6] ; uart_controller:uart_ctrl_inst|uart_rx:rx_inst|valid_timeout_cnt[5] ; uart_controller:uart_ctrl_inst|baud_rate_gen:brg_inst|ov_tick ; uart_controller:uart_ctrl_inst|baud_rate_gen:brg_inst|ov_tick ; 0.000        ; 0.000      ; 1.474      ;
; 1.208 ; uart_controller:uart_ctrl_inst|uart_rx:rx_inst|valid_timeout_cnt[6] ; uart_controller:uart_ctrl_inst|uart_rx:rx_inst|valid_timeout_cnt[7] ; uart_controller:uart_ctrl_inst|baud_rate_gen:brg_inst|ov_tick ; uart_controller:uart_ctrl_inst|baud_rate_gen:brg_inst|ov_tick ; 0.000        ; 0.000      ; 1.474      ;
; 1.208 ; uart_controller:uart_ctrl_inst|uart_rx:rx_inst|valid_timeout_cnt[6] ; uart_controller:uart_ctrl_inst|uart_rx:rx_inst|valid_timeout_cnt[3] ; uart_controller:uart_ctrl_inst|baud_rate_gen:brg_inst|ov_tick ; uart_controller:uart_ctrl_inst|baud_rate_gen:brg_inst|ov_tick ; 0.000        ; 0.000      ; 1.474      ;
; 1.224 ; uart_controller:uart_ctrl_inst|uart_rx:rx_inst|valid_timeout_cnt[0] ; uart_controller:uart_ctrl_inst|uart_rx:rx_inst|valid_timeout_cnt[1] ; uart_controller:uart_ctrl_inst|baud_rate_gen:brg_inst|ov_tick ; uart_controller:uart_ctrl_inst|baud_rate_gen:brg_inst|ov_tick ; 0.000        ; 0.000      ; 1.490      ;
; 1.227 ; uart_controller:uart_ctrl_inst|uart_rx:rx_inst|valid_timeout_cnt[2] ; uart_controller:uart_ctrl_inst|uart_rx:rx_inst|valid_timeout_cnt[3] ; uart_controller:uart_ctrl_inst|baud_rate_gen:brg_inst|ov_tick ; uart_controller:uart_ctrl_inst|baud_rate_gen:brg_inst|ov_tick ; 0.000        ; 0.000      ; 1.493      ;
; 1.228 ; uart_controller:uart_ctrl_inst|uart_rx:rx_inst|valid_timeout_cnt[4] ; uart_controller:uart_ctrl_inst|uart_rx:rx_inst|valid_timeout_cnt[5] ; uart_controller:uart_ctrl_inst|baud_rate_gen:brg_inst|ov_tick ; uart_controller:uart_ctrl_inst|baud_rate_gen:brg_inst|ov_tick ; 0.000        ; 0.000      ; 1.494      ;
; 1.229 ; uart_controller:uart_ctrl_inst|uart_rx:rx_inst|tick_cnt[2]          ; uart_controller:uart_ctrl_inst|uart_rx:rx_inst|samples[0]           ; uart_controller:uart_ctrl_inst|baud_rate_gen:brg_inst|ov_tick ; uart_controller:uart_ctrl_inst|baud_rate_gen:brg_inst|ov_tick ; 0.000        ; -0.001     ; 1.494      ;
; 1.250 ; uart_controller:uart_ctrl_inst|uart_rx:rx_inst|state.STOP           ; uart_controller:uart_ctrl_inst|uart_rx:rx_inst|tick_cnt[2]          ; uart_controller:uart_ctrl_inst|baud_rate_gen:brg_inst|ov_tick ; uart_controller:uart_ctrl_inst|baud_rate_gen:brg_inst|ov_tick ; 0.000        ; 0.000      ; 1.516      ;
; 1.252 ; uart_controller:uart_ctrl_inst|uart_rx:rx_inst|tick_cnt[0]          ; uart_controller:uart_ctrl_inst|uart_rx:rx_inst|bit_cnt[0]           ; uart_controller:uart_ctrl_inst|baud_rate_gen:brg_inst|ov_tick ; uart_controller:uart_ctrl_inst|baud_rate_gen:brg_inst|ov_tick ; 0.000        ; 0.000      ; 1.518      ;
; 1.253 ; uart_controller:uart_ctrl_inst|uart_rx:rx_inst|tick_cnt[0]          ; uart_controller:uart_ctrl_inst|uart_rx:rx_inst|tick_cnt[2]          ; uart_controller:uart_ctrl_inst|baud_rate_gen:brg_inst|ov_tick ; uart_controller:uart_ctrl_inst|baud_rate_gen:brg_inst|ov_tick ; 0.000        ; 0.000      ; 1.519      ;
; 1.254 ; uart_controller:uart_ctrl_inst|uart_rx:rx_inst|valid_timeout_cnt[7] ; uart_controller:uart_ctrl_inst|uart_rx:rx_inst|rx_valid             ; uart_controller:uart_ctrl_inst|baud_rate_gen:brg_inst|ov_tick ; uart_controller:uart_ctrl_inst|baud_rate_gen:brg_inst|ov_tick ; 0.000        ; 0.000      ; 1.520      ;
; 1.256 ; uart_controller:uart_ctrl_inst|uart_rx:rx_inst|valid_timeout_cnt[1] ; uart_controller:uart_ctrl_inst|uart_rx:rx_inst|valid_timeout_cnt[3] ; uart_controller:uart_ctrl_inst|baud_rate_gen:brg_inst|ov_tick ; uart_controller:uart_ctrl_inst|baud_rate_gen:brg_inst|ov_tick ; 0.000        ; 0.000      ; 1.522      ;
; 1.260 ; uart_controller:uart_ctrl_inst|uart_rx:rx_inst|valid_timeout_cnt[3] ; uart_controller:uart_ctrl_inst|uart_rx:rx_inst|valid_timeout_cnt[5] ; uart_controller:uart_ctrl_inst|baud_rate_gen:brg_inst|ov_tick ; uart_controller:uart_ctrl_inst|baud_rate_gen:brg_inst|ov_tick ; 0.000        ; 0.000      ; 1.526      ;
; 1.276 ; uart_controller:uart_ctrl_inst|uart_rx:rx_inst|valid_timeout_cnt[5] ; uart_controller:uart_ctrl_inst|uart_rx:rx_inst|valid_timeout_cnt[7] ; uart_controller:uart_ctrl_inst|baud_rate_gen:brg_inst|ov_tick ; uart_controller:uart_ctrl_inst|baud_rate_gen:brg_inst|ov_tick ; 0.000        ; 0.000      ; 1.542      ;
; 1.295 ; uart_controller:uart_ctrl_inst|uart_rx:rx_inst|valid_timeout_cnt[0] ; uart_controller:uart_ctrl_inst|uart_rx:rx_inst|valid_timeout_cnt[2] ; uart_controller:uart_ctrl_inst|baud_rate_gen:brg_inst|ov_tick ; uart_controller:uart_ctrl_inst|baud_rate_gen:brg_inst|ov_tick ; 0.000        ; 0.000      ; 1.561      ;
; 1.298 ; uart_controller:uart_ctrl_inst|uart_rx:rx_inst|valid_timeout_cnt[2] ; uart_controller:uart_ctrl_inst|uart_rx:rx_inst|valid_timeout_cnt[4] ; uart_controller:uart_ctrl_inst|baud_rate_gen:brg_inst|ov_tick ; uart_controller:uart_ctrl_inst|baud_rate_gen:brg_inst|ov_tick ; 0.000        ; 0.000      ; 1.564      ;
; 1.299 ; uart_controller:uart_ctrl_inst|uart_rx:rx_inst|valid_timeout_cnt[4] ; uart_controller:uart_ctrl_inst|uart_rx:rx_inst|valid_timeout_cnt[6] ; uart_controller:uart_ctrl_inst|baud_rate_gen:brg_inst|ov_tick ; uart_controller:uart_ctrl_inst|baud_rate_gen:brg_inst|ov_tick ; 0.000        ; 0.000      ; 1.565      ;
; 1.302 ; uart_controller:uart_ctrl_inst|uart_rx:rx_inst|tick_cnt[0]          ; uart_controller:uart_ctrl_inst|uart_rx:rx_inst|samples[2]           ; uart_controller:uart_ctrl_inst|baud_rate_gen:brg_inst|ov_tick ; uart_controller:uart_ctrl_inst|baud_rate_gen:brg_inst|ov_tick ; 0.000        ; -0.001     ; 1.567      ;
; 1.303 ; uart_controller:uart_ctrl_inst|uart_rx:rx_inst|tick_cnt[0]          ; uart_controller:uart_ctrl_inst|uart_rx:rx_inst|samples[1]           ; uart_controller:uart_ctrl_inst|baud_rate_gen:brg_inst|ov_tick ; uart_controller:uart_ctrl_inst|baud_rate_gen:brg_inst|ov_tick ; 0.000        ; -0.001     ; 1.568      ;
; 1.327 ; uart_controller:uart_ctrl_inst|uart_rx:rx_inst|valid_timeout_cnt[1] ; uart_controller:uart_ctrl_inst|uart_rx:rx_inst|valid_timeout_cnt[4] ; uart_controller:uart_ctrl_inst|baud_rate_gen:brg_inst|ov_tick ; uart_controller:uart_ctrl_inst|baud_rate_gen:brg_inst|ov_tick ; 0.000        ; 0.000      ; 1.593      ;
; 1.331 ; uart_controller:uart_ctrl_inst|uart_rx:rx_inst|valid_timeout_cnt[3] ; uart_controller:uart_ctrl_inst|uart_rx:rx_inst|valid_timeout_cnt[6] ; uart_controller:uart_ctrl_inst|baud_rate_gen:brg_inst|ov_tick ; uart_controller:uart_ctrl_inst|baud_rate_gen:brg_inst|ov_tick ; 0.000        ; 0.000      ; 1.597      ;
; 1.347 ; uart_controller:uart_ctrl_inst|uart_rx:rx_inst|valid_timeout_cnt[5] ; uart_controller:uart_ctrl_inst|uart_rx:rx_inst|rx_valid             ; uart_controller:uart_ctrl_inst|baud_rate_gen:brg_inst|ov_tick ; uart_controller:uart_ctrl_inst|baud_rate_gen:brg_inst|ov_tick ; 0.000        ; 0.000      ; 1.613      ;
; 1.366 ; uart_controller:uart_ctrl_inst|uart_rx:rx_inst|valid_timeout_cnt[0] ; uart_controller:uart_ctrl_inst|uart_rx:rx_inst|valid_timeout_cnt[3] ; uart_controller:uart_ctrl_inst|baud_rate_gen:brg_inst|ov_tick ; uart_controller:uart_ctrl_inst|baud_rate_gen:brg_inst|ov_tick ; 0.000        ; 0.000      ; 1.632      ;
; 1.369 ; uart_controller:uart_ctrl_inst|uart_rx:rx_inst|valid_timeout_cnt[2] ; uart_controller:uart_ctrl_inst|uart_rx:rx_inst|valid_timeout_cnt[5] ; uart_controller:uart_ctrl_inst|baud_rate_gen:brg_inst|ov_tick ; uart_controller:uart_ctrl_inst|baud_rate_gen:brg_inst|ov_tick ; 0.000        ; 0.000      ; 1.635      ;
; 1.370 ; uart_controller:uart_ctrl_inst|uart_rx:rx_inst|valid_timeout_cnt[4] ; uart_controller:uart_ctrl_inst|uart_rx:rx_inst|valid_timeout_cnt[7] ; uart_controller:uart_ctrl_inst|baud_rate_gen:brg_inst|ov_tick ; uart_controller:uart_ctrl_inst|baud_rate_gen:brg_inst|ov_tick ; 0.000        ; 0.000      ; 1.636      ;
; 1.371 ; uart_controller:uart_ctrl_inst|uart_rx:rx_inst|valid_timeout_cnt[4] ; uart_controller:uart_ctrl_inst|uart_rx:rx_inst|rx_valid             ; uart_controller:uart_ctrl_inst|baud_rate_gen:brg_inst|ov_tick ; uart_controller:uart_ctrl_inst|baud_rate_gen:brg_inst|ov_tick ; 0.000        ; 0.000      ; 1.637      ;
; 1.398 ; uart_controller:uart_ctrl_inst|uart_rx:rx_inst|valid_timeout_cnt[1] ; uart_controller:uart_ctrl_inst|uart_rx:rx_inst|valid_timeout_cnt[5] ; uart_controller:uart_ctrl_inst|baud_rate_gen:brg_inst|ov_tick ; uart_controller:uart_ctrl_inst|baud_rate_gen:brg_inst|ov_tick ; 0.000        ; 0.000      ; 1.664      ;
; 1.402 ; uart_controller:uart_ctrl_inst|uart_rx:rx_inst|valid_timeout_cnt[3] ; uart_controller:uart_ctrl_inst|uart_rx:rx_inst|valid_timeout_cnt[7] ; uart_controller:uart_ctrl_inst|baud_rate_gen:brg_inst|ov_tick ; uart_controller:uart_ctrl_inst|baud_rate_gen:brg_inst|ov_tick ; 0.000        ; 0.000      ; 1.668      ;
; 1.418 ; uart_controller:uart_ctrl_inst|uart_rx:rx_inst|state.DATA           ; uart_controller:uart_ctrl_inst|uart_rx:rx_inst|samples[0]           ; uart_controller:uart_ctrl_inst|baud_rate_gen:brg_inst|ov_tick ; uart_controller:uart_ctrl_inst|baud_rate_gen:brg_inst|ov_tick ; 0.000        ; -0.001     ; 1.683      ;
; 1.437 ; uart_controller:uart_ctrl_inst|uart_rx:rx_inst|bit_cnt[0]           ; uart_controller:uart_ctrl_inst|uart_rx:rx_inst|bit_cnt[2]           ; uart_controller:uart_ctrl_inst|baud_rate_gen:brg_inst|ov_tick ; uart_controller:uart_ctrl_inst|baud_rate_gen:brg_inst|ov_tick ; 0.000        ; 0.000      ; 1.703      ;
; 1.437 ; uart_controller:uart_ctrl_inst|uart_rx:rx_inst|valid_timeout_cnt[0] ; uart_controller:uart_ctrl_inst|uart_rx:rx_inst|valid_timeout_cnt[4] ; uart_controller:uart_ctrl_inst|baud_rate_gen:brg_inst|ov_tick ; uart_controller:uart_ctrl_inst|baud_rate_gen:brg_inst|ov_tick ; 0.000        ; 0.000      ; 1.703      ;
; 1.440 ; uart_controller:uart_ctrl_inst|uart_rx:rx_inst|valid_timeout_cnt[2] ; uart_controller:uart_ctrl_inst|uart_rx:rx_inst|valid_timeout_cnt[6] ; uart_controller:uart_ctrl_inst|baud_rate_gen:brg_inst|ov_tick ; uart_controller:uart_ctrl_inst|baud_rate_gen:brg_inst|ov_tick ; 0.000        ; 0.000      ; 1.706      ;
; 1.440 ; uart_controller:uart_ctrl_inst|uart_rx:rx_inst|tick_cnt[0]          ; uart_controller:uart_ctrl_inst|uart_rx:rx_inst|bit_cnt[2]           ; uart_controller:uart_ctrl_inst|baud_rate_gen:brg_inst|ov_tick ; uart_controller:uart_ctrl_inst|baud_rate_gen:brg_inst|ov_tick ; 0.000        ; 0.000      ; 1.706      ;
; 1.441 ; uart_controller:uart_ctrl_inst|uart_rx:rx_inst|tick_cnt[0]          ; uart_controller:uart_ctrl_inst|uart_rx:rx_inst|bit_cnt[1]           ; uart_controller:uart_ctrl_inst|baud_rate_gen:brg_inst|ov_tick ; uart_controller:uart_ctrl_inst|baud_rate_gen:brg_inst|ov_tick ; 0.000        ; 0.000      ; 1.707      ;
; 1.451 ; uart_controller:uart_ctrl_inst|uart_rx:rx_inst|tick_cnt[1]          ; uart_controller:uart_ctrl_inst|uart_rx:rx_inst|samples[0]           ; uart_controller:uart_ctrl_inst|baud_rate_gen:brg_inst|ov_tick ; uart_controller:uart_ctrl_inst|baud_rate_gen:brg_inst|ov_tick ; 0.000        ; -0.001     ; 1.716      ;
; 1.469 ; uart_controller:uart_ctrl_inst|uart_rx:rx_inst|tick_cnt[2]          ; uart_controller:uart_ctrl_inst|uart_rx:rx_inst|samples[2]           ; uart_controller:uart_ctrl_inst|baud_rate_gen:brg_inst|ov_tick ; uart_controller:uart_ctrl_inst|baud_rate_gen:brg_inst|ov_tick ; 0.000        ; -0.001     ; 1.734      ;
; 1.469 ; uart_controller:uart_ctrl_inst|uart_rx:rx_inst|valid_timeout_cnt[1] ; uart_controller:uart_ctrl_inst|uart_rx:rx_inst|valid_timeout_cnt[6] ; uart_controller:uart_ctrl_inst|baud_rate_gen:brg_inst|ov_tick ; uart_controller:uart_ctrl_inst|baud_rate_gen:brg_inst|ov_tick ; 0.000        ; 0.000      ; 1.735      ;
; 1.471 ; uart_controller:uart_ctrl_inst|uart_rx:rx_inst|tick_cnt[2]          ; uart_controller:uart_ctrl_inst|uart_rx:rx_inst|samples[1]           ; uart_controller:uart_ctrl_inst|baud_rate_gen:brg_inst|ov_tick ; uart_controller:uart_ctrl_inst|baud_rate_gen:brg_inst|ov_tick ; 0.000        ; -0.001     ; 1.736      ;
; 1.482 ; uart_controller:uart_ctrl_inst|uart_rx:rx_inst|valid_timeout_cnt[7] ; uart_controller:uart_ctrl_inst|uart_rx:rx_inst|valid_timeout_cnt[0] ; uart_controller:uart_ctrl_inst|baud_rate_gen:brg_inst|ov_tick ; uart_controller:uart_ctrl_inst|baud_rate_gen:brg_inst|ov_tick ; 0.000        ; 0.000      ; 1.748      ;
; 1.482 ; uart_controller:uart_ctrl_inst|uart_rx:rx_inst|valid_timeout_cnt[7] ; uart_controller:uart_ctrl_inst|uart_rx:rx_inst|valid_timeout_cnt[1] ; uart_controller:uart_ctrl_inst|baud_rate_gen:brg_inst|ov_tick ; uart_controller:uart_ctrl_inst|baud_rate_gen:brg_inst|ov_tick ; 0.000        ; 0.000      ; 1.748      ;
; 1.482 ; uart_controller:uart_ctrl_inst|uart_rx:rx_inst|valid_timeout_cnt[7] ; uart_controller:uart_ctrl_inst|uart_rx:rx_inst|valid_timeout_cnt[2] ; uart_controller:uart_ctrl_inst|baud_rate_gen:brg_inst|ov_tick ; uart_controller:uart_ctrl_inst|baud_rate_gen:brg_inst|ov_tick ; 0.000        ; 0.000      ; 1.748      ;
; 1.482 ; uart_controller:uart_ctrl_inst|uart_rx:rx_inst|valid_timeout_cnt[7] ; uart_controller:uart_ctrl_inst|uart_rx:rx_inst|valid_timeout_cnt[4] ; uart_controller:uart_ctrl_inst|baud_rate_gen:brg_inst|ov_tick ; uart_controller:uart_ctrl_inst|baud_rate_gen:brg_inst|ov_tick ; 0.000        ; 0.000      ; 1.748      ;
; 1.482 ; uart_controller:uart_ctrl_inst|uart_rx:rx_inst|valid_timeout_cnt[7] ; uart_controller:uart_ctrl_inst|uart_rx:rx_inst|valid_timeout_cnt[5] ; uart_controller:uart_ctrl_inst|baud_rate_gen:brg_inst|ov_tick ; uart_controller:uart_ctrl_inst|baud_rate_gen:brg_inst|ov_tick ; 0.000        ; 0.000      ; 1.748      ;
; 1.482 ; uart_controller:uart_ctrl_inst|uart_rx:rx_inst|valid_timeout_cnt[7] ; uart_controller:uart_ctrl_inst|uart_rx:rx_inst|valid_timeout_cnt[6] ; uart_controller:uart_ctrl_inst|baud_rate_gen:brg_inst|ov_tick ; uart_controller:uart_ctrl_inst|baud_rate_gen:brg_inst|ov_tick ; 0.000        ; 0.000      ; 1.748      ;
; 1.482 ; uart_controller:uart_ctrl_inst|uart_rx:rx_inst|valid_timeout_cnt[7] ; uart_controller:uart_ctrl_inst|uart_rx:rx_inst|valid_timeout_cnt[3] ; uart_controller:uart_ctrl_inst|baud_rate_gen:brg_inst|ov_tick ; uart_controller:uart_ctrl_inst|baud_rate_gen:brg_inst|ov_tick ; 0.000        ; 0.000      ; 1.748      ;
; 1.508 ; uart_controller:uart_ctrl_inst|uart_rx:rx_inst|valid_timeout_cnt[0] ; uart_controller:uart_ctrl_inst|uart_rx:rx_inst|valid_timeout_cnt[5] ; uart_controller:uart_ctrl_inst|baud_rate_gen:brg_inst|ov_tick ; uart_controller:uart_ctrl_inst|baud_rate_gen:brg_inst|ov_tick ; 0.000        ; 0.000      ; 1.774      ;
; 1.509 ; uart_controller:uart_ctrl_inst|uart_rx:rx_inst|tick_cnt[1]          ; uart_controller:uart_ctrl_inst|uart_rx:rx_inst|rx_valid             ; uart_controller:uart_ctrl_inst|baud_rate_gen:brg_inst|ov_tick ; uart_controller:uart_ctrl_inst|baud_rate_gen:brg_inst|ov_tick ; 0.000        ; 0.000      ; 1.775      ;
+-------+---------------------------------------------------------------------+---------------------------------------------------------------------+---------------------------------------------------------------+---------------------------------------------------------------+--------------+------------+------------+


+--------------------------------------------------------------------------------------------------------------------------------------------------------------------------------------------------------------------------------------------------------------------------------------------------------------------+
; Slow Model Hold: 'uart_controller:uart_ctrl_inst|baud_rate_gen:brg_inst|uart_tick'                                                                                                                                                                                                                                 ;
+-------+---------------------------------------------------------------+---------------------------------------------------------------+-----------------------------------------------------------------+-----------------------------------------------------------------+--------------+------------+------------+
; Slack ; From Node                                                     ; To Node                                                       ; Launch Clock                                                    ; Latch Clock                                                     ; Relationship ; Clock Skew ; Data Delay ;
+-------+---------------------------------------------------------------+---------------------------------------------------------------+-----------------------------------------------------------------+-----------------------------------------------------------------+--------------+------------+------------+
; 0.391 ; uart_controller:uart_ctrl_inst|uart_tx:tx_inst|state.DATA     ; uart_controller:uart_ctrl_inst|uart_tx:tx_inst|state.DATA     ; uart_controller:uart_ctrl_inst|baud_rate_gen:brg_inst|uart_tick ; uart_controller:uart_ctrl_inst|baud_rate_gen:brg_inst|uart_tick ; 0.000        ; 0.000      ; 0.657      ;
; 0.391 ; uart_controller:uart_ctrl_inst|uart_tx:tx_inst|bit_cnt[0]     ; uart_controller:uart_ctrl_inst|uart_tx:tx_inst|bit_cnt[0]     ; uart_controller:uart_ctrl_inst|baud_rate_gen:brg_inst|uart_tick ; uart_controller:uart_ctrl_inst|baud_rate_gen:brg_inst|uart_tick ; 0.000        ; 0.000      ; 0.657      ;
; 0.391 ; uart_controller:uart_ctrl_inst|uart_tx:tx_inst|bit_cnt[1]     ; uart_controller:uart_ctrl_inst|uart_tx:tx_inst|bit_cnt[1]     ; uart_controller:uart_ctrl_inst|baud_rate_gen:brg_inst|uart_tick ; uart_controller:uart_ctrl_inst|baud_rate_gen:brg_inst|uart_tick ; 0.000        ; 0.000      ; 0.657      ;
; 0.391 ; uart_controller:uart_ctrl_inst|uart_tx:tx_inst|bit_cnt[2]     ; uart_controller:uart_ctrl_inst|uart_tx:tx_inst|bit_cnt[2]     ; uart_controller:uart_ctrl_inst|baud_rate_gen:brg_inst|uart_tick ; uart_controller:uart_ctrl_inst|baud_rate_gen:brg_inst|uart_tick ; 0.000        ; 0.000      ; 0.657      ;
; 0.391 ; uart_controller:uart_ctrl_inst|uart_tx:tx_inst|state.IDLE     ; uart_controller:uart_ctrl_inst|uart_tx:tx_inst|state.IDLE     ; uart_controller:uart_ctrl_inst|baud_rate_gen:brg_inst|uart_tick ; uart_controller:uart_ctrl_inst|baud_rate_gen:brg_inst|uart_tick ; 0.000        ; 0.000      ; 0.657      ;
; 0.391 ; uart_controller:uart_ctrl_inst|uart_tx:tx_inst|tx_reg[4]      ; uart_controller:uart_ctrl_inst|uart_tx:tx_inst|tx_reg[4]      ; uart_controller:uart_ctrl_inst|baud_rate_gen:brg_inst|uart_tick ; uart_controller:uart_ctrl_inst|baud_rate_gen:brg_inst|uart_tick ; 0.000        ; 0.000      ; 0.657      ;
; 0.391 ; uart_controller:uart_ctrl_inst|uart_tx:tx_inst|tx_reg[3]      ; uart_controller:uart_ctrl_inst|uart_tx:tx_inst|tx_reg[3]      ; uart_controller:uart_ctrl_inst|baud_rate_gen:brg_inst|uart_tick ; uart_controller:uart_ctrl_inst|baud_rate_gen:brg_inst|uart_tick ; 0.000        ; 0.000      ; 0.657      ;
; 0.391 ; uart_controller:uart_ctrl_inst|uart_tx:tx_inst|tx_reg[2]      ; uart_controller:uart_ctrl_inst|uart_tx:tx_inst|tx_reg[2]      ; uart_controller:uart_ctrl_inst|baud_rate_gen:brg_inst|uart_tick ; uart_controller:uart_ctrl_inst|baud_rate_gen:brg_inst|uart_tick ; 0.000        ; 0.000      ; 0.657      ;
; 0.519 ; uart_controller:uart_ctrl_inst|uart_tx:tx_inst|tx_reg[3]      ; uart_controller:uart_ctrl_inst|uart_tx:tx_inst|tx_reg[2]      ; uart_controller:uart_ctrl_inst|baud_rate_gen:brg_inst|uart_tick ; uart_controller:uart_ctrl_inst|baud_rate_gen:brg_inst|uart_tick ; 0.000        ; 0.000      ; 0.785      ;
; 0.535 ; uart_controller:uart_ctrl_inst|uart_tx:tx_inst|timeout_cnt[7] ; uart_controller:uart_ctrl_inst|uart_tx:tx_inst|timeout_cnt[7] ; uart_controller:uart_ctrl_inst|baud_rate_gen:brg_inst|uart_tick ; uart_controller:uart_ctrl_inst|baud_rate_gen:brg_inst|uart_tick ; 0.000        ; 0.000      ; 0.801      ;
; 0.555 ; uart_controller:uart_ctrl_inst|uart_tx:tx_inst|state.STOP     ; uart_controller:uart_ctrl_inst|uart_tx:tx_inst|bit_cnt[0]     ; uart_controller:uart_ctrl_inst|baud_rate_gen:brg_inst|uart_tick ; uart_controller:uart_ctrl_inst|baud_rate_gen:brg_inst|uart_tick ; 0.000        ; 0.000      ; 0.821      ;
; 0.781 ; uart_controller:uart_ctrl_inst|uart_tx:tx_inst|state.STOP     ; uart_controller:uart_ctrl_inst|uart_tx:tx_inst|tx             ; uart_controller:uart_ctrl_inst|baud_rate_gen:brg_inst|uart_tick ; uart_controller:uart_ctrl_inst|baud_rate_gen:brg_inst|uart_tick ; 0.000        ; 0.000      ; 1.047      ;
; 0.788 ; uart_controller:uart_ctrl_inst|uart_tx:tx_inst|timeout_cnt[0] ; uart_controller:uart_ctrl_inst|uart_tx:tx_inst|timeout_cnt[0] ; uart_controller:uart_ctrl_inst|baud_rate_gen:brg_inst|uart_tick ; uart_controller:uart_ctrl_inst|baud_rate_gen:brg_inst|uart_tick ; 0.000        ; 0.000      ; 1.054      ;
; 0.797 ; uart_controller:uart_ctrl_inst|uart_tx:tx_inst|tx_reg[1]      ; uart_controller:uart_ctrl_inst|uart_tx:tx_inst|tx_reg[0]      ; uart_controller:uart_ctrl_inst|baud_rate_gen:brg_inst|uart_tick ; uart_controller:uart_ctrl_inst|baud_rate_gen:brg_inst|uart_tick ; 0.000        ; 0.000      ; 1.063      ;
; 0.801 ; uart_controller:uart_ctrl_inst|uart_tx:tx_inst|timeout_cnt[2] ; uart_controller:uart_ctrl_inst|uart_tx:tx_inst|timeout_cnt[2] ; uart_controller:uart_ctrl_inst|baud_rate_gen:brg_inst|uart_tick ; uart_controller:uart_ctrl_inst|baud_rate_gen:brg_inst|uart_tick ; 0.000        ; 0.000      ; 1.067      ;
; 0.802 ; uart_controller:uart_ctrl_inst|uart_tx:tx_inst|tx_reg[4]      ; uart_controller:uart_ctrl_inst|uart_tx:tx_inst|tx_reg[3]      ; uart_controller:uart_ctrl_inst|baud_rate_gen:brg_inst|uart_tick ; uart_controller:uart_ctrl_inst|baud_rate_gen:brg_inst|uart_tick ; 0.000        ; 0.000      ; 1.068      ;
; 0.808 ; uart_controller:uart_ctrl_inst|uart_tx:tx_inst|timeout_cnt[6] ; uart_controller:uart_ctrl_inst|uart_tx:tx_inst|timeout_cnt[6] ; uart_controller:uart_ctrl_inst|baud_rate_gen:brg_inst|uart_tick ; uart_controller:uart_ctrl_inst|baud_rate_gen:brg_inst|uart_tick ; 0.000        ; 0.000      ; 1.074      ;
; 0.811 ; uart_controller:uart_ctrl_inst|uart_tx:tx_inst|bit_cnt[0]     ; uart_controller:uart_ctrl_inst|uart_tx:tx_inst|bit_cnt[1]     ; uart_controller:uart_ctrl_inst|baud_rate_gen:brg_inst|uart_tick ; uart_controller:uart_ctrl_inst|baud_rate_gen:brg_inst|uart_tick ; 0.000        ; 0.000      ; 1.077      ;
; 0.825 ; uart_controller:uart_ctrl_inst|uart_tx:tx_inst|tx_reg[2]      ; uart_controller:uart_ctrl_inst|uart_tx:tx_inst|tx_reg[1]      ; uart_controller:uart_ctrl_inst|baud_rate_gen:brg_inst|uart_tick ; uart_controller:uart_ctrl_inst|baud_rate_gen:brg_inst|uart_tick ; 0.000        ; 0.004      ; 1.095      ;
; 0.834 ; uart_controller:uart_ctrl_inst|uart_tx:tx_inst|timeout_cnt[1] ; uart_controller:uart_ctrl_inst|uart_tx:tx_inst|timeout_cnt[1] ; uart_controller:uart_ctrl_inst|baud_rate_gen:brg_inst|uart_tick ; uart_controller:uart_ctrl_inst|baud_rate_gen:brg_inst|uart_tick ; 0.000        ; 0.000      ; 1.100      ;
; 0.838 ; uart_controller:uart_ctrl_inst|uart_tx:tx_inst|timeout_cnt[3] ; uart_controller:uart_ctrl_inst|uart_tx:tx_inst|timeout_cnt[3] ; uart_controller:uart_ctrl_inst|baud_rate_gen:brg_inst|uart_tick ; uart_controller:uart_ctrl_inst|baud_rate_gen:brg_inst|uart_tick ; 0.000        ; 0.000      ; 1.104      ;
; 0.910 ; uart_rx_packet_new:packet_inst|tx_data[1]                     ; uart_controller:uart_ctrl_inst|uart_tx:tx_inst|tx_reg[1]      ; CLOCK_50                                                        ; uart_controller:uart_ctrl_inst|baud_rate_gen:brg_inst|uart_tick ; 0.000        ; -0.391     ; 0.785      ;
; 0.921 ; uart_controller:uart_ctrl_inst|uart_tx:tx_inst|bit_cnt[1]     ; uart_controller:uart_ctrl_inst|uart_tx:tx_inst|bit_cnt[2]     ; uart_controller:uart_ctrl_inst|baud_rate_gen:brg_inst|uart_tick ; uart_controller:uart_ctrl_inst|baud_rate_gen:brg_inst|uart_tick ; 0.000        ; 0.000      ; 1.187      ;
; 0.925 ; uart_rx_packet_new:packet_inst|LEDR[15]                       ; uart_controller:uart_ctrl_inst|uart_tx:tx_inst|state.START    ; CLOCK_50                                                        ; uart_controller:uart_ctrl_inst|baud_rate_gen:brg_inst|uart_tick ; 0.000        ; -0.391     ; 0.800      ;
; 0.978 ; uart_controller:uart_ctrl_inst|uart_tx:tx_inst|timeout_cnt[5] ; uart_controller:uart_ctrl_inst|uart_tx:tx_inst|timeout_cnt[5] ; uart_controller:uart_ctrl_inst|baud_rate_gen:brg_inst|uart_tick ; uart_controller:uart_ctrl_inst|baud_rate_gen:brg_inst|uart_tick ; 0.000        ; 0.000      ; 1.244      ;
; 0.982 ; uart_controller:uart_ctrl_inst|uart_tx:tx_inst|tx_reg[0]      ; uart_controller:uart_ctrl_inst|uart_tx:tx_inst|tx             ; uart_controller:uart_ctrl_inst|baud_rate_gen:brg_inst|uart_tick ; uart_controller:uart_ctrl_inst|baud_rate_gen:brg_inst|uart_tick ; 0.000        ; -0.004     ; 1.244      ;
; 1.014 ; uart_controller:uart_ctrl_inst|uart_tx:tx_inst|timeout_cnt[4] ; uart_controller:uart_ctrl_inst|uart_tx:tx_inst|timeout_cnt[4] ; uart_controller:uart_ctrl_inst|baud_rate_gen:brg_inst|uart_tick ; uart_controller:uart_ctrl_inst|baud_rate_gen:brg_inst|uart_tick ; 0.000        ; 0.000      ; 1.280      ;
; 1.047 ; uart_controller:uart_ctrl_inst|uart_tx:tx_inst|state.STOP     ; uart_controller:uart_ctrl_inst|uart_tx:tx_inst|bit_cnt[2]     ; uart_controller:uart_ctrl_inst|baud_rate_gen:brg_inst|uart_tick ; uart_controller:uart_ctrl_inst|baud_rate_gen:brg_inst|uart_tick ; 0.000        ; 0.000      ; 1.313      ;
; 1.049 ; uart_rx_packet_new:packet_inst|tx_data[0]                     ; uart_controller:uart_ctrl_inst|uart_tx:tx_inst|tx_reg[0]      ; CLOCK_50                                                        ; uart_controller:uart_ctrl_inst|baud_rate_gen:brg_inst|uart_tick ; 0.000        ; -0.391     ; 0.924      ;
; 1.067 ; uart_controller:uart_ctrl_inst|uart_tx:tx_inst|bit_cnt[0]     ; uart_controller:uart_ctrl_inst|uart_tx:tx_inst|state.STOP     ; uart_controller:uart_ctrl_inst|baud_rate_gen:brg_inst|uart_tick ; uart_controller:uart_ctrl_inst|baud_rate_gen:brg_inst|uart_tick ; 0.000        ; 0.000      ; 1.333      ;
; 1.126 ; uart_rx_packet_new:packet_inst|tx_data[0]                     ; uart_controller:uart_ctrl_inst|uart_tx:tx_inst|tx_reg[4]      ; CLOCK_50                                                        ; uart_controller:uart_ctrl_inst|baud_rate_gen:brg_inst|uart_tick ; 0.000        ; -0.395     ; 0.997      ;
; 1.184 ; uart_controller:uart_ctrl_inst|uart_tx:tx_inst|timeout_cnt[2] ; uart_controller:uart_ctrl_inst|uart_tx:tx_inst|timeout_cnt[3] ; uart_controller:uart_ctrl_inst|baud_rate_gen:brg_inst|uart_tick ; uart_controller:uart_ctrl_inst|baud_rate_gen:brg_inst|uart_tick ; 0.000        ; 0.000      ; 1.450      ;
; 1.185 ; uart_controller:uart_ctrl_inst|uart_tx:tx_inst|bit_cnt[1]     ; uart_controller:uart_ctrl_inst|uart_tx:tx_inst|state.STOP     ; uart_controller:uart_ctrl_inst|baud_rate_gen:brg_inst|uart_tick ; uart_controller:uart_ctrl_inst|baud_rate_gen:brg_inst|uart_tick ; 0.000        ; 0.000      ; 1.451      ;
; 1.191 ; uart_controller:uart_ctrl_inst|uart_tx:tx_inst|timeout_cnt[6] ; uart_controller:uart_ctrl_inst|uart_tx:tx_inst|timeout_cnt[7] ; uart_controller:uart_ctrl_inst|baud_rate_gen:brg_inst|uart_tick ; uart_controller:uart_ctrl_inst|baud_rate_gen:brg_inst|uart_tick ; 0.000        ; 0.000      ; 1.457      ;
; 1.197 ; uart_controller:uart_ctrl_inst|uart_tx:tx_inst|bit_cnt[0]     ; uart_controller:uart_ctrl_inst|uart_tx:tx_inst|bit_cnt[2]     ; uart_controller:uart_ctrl_inst|baud_rate_gen:brg_inst|uart_tick ; uart_controller:uart_ctrl_inst|baud_rate_gen:brg_inst|uart_tick ; 0.000        ; 0.000      ; 1.463      ;
; 1.209 ; uart_controller:uart_ctrl_inst|uart_tx:tx_inst|bit_cnt[2]     ; uart_controller:uart_ctrl_inst|uart_tx:tx_inst|state.STOP     ; uart_controller:uart_ctrl_inst|baud_rate_gen:brg_inst|uart_tick ; uart_controller:uart_ctrl_inst|baud_rate_gen:brg_inst|uart_tick ; 0.000        ; 0.000      ; 1.475      ;
; 1.220 ; uart_controller:uart_ctrl_inst|uart_tx:tx_inst|timeout_cnt[1] ; uart_controller:uart_ctrl_inst|uart_tx:tx_inst|timeout_cnt[2] ; uart_controller:uart_ctrl_inst|baud_rate_gen:brg_inst|uart_tick ; uart_controller:uart_ctrl_inst|baud_rate_gen:brg_inst|uart_tick ; 0.000        ; 0.000      ; 1.486      ;
; 1.224 ; uart_controller:uart_ctrl_inst|uart_tx:tx_inst|timeout_cnt[3] ; uart_controller:uart_ctrl_inst|uart_tx:tx_inst|timeout_cnt[4] ; uart_controller:uart_ctrl_inst|baud_rate_gen:brg_inst|uart_tick ; uart_controller:uart_ctrl_inst|baud_rate_gen:brg_inst|uart_tick ; 0.000        ; 0.000      ; 1.490      ;
; 1.229 ; uart_controller:uart_ctrl_inst|uart_tx:tx_inst|state.DATA     ; uart_controller:uart_ctrl_inst|uart_tx:tx_inst|tx_reg[0]      ; uart_controller:uart_ctrl_inst|baud_rate_gen:brg_inst|uart_tick ; uart_controller:uart_ctrl_inst|baud_rate_gen:brg_inst|uart_tick ; 0.000        ; 0.005      ; 1.500      ;
; 1.255 ; uart_controller:uart_ctrl_inst|uart_tx:tx_inst|timeout_cnt[2] ; uart_controller:uart_ctrl_inst|uart_tx:tx_inst|timeout_cnt[4] ; uart_controller:uart_ctrl_inst|baud_rate_gen:brg_inst|uart_tick ; uart_controller:uart_ctrl_inst|baud_rate_gen:brg_inst|uart_tick ; 0.000        ; 0.000      ; 1.521      ;
; 1.260 ; uart_controller:uart_ctrl_inst|uart_tx:tx_inst|state.IDLE     ; uart_controller:uart_ctrl_inst|uart_tx:tx_inst|tx             ; uart_controller:uart_ctrl_inst|baud_rate_gen:brg_inst|uart_tick ; uart_controller:uart_ctrl_inst|baud_rate_gen:brg_inst|uart_tick ; 0.000        ; 0.001      ; 1.527      ;
; 1.263 ; uart_controller:uart_ctrl_inst|uart_tx:tx_inst|timeout_cnt[0] ; uart_controller:uart_ctrl_inst|uart_tx:tx_inst|timeout_cnt[1] ; uart_controller:uart_ctrl_inst|baud_rate_gen:brg_inst|uart_tick ; uart_controller:uart_ctrl_inst|baud_rate_gen:brg_inst|uart_tick ; 0.000        ; 0.000      ; 1.529      ;
; 1.291 ; uart_controller:uart_ctrl_inst|uart_tx:tx_inst|timeout_cnt[1] ; uart_controller:uart_ctrl_inst|uart_tx:tx_inst|timeout_cnt[3] ; uart_controller:uart_ctrl_inst|baud_rate_gen:brg_inst|uart_tick ; uart_controller:uart_ctrl_inst|baud_rate_gen:brg_inst|uart_tick ; 0.000        ; 0.000      ; 1.557      ;
; 1.295 ; uart_controller:uart_ctrl_inst|uart_tx:tx_inst|timeout_cnt[3] ; uart_controller:uart_ctrl_inst|uart_tx:tx_inst|timeout_cnt[5] ; uart_controller:uart_ctrl_inst|baud_rate_gen:brg_inst|uart_tick ; uart_controller:uart_ctrl_inst|baud_rate_gen:brg_inst|uart_tick ; 0.000        ; 0.000      ; 1.561      ;
; 1.324 ; uart_rx_packet_new:packet_inst|LEDR[15]                       ; uart_controller:uart_ctrl_inst|uart_tx:tx_inst|state.DATA     ; CLOCK_50                                                        ; uart_controller:uart_ctrl_inst|baud_rate_gen:brg_inst|uart_tick ; 0.000        ; -0.391     ; 1.199      ;
; 1.326 ; uart_controller:uart_ctrl_inst|uart_tx:tx_inst|timeout_cnt[2] ; uart_controller:uart_ctrl_inst|uart_tx:tx_inst|timeout_cnt[5] ; uart_controller:uart_ctrl_inst|baud_rate_gen:brg_inst|uart_tick ; uart_controller:uart_ctrl_inst|baud_rate_gen:brg_inst|uart_tick ; 0.000        ; 0.000      ; 1.592      ;
; 1.328 ; uart_rx_packet_new:packet_inst|LEDR[15]                       ; uart_controller:uart_ctrl_inst|uart_tx:tx_inst|state.IDLE     ; CLOCK_50                                                        ; uart_controller:uart_ctrl_inst|baud_rate_gen:brg_inst|uart_tick ; 0.000        ; -0.391     ; 1.203      ;
; 1.332 ; uart_controller:uart_ctrl_inst|uart_tx:tx_inst|state.DATA     ; uart_controller:uart_ctrl_inst|uart_tx:tx_inst|state.STOP     ; uart_controller:uart_ctrl_inst|baud_rate_gen:brg_inst|uart_tick ; uart_controller:uart_ctrl_inst|baud_rate_gen:brg_inst|uart_tick ; 0.000        ; 0.001      ; 1.599      ;
; 1.334 ; uart_controller:uart_ctrl_inst|uart_tx:tx_inst|timeout_cnt[0] ; uart_controller:uart_ctrl_inst|uart_tx:tx_inst|timeout_cnt[2] ; uart_controller:uart_ctrl_inst|baud_rate_gen:brg_inst|uart_tick ; uart_controller:uart_ctrl_inst|baud_rate_gen:brg_inst|uart_tick ; 0.000        ; 0.000      ; 1.600      ;
; 1.361 ; uart_controller:uart_ctrl_inst|uart_tx:tx_inst|timeout_cnt[5] ; uart_controller:uart_ctrl_inst|uart_tx:tx_inst|timeout_cnt[6] ; uart_controller:uart_ctrl_inst|baud_rate_gen:brg_inst|uart_tick ; uart_controller:uart_ctrl_inst|baud_rate_gen:brg_inst|uart_tick ; 0.000        ; 0.000      ; 1.627      ;
; 1.362 ; uart_controller:uart_ctrl_inst|uart_tx:tx_inst|timeout_cnt[1] ; uart_controller:uart_ctrl_inst|uart_tx:tx_inst|timeout_cnt[4] ; uart_controller:uart_ctrl_inst|baud_rate_gen:brg_inst|uart_tick ; uart_controller:uart_ctrl_inst|baud_rate_gen:brg_inst|uart_tick ; 0.000        ; 0.000      ; 1.628      ;
; 1.366 ; uart_controller:uart_ctrl_inst|uart_tx:tx_inst|timeout_cnt[3] ; uart_controller:uart_ctrl_inst|uart_tx:tx_inst|timeout_cnt[6] ; uart_controller:uart_ctrl_inst|baud_rate_gen:brg_inst|uart_tick ; uart_controller:uart_ctrl_inst|baud_rate_gen:brg_inst|uart_tick ; 0.000        ; 0.000      ; 1.632      ;
; 1.396 ; uart_controller:uart_ctrl_inst|uart_tx:tx_inst|state.DATA     ; uart_controller:uart_ctrl_inst|uart_tx:tx_inst|tx             ; uart_controller:uart_ctrl_inst|baud_rate_gen:brg_inst|uart_tick ; uart_controller:uart_ctrl_inst|baud_rate_gen:brg_inst|uart_tick ; 0.000        ; 0.001      ; 1.663      ;
; 1.397 ; uart_controller:uart_ctrl_inst|uart_tx:tx_inst|timeout_cnt[2] ; uart_controller:uart_ctrl_inst|uart_tx:tx_inst|timeout_cnt[6] ; uart_controller:uart_ctrl_inst|baud_rate_gen:brg_inst|uart_tick ; uart_controller:uart_ctrl_inst|baud_rate_gen:brg_inst|uart_tick ; 0.000        ; 0.000      ; 1.663      ;
; 1.400 ; uart_controller:uart_ctrl_inst|uart_tx:tx_inst|timeout_cnt[4] ; uart_controller:uart_ctrl_inst|uart_tx:tx_inst|timeout_cnt[5] ; uart_controller:uart_ctrl_inst|baud_rate_gen:brg_inst|uart_tick ; uart_controller:uart_ctrl_inst|baud_rate_gen:brg_inst|uart_tick ; 0.000        ; 0.000      ; 1.666      ;
; 1.401 ; uart_controller:uart_ctrl_inst|uart_tx:tx_inst|state.STOP     ; uart_controller:uart_ctrl_inst|uart_tx:tx_inst|tx_reg[3]      ; uart_controller:uart_ctrl_inst|baud_rate_gen:brg_inst|uart_tick ; uart_controller:uart_ctrl_inst|baud_rate_gen:brg_inst|uart_tick ; 0.000        ; 0.000      ; 1.667      ;
; 1.405 ; uart_controller:uart_ctrl_inst|uart_tx:tx_inst|timeout_cnt[0] ; uart_controller:uart_ctrl_inst|uart_tx:tx_inst|timeout_cnt[3] ; uart_controller:uart_ctrl_inst|baud_rate_gen:brg_inst|uart_tick ; uart_controller:uart_ctrl_inst|baud_rate_gen:brg_inst|uart_tick ; 0.000        ; 0.000      ; 1.671      ;
; 1.418 ; uart_controller:uart_ctrl_inst|uart_tx:tx_inst|state.START    ; uart_controller:uart_ctrl_inst|uart_tx:tx_inst|timeout_cnt[0] ; uart_controller:uart_ctrl_inst|baud_rate_gen:brg_inst|uart_tick ; uart_controller:uart_ctrl_inst|baud_rate_gen:brg_inst|uart_tick ; 0.000        ; 0.031      ; 1.715      ;
; 1.418 ; uart_controller:uart_ctrl_inst|uart_tx:tx_inst|state.START    ; uart_controller:uart_ctrl_inst|uart_tx:tx_inst|timeout_cnt[1] ; uart_controller:uart_ctrl_inst|baud_rate_gen:brg_inst|uart_tick ; uart_controller:uart_ctrl_inst|baud_rate_gen:brg_inst|uart_tick ; 0.000        ; 0.031      ; 1.715      ;
; 1.418 ; uart_controller:uart_ctrl_inst|uart_tx:tx_inst|state.START    ; uart_controller:uart_ctrl_inst|uart_tx:tx_inst|timeout_cnt[2] ; uart_controller:uart_ctrl_inst|baud_rate_gen:brg_inst|uart_tick ; uart_controller:uart_ctrl_inst|baud_rate_gen:brg_inst|uart_tick ; 0.000        ; 0.031      ; 1.715      ;
; 1.418 ; uart_controller:uart_ctrl_inst|uart_tx:tx_inst|state.START    ; uart_controller:uart_ctrl_inst|uart_tx:tx_inst|timeout_cnt[3] ; uart_controller:uart_ctrl_inst|baud_rate_gen:brg_inst|uart_tick ; uart_controller:uart_ctrl_inst|baud_rate_gen:brg_inst|uart_tick ; 0.000        ; 0.031      ; 1.715      ;
; 1.418 ; uart_controller:uart_ctrl_inst|uart_tx:tx_inst|state.START    ; uart_controller:uart_ctrl_inst|uart_tx:tx_inst|timeout_cnt[4] ; uart_controller:uart_ctrl_inst|baud_rate_gen:brg_inst|uart_tick ; uart_controller:uart_ctrl_inst|baud_rate_gen:brg_inst|uart_tick ; 0.000        ; 0.031      ; 1.715      ;
; 1.418 ; uart_controller:uart_ctrl_inst|uart_tx:tx_inst|state.START    ; uart_controller:uart_ctrl_inst|uart_tx:tx_inst|timeout_cnt[5] ; uart_controller:uart_ctrl_inst|baud_rate_gen:brg_inst|uart_tick ; uart_controller:uart_ctrl_inst|baud_rate_gen:brg_inst|uart_tick ; 0.000        ; 0.031      ; 1.715      ;
; 1.418 ; uart_controller:uart_ctrl_inst|uart_tx:tx_inst|state.START    ; uart_controller:uart_ctrl_inst|uart_tx:tx_inst|timeout_cnt[6] ; uart_controller:uart_ctrl_inst|baud_rate_gen:brg_inst|uart_tick ; uart_controller:uart_ctrl_inst|baud_rate_gen:brg_inst|uart_tick ; 0.000        ; 0.031      ; 1.715      ;
; 1.418 ; uart_controller:uart_ctrl_inst|uart_tx:tx_inst|state.START    ; uart_controller:uart_ctrl_inst|uart_tx:tx_inst|timeout_cnt[7] ; uart_controller:uart_ctrl_inst|baud_rate_gen:brg_inst|uart_tick ; uart_controller:uart_ctrl_inst|baud_rate_gen:brg_inst|uart_tick ; 0.000        ; 0.031      ; 1.715      ;
; 1.427 ; uart_controller:uart_ctrl_inst|uart_tx:tx_inst|state.DATA     ; uart_controller:uart_ctrl_inst|uart_tx:tx_inst|state.IDLE     ; uart_controller:uart_ctrl_inst|baud_rate_gen:brg_inst|uart_tick ; uart_controller:uart_ctrl_inst|baud_rate_gen:brg_inst|uart_tick ; 0.000        ; 0.000      ; 1.693      ;
; 1.432 ; uart_controller:uart_ctrl_inst|uart_tx:tx_inst|timeout_cnt[5] ; uart_controller:uart_ctrl_inst|uart_tx:tx_inst|timeout_cnt[7] ; uart_controller:uart_ctrl_inst|baud_rate_gen:brg_inst|uart_tick ; uart_controller:uart_ctrl_inst|baud_rate_gen:brg_inst|uart_tick ; 0.000        ; 0.000      ; 1.698      ;
; 1.433 ; uart_controller:uart_ctrl_inst|uart_tx:tx_inst|timeout_cnt[1] ; uart_controller:uart_ctrl_inst|uart_tx:tx_inst|timeout_cnt[5] ; uart_controller:uart_ctrl_inst|baud_rate_gen:brg_inst|uart_tick ; uart_controller:uart_ctrl_inst|baud_rate_gen:brg_inst|uart_tick ; 0.000        ; 0.000      ; 1.699      ;
; 1.437 ; uart_controller:uart_ctrl_inst|uart_tx:tx_inst|timeout_cnt[3] ; uart_controller:uart_ctrl_inst|uart_tx:tx_inst|timeout_cnt[7] ; uart_controller:uart_ctrl_inst|baud_rate_gen:brg_inst|uart_tick ; uart_controller:uart_ctrl_inst|baud_rate_gen:brg_inst|uart_tick ; 0.000        ; 0.000      ; 1.703      ;
; 1.467 ; uart_controller:uart_ctrl_inst|uart_tx:tx_inst|state.STOP     ; uart_controller:uart_ctrl_inst|uart_tx:tx_inst|tx_reg[4]      ; uart_controller:uart_ctrl_inst|baud_rate_gen:brg_inst|uart_tick ; uart_controller:uart_ctrl_inst|baud_rate_gen:brg_inst|uart_tick ; 0.000        ; 0.000      ; 1.733      ;
; 1.468 ; uart_controller:uart_ctrl_inst|uart_tx:tx_inst|timeout_cnt[2] ; uart_controller:uart_ctrl_inst|uart_tx:tx_inst|timeout_cnt[7] ; uart_controller:uart_ctrl_inst|baud_rate_gen:brg_inst|uart_tick ; uart_controller:uart_ctrl_inst|baud_rate_gen:brg_inst|uart_tick ; 0.000        ; 0.000      ; 1.734      ;
; 1.471 ; uart_controller:uart_ctrl_inst|uart_tx:tx_inst|timeout_cnt[4] ; uart_controller:uart_ctrl_inst|uart_tx:tx_inst|timeout_cnt[6] ; uart_controller:uart_ctrl_inst|baud_rate_gen:brg_inst|uart_tick ; uart_controller:uart_ctrl_inst|baud_rate_gen:brg_inst|uart_tick ; 0.000        ; 0.000      ; 1.737      ;
; 1.476 ; uart_controller:uart_ctrl_inst|uart_tx:tx_inst|timeout_cnt[0] ; uart_controller:uart_ctrl_inst|uart_tx:tx_inst|timeout_cnt[4] ; uart_controller:uart_ctrl_inst|baud_rate_gen:brg_inst|uart_tick ; uart_controller:uart_ctrl_inst|baud_rate_gen:brg_inst|uart_tick ; 0.000        ; 0.000      ; 1.742      ;
; 1.499 ; uart_controller:uart_ctrl_inst|uart_tx:tx_inst|state.STOP     ; uart_controller:uart_ctrl_inst|uart_tx:tx_inst|state.IDLE     ; uart_controller:uart_ctrl_inst|baud_rate_gen:brg_inst|uart_tick ; uart_controller:uart_ctrl_inst|baud_rate_gen:brg_inst|uart_tick ; 0.000        ; -0.001     ; 1.764      ;
; 1.500 ; uart_controller:uart_ctrl_inst|uart_tx:tx_inst|state.DATA     ; uart_controller:uart_ctrl_inst|uart_tx:tx_inst|tx_reg[1]      ; uart_controller:uart_ctrl_inst|baud_rate_gen:brg_inst|uart_tick ; uart_controller:uart_ctrl_inst|baud_rate_gen:brg_inst|uart_tick ; 0.000        ; 0.005      ; 1.771      ;
; 1.504 ; uart_controller:uart_ctrl_inst|uart_tx:tx_inst|timeout_cnt[1] ; uart_controller:uart_ctrl_inst|uart_tx:tx_inst|timeout_cnt[6] ; uart_controller:uart_ctrl_inst|baud_rate_gen:brg_inst|uart_tick ; uart_controller:uart_ctrl_inst|baud_rate_gen:brg_inst|uart_tick ; 0.000        ; 0.000      ; 1.770      ;
; 1.518 ; uart_controller:uart_ctrl_inst|uart_tx:tx_inst|state.START    ; uart_controller:uart_ctrl_inst|uart_tx:tx_inst|tx_reg[4]      ; uart_controller:uart_ctrl_inst|baud_rate_gen:brg_inst|uart_tick ; uart_controller:uart_ctrl_inst|baud_rate_gen:brg_inst|uart_tick ; 0.000        ; 0.001      ; 1.785      ;
; 1.523 ; uart_controller:uart_ctrl_inst|uart_tx:tx_inst|state.START    ; uart_controller:uart_ctrl_inst|uart_tx:tx_inst|bit_cnt[0]     ; uart_controller:uart_ctrl_inst|baud_rate_gen:brg_inst|uart_tick ; uart_controller:uart_ctrl_inst|baud_rate_gen:brg_inst|uart_tick ; 0.000        ; 0.001      ; 1.790      ;
; 1.523 ; uart_controller:uart_ctrl_inst|uart_tx:tx_inst|state.START    ; uart_controller:uart_ctrl_inst|uart_tx:tx_inst|bit_cnt[2]     ; uart_controller:uart_ctrl_inst|baud_rate_gen:brg_inst|uart_tick ; uart_controller:uart_ctrl_inst|baud_rate_gen:brg_inst|uart_tick ; 0.000        ; 0.001      ; 1.790      ;
; 1.542 ; uart_controller:uart_ctrl_inst|uart_tx:tx_inst|timeout_cnt[4] ; uart_controller:uart_ctrl_inst|uart_tx:tx_inst|timeout_cnt[7] ; uart_controller:uart_ctrl_inst|baud_rate_gen:brg_inst|uart_tick ; uart_controller:uart_ctrl_inst|baud_rate_gen:brg_inst|uart_tick ; 0.000        ; 0.000      ; 1.808      ;
; 1.547 ; uart_controller:uart_ctrl_inst|uart_tx:tx_inst|timeout_cnt[0] ; uart_controller:uart_ctrl_inst|uart_tx:tx_inst|timeout_cnt[5] ; uart_controller:uart_ctrl_inst|baud_rate_gen:brg_inst|uart_tick ; uart_controller:uart_ctrl_inst|baud_rate_gen:brg_inst|uart_tick ; 0.000        ; 0.000      ; 1.813      ;
; 1.552 ; uart_controller:uart_ctrl_inst|uart_tx:tx_inst|state.DATA     ; uart_controller:uart_ctrl_inst|uart_tx:tx_inst|tx_reg[2]      ; uart_controller:uart_ctrl_inst|baud_rate_gen:brg_inst|uart_tick ; uart_controller:uart_ctrl_inst|baud_rate_gen:brg_inst|uart_tick ; 0.000        ; 0.001      ; 1.819      ;
; 1.572 ; uart_controller:uart_ctrl_inst|uart_tx:tx_inst|state.DATA     ; uart_controller:uart_ctrl_inst|uart_tx:tx_inst|bit_cnt[1]     ; uart_controller:uart_ctrl_inst|baud_rate_gen:brg_inst|uart_tick ; uart_controller:uart_ctrl_inst|baud_rate_gen:brg_inst|uart_tick ; 0.000        ; 0.001      ; 1.839      ;
; 1.573 ; uart_controller:uart_ctrl_inst|uart_tx:tx_inst|state.DATA     ; uart_controller:uart_ctrl_inst|uart_tx:tx_inst|bit_cnt[0]     ; uart_controller:uart_ctrl_inst|baud_rate_gen:brg_inst|uart_tick ; uart_controller:uart_ctrl_inst|baud_rate_gen:brg_inst|uart_tick ; 0.000        ; 0.001      ; 1.840      ;
; 1.575 ; uart_controller:uart_ctrl_inst|uart_tx:tx_inst|timeout_cnt[1] ; uart_controller:uart_ctrl_inst|uart_tx:tx_inst|timeout_cnt[7] ; uart_controller:uart_ctrl_inst|baud_rate_gen:brg_inst|uart_tick ; uart_controller:uart_ctrl_inst|baud_rate_gen:brg_inst|uart_tick ; 0.000        ; 0.000      ; 1.841      ;
; 1.576 ; uart_controller:uart_ctrl_inst|uart_tx:tx_inst|state.DATA     ; uart_controller:uart_ctrl_inst|uart_tx:tx_inst|tx_reg[3]      ; uart_controller:uart_ctrl_inst|baud_rate_gen:brg_inst|uart_tick ; uart_controller:uart_ctrl_inst|baud_rate_gen:brg_inst|uart_tick ; 0.000        ; 0.001      ; 1.843      ;
; 1.603 ; uart_controller:uart_ctrl_inst|uart_tx:tx_inst|state.IDLE     ; uart_controller:uart_ctrl_inst|uart_tx:tx_inst|state.START    ; uart_controller:uart_ctrl_inst|baud_rate_gen:brg_inst|uart_tick ; uart_controller:uart_ctrl_inst|baud_rate_gen:brg_inst|uart_tick ; 0.000        ; 0.000      ; 1.869      ;
; 1.618 ; uart_controller:uart_ctrl_inst|uart_tx:tx_inst|timeout_cnt[0] ; uart_controller:uart_ctrl_inst|uart_tx:tx_inst|timeout_cnt[6] ; uart_controller:uart_ctrl_inst|baud_rate_gen:brg_inst|uart_tick ; uart_controller:uart_ctrl_inst|baud_rate_gen:brg_inst|uart_tick ; 0.000        ; 0.000      ; 1.884      ;
; 1.672 ; uart_controller:uart_ctrl_inst|uart_tx:tx_inst|state.STOP     ; uart_controller:uart_ctrl_inst|uart_tx:tx_inst|tx_reg[2]      ; uart_controller:uart_ctrl_inst|baud_rate_gen:brg_inst|uart_tick ; uart_controller:uart_ctrl_inst|baud_rate_gen:brg_inst|uart_tick ; 0.000        ; 0.000      ; 1.938      ;
; 1.689 ; uart_controller:uart_ctrl_inst|uart_tx:tx_inst|timeout_cnt[0] ; uart_controller:uart_ctrl_inst|uart_tx:tx_inst|timeout_cnt[7] ; uart_controller:uart_ctrl_inst|baud_rate_gen:brg_inst|uart_tick ; uart_controller:uart_ctrl_inst|baud_rate_gen:brg_inst|uart_tick ; 0.000        ; 0.000      ; 1.955      ;
; 1.777 ; uart_controller:uart_ctrl_inst|uart_tx:tx_inst|state.STOP     ; uart_controller:uart_ctrl_inst|uart_tx:tx_inst|tx_reg[1]      ; uart_controller:uart_ctrl_inst|baud_rate_gen:brg_inst|uart_tick ; uart_controller:uart_ctrl_inst|baud_rate_gen:brg_inst|uart_tick ; 0.000        ; 0.004      ; 2.047      ;
; 1.777 ; uart_controller:uart_ctrl_inst|uart_tx:tx_inst|state.STOP     ; uart_controller:uart_ctrl_inst|uart_tx:tx_inst|tx_reg[0]      ; uart_controller:uart_ctrl_inst|baud_rate_gen:brg_inst|uart_tick ; uart_controller:uart_ctrl_inst|baud_rate_gen:brg_inst|uart_tick ; 0.000        ; 0.004      ; 2.047      ;
; 1.782 ; uart_controller:uart_ctrl_inst|uart_tx:tx_inst|state.DATA     ; uart_controller:uart_ctrl_inst|uart_tx:tx_inst|bit_cnt[2]     ; uart_controller:uart_ctrl_inst|baud_rate_gen:brg_inst|uart_tick ; uart_controller:uart_ctrl_inst|baud_rate_gen:brg_inst|uart_tick ; 0.000        ; 0.001      ; 2.049      ;
; 1.850 ; uart_controller:uart_ctrl_inst|uart_tx:tx_inst|state.START    ; uart_controller:uart_ctrl_inst|uart_tx:tx_inst|state.DATA     ; uart_controller:uart_ctrl_inst|baud_rate_gen:brg_inst|uart_tick ; uart_controller:uart_ctrl_inst|baud_rate_gen:brg_inst|uart_tick ; 0.000        ; 0.000      ; 2.116      ;
; 1.854 ; uart_controller:uart_ctrl_inst|uart_tx:tx_inst|state.START    ; uart_controller:uart_ctrl_inst|uart_tx:tx_inst|state.IDLE     ; uart_controller:uart_ctrl_inst|baud_rate_gen:brg_inst|uart_tick ; uart_controller:uart_ctrl_inst|baud_rate_gen:brg_inst|uart_tick ; 0.000        ; 0.000      ; 2.120      ;
; 1.864 ; uart_controller:uart_ctrl_inst|uart_tx:tx_inst|state.START    ; uart_controller:uart_ctrl_inst|uart_tx:tx_inst|bit_cnt[1]     ; uart_controller:uart_ctrl_inst|baud_rate_gen:brg_inst|uart_tick ; uart_controller:uart_ctrl_inst|baud_rate_gen:brg_inst|uart_tick ; 0.000        ; 0.001      ; 2.131      ;
; 1.880 ; uart_controller:uart_ctrl_inst|uart_tx:tx_inst|state.IDLE     ; uart_controller:uart_ctrl_inst|uart_tx:tx_inst|tx_reg[3]      ; uart_controller:uart_ctrl_inst|baud_rate_gen:brg_inst|uart_tick ; uart_controller:uart_ctrl_inst|baud_rate_gen:brg_inst|uart_tick ; 0.000        ; 0.001      ; 2.147      ;
; 1.908 ; uart_controller:uart_ctrl_inst|uart_tx:tx_inst|timeout_cnt[6] ; uart_controller:uart_ctrl_inst|uart_tx:tx_inst|state.DATA     ; uart_controller:uart_ctrl_inst|baud_rate_gen:brg_inst|uart_tick ; uart_controller:uart_ctrl_inst|baud_rate_gen:brg_inst|uart_tick ; 0.000        ; -0.031     ; 2.143      ;
; 1.946 ; uart_controller:uart_ctrl_inst|uart_tx:tx_inst|state.IDLE     ; uart_controller:uart_ctrl_inst|uart_tx:tx_inst|tx_reg[4]      ; uart_controller:uart_ctrl_inst|baud_rate_gen:brg_inst|uart_tick ; uart_controller:uart_ctrl_inst|baud_rate_gen:brg_inst|uart_tick ; 0.000        ; 0.001      ; 2.213      ;
; 2.136 ; uart_controller:uart_ctrl_inst|uart_tx:tx_inst|timeout_cnt[7] ; uart_controller:uart_ctrl_inst|uart_tx:tx_inst|state.DATA     ; uart_controller:uart_ctrl_inst|baud_rate_gen:brg_inst|uart_tick ; uart_controller:uart_ctrl_inst|baud_rate_gen:brg_inst|uart_tick ; 0.000        ; -0.031     ; 2.371      ;
+-------+---------------------------------------------------------------+---------------------------------------------------------------+-----------------------------------------------------------------+-----------------------------------------------------------------+--------------+------------+------------+


+------------------------------------------------------------------------------------------------------------------------------------------------------------------------------------------------------------------------------------------------+
; Slow Model Recovery: 'uart_controller:uart_ctrl_inst|baud_rate_gen:brg_inst|ov_tick'                                                                                                                                                           ;
+--------+-----------------------------------------+---------------------------------------------------------------------+--------------+---------------------------------------------------------------+--------------+------------+------------+
; Slack  ; From Node                               ; To Node                                                             ; Launch Clock ; Latch Clock                                                   ; Relationship ; Clock Skew ; Data Delay ;
+--------+-----------------------------------------+---------------------------------------------------------------------+--------------+---------------------------------------------------------------+--------------+------------+------------+
; -1.247 ; uart_rx_packet_new:packet_inst|rx_clear ; uart_controller:uart_ctrl_inst|uart_rx:rx_inst|valid_timeout_cnt[0] ; CLOCK_50     ; uart_controller:uart_ctrl_inst|baud_rate_gen:brg_inst|ov_tick ; 1.000        ; -0.389     ; 1.894      ;
; -1.247 ; uart_rx_packet_new:packet_inst|rx_clear ; uart_controller:uart_ctrl_inst|uart_rx:rx_inst|valid_timeout_cnt[1] ; CLOCK_50     ; uart_controller:uart_ctrl_inst|baud_rate_gen:brg_inst|ov_tick ; 1.000        ; -0.389     ; 1.894      ;
; -1.247 ; uart_rx_packet_new:packet_inst|rx_clear ; uart_controller:uart_ctrl_inst|uart_rx:rx_inst|valid_timeout_cnt[2] ; CLOCK_50     ; uart_controller:uart_ctrl_inst|baud_rate_gen:brg_inst|ov_tick ; 1.000        ; -0.389     ; 1.894      ;
; -1.247 ; uart_rx_packet_new:packet_inst|rx_clear ; uart_controller:uart_ctrl_inst|uart_rx:rx_inst|valid_timeout_cnt[4] ; CLOCK_50     ; uart_controller:uart_ctrl_inst|baud_rate_gen:brg_inst|ov_tick ; 1.000        ; -0.389     ; 1.894      ;
; -1.247 ; uart_rx_packet_new:packet_inst|rx_clear ; uart_controller:uart_ctrl_inst|uart_rx:rx_inst|valid_timeout_cnt[5] ; CLOCK_50     ; uart_controller:uart_ctrl_inst|baud_rate_gen:brg_inst|ov_tick ; 1.000        ; -0.389     ; 1.894      ;
; -1.247 ; uart_rx_packet_new:packet_inst|rx_clear ; uart_controller:uart_ctrl_inst|uart_rx:rx_inst|valid_timeout_cnt[6] ; CLOCK_50     ; uart_controller:uart_ctrl_inst|baud_rate_gen:brg_inst|ov_tick ; 1.000        ; -0.389     ; 1.894      ;
; -1.247 ; uart_rx_packet_new:packet_inst|rx_clear ; uart_controller:uart_ctrl_inst|uart_rx:rx_inst|valid_timeout_cnt[7] ; CLOCK_50     ; uart_controller:uart_ctrl_inst|baud_rate_gen:brg_inst|ov_tick ; 1.000        ; -0.389     ; 1.894      ;
; -1.247 ; uart_rx_packet_new:packet_inst|rx_clear ; uart_controller:uart_ctrl_inst|uart_rx:rx_inst|valid_timeout_cnt[3] ; CLOCK_50     ; uart_controller:uart_ctrl_inst|baud_rate_gen:brg_inst|ov_tick ; 1.000        ; -0.389     ; 1.894      ;
; -1.247 ; uart_rx_packet_new:packet_inst|rx_clear ; uart_controller:uart_ctrl_inst|uart_rx:rx_inst|rx_valid             ; CLOCK_50     ; uart_controller:uart_ctrl_inst|baud_rate_gen:brg_inst|ov_tick ; 1.000        ; -0.389     ; 1.894      ;
+--------+-----------------------------------------+---------------------------------------------------------------------+--------------+---------------------------------------------------------------+--------------+------------+------------+


+-----------------------------------------------------------------------------------------------------------------------------------------------------------------------------------------------------------------------------------------------+
; Slow Model Removal: 'uart_controller:uart_ctrl_inst|baud_rate_gen:brg_inst|ov_tick'                                                                                                                                                           ;
+-------+-----------------------------------------+---------------------------------------------------------------------+--------------+---------------------------------------------------------------+--------------+------------+------------+
; Slack ; From Node                               ; To Node                                                             ; Launch Clock ; Latch Clock                                                   ; Relationship ; Clock Skew ; Data Delay ;
+-------+-----------------------------------------+---------------------------------------------------------------------+--------------+---------------------------------------------------------------+--------------+------------+------------+
; 2.017 ; uart_rx_packet_new:packet_inst|rx_clear ; uart_controller:uart_ctrl_inst|uart_rx:rx_inst|valid_timeout_cnt[0] ; CLOCK_50     ; uart_controller:uart_ctrl_inst|baud_rate_gen:brg_inst|ov_tick ; 0.000        ; -0.389     ; 1.894      ;
; 2.017 ; uart_rx_packet_new:packet_inst|rx_clear ; uart_controller:uart_ctrl_inst|uart_rx:rx_inst|valid_timeout_cnt[1] ; CLOCK_50     ; uart_controller:uart_ctrl_inst|baud_rate_gen:brg_inst|ov_tick ; 0.000        ; -0.389     ; 1.894      ;
; 2.017 ; uart_rx_packet_new:packet_inst|rx_clear ; uart_controller:uart_ctrl_inst|uart_rx:rx_inst|valid_timeout_cnt[2] ; CLOCK_50     ; uart_controller:uart_ctrl_inst|baud_rate_gen:brg_inst|ov_tick ; 0.000        ; -0.389     ; 1.894      ;
; 2.017 ; uart_rx_packet_new:packet_inst|rx_clear ; uart_controller:uart_ctrl_inst|uart_rx:rx_inst|valid_timeout_cnt[4] ; CLOCK_50     ; uart_controller:uart_ctrl_inst|baud_rate_gen:brg_inst|ov_tick ; 0.000        ; -0.389     ; 1.894      ;
; 2.017 ; uart_rx_packet_new:packet_inst|rx_clear ; uart_controller:uart_ctrl_inst|uart_rx:rx_inst|valid_timeout_cnt[5] ; CLOCK_50     ; uart_controller:uart_ctrl_inst|baud_rate_gen:brg_inst|ov_tick ; 0.000        ; -0.389     ; 1.894      ;
; 2.017 ; uart_rx_packet_new:packet_inst|rx_clear ; uart_controller:uart_ctrl_inst|uart_rx:rx_inst|valid_timeout_cnt[6] ; CLOCK_50     ; uart_controller:uart_ctrl_inst|baud_rate_gen:brg_inst|ov_tick ; 0.000        ; -0.389     ; 1.894      ;
; 2.017 ; uart_rx_packet_new:packet_inst|rx_clear ; uart_controller:uart_ctrl_inst|uart_rx:rx_inst|valid_timeout_cnt[7] ; CLOCK_50     ; uart_controller:uart_ctrl_inst|baud_rate_gen:brg_inst|ov_tick ; 0.000        ; -0.389     ; 1.894      ;
; 2.017 ; uart_rx_packet_new:packet_inst|rx_clear ; uart_controller:uart_ctrl_inst|uart_rx:rx_inst|valid_timeout_cnt[3] ; CLOCK_50     ; uart_controller:uart_ctrl_inst|baud_rate_gen:brg_inst|ov_tick ; 0.000        ; -0.389     ; 1.894      ;
; 2.017 ; uart_rx_packet_new:packet_inst|rx_clear ; uart_controller:uart_ctrl_inst|uart_rx:rx_inst|rx_valid             ; CLOCK_50     ; uart_controller:uart_ctrl_inst|baud_rate_gen:brg_inst|ov_tick ; 0.000        ; -0.389     ; 1.894      ;
+-------+-----------------------------------------+---------------------------------------------------------------------+--------------+---------------------------------------------------------------+--------------+------------+------------+


+-----------------------------------------------------------------------------------------------------------------------------------------------------------------------------------------------------------+
; Slow Model Minimum Pulse Width: 'CLOCK_50'                                                                                                                                                                ;
+--------+--------------+----------------+------------------+----------+------------+-----------------------------------------------------------------------------------------------------------------------+
; Slack  ; Actual Width ; Required Width ; Type             ; Clock    ; Clock Edge ; Target                                                                                                                ;
+--------+--------------+----------------+------------------+----------+------------+-----------------------------------------------------------------------------------------------------------------------+
; -1.627 ; 0.500        ; 2.127          ; High Pulse Width ; CLOCK_50 ; Rise       ; uart_rx_packet_new:packet_inst|altsyncram:buffer_rtl_0|altsyncram_09c1:auto_generated|ram_block1a0~porta_address_reg0 ;
; -1.627 ; 0.500        ; 2.127          ; Low Pulse Width  ; CLOCK_50 ; Rise       ; uart_rx_packet_new:packet_inst|altsyncram:buffer_rtl_0|altsyncram_09c1:auto_generated|ram_block1a0~porta_address_reg0 ;
; -1.627 ; 0.500        ; 2.127          ; High Pulse Width ; CLOCK_50 ; Rise       ; uart_rx_packet_new:packet_inst|altsyncram:buffer_rtl_0|altsyncram_09c1:auto_generated|ram_block1a0~porta_address_reg1 ;
; -1.627 ; 0.500        ; 2.127          ; Low Pulse Width  ; CLOCK_50 ; Rise       ; uart_rx_packet_new:packet_inst|altsyncram:buffer_rtl_0|altsyncram_09c1:auto_generated|ram_block1a0~porta_address_reg1 ;
; -1.627 ; 0.500        ; 2.127          ; High Pulse Width ; CLOCK_50 ; Rise       ; uart_rx_packet_new:packet_inst|altsyncram:buffer_rtl_0|altsyncram_09c1:auto_generated|ram_block1a0~porta_address_reg2 ;
; -1.627 ; 0.500        ; 2.127          ; Low Pulse Width  ; CLOCK_50 ; Rise       ; uart_rx_packet_new:packet_inst|altsyncram:buffer_rtl_0|altsyncram_09c1:auto_generated|ram_block1a0~porta_address_reg2 ;
; -1.627 ; 0.500        ; 2.127          ; High Pulse Width ; CLOCK_50 ; Rise       ; uart_rx_packet_new:packet_inst|altsyncram:buffer_rtl_0|altsyncram_09c1:auto_generated|ram_block1a0~porta_address_reg3 ;
; -1.627 ; 0.500        ; 2.127          ; Low Pulse Width  ; CLOCK_50 ; Rise       ; uart_rx_packet_new:packet_inst|altsyncram:buffer_rtl_0|altsyncram_09c1:auto_generated|ram_block1a0~porta_address_reg3 ;
; -1.627 ; 0.500        ; 2.127          ; High Pulse Width ; CLOCK_50 ; Rise       ; uart_rx_packet_new:packet_inst|altsyncram:buffer_rtl_0|altsyncram_09c1:auto_generated|ram_block1a0~porta_address_reg4 ;
; -1.627 ; 0.500        ; 2.127          ; Low Pulse Width  ; CLOCK_50 ; Rise       ; uart_rx_packet_new:packet_inst|altsyncram:buffer_rtl_0|altsyncram_09c1:auto_generated|ram_block1a0~porta_address_reg4 ;
; -1.627 ; 0.500        ; 2.127          ; High Pulse Width ; CLOCK_50 ; Rise       ; uart_rx_packet_new:packet_inst|altsyncram:buffer_rtl_0|altsyncram_09c1:auto_generated|ram_block1a0~porta_address_reg5 ;
; -1.627 ; 0.500        ; 2.127          ; Low Pulse Width  ; CLOCK_50 ; Rise       ; uart_rx_packet_new:packet_inst|altsyncram:buffer_rtl_0|altsyncram_09c1:auto_generated|ram_block1a0~porta_address_reg5 ;
; -1.627 ; 0.500        ; 2.127          ; High Pulse Width ; CLOCK_50 ; Rise       ; uart_rx_packet_new:packet_inst|altsyncram:buffer_rtl_0|altsyncram_09c1:auto_generated|ram_block1a0~porta_address_reg6 ;
; -1.627 ; 0.500        ; 2.127          ; Low Pulse Width  ; CLOCK_50 ; Rise       ; uart_rx_packet_new:packet_inst|altsyncram:buffer_rtl_0|altsyncram_09c1:auto_generated|ram_block1a0~porta_address_reg6 ;
; -1.627 ; 0.500        ; 2.127          ; High Pulse Width ; CLOCK_50 ; Rise       ; uart_rx_packet_new:packet_inst|altsyncram:buffer_rtl_0|altsyncram_09c1:auto_generated|ram_block1a0~porta_address_reg7 ;
; -1.627 ; 0.500        ; 2.127          ; Low Pulse Width  ; CLOCK_50 ; Rise       ; uart_rx_packet_new:packet_inst|altsyncram:buffer_rtl_0|altsyncram_09c1:auto_generated|ram_block1a0~porta_address_reg7 ;
; -1.627 ; 0.500        ; 2.127          ; High Pulse Width ; CLOCK_50 ; Rise       ; uart_rx_packet_new:packet_inst|altsyncram:buffer_rtl_0|altsyncram_09c1:auto_generated|ram_block1a0~porta_datain_reg0  ;
; -1.627 ; 0.500        ; 2.127          ; Low Pulse Width  ; CLOCK_50 ; Rise       ; uart_rx_packet_new:packet_inst|altsyncram:buffer_rtl_0|altsyncram_09c1:auto_generated|ram_block1a0~porta_datain_reg0  ;
; -1.627 ; 0.500        ; 2.127          ; High Pulse Width ; CLOCK_50 ; Rise       ; uart_rx_packet_new:packet_inst|altsyncram:buffer_rtl_0|altsyncram_09c1:auto_generated|ram_block1a0~porta_datain_reg1  ;
; -1.627 ; 0.500        ; 2.127          ; Low Pulse Width  ; CLOCK_50 ; Rise       ; uart_rx_packet_new:packet_inst|altsyncram:buffer_rtl_0|altsyncram_09c1:auto_generated|ram_block1a0~porta_datain_reg1  ;
; -1.627 ; 0.500        ; 2.127          ; High Pulse Width ; CLOCK_50 ; Rise       ; uart_rx_packet_new:packet_inst|altsyncram:buffer_rtl_0|altsyncram_09c1:auto_generated|ram_block1a0~porta_datain_reg2  ;
; -1.627 ; 0.500        ; 2.127          ; Low Pulse Width  ; CLOCK_50 ; Rise       ; uart_rx_packet_new:packet_inst|altsyncram:buffer_rtl_0|altsyncram_09c1:auto_generated|ram_block1a0~porta_datain_reg2  ;
; -1.627 ; 0.500        ; 2.127          ; High Pulse Width ; CLOCK_50 ; Rise       ; uart_rx_packet_new:packet_inst|altsyncram:buffer_rtl_0|altsyncram_09c1:auto_generated|ram_block1a0~porta_datain_reg3  ;
; -1.627 ; 0.500        ; 2.127          ; Low Pulse Width  ; CLOCK_50 ; Rise       ; uart_rx_packet_new:packet_inst|altsyncram:buffer_rtl_0|altsyncram_09c1:auto_generated|ram_block1a0~porta_datain_reg3  ;
; -1.627 ; 0.500        ; 2.127          ; High Pulse Width ; CLOCK_50 ; Rise       ; uart_rx_packet_new:packet_inst|altsyncram:buffer_rtl_0|altsyncram_09c1:auto_generated|ram_block1a0~porta_datain_reg4  ;
; -1.627 ; 0.500        ; 2.127          ; Low Pulse Width  ; CLOCK_50 ; Rise       ; uart_rx_packet_new:packet_inst|altsyncram:buffer_rtl_0|altsyncram_09c1:auto_generated|ram_block1a0~porta_datain_reg4  ;
; -1.627 ; 0.500        ; 2.127          ; High Pulse Width ; CLOCK_50 ; Rise       ; uart_rx_packet_new:packet_inst|altsyncram:buffer_rtl_0|altsyncram_09c1:auto_generated|ram_block1a0~porta_datain_reg5  ;
; -1.627 ; 0.500        ; 2.127          ; Low Pulse Width  ; CLOCK_50 ; Rise       ; uart_rx_packet_new:packet_inst|altsyncram:buffer_rtl_0|altsyncram_09c1:auto_generated|ram_block1a0~porta_datain_reg5  ;
; -1.627 ; 0.500        ; 2.127          ; High Pulse Width ; CLOCK_50 ; Rise       ; uart_rx_packet_new:packet_inst|altsyncram:buffer_rtl_0|altsyncram_09c1:auto_generated|ram_block1a0~porta_datain_reg6  ;
; -1.627 ; 0.500        ; 2.127          ; Low Pulse Width  ; CLOCK_50 ; Rise       ; uart_rx_packet_new:packet_inst|altsyncram:buffer_rtl_0|altsyncram_09c1:auto_generated|ram_block1a0~porta_datain_reg6  ;
; -1.627 ; 0.500        ; 2.127          ; High Pulse Width ; CLOCK_50 ; Rise       ; uart_rx_packet_new:packet_inst|altsyncram:buffer_rtl_0|altsyncram_09c1:auto_generated|ram_block1a0~porta_datain_reg7  ;
; -1.627 ; 0.500        ; 2.127          ; Low Pulse Width  ; CLOCK_50 ; Rise       ; uart_rx_packet_new:packet_inst|altsyncram:buffer_rtl_0|altsyncram_09c1:auto_generated|ram_block1a0~porta_datain_reg7  ;
; -1.627 ; 0.500        ; 2.127          ; High Pulse Width ; CLOCK_50 ; Rise       ; uart_rx_packet_new:packet_inst|altsyncram:buffer_rtl_0|altsyncram_09c1:auto_generated|ram_block1a0~porta_memory_reg0  ;
; -1.627 ; 0.500        ; 2.127          ; Low Pulse Width  ; CLOCK_50 ; Rise       ; uart_rx_packet_new:packet_inst|altsyncram:buffer_rtl_0|altsyncram_09c1:auto_generated|ram_block1a0~porta_memory_reg0  ;
; -1.627 ; 0.500        ; 2.127          ; High Pulse Width ; CLOCK_50 ; Rise       ; uart_rx_packet_new:packet_inst|altsyncram:buffer_rtl_0|altsyncram_09c1:auto_generated|ram_block1a0~porta_we_reg       ;
; -1.627 ; 0.500        ; 2.127          ; Low Pulse Width  ; CLOCK_50 ; Rise       ; uart_rx_packet_new:packet_inst|altsyncram:buffer_rtl_0|altsyncram_09c1:auto_generated|ram_block1a0~porta_we_reg       ;
; -1.627 ; 0.500        ; 2.127          ; High Pulse Width ; CLOCK_50 ; Rise       ; uart_rx_packet_new:packet_inst|altsyncram:buffer_rtl_0|altsyncram_09c1:auto_generated|ram_block1a0~portb_address_reg0 ;
; -1.627 ; 0.500        ; 2.127          ; Low Pulse Width  ; CLOCK_50 ; Rise       ; uart_rx_packet_new:packet_inst|altsyncram:buffer_rtl_0|altsyncram_09c1:auto_generated|ram_block1a0~portb_address_reg0 ;
; -1.627 ; 0.500        ; 2.127          ; High Pulse Width ; CLOCK_50 ; Rise       ; uart_rx_packet_new:packet_inst|altsyncram:buffer_rtl_0|altsyncram_09c1:auto_generated|ram_block1a0~portb_address_reg1 ;
; -1.627 ; 0.500        ; 2.127          ; Low Pulse Width  ; CLOCK_50 ; Rise       ; uart_rx_packet_new:packet_inst|altsyncram:buffer_rtl_0|altsyncram_09c1:auto_generated|ram_block1a0~portb_address_reg1 ;
; -1.627 ; 0.500        ; 2.127          ; High Pulse Width ; CLOCK_50 ; Rise       ; uart_rx_packet_new:packet_inst|altsyncram:buffer_rtl_0|altsyncram_09c1:auto_generated|ram_block1a0~portb_address_reg2 ;
; -1.627 ; 0.500        ; 2.127          ; Low Pulse Width  ; CLOCK_50 ; Rise       ; uart_rx_packet_new:packet_inst|altsyncram:buffer_rtl_0|altsyncram_09c1:auto_generated|ram_block1a0~portb_address_reg2 ;
; -1.627 ; 0.500        ; 2.127          ; High Pulse Width ; CLOCK_50 ; Rise       ; uart_rx_packet_new:packet_inst|altsyncram:buffer_rtl_0|altsyncram_09c1:auto_generated|ram_block1a0~portb_address_reg3 ;
; -1.627 ; 0.500        ; 2.127          ; Low Pulse Width  ; CLOCK_50 ; Rise       ; uart_rx_packet_new:packet_inst|altsyncram:buffer_rtl_0|altsyncram_09c1:auto_generated|ram_block1a0~portb_address_reg3 ;
; -1.627 ; 0.500        ; 2.127          ; High Pulse Width ; CLOCK_50 ; Rise       ; uart_rx_packet_new:packet_inst|altsyncram:buffer_rtl_0|altsyncram_09c1:auto_generated|ram_block1a0~portb_address_reg4 ;
; -1.627 ; 0.500        ; 2.127          ; Low Pulse Width  ; CLOCK_50 ; Rise       ; uart_rx_packet_new:packet_inst|altsyncram:buffer_rtl_0|altsyncram_09c1:auto_generated|ram_block1a0~portb_address_reg4 ;
; -1.627 ; 0.500        ; 2.127          ; High Pulse Width ; CLOCK_50 ; Rise       ; uart_rx_packet_new:packet_inst|altsyncram:buffer_rtl_0|altsyncram_09c1:auto_generated|ram_block1a0~portb_address_reg5 ;
; -1.627 ; 0.500        ; 2.127          ; Low Pulse Width  ; CLOCK_50 ; Rise       ; uart_rx_packet_new:packet_inst|altsyncram:buffer_rtl_0|altsyncram_09c1:auto_generated|ram_block1a0~portb_address_reg5 ;
; -1.627 ; 0.500        ; 2.127          ; High Pulse Width ; CLOCK_50 ; Rise       ; uart_rx_packet_new:packet_inst|altsyncram:buffer_rtl_0|altsyncram_09c1:auto_generated|ram_block1a0~portb_address_reg6 ;
; -1.627 ; 0.500        ; 2.127          ; Low Pulse Width  ; CLOCK_50 ; Rise       ; uart_rx_packet_new:packet_inst|altsyncram:buffer_rtl_0|altsyncram_09c1:auto_generated|ram_block1a0~portb_address_reg6 ;
; -1.627 ; 0.500        ; 2.127          ; High Pulse Width ; CLOCK_50 ; Rise       ; uart_rx_packet_new:packet_inst|altsyncram:buffer_rtl_0|altsyncram_09c1:auto_generated|ram_block1a0~portb_address_reg7 ;
; -1.627 ; 0.500        ; 2.127          ; Low Pulse Width  ; CLOCK_50 ; Rise       ; uart_rx_packet_new:packet_inst|altsyncram:buffer_rtl_0|altsyncram_09c1:auto_generated|ram_block1a0~portb_address_reg7 ;
; -1.627 ; 0.500        ; 2.127          ; High Pulse Width ; CLOCK_50 ; Rise       ; uart_rx_packet_new:packet_inst|altsyncram:buffer_rtl_0|altsyncram_09c1:auto_generated|ram_block1a1~porta_memory_reg0  ;
; -1.627 ; 0.500        ; 2.127          ; Low Pulse Width  ; CLOCK_50 ; Rise       ; uart_rx_packet_new:packet_inst|altsyncram:buffer_rtl_0|altsyncram_09c1:auto_generated|ram_block1a1~porta_memory_reg0  ;
; -1.627 ; 0.500        ; 2.127          ; High Pulse Width ; CLOCK_50 ; Rise       ; uart_rx_packet_new:packet_inst|altsyncram:buffer_rtl_0|altsyncram_09c1:auto_generated|ram_block1a2~porta_memory_reg0  ;
; -1.627 ; 0.500        ; 2.127          ; Low Pulse Width  ; CLOCK_50 ; Rise       ; uart_rx_packet_new:packet_inst|altsyncram:buffer_rtl_0|altsyncram_09c1:auto_generated|ram_block1a2~porta_memory_reg0  ;
; -1.627 ; 0.500        ; 2.127          ; High Pulse Width ; CLOCK_50 ; Rise       ; uart_rx_packet_new:packet_inst|altsyncram:buffer_rtl_0|altsyncram_09c1:auto_generated|ram_block1a3~porta_memory_reg0  ;
; -1.627 ; 0.500        ; 2.127          ; Low Pulse Width  ; CLOCK_50 ; Rise       ; uart_rx_packet_new:packet_inst|altsyncram:buffer_rtl_0|altsyncram_09c1:auto_generated|ram_block1a3~porta_memory_reg0  ;
; -1.627 ; 0.500        ; 2.127          ; High Pulse Width ; CLOCK_50 ; Rise       ; uart_rx_packet_new:packet_inst|altsyncram:buffer_rtl_0|altsyncram_09c1:auto_generated|ram_block1a4~porta_memory_reg0  ;
; -1.627 ; 0.500        ; 2.127          ; Low Pulse Width  ; CLOCK_50 ; Rise       ; uart_rx_packet_new:packet_inst|altsyncram:buffer_rtl_0|altsyncram_09c1:auto_generated|ram_block1a4~porta_memory_reg0  ;
; -1.627 ; 0.500        ; 2.127          ; High Pulse Width ; CLOCK_50 ; Rise       ; uart_rx_packet_new:packet_inst|altsyncram:buffer_rtl_0|altsyncram_09c1:auto_generated|ram_block1a5~porta_memory_reg0  ;
; -1.627 ; 0.500        ; 2.127          ; Low Pulse Width  ; CLOCK_50 ; Rise       ; uart_rx_packet_new:packet_inst|altsyncram:buffer_rtl_0|altsyncram_09c1:auto_generated|ram_block1a5~porta_memory_reg0  ;
; -1.627 ; 0.500        ; 2.127          ; High Pulse Width ; CLOCK_50 ; Rise       ; uart_rx_packet_new:packet_inst|altsyncram:buffer_rtl_0|altsyncram_09c1:auto_generated|ram_block1a6~porta_memory_reg0  ;
; -1.627 ; 0.500        ; 2.127          ; Low Pulse Width  ; CLOCK_50 ; Rise       ; uart_rx_packet_new:packet_inst|altsyncram:buffer_rtl_0|altsyncram_09c1:auto_generated|ram_block1a6~porta_memory_reg0  ;
; -1.627 ; 0.500        ; 2.127          ; High Pulse Width ; CLOCK_50 ; Rise       ; uart_rx_packet_new:packet_inst|altsyncram:buffer_rtl_0|altsyncram_09c1:auto_generated|ram_block1a7~porta_memory_reg0  ;
; -1.627 ; 0.500        ; 2.127          ; Low Pulse Width  ; CLOCK_50 ; Rise       ; uart_rx_packet_new:packet_inst|altsyncram:buffer_rtl_0|altsyncram_09c1:auto_generated|ram_block1a7~porta_memory_reg0  ;
; -1.380 ; 1.000        ; 2.380          ; Port Rate        ; CLOCK_50 ; Rise       ; CLOCK_50                                                                                                              ;
; -0.500 ; 0.500        ; 1.000          ; High Pulse Width ; CLOCK_50 ; Rise       ; packet_cnt[0]                                                                                                         ;
; -0.500 ; 0.500        ; 1.000          ; Low Pulse Width  ; CLOCK_50 ; Rise       ; packet_cnt[0]                                                                                                         ;
; -0.500 ; 0.500        ; 1.000          ; High Pulse Width ; CLOCK_50 ; Rise       ; packet_cnt[10]                                                                                                        ;
; -0.500 ; 0.500        ; 1.000          ; Low Pulse Width  ; CLOCK_50 ; Rise       ; packet_cnt[10]                                                                                                        ;
; -0.500 ; 0.500        ; 1.000          ; High Pulse Width ; CLOCK_50 ; Rise       ; packet_cnt[11]                                                                                                        ;
; -0.500 ; 0.500        ; 1.000          ; Low Pulse Width  ; CLOCK_50 ; Rise       ; packet_cnt[11]                                                                                                        ;
; -0.500 ; 0.500        ; 1.000          ; High Pulse Width ; CLOCK_50 ; Rise       ; packet_cnt[1]                                                                                                         ;
; -0.500 ; 0.500        ; 1.000          ; Low Pulse Width  ; CLOCK_50 ; Rise       ; packet_cnt[1]                                                                                                         ;
; -0.500 ; 0.500        ; 1.000          ; High Pulse Width ; CLOCK_50 ; Rise       ; packet_cnt[2]                                                                                                         ;
; -0.500 ; 0.500        ; 1.000          ; Low Pulse Width  ; CLOCK_50 ; Rise       ; packet_cnt[2]                                                                                                         ;
; -0.500 ; 0.500        ; 1.000          ; High Pulse Width ; CLOCK_50 ; Rise       ; packet_cnt[3]                                                                                                         ;
; -0.500 ; 0.500        ; 1.000          ; Low Pulse Width  ; CLOCK_50 ; Rise       ; packet_cnt[3]                                                                                                         ;
; -0.500 ; 0.500        ; 1.000          ; High Pulse Width ; CLOCK_50 ; Rise       ; packet_cnt[4]                                                                                                         ;
; -0.500 ; 0.500        ; 1.000          ; Low Pulse Width  ; CLOCK_50 ; Rise       ; packet_cnt[4]                                                                                                         ;
; -0.500 ; 0.500        ; 1.000          ; High Pulse Width ; CLOCK_50 ; Rise       ; packet_cnt[5]                                                                                                         ;
; -0.500 ; 0.500        ; 1.000          ; Low Pulse Width  ; CLOCK_50 ; Rise       ; packet_cnt[5]                                                                                                         ;
; -0.500 ; 0.500        ; 1.000          ; High Pulse Width ; CLOCK_50 ; Rise       ; packet_cnt[6]                                                                                                         ;
; -0.500 ; 0.500        ; 1.000          ; Low Pulse Width  ; CLOCK_50 ; Rise       ; packet_cnt[6]                                                                                                         ;
; -0.500 ; 0.500        ; 1.000          ; High Pulse Width ; CLOCK_50 ; Rise       ; packet_cnt[7]                                                                                                         ;
; -0.500 ; 0.500        ; 1.000          ; Low Pulse Width  ; CLOCK_50 ; Rise       ; packet_cnt[7]                                                                                                         ;
; -0.500 ; 0.500        ; 1.000          ; High Pulse Width ; CLOCK_50 ; Rise       ; packet_cnt[8]                                                                                                         ;
; -0.500 ; 0.500        ; 1.000          ; Low Pulse Width  ; CLOCK_50 ; Rise       ; packet_cnt[8]                                                                                                         ;
; -0.500 ; 0.500        ; 1.000          ; High Pulse Width ; CLOCK_50 ; Rise       ; packet_cnt[9]                                                                                                         ;
; -0.500 ; 0.500        ; 1.000          ; Low Pulse Width  ; CLOCK_50 ; Rise       ; packet_cnt[9]                                                                                                         ;
; -0.500 ; 0.500        ; 1.000          ; High Pulse Width ; CLOCK_50 ; Rise       ; packet_valid_d                                                                                                        ;
; -0.500 ; 0.500        ; 1.000          ; Low Pulse Width  ; CLOCK_50 ; Rise       ; packet_valid_d                                                                                                        ;
; -0.500 ; 0.500        ; 1.000          ; High Pulse Width ; CLOCK_50 ; Rise       ; sram_packet_writer:sram_writer_inst|addr_latch[0]                                                                     ;
; -0.500 ; 0.500        ; 1.000          ; Low Pulse Width  ; CLOCK_50 ; Rise       ; sram_packet_writer:sram_writer_inst|addr_latch[0]                                                                     ;
; -0.500 ; 0.500        ; 1.000          ; High Pulse Width ; CLOCK_50 ; Rise       ; sram_packet_writer:sram_writer_inst|addr_latch[10]                                                                    ;
; -0.500 ; 0.500        ; 1.000          ; Low Pulse Width  ; CLOCK_50 ; Rise       ; sram_packet_writer:sram_writer_inst|addr_latch[10]                                                                    ;
; -0.500 ; 0.500        ; 1.000          ; High Pulse Width ; CLOCK_50 ; Rise       ; sram_packet_writer:sram_writer_inst|addr_latch[11]                                                                    ;
; -0.500 ; 0.500        ; 1.000          ; Low Pulse Width  ; CLOCK_50 ; Rise       ; sram_packet_writer:sram_writer_inst|addr_latch[11]                                                                    ;
; -0.500 ; 0.500        ; 1.000          ; High Pulse Width ; CLOCK_50 ; Rise       ; sram_packet_writer:sram_writer_inst|addr_latch[12]                                                                    ;
+--------+--------------+----------------+------------------+----------+------------+-----------------------------------------------------------------------------------------------------------------------+


+--------------------------------------------------------------------------------------------------------------------------------------------------------------------------------------------------------------+
; Slow Model Minimum Pulse Width: 'uart_controller:uart_ctrl_inst|baud_rate_gen:brg_inst|ov_tick'                                                                                                              ;
+--------+--------------+----------------+------------------+---------------------------------------------------------------+------------+---------------------------------------------------------------------+
; Slack  ; Actual Width ; Required Width ; Type             ; Clock                                                         ; Clock Edge ; Target                                                              ;
+--------+--------------+----------------+------------------+---------------------------------------------------------------+------------+---------------------------------------------------------------------+
; -0.500 ; 0.500        ; 1.000          ; High Pulse Width ; uart_controller:uart_ctrl_inst|baud_rate_gen:brg_inst|ov_tick ; Rise       ; uart_controller:uart_ctrl_inst|uart_rx:rx_inst|bit_cnt[0]           ;
; -0.500 ; 0.500        ; 1.000          ; Low Pulse Width  ; uart_controller:uart_ctrl_inst|baud_rate_gen:brg_inst|ov_tick ; Rise       ; uart_controller:uart_ctrl_inst|uart_rx:rx_inst|bit_cnt[0]           ;
; -0.500 ; 0.500        ; 1.000          ; High Pulse Width ; uart_controller:uart_ctrl_inst|baud_rate_gen:brg_inst|ov_tick ; Rise       ; uart_controller:uart_ctrl_inst|uart_rx:rx_inst|bit_cnt[1]           ;
; -0.500 ; 0.500        ; 1.000          ; Low Pulse Width  ; uart_controller:uart_ctrl_inst|baud_rate_gen:brg_inst|ov_tick ; Rise       ; uart_controller:uart_ctrl_inst|uart_rx:rx_inst|bit_cnt[1]           ;
; -0.500 ; 0.500        ; 1.000          ; High Pulse Width ; uart_controller:uart_ctrl_inst|baud_rate_gen:brg_inst|ov_tick ; Rise       ; uart_controller:uart_ctrl_inst|uart_rx:rx_inst|bit_cnt[2]           ;
; -0.500 ; 0.500        ; 1.000          ; Low Pulse Width  ; uart_controller:uart_ctrl_inst|baud_rate_gen:brg_inst|ov_tick ; Rise       ; uart_controller:uart_ctrl_inst|uart_rx:rx_inst|bit_cnt[2]           ;
; -0.500 ; 0.500        ; 1.000          ; High Pulse Width ; uart_controller:uart_ctrl_inst|baud_rate_gen:brg_inst|ov_tick ; Rise       ; uart_controller:uart_ctrl_inst|uart_rx:rx_inst|data_out[0]          ;
; -0.500 ; 0.500        ; 1.000          ; Low Pulse Width  ; uart_controller:uart_ctrl_inst|baud_rate_gen:brg_inst|ov_tick ; Rise       ; uart_controller:uart_ctrl_inst|uart_rx:rx_inst|data_out[0]          ;
; -0.500 ; 0.500        ; 1.000          ; High Pulse Width ; uart_controller:uart_ctrl_inst|baud_rate_gen:brg_inst|ov_tick ; Rise       ; uart_controller:uart_ctrl_inst|uart_rx:rx_inst|data_out[1]          ;
; -0.500 ; 0.500        ; 1.000          ; Low Pulse Width  ; uart_controller:uart_ctrl_inst|baud_rate_gen:brg_inst|ov_tick ; Rise       ; uart_controller:uart_ctrl_inst|uart_rx:rx_inst|data_out[1]          ;
; -0.500 ; 0.500        ; 1.000          ; High Pulse Width ; uart_controller:uart_ctrl_inst|baud_rate_gen:brg_inst|ov_tick ; Rise       ; uart_controller:uart_ctrl_inst|uart_rx:rx_inst|data_out[2]          ;
; -0.500 ; 0.500        ; 1.000          ; Low Pulse Width  ; uart_controller:uart_ctrl_inst|baud_rate_gen:brg_inst|ov_tick ; Rise       ; uart_controller:uart_ctrl_inst|uart_rx:rx_inst|data_out[2]          ;
; -0.500 ; 0.500        ; 1.000          ; High Pulse Width ; uart_controller:uart_ctrl_inst|baud_rate_gen:brg_inst|ov_tick ; Rise       ; uart_controller:uart_ctrl_inst|uart_rx:rx_inst|data_out[3]          ;
; -0.500 ; 0.500        ; 1.000          ; Low Pulse Width  ; uart_controller:uart_ctrl_inst|baud_rate_gen:brg_inst|ov_tick ; Rise       ; uart_controller:uart_ctrl_inst|uart_rx:rx_inst|data_out[3]          ;
; -0.500 ; 0.500        ; 1.000          ; High Pulse Width ; uart_controller:uart_ctrl_inst|baud_rate_gen:brg_inst|ov_tick ; Rise       ; uart_controller:uart_ctrl_inst|uart_rx:rx_inst|data_out[4]          ;
; -0.500 ; 0.500        ; 1.000          ; Low Pulse Width  ; uart_controller:uart_ctrl_inst|baud_rate_gen:brg_inst|ov_tick ; Rise       ; uart_controller:uart_ctrl_inst|uart_rx:rx_inst|data_out[4]          ;
; -0.500 ; 0.500        ; 1.000          ; High Pulse Width ; uart_controller:uart_ctrl_inst|baud_rate_gen:brg_inst|ov_tick ; Rise       ; uart_controller:uart_ctrl_inst|uart_rx:rx_inst|data_out[5]          ;
; -0.500 ; 0.500        ; 1.000          ; Low Pulse Width  ; uart_controller:uart_ctrl_inst|baud_rate_gen:brg_inst|ov_tick ; Rise       ; uart_controller:uart_ctrl_inst|uart_rx:rx_inst|data_out[5]          ;
; -0.500 ; 0.500        ; 1.000          ; High Pulse Width ; uart_controller:uart_ctrl_inst|baud_rate_gen:brg_inst|ov_tick ; Rise       ; uart_controller:uart_ctrl_inst|uart_rx:rx_inst|data_out[6]          ;
; -0.500 ; 0.500        ; 1.000          ; Low Pulse Width  ; uart_controller:uart_ctrl_inst|baud_rate_gen:brg_inst|ov_tick ; Rise       ; uart_controller:uart_ctrl_inst|uart_rx:rx_inst|data_out[6]          ;
; -0.500 ; 0.500        ; 1.000          ; High Pulse Width ; uart_controller:uart_ctrl_inst|baud_rate_gen:brg_inst|ov_tick ; Rise       ; uart_controller:uart_ctrl_inst|uart_rx:rx_inst|data_out[7]          ;
; -0.500 ; 0.500        ; 1.000          ; Low Pulse Width  ; uart_controller:uart_ctrl_inst|baud_rate_gen:brg_inst|ov_tick ; Rise       ; uart_controller:uart_ctrl_inst|uart_rx:rx_inst|data_out[7]          ;
; -0.500 ; 0.500        ; 1.000          ; High Pulse Width ; uart_controller:uart_ctrl_inst|baud_rate_gen:brg_inst|ov_tick ; Rise       ; uart_controller:uart_ctrl_inst|uart_rx:rx_inst|rx_reg[0]            ;
; -0.500 ; 0.500        ; 1.000          ; Low Pulse Width  ; uart_controller:uart_ctrl_inst|baud_rate_gen:brg_inst|ov_tick ; Rise       ; uart_controller:uart_ctrl_inst|uart_rx:rx_inst|rx_reg[0]            ;
; -0.500 ; 0.500        ; 1.000          ; High Pulse Width ; uart_controller:uart_ctrl_inst|baud_rate_gen:brg_inst|ov_tick ; Rise       ; uart_controller:uart_ctrl_inst|uart_rx:rx_inst|rx_reg[1]            ;
; -0.500 ; 0.500        ; 1.000          ; Low Pulse Width  ; uart_controller:uart_ctrl_inst|baud_rate_gen:brg_inst|ov_tick ; Rise       ; uart_controller:uart_ctrl_inst|uart_rx:rx_inst|rx_reg[1]            ;
; -0.500 ; 0.500        ; 1.000          ; High Pulse Width ; uart_controller:uart_ctrl_inst|baud_rate_gen:brg_inst|ov_tick ; Rise       ; uart_controller:uart_ctrl_inst|uart_rx:rx_inst|rx_reg[2]            ;
; -0.500 ; 0.500        ; 1.000          ; Low Pulse Width  ; uart_controller:uart_ctrl_inst|baud_rate_gen:brg_inst|ov_tick ; Rise       ; uart_controller:uart_ctrl_inst|uart_rx:rx_inst|rx_reg[2]            ;
; -0.500 ; 0.500        ; 1.000          ; High Pulse Width ; uart_controller:uart_ctrl_inst|baud_rate_gen:brg_inst|ov_tick ; Rise       ; uart_controller:uart_ctrl_inst|uart_rx:rx_inst|rx_reg[3]            ;
; -0.500 ; 0.500        ; 1.000          ; Low Pulse Width  ; uart_controller:uart_ctrl_inst|baud_rate_gen:brg_inst|ov_tick ; Rise       ; uart_controller:uart_ctrl_inst|uart_rx:rx_inst|rx_reg[3]            ;
; -0.500 ; 0.500        ; 1.000          ; High Pulse Width ; uart_controller:uart_ctrl_inst|baud_rate_gen:brg_inst|ov_tick ; Rise       ; uart_controller:uart_ctrl_inst|uart_rx:rx_inst|rx_reg[4]            ;
; -0.500 ; 0.500        ; 1.000          ; Low Pulse Width  ; uart_controller:uart_ctrl_inst|baud_rate_gen:brg_inst|ov_tick ; Rise       ; uart_controller:uart_ctrl_inst|uart_rx:rx_inst|rx_reg[4]            ;
; -0.500 ; 0.500        ; 1.000          ; High Pulse Width ; uart_controller:uart_ctrl_inst|baud_rate_gen:brg_inst|ov_tick ; Rise       ; uart_controller:uart_ctrl_inst|uart_rx:rx_inst|rx_reg[5]            ;
; -0.500 ; 0.500        ; 1.000          ; Low Pulse Width  ; uart_controller:uart_ctrl_inst|baud_rate_gen:brg_inst|ov_tick ; Rise       ; uart_controller:uart_ctrl_inst|uart_rx:rx_inst|rx_reg[5]            ;
; -0.500 ; 0.500        ; 1.000          ; High Pulse Width ; uart_controller:uart_ctrl_inst|baud_rate_gen:brg_inst|ov_tick ; Rise       ; uart_controller:uart_ctrl_inst|uart_rx:rx_inst|rx_reg[6]            ;
; -0.500 ; 0.500        ; 1.000          ; Low Pulse Width  ; uart_controller:uart_ctrl_inst|baud_rate_gen:brg_inst|ov_tick ; Rise       ; uart_controller:uart_ctrl_inst|uart_rx:rx_inst|rx_reg[6]            ;
; -0.500 ; 0.500        ; 1.000          ; High Pulse Width ; uart_controller:uart_ctrl_inst|baud_rate_gen:brg_inst|ov_tick ; Rise       ; uart_controller:uart_ctrl_inst|uart_rx:rx_inst|rx_reg[7]            ;
; -0.500 ; 0.500        ; 1.000          ; Low Pulse Width  ; uart_controller:uart_ctrl_inst|baud_rate_gen:brg_inst|ov_tick ; Rise       ; uart_controller:uart_ctrl_inst|uart_rx:rx_inst|rx_reg[7]            ;
; -0.500 ; 0.500        ; 1.000          ; High Pulse Width ; uart_controller:uart_ctrl_inst|baud_rate_gen:brg_inst|ov_tick ; Rise       ; uart_controller:uart_ctrl_inst|uart_rx:rx_inst|rx_valid             ;
; -0.500 ; 0.500        ; 1.000          ; Low Pulse Width  ; uart_controller:uart_ctrl_inst|baud_rate_gen:brg_inst|ov_tick ; Rise       ; uart_controller:uart_ctrl_inst|uart_rx:rx_inst|rx_valid             ;
; -0.500 ; 0.500        ; 1.000          ; High Pulse Width ; uart_controller:uart_ctrl_inst|baud_rate_gen:brg_inst|ov_tick ; Rise       ; uart_controller:uart_ctrl_inst|uart_rx:rx_inst|samples[0]           ;
; -0.500 ; 0.500        ; 1.000          ; Low Pulse Width  ; uart_controller:uart_ctrl_inst|baud_rate_gen:brg_inst|ov_tick ; Rise       ; uart_controller:uart_ctrl_inst|uart_rx:rx_inst|samples[0]           ;
; -0.500 ; 0.500        ; 1.000          ; High Pulse Width ; uart_controller:uart_ctrl_inst|baud_rate_gen:brg_inst|ov_tick ; Rise       ; uart_controller:uart_ctrl_inst|uart_rx:rx_inst|samples[1]           ;
; -0.500 ; 0.500        ; 1.000          ; Low Pulse Width  ; uart_controller:uart_ctrl_inst|baud_rate_gen:brg_inst|ov_tick ; Rise       ; uart_controller:uart_ctrl_inst|uart_rx:rx_inst|samples[1]           ;
; -0.500 ; 0.500        ; 1.000          ; High Pulse Width ; uart_controller:uart_ctrl_inst|baud_rate_gen:brg_inst|ov_tick ; Rise       ; uart_controller:uart_ctrl_inst|uart_rx:rx_inst|samples[2]           ;
; -0.500 ; 0.500        ; 1.000          ; Low Pulse Width  ; uart_controller:uart_ctrl_inst|baud_rate_gen:brg_inst|ov_tick ; Rise       ; uart_controller:uart_ctrl_inst|uart_rx:rx_inst|samples[2]           ;
; -0.500 ; 0.500        ; 1.000          ; High Pulse Width ; uart_controller:uart_ctrl_inst|baud_rate_gen:brg_inst|ov_tick ; Rise       ; uart_controller:uart_ctrl_inst|uart_rx:rx_inst|state.DATA           ;
; -0.500 ; 0.500        ; 1.000          ; Low Pulse Width  ; uart_controller:uart_ctrl_inst|baud_rate_gen:brg_inst|ov_tick ; Rise       ; uart_controller:uart_ctrl_inst|uart_rx:rx_inst|state.DATA           ;
; -0.500 ; 0.500        ; 1.000          ; High Pulse Width ; uart_controller:uart_ctrl_inst|baud_rate_gen:brg_inst|ov_tick ; Rise       ; uart_controller:uart_ctrl_inst|uart_rx:rx_inst|state.IDLE           ;
; -0.500 ; 0.500        ; 1.000          ; Low Pulse Width  ; uart_controller:uart_ctrl_inst|baud_rate_gen:brg_inst|ov_tick ; Rise       ; uart_controller:uart_ctrl_inst|uart_rx:rx_inst|state.IDLE           ;
; -0.500 ; 0.500        ; 1.000          ; High Pulse Width ; uart_controller:uart_ctrl_inst|baud_rate_gen:brg_inst|ov_tick ; Rise       ; uart_controller:uart_ctrl_inst|uart_rx:rx_inst|state.START          ;
; -0.500 ; 0.500        ; 1.000          ; Low Pulse Width  ; uart_controller:uart_ctrl_inst|baud_rate_gen:brg_inst|ov_tick ; Rise       ; uart_controller:uart_ctrl_inst|uart_rx:rx_inst|state.START          ;
; -0.500 ; 0.500        ; 1.000          ; High Pulse Width ; uart_controller:uart_ctrl_inst|baud_rate_gen:brg_inst|ov_tick ; Rise       ; uart_controller:uart_ctrl_inst|uart_rx:rx_inst|state.STOP           ;
; -0.500 ; 0.500        ; 1.000          ; Low Pulse Width  ; uart_controller:uart_ctrl_inst|baud_rate_gen:brg_inst|ov_tick ; Rise       ; uart_controller:uart_ctrl_inst|uart_rx:rx_inst|state.STOP           ;
; -0.500 ; 0.500        ; 1.000          ; High Pulse Width ; uart_controller:uart_ctrl_inst|baud_rate_gen:brg_inst|ov_tick ; Rise       ; uart_controller:uart_ctrl_inst|uart_rx:rx_inst|tick_cnt[0]          ;
; -0.500 ; 0.500        ; 1.000          ; Low Pulse Width  ; uart_controller:uart_ctrl_inst|baud_rate_gen:brg_inst|ov_tick ; Rise       ; uart_controller:uart_ctrl_inst|uart_rx:rx_inst|tick_cnt[0]          ;
; -0.500 ; 0.500        ; 1.000          ; High Pulse Width ; uart_controller:uart_ctrl_inst|baud_rate_gen:brg_inst|ov_tick ; Rise       ; uart_controller:uart_ctrl_inst|uart_rx:rx_inst|tick_cnt[1]          ;
; -0.500 ; 0.500        ; 1.000          ; Low Pulse Width  ; uart_controller:uart_ctrl_inst|baud_rate_gen:brg_inst|ov_tick ; Rise       ; uart_controller:uart_ctrl_inst|uart_rx:rx_inst|tick_cnt[1]          ;
; -0.500 ; 0.500        ; 1.000          ; High Pulse Width ; uart_controller:uart_ctrl_inst|baud_rate_gen:brg_inst|ov_tick ; Rise       ; uart_controller:uart_ctrl_inst|uart_rx:rx_inst|tick_cnt[2]          ;
; -0.500 ; 0.500        ; 1.000          ; Low Pulse Width  ; uart_controller:uart_ctrl_inst|baud_rate_gen:brg_inst|ov_tick ; Rise       ; uart_controller:uart_ctrl_inst|uart_rx:rx_inst|tick_cnt[2]          ;
; -0.500 ; 0.500        ; 1.000          ; High Pulse Width ; uart_controller:uart_ctrl_inst|baud_rate_gen:brg_inst|ov_tick ; Rise       ; uart_controller:uart_ctrl_inst|uart_rx:rx_inst|valid_timeout_cnt[0] ;
; -0.500 ; 0.500        ; 1.000          ; Low Pulse Width  ; uart_controller:uart_ctrl_inst|baud_rate_gen:brg_inst|ov_tick ; Rise       ; uart_controller:uart_ctrl_inst|uart_rx:rx_inst|valid_timeout_cnt[0] ;
; -0.500 ; 0.500        ; 1.000          ; High Pulse Width ; uart_controller:uart_ctrl_inst|baud_rate_gen:brg_inst|ov_tick ; Rise       ; uart_controller:uart_ctrl_inst|uart_rx:rx_inst|valid_timeout_cnt[1] ;
; -0.500 ; 0.500        ; 1.000          ; Low Pulse Width  ; uart_controller:uart_ctrl_inst|baud_rate_gen:brg_inst|ov_tick ; Rise       ; uart_controller:uart_ctrl_inst|uart_rx:rx_inst|valid_timeout_cnt[1] ;
; -0.500 ; 0.500        ; 1.000          ; High Pulse Width ; uart_controller:uart_ctrl_inst|baud_rate_gen:brg_inst|ov_tick ; Rise       ; uart_controller:uart_ctrl_inst|uart_rx:rx_inst|valid_timeout_cnt[2] ;
; -0.500 ; 0.500        ; 1.000          ; Low Pulse Width  ; uart_controller:uart_ctrl_inst|baud_rate_gen:brg_inst|ov_tick ; Rise       ; uart_controller:uart_ctrl_inst|uart_rx:rx_inst|valid_timeout_cnt[2] ;
; -0.500 ; 0.500        ; 1.000          ; High Pulse Width ; uart_controller:uart_ctrl_inst|baud_rate_gen:brg_inst|ov_tick ; Rise       ; uart_controller:uart_ctrl_inst|uart_rx:rx_inst|valid_timeout_cnt[3] ;
; -0.500 ; 0.500        ; 1.000          ; Low Pulse Width  ; uart_controller:uart_ctrl_inst|baud_rate_gen:brg_inst|ov_tick ; Rise       ; uart_controller:uart_ctrl_inst|uart_rx:rx_inst|valid_timeout_cnt[3] ;
; -0.500 ; 0.500        ; 1.000          ; High Pulse Width ; uart_controller:uart_ctrl_inst|baud_rate_gen:brg_inst|ov_tick ; Rise       ; uart_controller:uart_ctrl_inst|uart_rx:rx_inst|valid_timeout_cnt[4] ;
; -0.500 ; 0.500        ; 1.000          ; Low Pulse Width  ; uart_controller:uart_ctrl_inst|baud_rate_gen:brg_inst|ov_tick ; Rise       ; uart_controller:uart_ctrl_inst|uart_rx:rx_inst|valid_timeout_cnt[4] ;
; -0.500 ; 0.500        ; 1.000          ; High Pulse Width ; uart_controller:uart_ctrl_inst|baud_rate_gen:brg_inst|ov_tick ; Rise       ; uart_controller:uart_ctrl_inst|uart_rx:rx_inst|valid_timeout_cnt[5] ;
; -0.500 ; 0.500        ; 1.000          ; Low Pulse Width  ; uart_controller:uart_ctrl_inst|baud_rate_gen:brg_inst|ov_tick ; Rise       ; uart_controller:uart_ctrl_inst|uart_rx:rx_inst|valid_timeout_cnt[5] ;
; -0.500 ; 0.500        ; 1.000          ; High Pulse Width ; uart_controller:uart_ctrl_inst|baud_rate_gen:brg_inst|ov_tick ; Rise       ; uart_controller:uart_ctrl_inst|uart_rx:rx_inst|valid_timeout_cnt[6] ;
; -0.500 ; 0.500        ; 1.000          ; Low Pulse Width  ; uart_controller:uart_ctrl_inst|baud_rate_gen:brg_inst|ov_tick ; Rise       ; uart_controller:uart_ctrl_inst|uart_rx:rx_inst|valid_timeout_cnt[6] ;
; -0.500 ; 0.500        ; 1.000          ; High Pulse Width ; uart_controller:uart_ctrl_inst|baud_rate_gen:brg_inst|ov_tick ; Rise       ; uart_controller:uart_ctrl_inst|uart_rx:rx_inst|valid_timeout_cnt[7] ;
; -0.500 ; 0.500        ; 1.000          ; Low Pulse Width  ; uart_controller:uart_ctrl_inst|baud_rate_gen:brg_inst|ov_tick ; Rise       ; uart_controller:uart_ctrl_inst|uart_rx:rx_inst|valid_timeout_cnt[7] ;
; 0.500  ; 0.500        ; 0.000          ; High Pulse Width ; uart_controller:uart_ctrl_inst|baud_rate_gen:brg_inst|ov_tick ; Rise       ; uart_ctrl_inst|brg_inst|ov_tick|regout                              ;
; 0.500  ; 0.500        ; 0.000          ; Low Pulse Width  ; uart_controller:uart_ctrl_inst|baud_rate_gen:brg_inst|ov_tick ; Rise       ; uart_ctrl_inst|brg_inst|ov_tick|regout                              ;
; 0.500  ; 0.500        ; 0.000          ; High Pulse Width ; uart_controller:uart_ctrl_inst|baud_rate_gen:brg_inst|ov_tick ; Rise       ; uart_ctrl_inst|brg_inst|ov_tick~clkctrl|inclk[0]                    ;
; 0.500  ; 0.500        ; 0.000          ; Low Pulse Width  ; uart_controller:uart_ctrl_inst|baud_rate_gen:brg_inst|ov_tick ; Rise       ; uart_ctrl_inst|brg_inst|ov_tick~clkctrl|inclk[0]                    ;
; 0.500  ; 0.500        ; 0.000          ; High Pulse Width ; uart_controller:uart_ctrl_inst|baud_rate_gen:brg_inst|ov_tick ; Rise       ; uart_ctrl_inst|brg_inst|ov_tick~clkctrl|outclk                      ;
; 0.500  ; 0.500        ; 0.000          ; Low Pulse Width  ; uart_controller:uart_ctrl_inst|baud_rate_gen:brg_inst|ov_tick ; Rise       ; uart_ctrl_inst|brg_inst|ov_tick~clkctrl|outclk                      ;
; 0.500  ; 0.500        ; 0.000          ; High Pulse Width ; uart_controller:uart_ctrl_inst|baud_rate_gen:brg_inst|ov_tick ; Rise       ; uart_ctrl_inst|rx_inst|bit_cnt[0]|clk                               ;
; 0.500  ; 0.500        ; 0.000          ; Low Pulse Width  ; uart_controller:uart_ctrl_inst|baud_rate_gen:brg_inst|ov_tick ; Rise       ; uart_ctrl_inst|rx_inst|bit_cnt[0]|clk                               ;
; 0.500  ; 0.500        ; 0.000          ; High Pulse Width ; uart_controller:uart_ctrl_inst|baud_rate_gen:brg_inst|ov_tick ; Rise       ; uart_ctrl_inst|rx_inst|bit_cnt[1]|clk                               ;
; 0.500  ; 0.500        ; 0.000          ; Low Pulse Width  ; uart_controller:uart_ctrl_inst|baud_rate_gen:brg_inst|ov_tick ; Rise       ; uart_ctrl_inst|rx_inst|bit_cnt[1]|clk                               ;
; 0.500  ; 0.500        ; 0.000          ; High Pulse Width ; uart_controller:uart_ctrl_inst|baud_rate_gen:brg_inst|ov_tick ; Rise       ; uart_ctrl_inst|rx_inst|bit_cnt[2]|clk                               ;
; 0.500  ; 0.500        ; 0.000          ; Low Pulse Width  ; uart_controller:uart_ctrl_inst|baud_rate_gen:brg_inst|ov_tick ; Rise       ; uart_ctrl_inst|rx_inst|bit_cnt[2]|clk                               ;
; 0.500  ; 0.500        ; 0.000          ; High Pulse Width ; uart_controller:uart_ctrl_inst|baud_rate_gen:brg_inst|ov_tick ; Rise       ; uart_ctrl_inst|rx_inst|data_out[0]|clk                              ;
; 0.500  ; 0.500        ; 0.000          ; Low Pulse Width  ; uart_controller:uart_ctrl_inst|baud_rate_gen:brg_inst|ov_tick ; Rise       ; uart_ctrl_inst|rx_inst|data_out[0]|clk                              ;
; 0.500  ; 0.500        ; 0.000          ; High Pulse Width ; uart_controller:uart_ctrl_inst|baud_rate_gen:brg_inst|ov_tick ; Rise       ; uart_ctrl_inst|rx_inst|data_out[1]|clk                              ;
; 0.500  ; 0.500        ; 0.000          ; Low Pulse Width  ; uart_controller:uart_ctrl_inst|baud_rate_gen:brg_inst|ov_tick ; Rise       ; uart_ctrl_inst|rx_inst|data_out[1]|clk                              ;
; 0.500  ; 0.500        ; 0.000          ; High Pulse Width ; uart_controller:uart_ctrl_inst|baud_rate_gen:brg_inst|ov_tick ; Rise       ; uart_ctrl_inst|rx_inst|data_out[2]|clk                              ;
; 0.500  ; 0.500        ; 0.000          ; Low Pulse Width  ; uart_controller:uart_ctrl_inst|baud_rate_gen:brg_inst|ov_tick ; Rise       ; uart_ctrl_inst|rx_inst|data_out[2]|clk                              ;
; 0.500  ; 0.500        ; 0.000          ; High Pulse Width ; uart_controller:uart_ctrl_inst|baud_rate_gen:brg_inst|ov_tick ; Rise       ; uart_ctrl_inst|rx_inst|data_out[3]|clk                              ;
; 0.500  ; 0.500        ; 0.000          ; Low Pulse Width  ; uart_controller:uart_ctrl_inst|baud_rate_gen:brg_inst|ov_tick ; Rise       ; uart_ctrl_inst|rx_inst|data_out[3]|clk                              ;
; 0.500  ; 0.500        ; 0.000          ; High Pulse Width ; uart_controller:uart_ctrl_inst|baud_rate_gen:brg_inst|ov_tick ; Rise       ; uart_ctrl_inst|rx_inst|data_out[4]|clk                              ;
; 0.500  ; 0.500        ; 0.000          ; Low Pulse Width  ; uart_controller:uart_ctrl_inst|baud_rate_gen:brg_inst|ov_tick ; Rise       ; uart_ctrl_inst|rx_inst|data_out[4]|clk                              ;
; 0.500  ; 0.500        ; 0.000          ; High Pulse Width ; uart_controller:uart_ctrl_inst|baud_rate_gen:brg_inst|ov_tick ; Rise       ; uart_ctrl_inst|rx_inst|data_out[5]|clk                              ;
; 0.500  ; 0.500        ; 0.000          ; Low Pulse Width  ; uart_controller:uart_ctrl_inst|baud_rate_gen:brg_inst|ov_tick ; Rise       ; uart_ctrl_inst|rx_inst|data_out[5]|clk                              ;
+--------+--------------+----------------+------------------+---------------------------------------------------------------+------------+---------------------------------------------------------------------+


+----------------------------------------------------------------------------------------------------------------------------------------------------------------------------------------------------------+
; Slow Model Minimum Pulse Width: 'uart_controller:uart_ctrl_inst|baud_rate_gen:brg_inst|uart_tick'                                                                                                        ;
+--------+--------------+----------------+------------------+-----------------------------------------------------------------+------------+---------------------------------------------------------------+
; Slack  ; Actual Width ; Required Width ; Type             ; Clock                                                           ; Clock Edge ; Target                                                        ;
+--------+--------------+----------------+------------------+-----------------------------------------------------------------+------------+---------------------------------------------------------------+
; -0.500 ; 0.500        ; 1.000          ; High Pulse Width ; uart_controller:uart_ctrl_inst|baud_rate_gen:brg_inst|uart_tick ; Rise       ; uart_controller:uart_ctrl_inst|uart_tx:tx_inst|bit_cnt[0]     ;
; -0.500 ; 0.500        ; 1.000          ; Low Pulse Width  ; uart_controller:uart_ctrl_inst|baud_rate_gen:brg_inst|uart_tick ; Rise       ; uart_controller:uart_ctrl_inst|uart_tx:tx_inst|bit_cnt[0]     ;
; -0.500 ; 0.500        ; 1.000          ; High Pulse Width ; uart_controller:uart_ctrl_inst|baud_rate_gen:brg_inst|uart_tick ; Rise       ; uart_controller:uart_ctrl_inst|uart_tx:tx_inst|bit_cnt[1]     ;
; -0.500 ; 0.500        ; 1.000          ; Low Pulse Width  ; uart_controller:uart_ctrl_inst|baud_rate_gen:brg_inst|uart_tick ; Rise       ; uart_controller:uart_ctrl_inst|uart_tx:tx_inst|bit_cnt[1]     ;
; -0.500 ; 0.500        ; 1.000          ; High Pulse Width ; uart_controller:uart_ctrl_inst|baud_rate_gen:brg_inst|uart_tick ; Rise       ; uart_controller:uart_ctrl_inst|uart_tx:tx_inst|bit_cnt[2]     ;
; -0.500 ; 0.500        ; 1.000          ; Low Pulse Width  ; uart_controller:uart_ctrl_inst|baud_rate_gen:brg_inst|uart_tick ; Rise       ; uart_controller:uart_ctrl_inst|uart_tx:tx_inst|bit_cnt[2]     ;
; -0.500 ; 0.500        ; 1.000          ; High Pulse Width ; uart_controller:uart_ctrl_inst|baud_rate_gen:brg_inst|uart_tick ; Rise       ; uart_controller:uart_ctrl_inst|uart_tx:tx_inst|state.DATA     ;
; -0.500 ; 0.500        ; 1.000          ; Low Pulse Width  ; uart_controller:uart_ctrl_inst|baud_rate_gen:brg_inst|uart_tick ; Rise       ; uart_controller:uart_ctrl_inst|uart_tx:tx_inst|state.DATA     ;
; -0.500 ; 0.500        ; 1.000          ; High Pulse Width ; uart_controller:uart_ctrl_inst|baud_rate_gen:brg_inst|uart_tick ; Rise       ; uart_controller:uart_ctrl_inst|uart_tx:tx_inst|state.IDLE     ;
; -0.500 ; 0.500        ; 1.000          ; Low Pulse Width  ; uart_controller:uart_ctrl_inst|baud_rate_gen:brg_inst|uart_tick ; Rise       ; uart_controller:uart_ctrl_inst|uart_tx:tx_inst|state.IDLE     ;
; -0.500 ; 0.500        ; 1.000          ; High Pulse Width ; uart_controller:uart_ctrl_inst|baud_rate_gen:brg_inst|uart_tick ; Rise       ; uart_controller:uart_ctrl_inst|uart_tx:tx_inst|state.START    ;
; -0.500 ; 0.500        ; 1.000          ; Low Pulse Width  ; uart_controller:uart_ctrl_inst|baud_rate_gen:brg_inst|uart_tick ; Rise       ; uart_controller:uart_ctrl_inst|uart_tx:tx_inst|state.START    ;
; -0.500 ; 0.500        ; 1.000          ; High Pulse Width ; uart_controller:uart_ctrl_inst|baud_rate_gen:brg_inst|uart_tick ; Rise       ; uart_controller:uart_ctrl_inst|uart_tx:tx_inst|state.STOP     ;
; -0.500 ; 0.500        ; 1.000          ; Low Pulse Width  ; uart_controller:uart_ctrl_inst|baud_rate_gen:brg_inst|uart_tick ; Rise       ; uart_controller:uart_ctrl_inst|uart_tx:tx_inst|state.STOP     ;
; -0.500 ; 0.500        ; 1.000          ; High Pulse Width ; uart_controller:uart_ctrl_inst|baud_rate_gen:brg_inst|uart_tick ; Rise       ; uart_controller:uart_ctrl_inst|uart_tx:tx_inst|timeout_cnt[0] ;
; -0.500 ; 0.500        ; 1.000          ; Low Pulse Width  ; uart_controller:uart_ctrl_inst|baud_rate_gen:brg_inst|uart_tick ; Rise       ; uart_controller:uart_ctrl_inst|uart_tx:tx_inst|timeout_cnt[0] ;
; -0.500 ; 0.500        ; 1.000          ; High Pulse Width ; uart_controller:uart_ctrl_inst|baud_rate_gen:brg_inst|uart_tick ; Rise       ; uart_controller:uart_ctrl_inst|uart_tx:tx_inst|timeout_cnt[1] ;
; -0.500 ; 0.500        ; 1.000          ; Low Pulse Width  ; uart_controller:uart_ctrl_inst|baud_rate_gen:brg_inst|uart_tick ; Rise       ; uart_controller:uart_ctrl_inst|uart_tx:tx_inst|timeout_cnt[1] ;
; -0.500 ; 0.500        ; 1.000          ; High Pulse Width ; uart_controller:uart_ctrl_inst|baud_rate_gen:brg_inst|uart_tick ; Rise       ; uart_controller:uart_ctrl_inst|uart_tx:tx_inst|timeout_cnt[2] ;
; -0.500 ; 0.500        ; 1.000          ; Low Pulse Width  ; uart_controller:uart_ctrl_inst|baud_rate_gen:brg_inst|uart_tick ; Rise       ; uart_controller:uart_ctrl_inst|uart_tx:tx_inst|timeout_cnt[2] ;
; -0.500 ; 0.500        ; 1.000          ; High Pulse Width ; uart_controller:uart_ctrl_inst|baud_rate_gen:brg_inst|uart_tick ; Rise       ; uart_controller:uart_ctrl_inst|uart_tx:tx_inst|timeout_cnt[3] ;
; -0.500 ; 0.500        ; 1.000          ; Low Pulse Width  ; uart_controller:uart_ctrl_inst|baud_rate_gen:brg_inst|uart_tick ; Rise       ; uart_controller:uart_ctrl_inst|uart_tx:tx_inst|timeout_cnt[3] ;
; -0.500 ; 0.500        ; 1.000          ; High Pulse Width ; uart_controller:uart_ctrl_inst|baud_rate_gen:brg_inst|uart_tick ; Rise       ; uart_controller:uart_ctrl_inst|uart_tx:tx_inst|timeout_cnt[4] ;
; -0.500 ; 0.500        ; 1.000          ; Low Pulse Width  ; uart_controller:uart_ctrl_inst|baud_rate_gen:brg_inst|uart_tick ; Rise       ; uart_controller:uart_ctrl_inst|uart_tx:tx_inst|timeout_cnt[4] ;
; -0.500 ; 0.500        ; 1.000          ; High Pulse Width ; uart_controller:uart_ctrl_inst|baud_rate_gen:brg_inst|uart_tick ; Rise       ; uart_controller:uart_ctrl_inst|uart_tx:tx_inst|timeout_cnt[5] ;
; -0.500 ; 0.500        ; 1.000          ; Low Pulse Width  ; uart_controller:uart_ctrl_inst|baud_rate_gen:brg_inst|uart_tick ; Rise       ; uart_controller:uart_ctrl_inst|uart_tx:tx_inst|timeout_cnt[5] ;
; -0.500 ; 0.500        ; 1.000          ; High Pulse Width ; uart_controller:uart_ctrl_inst|baud_rate_gen:brg_inst|uart_tick ; Rise       ; uart_controller:uart_ctrl_inst|uart_tx:tx_inst|timeout_cnt[6] ;
; -0.500 ; 0.500        ; 1.000          ; Low Pulse Width  ; uart_controller:uart_ctrl_inst|baud_rate_gen:brg_inst|uart_tick ; Rise       ; uart_controller:uart_ctrl_inst|uart_tx:tx_inst|timeout_cnt[6] ;
; -0.500 ; 0.500        ; 1.000          ; High Pulse Width ; uart_controller:uart_ctrl_inst|baud_rate_gen:brg_inst|uart_tick ; Rise       ; uart_controller:uart_ctrl_inst|uart_tx:tx_inst|timeout_cnt[7] ;
; -0.500 ; 0.500        ; 1.000          ; Low Pulse Width  ; uart_controller:uart_ctrl_inst|baud_rate_gen:brg_inst|uart_tick ; Rise       ; uart_controller:uart_ctrl_inst|uart_tx:tx_inst|timeout_cnt[7] ;
; -0.500 ; 0.500        ; 1.000          ; High Pulse Width ; uart_controller:uart_ctrl_inst|baud_rate_gen:brg_inst|uart_tick ; Rise       ; uart_controller:uart_ctrl_inst|uart_tx:tx_inst|tx             ;
; -0.500 ; 0.500        ; 1.000          ; Low Pulse Width  ; uart_controller:uart_ctrl_inst|baud_rate_gen:brg_inst|uart_tick ; Rise       ; uart_controller:uart_ctrl_inst|uart_tx:tx_inst|tx             ;
; -0.500 ; 0.500        ; 1.000          ; High Pulse Width ; uart_controller:uart_ctrl_inst|baud_rate_gen:brg_inst|uart_tick ; Rise       ; uart_controller:uart_ctrl_inst|uart_tx:tx_inst|tx_reg[0]      ;
; -0.500 ; 0.500        ; 1.000          ; Low Pulse Width  ; uart_controller:uart_ctrl_inst|baud_rate_gen:brg_inst|uart_tick ; Rise       ; uart_controller:uart_ctrl_inst|uart_tx:tx_inst|tx_reg[0]      ;
; -0.500 ; 0.500        ; 1.000          ; High Pulse Width ; uart_controller:uart_ctrl_inst|baud_rate_gen:brg_inst|uart_tick ; Rise       ; uart_controller:uart_ctrl_inst|uart_tx:tx_inst|tx_reg[1]      ;
; -0.500 ; 0.500        ; 1.000          ; Low Pulse Width  ; uart_controller:uart_ctrl_inst|baud_rate_gen:brg_inst|uart_tick ; Rise       ; uart_controller:uart_ctrl_inst|uart_tx:tx_inst|tx_reg[1]      ;
; -0.500 ; 0.500        ; 1.000          ; High Pulse Width ; uart_controller:uart_ctrl_inst|baud_rate_gen:brg_inst|uart_tick ; Rise       ; uart_controller:uart_ctrl_inst|uart_tx:tx_inst|tx_reg[2]      ;
; -0.500 ; 0.500        ; 1.000          ; Low Pulse Width  ; uart_controller:uart_ctrl_inst|baud_rate_gen:brg_inst|uart_tick ; Rise       ; uart_controller:uart_ctrl_inst|uart_tx:tx_inst|tx_reg[2]      ;
; -0.500 ; 0.500        ; 1.000          ; High Pulse Width ; uart_controller:uart_ctrl_inst|baud_rate_gen:brg_inst|uart_tick ; Rise       ; uart_controller:uart_ctrl_inst|uart_tx:tx_inst|tx_reg[3]      ;
; -0.500 ; 0.500        ; 1.000          ; Low Pulse Width  ; uart_controller:uart_ctrl_inst|baud_rate_gen:brg_inst|uart_tick ; Rise       ; uart_controller:uart_ctrl_inst|uart_tx:tx_inst|tx_reg[3]      ;
; -0.500 ; 0.500        ; 1.000          ; High Pulse Width ; uart_controller:uart_ctrl_inst|baud_rate_gen:brg_inst|uart_tick ; Rise       ; uart_controller:uart_ctrl_inst|uart_tx:tx_inst|tx_reg[4]      ;
; -0.500 ; 0.500        ; 1.000          ; Low Pulse Width  ; uart_controller:uart_ctrl_inst|baud_rate_gen:brg_inst|uart_tick ; Rise       ; uart_controller:uart_ctrl_inst|uart_tx:tx_inst|tx_reg[4]      ;
; 0.500  ; 0.500        ; 0.000          ; High Pulse Width ; uart_controller:uart_ctrl_inst|baud_rate_gen:brg_inst|uart_tick ; Rise       ; uart_ctrl_inst|brg_inst|uart_tick|regout                      ;
; 0.500  ; 0.500        ; 0.000          ; Low Pulse Width  ; uart_controller:uart_ctrl_inst|baud_rate_gen:brg_inst|uart_tick ; Rise       ; uart_ctrl_inst|brg_inst|uart_tick|regout                      ;
; 0.500  ; 0.500        ; 0.000          ; High Pulse Width ; uart_controller:uart_ctrl_inst|baud_rate_gen:brg_inst|uart_tick ; Rise       ; uart_ctrl_inst|brg_inst|uart_tick~clkctrl|inclk[0]            ;
; 0.500  ; 0.500        ; 0.000          ; Low Pulse Width  ; uart_controller:uart_ctrl_inst|baud_rate_gen:brg_inst|uart_tick ; Rise       ; uart_ctrl_inst|brg_inst|uart_tick~clkctrl|inclk[0]            ;
; 0.500  ; 0.500        ; 0.000          ; High Pulse Width ; uart_controller:uart_ctrl_inst|baud_rate_gen:brg_inst|uart_tick ; Rise       ; uart_ctrl_inst|brg_inst|uart_tick~clkctrl|outclk              ;
; 0.500  ; 0.500        ; 0.000          ; Low Pulse Width  ; uart_controller:uart_ctrl_inst|baud_rate_gen:brg_inst|uart_tick ; Rise       ; uart_ctrl_inst|brg_inst|uart_tick~clkctrl|outclk              ;
; 0.500  ; 0.500        ; 0.000          ; High Pulse Width ; uart_controller:uart_ctrl_inst|baud_rate_gen:brg_inst|uart_tick ; Rise       ; uart_ctrl_inst|tx_inst|bit_cnt[0]|clk                         ;
; 0.500  ; 0.500        ; 0.000          ; Low Pulse Width  ; uart_controller:uart_ctrl_inst|baud_rate_gen:brg_inst|uart_tick ; Rise       ; uart_ctrl_inst|tx_inst|bit_cnt[0]|clk                         ;
; 0.500  ; 0.500        ; 0.000          ; High Pulse Width ; uart_controller:uart_ctrl_inst|baud_rate_gen:brg_inst|uart_tick ; Rise       ; uart_ctrl_inst|tx_inst|bit_cnt[1]|clk                         ;
; 0.500  ; 0.500        ; 0.000          ; Low Pulse Width  ; uart_controller:uart_ctrl_inst|baud_rate_gen:brg_inst|uart_tick ; Rise       ; uart_ctrl_inst|tx_inst|bit_cnt[1]|clk                         ;
; 0.500  ; 0.500        ; 0.000          ; High Pulse Width ; uart_controller:uart_ctrl_inst|baud_rate_gen:brg_inst|uart_tick ; Rise       ; uart_ctrl_inst|tx_inst|bit_cnt[2]|clk                         ;
; 0.500  ; 0.500        ; 0.000          ; Low Pulse Width  ; uart_controller:uart_ctrl_inst|baud_rate_gen:brg_inst|uart_tick ; Rise       ; uart_ctrl_inst|tx_inst|bit_cnt[2]|clk                         ;
; 0.500  ; 0.500        ; 0.000          ; High Pulse Width ; uart_controller:uart_ctrl_inst|baud_rate_gen:brg_inst|uart_tick ; Rise       ; uart_ctrl_inst|tx_inst|state.DATA|clk                         ;
; 0.500  ; 0.500        ; 0.000          ; Low Pulse Width  ; uart_controller:uart_ctrl_inst|baud_rate_gen:brg_inst|uart_tick ; Rise       ; uart_ctrl_inst|tx_inst|state.DATA|clk                         ;
; 0.500  ; 0.500        ; 0.000          ; High Pulse Width ; uart_controller:uart_ctrl_inst|baud_rate_gen:brg_inst|uart_tick ; Rise       ; uart_ctrl_inst|tx_inst|state.IDLE|clk                         ;
; 0.500  ; 0.500        ; 0.000          ; Low Pulse Width  ; uart_controller:uart_ctrl_inst|baud_rate_gen:brg_inst|uart_tick ; Rise       ; uart_ctrl_inst|tx_inst|state.IDLE|clk                         ;
; 0.500  ; 0.500        ; 0.000          ; High Pulse Width ; uart_controller:uart_ctrl_inst|baud_rate_gen:brg_inst|uart_tick ; Rise       ; uart_ctrl_inst|tx_inst|state.START|clk                        ;
; 0.500  ; 0.500        ; 0.000          ; Low Pulse Width  ; uart_controller:uart_ctrl_inst|baud_rate_gen:brg_inst|uart_tick ; Rise       ; uart_ctrl_inst|tx_inst|state.START|clk                        ;
; 0.500  ; 0.500        ; 0.000          ; High Pulse Width ; uart_controller:uart_ctrl_inst|baud_rate_gen:brg_inst|uart_tick ; Rise       ; uart_ctrl_inst|tx_inst|state.STOP|clk                         ;
; 0.500  ; 0.500        ; 0.000          ; Low Pulse Width  ; uart_controller:uart_ctrl_inst|baud_rate_gen:brg_inst|uart_tick ; Rise       ; uart_ctrl_inst|tx_inst|state.STOP|clk                         ;
; 0.500  ; 0.500        ; 0.000          ; High Pulse Width ; uart_controller:uart_ctrl_inst|baud_rate_gen:brg_inst|uart_tick ; Rise       ; uart_ctrl_inst|tx_inst|timeout_cnt[0]|clk                     ;
; 0.500  ; 0.500        ; 0.000          ; Low Pulse Width  ; uart_controller:uart_ctrl_inst|baud_rate_gen:brg_inst|uart_tick ; Rise       ; uart_ctrl_inst|tx_inst|timeout_cnt[0]|clk                     ;
; 0.500  ; 0.500        ; 0.000          ; High Pulse Width ; uart_controller:uart_ctrl_inst|baud_rate_gen:brg_inst|uart_tick ; Rise       ; uart_ctrl_inst|tx_inst|timeout_cnt[1]|clk                     ;
; 0.500  ; 0.500        ; 0.000          ; Low Pulse Width  ; uart_controller:uart_ctrl_inst|baud_rate_gen:brg_inst|uart_tick ; Rise       ; uart_ctrl_inst|tx_inst|timeout_cnt[1]|clk                     ;
; 0.500  ; 0.500        ; 0.000          ; High Pulse Width ; uart_controller:uart_ctrl_inst|baud_rate_gen:brg_inst|uart_tick ; Rise       ; uart_ctrl_inst|tx_inst|timeout_cnt[2]|clk                     ;
; 0.500  ; 0.500        ; 0.000          ; Low Pulse Width  ; uart_controller:uart_ctrl_inst|baud_rate_gen:brg_inst|uart_tick ; Rise       ; uart_ctrl_inst|tx_inst|timeout_cnt[2]|clk                     ;
; 0.500  ; 0.500        ; 0.000          ; High Pulse Width ; uart_controller:uart_ctrl_inst|baud_rate_gen:brg_inst|uart_tick ; Rise       ; uart_ctrl_inst|tx_inst|timeout_cnt[3]|clk                     ;
; 0.500  ; 0.500        ; 0.000          ; Low Pulse Width  ; uart_controller:uart_ctrl_inst|baud_rate_gen:brg_inst|uart_tick ; Rise       ; uart_ctrl_inst|tx_inst|timeout_cnt[3]|clk                     ;
; 0.500  ; 0.500        ; 0.000          ; High Pulse Width ; uart_controller:uart_ctrl_inst|baud_rate_gen:brg_inst|uart_tick ; Rise       ; uart_ctrl_inst|tx_inst|timeout_cnt[4]|clk                     ;
; 0.500  ; 0.500        ; 0.000          ; Low Pulse Width  ; uart_controller:uart_ctrl_inst|baud_rate_gen:brg_inst|uart_tick ; Rise       ; uart_ctrl_inst|tx_inst|timeout_cnt[4]|clk                     ;
; 0.500  ; 0.500        ; 0.000          ; High Pulse Width ; uart_controller:uart_ctrl_inst|baud_rate_gen:brg_inst|uart_tick ; Rise       ; uart_ctrl_inst|tx_inst|timeout_cnt[5]|clk                     ;
; 0.500  ; 0.500        ; 0.000          ; Low Pulse Width  ; uart_controller:uart_ctrl_inst|baud_rate_gen:brg_inst|uart_tick ; Rise       ; uart_ctrl_inst|tx_inst|timeout_cnt[5]|clk                     ;
; 0.500  ; 0.500        ; 0.000          ; High Pulse Width ; uart_controller:uart_ctrl_inst|baud_rate_gen:brg_inst|uart_tick ; Rise       ; uart_ctrl_inst|tx_inst|timeout_cnt[6]|clk                     ;
; 0.500  ; 0.500        ; 0.000          ; Low Pulse Width  ; uart_controller:uart_ctrl_inst|baud_rate_gen:brg_inst|uart_tick ; Rise       ; uart_ctrl_inst|tx_inst|timeout_cnt[6]|clk                     ;
; 0.500  ; 0.500        ; 0.000          ; High Pulse Width ; uart_controller:uart_ctrl_inst|baud_rate_gen:brg_inst|uart_tick ; Rise       ; uart_ctrl_inst|tx_inst|timeout_cnt[7]|clk                     ;
; 0.500  ; 0.500        ; 0.000          ; Low Pulse Width  ; uart_controller:uart_ctrl_inst|baud_rate_gen:brg_inst|uart_tick ; Rise       ; uart_ctrl_inst|tx_inst|timeout_cnt[7]|clk                     ;
; 0.500  ; 0.500        ; 0.000          ; High Pulse Width ; uart_controller:uart_ctrl_inst|baud_rate_gen:brg_inst|uart_tick ; Rise       ; uart_ctrl_inst|tx_inst|tx_reg[0]|clk                          ;
; 0.500  ; 0.500        ; 0.000          ; Low Pulse Width  ; uart_controller:uart_ctrl_inst|baud_rate_gen:brg_inst|uart_tick ; Rise       ; uart_ctrl_inst|tx_inst|tx_reg[0]|clk                          ;
; 0.500  ; 0.500        ; 0.000          ; High Pulse Width ; uart_controller:uart_ctrl_inst|baud_rate_gen:brg_inst|uart_tick ; Rise       ; uart_ctrl_inst|tx_inst|tx_reg[1]|clk                          ;
; 0.500  ; 0.500        ; 0.000          ; Low Pulse Width  ; uart_controller:uart_ctrl_inst|baud_rate_gen:brg_inst|uart_tick ; Rise       ; uart_ctrl_inst|tx_inst|tx_reg[1]|clk                          ;
; 0.500  ; 0.500        ; 0.000          ; High Pulse Width ; uart_controller:uart_ctrl_inst|baud_rate_gen:brg_inst|uart_tick ; Rise       ; uart_ctrl_inst|tx_inst|tx_reg[2]|clk                          ;
; 0.500  ; 0.500        ; 0.000          ; Low Pulse Width  ; uart_controller:uart_ctrl_inst|baud_rate_gen:brg_inst|uart_tick ; Rise       ; uart_ctrl_inst|tx_inst|tx_reg[2]|clk                          ;
; 0.500  ; 0.500        ; 0.000          ; High Pulse Width ; uart_controller:uart_ctrl_inst|baud_rate_gen:brg_inst|uart_tick ; Rise       ; uart_ctrl_inst|tx_inst|tx_reg[3]|clk                          ;
; 0.500  ; 0.500        ; 0.000          ; Low Pulse Width  ; uart_controller:uart_ctrl_inst|baud_rate_gen:brg_inst|uart_tick ; Rise       ; uart_ctrl_inst|tx_inst|tx_reg[3]|clk                          ;
; 0.500  ; 0.500        ; 0.000          ; High Pulse Width ; uart_controller:uart_ctrl_inst|baud_rate_gen:brg_inst|uart_tick ; Rise       ; uart_ctrl_inst|tx_inst|tx_reg[4]|clk                          ;
; 0.500  ; 0.500        ; 0.000          ; Low Pulse Width  ; uart_controller:uart_ctrl_inst|baud_rate_gen:brg_inst|uart_tick ; Rise       ; uart_ctrl_inst|tx_inst|tx_reg[4]|clk                          ;
; 0.500  ; 0.500        ; 0.000          ; High Pulse Width ; uart_controller:uart_ctrl_inst|baud_rate_gen:brg_inst|uart_tick ; Rise       ; uart_ctrl_inst|tx_inst|tx|clk                                 ;
; 0.500  ; 0.500        ; 0.000          ; Low Pulse Width  ; uart_controller:uart_ctrl_inst|baud_rate_gen:brg_inst|uart_tick ; Rise       ; uart_ctrl_inst|tx_inst|tx|clk                                 ;
+--------+--------------+----------------+------------------+-----------------------------------------------------------------+------------+---------------------------------------------------------------+


+------------------------------------------------------------------------------------------------------------------------------------------------------------------------+
; Setup Times                                                                                                                                                            ;
+-----------+---------------------------------------------------------------+-------+-------+------------+---------------------------------------------------------------+
; Data Port ; Clock Port                                                    ; Rise  ; Fall  ; Clock Edge ; Clock Reference                                               ;
+-----------+---------------------------------------------------------------+-------+-------+------------+---------------------------------------------------------------+
; UART_RXD  ; uart_controller:uart_ctrl_inst|baud_rate_gen:brg_inst|ov_tick ; 7.177 ; 7.177 ; Rise       ; uart_controller:uart_ctrl_inst|baud_rate_gen:brg_inst|ov_tick ;
+-----------+---------------------------------------------------------------+-------+-------+------------+---------------------------------------------------------------+


+--------------------------------------------------------------------------------------------------------------------------------------------------------------------------+
; Hold Times                                                                                                                                                               ;
+-----------+---------------------------------------------------------------+--------+--------+------------+---------------------------------------------------------------+
; Data Port ; Clock Port                                                    ; Rise   ; Fall   ; Clock Edge ; Clock Reference                                               ;
+-----------+---------------------------------------------------------------+--------+--------+------------+---------------------------------------------------------------+
; UART_RXD  ; uart_controller:uart_ctrl_inst|baud_rate_gen:brg_inst|ov_tick ; -5.414 ; -5.414 ; Rise       ; uart_controller:uart_ctrl_inst|baud_rate_gen:brg_inst|ov_tick ;
+-----------+---------------------------------------------------------------+--------+--------+------------+---------------------------------------------------------------+


+---------------------------------------------------------------------------------------------------------------------------------------------------------------------------------+
; Clock to Output Times                                                                                                                                                           ;
+----------------+-----------------------------------------------------------------+-------+-------+------------+-----------------------------------------------------------------+
; Data Port      ; Clock Port                                                      ; Rise  ; Fall  ; Clock Edge ; Clock Reference                                                 ;
+----------------+-----------------------------------------------------------------+-------+-------+------------+-----------------------------------------------------------------+
; HEX0[*]        ; CLOCK_50                                                        ; 7.844 ; 7.844 ; Rise       ; CLOCK_50                                                        ;
;  HEX0[0]       ; CLOCK_50                                                        ; 7.844 ; 7.844 ; Rise       ; CLOCK_50                                                        ;
;  HEX0[1]       ; CLOCK_50                                                        ; 7.806 ; 7.806 ; Rise       ; CLOCK_50                                                        ;
;  HEX0[2]       ; CLOCK_50                                                        ; 7.817 ; 7.817 ; Rise       ; CLOCK_50                                                        ;
;  HEX0[3]       ; CLOCK_50                                                        ; 7.837 ; 7.837 ; Rise       ; CLOCK_50                                                        ;
;  HEX0[4]       ; CLOCK_50                                                        ; 7.810 ; 7.810 ; Rise       ; CLOCK_50                                                        ;
;  HEX0[5]       ; CLOCK_50                                                        ; 7.793 ; 7.793 ; Rise       ; CLOCK_50                                                        ;
;  HEX0[6]       ; CLOCK_50                                                        ; 7.826 ; 7.826 ; Rise       ; CLOCK_50                                                        ;
; HEX1[*]        ; CLOCK_50                                                        ; 9.711 ; 9.711 ; Rise       ; CLOCK_50                                                        ;
;  HEX1[0]       ; CLOCK_50                                                        ; 9.710 ; 9.710 ; Rise       ; CLOCK_50                                                        ;
;  HEX1[1]       ; CLOCK_50                                                        ; 9.711 ; 9.711 ; Rise       ; CLOCK_50                                                        ;
;  HEX1[2]       ; CLOCK_50                                                        ; 9.310 ; 9.310 ; Rise       ; CLOCK_50                                                        ;
;  HEX1[3]       ; CLOCK_50                                                        ; 9.261 ; 9.261 ; Rise       ; CLOCK_50                                                        ;
;  HEX1[4]       ; CLOCK_50                                                        ; 9.315 ; 9.315 ; Rise       ; CLOCK_50                                                        ;
;  HEX1[5]       ; CLOCK_50                                                        ; 9.544 ; 9.544 ; Rise       ; CLOCK_50                                                        ;
;  HEX1[6]       ; CLOCK_50                                                        ; 9.574 ; 9.574 ; Rise       ; CLOCK_50                                                        ;
; HEX2[*]        ; CLOCK_50                                                        ; 9.630 ; 9.630 ; Rise       ; CLOCK_50                                                        ;
;  HEX2[0]       ; CLOCK_50                                                        ; 9.488 ; 9.488 ; Rise       ; CLOCK_50                                                        ;
;  HEX2[1]       ; CLOCK_50                                                        ; 9.281 ; 9.281 ; Rise       ; CLOCK_50                                                        ;
;  HEX2[2]       ; CLOCK_50                                                        ; 9.364 ; 9.364 ; Rise       ; CLOCK_50                                                        ;
;  HEX2[3]       ; CLOCK_50                                                        ; 9.328 ; 9.328 ; Rise       ; CLOCK_50                                                        ;
;  HEX2[4]       ; CLOCK_50                                                        ; 9.517 ; 9.517 ; Rise       ; CLOCK_50                                                        ;
;  HEX2[5]       ; CLOCK_50                                                        ; 9.630 ; 9.630 ; Rise       ; CLOCK_50                                                        ;
;  HEX2[6]       ; CLOCK_50                                                        ; 9.577 ; 9.577 ; Rise       ; CLOCK_50                                                        ;
; LEDR[*]        ; CLOCK_50                                                        ; 9.176 ; 9.176 ; Rise       ; CLOCK_50                                                        ;
;  LEDR[9]       ; CLOCK_50                                                        ; 8.235 ; 8.235 ; Rise       ; CLOCK_50                                                        ;
;  LEDR[10]      ; CLOCK_50                                                        ; 7.568 ; 7.568 ; Rise       ; CLOCK_50                                                        ;
;  LEDR[11]      ; CLOCK_50                                                        ; 7.727 ; 7.727 ; Rise       ; CLOCK_50                                                        ;
;  LEDR[12]      ; CLOCK_50                                                        ; 7.464 ; 7.464 ; Rise       ; CLOCK_50                                                        ;
;  LEDR[13]      ; CLOCK_50                                                        ; 9.176 ; 9.176 ; Rise       ; CLOCK_50                                                        ;
;  LEDR[15]      ; CLOCK_50                                                        ; 6.646 ; 6.646 ; Rise       ; CLOCK_50                                                        ;
;  LEDR[16]      ; CLOCK_50                                                        ; 6.411 ; 6.411 ; Rise       ; CLOCK_50                                                        ;
;  LEDR[17]      ; CLOCK_50                                                        ; 8.249 ; 8.249 ; Rise       ; CLOCK_50                                                        ;
; SRAM_ADDR[*]   ; CLOCK_50                                                        ; 7.317 ; 7.317 ; Rise       ; CLOCK_50                                                        ;
;  SRAM_ADDR[0]  ; CLOCK_50                                                        ; 7.317 ; 7.317 ; Rise       ; CLOCK_50                                                        ;
;  SRAM_ADDR[1]  ; CLOCK_50                                                        ; 7.279 ; 7.279 ; Rise       ; CLOCK_50                                                        ;
;  SRAM_ADDR[2]  ; CLOCK_50                                                        ; 7.301 ; 7.301 ; Rise       ; CLOCK_50                                                        ;
;  SRAM_ADDR[3]  ; CLOCK_50                                                        ; 7.225 ; 7.225 ; Rise       ; CLOCK_50                                                        ;
;  SRAM_ADDR[4]  ; CLOCK_50                                                        ; 7.032 ; 7.032 ; Rise       ; CLOCK_50                                                        ;
;  SRAM_ADDR[5]  ; CLOCK_50                                                        ; 7.119 ; 7.119 ; Rise       ; CLOCK_50                                                        ;
;  SRAM_ADDR[6]  ; CLOCK_50                                                        ; 7.195 ; 7.195 ; Rise       ; CLOCK_50                                                        ;
;  SRAM_ADDR[7]  ; CLOCK_50                                                        ; 7.100 ; 7.100 ; Rise       ; CLOCK_50                                                        ;
;  SRAM_ADDR[8]  ; CLOCK_50                                                        ; 7.131 ; 7.131 ; Rise       ; CLOCK_50                                                        ;
;  SRAM_ADDR[9]  ; CLOCK_50                                                        ; 7.078 ; 7.078 ; Rise       ; CLOCK_50                                                        ;
;  SRAM_ADDR[10] ; CLOCK_50                                                        ; 7.150 ; 7.150 ; Rise       ; CLOCK_50                                                        ;
;  SRAM_ADDR[11] ; CLOCK_50                                                        ; 7.076 ; 7.076 ; Rise       ; CLOCK_50                                                        ;
;  SRAM_ADDR[12] ; CLOCK_50                                                        ; 6.849 ; 6.849 ; Rise       ; CLOCK_50                                                        ;
;  SRAM_ADDR[13] ; CLOCK_50                                                        ; 6.893 ; 6.893 ; Rise       ; CLOCK_50                                                        ;
;  SRAM_ADDR[14] ; CLOCK_50                                                        ; 6.825 ; 6.825 ; Rise       ; CLOCK_50                                                        ;
;  SRAM_ADDR[15] ; CLOCK_50                                                        ; 6.827 ; 6.827 ; Rise       ; CLOCK_50                                                        ;
;  SRAM_ADDR[16] ; CLOCK_50                                                        ; 6.854 ; 6.854 ; Rise       ; CLOCK_50                                                        ;
;  SRAM_ADDR[17] ; CLOCK_50                                                        ; 6.844 ; 6.844 ; Rise       ; CLOCK_50                                                        ;
; SRAM_DQ[*]     ; CLOCK_50                                                        ; 7.345 ; 7.345 ; Rise       ; CLOCK_50                                                        ;
;  SRAM_DQ[0]    ; CLOCK_50                                                        ; 6.898 ; 6.898 ; Rise       ; CLOCK_50                                                        ;
;  SRAM_DQ[1]    ; CLOCK_50                                                        ; 6.695 ; 6.695 ; Rise       ; CLOCK_50                                                        ;
;  SRAM_DQ[2]    ; CLOCK_50                                                        ; 6.704 ; 6.704 ; Rise       ; CLOCK_50                                                        ;
;  SRAM_DQ[3]    ; CLOCK_50                                                        ; 7.112 ; 7.112 ; Rise       ; CLOCK_50                                                        ;
;  SRAM_DQ[4]    ; CLOCK_50                                                        ; 7.068 ; 7.068 ; Rise       ; CLOCK_50                                                        ;
;  SRAM_DQ[5]    ; CLOCK_50                                                        ; 6.469 ; 6.469 ; Rise       ; CLOCK_50                                                        ;
;  SRAM_DQ[6]    ; CLOCK_50                                                        ; 6.466 ; 6.466 ; Rise       ; CLOCK_50                                                        ;
;  SRAM_DQ[7]    ; CLOCK_50                                                        ; 6.384 ; 6.384 ; Rise       ; CLOCK_50                                                        ;
;  SRAM_DQ[8]    ; CLOCK_50                                                        ; 7.129 ; 7.129 ; Rise       ; CLOCK_50                                                        ;
;  SRAM_DQ[9]    ; CLOCK_50                                                        ; 7.138 ; 7.138 ; Rise       ; CLOCK_50                                                        ;
;  SRAM_DQ[10]   ; CLOCK_50                                                        ; 7.163 ; 7.163 ; Rise       ; CLOCK_50                                                        ;
;  SRAM_DQ[11]   ; CLOCK_50                                                        ; 7.161 ; 7.161 ; Rise       ; CLOCK_50                                                        ;
;  SRAM_DQ[12]   ; CLOCK_50                                                        ; 7.345 ; 7.345 ; Rise       ; CLOCK_50                                                        ;
;  SRAM_DQ[13]   ; CLOCK_50                                                        ; 6.946 ; 6.946 ; Rise       ; CLOCK_50                                                        ;
;  SRAM_DQ[14]   ; CLOCK_50                                                        ; 6.868 ; 6.868 ; Rise       ; CLOCK_50                                                        ;
;  SRAM_DQ[15]   ; CLOCK_50                                                        ; 6.896 ; 6.896 ; Rise       ; CLOCK_50                                                        ;
; SRAM_WE_N      ; CLOCK_50                                                        ; 6.385 ; 6.385 ; Rise       ; CLOCK_50                                                        ;
; LEDR[*]        ; uart_controller:uart_ctrl_inst|baud_rate_gen:brg_inst|ov_tick   ; 8.177 ; 8.177 ; Rise       ; uart_controller:uart_ctrl_inst|baud_rate_gen:brg_inst|ov_tick   ;
;  LEDR[0]       ; uart_controller:uart_ctrl_inst|baud_rate_gen:brg_inst|ov_tick   ; 7.978 ; 7.978 ; Rise       ; uart_controller:uart_ctrl_inst|baud_rate_gen:brg_inst|ov_tick   ;
;  LEDR[1]       ; uart_controller:uart_ctrl_inst|baud_rate_gen:brg_inst|ov_tick   ; 7.841 ; 7.841 ; Rise       ; uart_controller:uart_ctrl_inst|baud_rate_gen:brg_inst|ov_tick   ;
;  LEDR[2]       ; uart_controller:uart_ctrl_inst|baud_rate_gen:brg_inst|ov_tick   ; 7.923 ; 7.923 ; Rise       ; uart_controller:uart_ctrl_inst|baud_rate_gen:brg_inst|ov_tick   ;
;  LEDR[3]       ; uart_controller:uart_ctrl_inst|baud_rate_gen:brg_inst|ov_tick   ; 7.945 ; 7.945 ; Rise       ; uart_controller:uart_ctrl_inst|baud_rate_gen:brg_inst|ov_tick   ;
;  LEDR[4]       ; uart_controller:uart_ctrl_inst|baud_rate_gen:brg_inst|ov_tick   ; 7.115 ; 7.115 ; Rise       ; uart_controller:uart_ctrl_inst|baud_rate_gen:brg_inst|ov_tick   ;
;  LEDR[5]       ; uart_controller:uart_ctrl_inst|baud_rate_gen:brg_inst|ov_tick   ; 8.177 ; 8.177 ; Rise       ; uart_controller:uart_ctrl_inst|baud_rate_gen:brg_inst|ov_tick   ;
;  LEDR[6]       ; uart_controller:uart_ctrl_inst|baud_rate_gen:brg_inst|ov_tick   ; 7.787 ; 7.787 ; Rise       ; uart_controller:uart_ctrl_inst|baud_rate_gen:brg_inst|ov_tick   ;
;  LEDR[7]       ; uart_controller:uart_ctrl_inst|baud_rate_gen:brg_inst|ov_tick   ; 8.094 ; 8.094 ; Rise       ; uart_controller:uart_ctrl_inst|baud_rate_gen:brg_inst|ov_tick   ;
;  LEDR[8]       ; uart_controller:uart_ctrl_inst|baud_rate_gen:brg_inst|ov_tick   ; 6.482 ; 6.482 ; Rise       ; uart_controller:uart_ctrl_inst|baud_rate_gen:brg_inst|ov_tick   ;
; rx_valid_led   ; uart_controller:uart_ctrl_inst|baud_rate_gen:brg_inst|ov_tick   ; 6.016 ; 6.016 ; Rise       ; uart_controller:uart_ctrl_inst|baud_rate_gen:brg_inst|ov_tick   ;
; state_led[*]   ; uart_controller:uart_ctrl_inst|baud_rate_gen:brg_inst|ov_tick   ; 8.204 ; 8.204 ; Rise       ; uart_controller:uart_ctrl_inst|baud_rate_gen:brg_inst|ov_tick   ;
;  state_led[0]  ; uart_controller:uart_ctrl_inst|baud_rate_gen:brg_inst|ov_tick   ; 8.204 ; 8.204 ; Rise       ; uart_controller:uart_ctrl_inst|baud_rate_gen:brg_inst|ov_tick   ;
;  state_led[1]  ; uart_controller:uart_ctrl_inst|baud_rate_gen:brg_inst|ov_tick   ; 6.910 ; 6.910 ; Rise       ; uart_controller:uart_ctrl_inst|baud_rate_gen:brg_inst|ov_tick   ;
; LEDR[*]        ; uart_controller:uart_ctrl_inst|baud_rate_gen:brg_inst|uart_tick ; 6.251 ; 6.251 ; Rise       ; uart_controller:uart_ctrl_inst|baud_rate_gen:brg_inst|uart_tick ;
;  LEDR[14]      ; uart_controller:uart_ctrl_inst|baud_rate_gen:brg_inst|uart_tick ; 6.251 ; 6.251 ; Rise       ; uart_controller:uart_ctrl_inst|baud_rate_gen:brg_inst|uart_tick ;
; UART_TXD       ; uart_controller:uart_ctrl_inst|baud_rate_gen:brg_inst|uart_tick ; 9.494 ; 9.494 ; Rise       ; uart_controller:uart_ctrl_inst|baud_rate_gen:brg_inst|uart_tick ;
; tx_busy_led    ; uart_controller:uart_ctrl_inst|baud_rate_gen:brg_inst|uart_tick ; 6.446 ; 6.446 ; Rise       ; uart_controller:uart_ctrl_inst|baud_rate_gen:brg_inst|uart_tick ;
+----------------+-----------------------------------------------------------------+-------+-------+------------+-----------------------------------------------------------------+


+---------------------------------------------------------------------------------------------------------------------------------------------------------------------------------+
; Minimum Clock to Output Times                                                                                                                                                   ;
+----------------+-----------------------------------------------------------------+-------+-------+------------+-----------------------------------------------------------------+
; Data Port      ; Clock Port                                                      ; Rise  ; Fall  ; Clock Edge ; Clock Reference                                                 ;
+----------------+-----------------------------------------------------------------+-------+-------+------------+-----------------------------------------------------------------+
; HEX0[*]        ; CLOCK_50                                                        ; 6.897 ; 6.897 ; Rise       ; CLOCK_50                                                        ;
;  HEX0[0]       ; CLOCK_50                                                        ; 6.930 ; 6.930 ; Rise       ; CLOCK_50                                                        ;
;  HEX0[1]       ; CLOCK_50                                                        ; 6.897 ; 6.897 ; Rise       ; CLOCK_50                                                        ;
;  HEX0[2]       ; CLOCK_50                                                        ; 6.908 ; 6.908 ; Rise       ; CLOCK_50                                                        ;
;  HEX0[3]       ; CLOCK_50                                                        ; 7.246 ; 7.246 ; Rise       ; CLOCK_50                                                        ;
;  HEX0[4]       ; CLOCK_50                                                        ; 7.250 ; 7.250 ; Rise       ; CLOCK_50                                                        ;
;  HEX0[5]       ; CLOCK_50                                                        ; 7.234 ; 7.234 ; Rise       ; CLOCK_50                                                        ;
;  HEX0[6]       ; CLOCK_50                                                        ; 7.235 ; 7.235 ; Rise       ; CLOCK_50                                                        ;
; HEX1[*]        ; CLOCK_50                                                        ; 8.331 ; 8.331 ; Rise       ; CLOCK_50                                                        ;
;  HEX1[0]       ; CLOCK_50                                                        ; 8.773 ; 8.773 ; Rise       ; CLOCK_50                                                        ;
;  HEX1[1]       ; CLOCK_50                                                        ; 8.772 ; 8.772 ; Rise       ; CLOCK_50                                                        ;
;  HEX1[2]       ; CLOCK_50                                                        ; 8.371 ; 8.371 ; Rise       ; CLOCK_50                                                        ;
;  HEX1[3]       ; CLOCK_50                                                        ; 8.331 ; 8.331 ; Rise       ; CLOCK_50                                                        ;
;  HEX1[4]       ; CLOCK_50                                                        ; 8.395 ; 8.395 ; Rise       ; CLOCK_50                                                        ;
;  HEX1[5]       ; CLOCK_50                                                        ; 8.619 ; 8.619 ; Rise       ; CLOCK_50                                                        ;
;  HEX1[6]       ; CLOCK_50                                                        ; 8.643 ; 8.643 ; Rise       ; CLOCK_50                                                        ;
; HEX2[*]        ; CLOCK_50                                                        ; 8.448 ; 8.448 ; Rise       ; CLOCK_50                                                        ;
;  HEX2[0]       ; CLOCK_50                                                        ; 8.658 ; 8.658 ; Rise       ; CLOCK_50                                                        ;
;  HEX2[1]       ; CLOCK_50                                                        ; 8.448 ; 8.448 ; Rise       ; CLOCK_50                                                        ;
;  HEX2[2]       ; CLOCK_50                                                        ; 8.535 ; 8.535 ; Rise       ; CLOCK_50                                                        ;
;  HEX2[3]       ; CLOCK_50                                                        ; 8.496 ; 8.496 ; Rise       ; CLOCK_50                                                        ;
;  HEX2[4]       ; CLOCK_50                                                        ; 8.691 ; 8.691 ; Rise       ; CLOCK_50                                                        ;
;  HEX2[5]       ; CLOCK_50                                                        ; 8.800 ; 8.800 ; Rise       ; CLOCK_50                                                        ;
;  HEX2[6]       ; CLOCK_50                                                        ; 8.746 ; 8.746 ; Rise       ; CLOCK_50                                                        ;
; LEDR[*]        ; CLOCK_50                                                        ; 6.411 ; 6.411 ; Rise       ; CLOCK_50                                                        ;
;  LEDR[9]       ; CLOCK_50                                                        ; 7.496 ; 7.496 ; Rise       ; CLOCK_50                                                        ;
;  LEDR[10]      ; CLOCK_50                                                        ; 6.885 ; 6.885 ; Rise       ; CLOCK_50                                                        ;
;  LEDR[11]      ; CLOCK_50                                                        ; 6.999 ; 6.999 ; Rise       ; CLOCK_50                                                        ;
;  LEDR[12]      ; CLOCK_50                                                        ; 7.213 ; 7.213 ; Rise       ; CLOCK_50                                                        ;
;  LEDR[13]      ; CLOCK_50                                                        ; 7.890 ; 7.890 ; Rise       ; CLOCK_50                                                        ;
;  LEDR[15]      ; CLOCK_50                                                        ; 6.646 ; 6.646 ; Rise       ; CLOCK_50                                                        ;
;  LEDR[16]      ; CLOCK_50                                                        ; 6.411 ; 6.411 ; Rise       ; CLOCK_50                                                        ;
;  LEDR[17]      ; CLOCK_50                                                        ; 7.156 ; 7.156 ; Rise       ; CLOCK_50                                                        ;
; SRAM_ADDR[*]   ; CLOCK_50                                                        ; 6.825 ; 6.825 ; Rise       ; CLOCK_50                                                        ;
;  SRAM_ADDR[0]  ; CLOCK_50                                                        ; 7.317 ; 7.317 ; Rise       ; CLOCK_50                                                        ;
;  SRAM_ADDR[1]  ; CLOCK_50                                                        ; 7.279 ; 7.279 ; Rise       ; CLOCK_50                                                        ;
;  SRAM_ADDR[2]  ; CLOCK_50                                                        ; 7.301 ; 7.301 ; Rise       ; CLOCK_50                                                        ;
;  SRAM_ADDR[3]  ; CLOCK_50                                                        ; 7.225 ; 7.225 ; Rise       ; CLOCK_50                                                        ;
;  SRAM_ADDR[4]  ; CLOCK_50                                                        ; 7.032 ; 7.032 ; Rise       ; CLOCK_50                                                        ;
;  SRAM_ADDR[5]  ; CLOCK_50                                                        ; 7.119 ; 7.119 ; Rise       ; CLOCK_50                                                        ;
;  SRAM_ADDR[6]  ; CLOCK_50                                                        ; 7.195 ; 7.195 ; Rise       ; CLOCK_50                                                        ;
;  SRAM_ADDR[7]  ; CLOCK_50                                                        ; 7.100 ; 7.100 ; Rise       ; CLOCK_50                                                        ;
;  SRAM_ADDR[8]  ; CLOCK_50                                                        ; 7.131 ; 7.131 ; Rise       ; CLOCK_50                                                        ;
;  SRAM_ADDR[9]  ; CLOCK_50                                                        ; 7.078 ; 7.078 ; Rise       ; CLOCK_50                                                        ;
;  SRAM_ADDR[10] ; CLOCK_50                                                        ; 7.150 ; 7.150 ; Rise       ; CLOCK_50                                                        ;
;  SRAM_ADDR[11] ; CLOCK_50                                                        ; 7.076 ; 7.076 ; Rise       ; CLOCK_50                                                        ;
;  SRAM_ADDR[12] ; CLOCK_50                                                        ; 6.849 ; 6.849 ; Rise       ; CLOCK_50                                                        ;
;  SRAM_ADDR[13] ; CLOCK_50                                                        ; 6.893 ; 6.893 ; Rise       ; CLOCK_50                                                        ;
;  SRAM_ADDR[14] ; CLOCK_50                                                        ; 6.825 ; 6.825 ; Rise       ; CLOCK_50                                                        ;
;  SRAM_ADDR[15] ; CLOCK_50                                                        ; 6.827 ; 6.827 ; Rise       ; CLOCK_50                                                        ;
;  SRAM_ADDR[16] ; CLOCK_50                                                        ; 6.854 ; 6.854 ; Rise       ; CLOCK_50                                                        ;
;  SRAM_ADDR[17] ; CLOCK_50                                                        ; 6.844 ; 6.844 ; Rise       ; CLOCK_50                                                        ;
; SRAM_DQ[*]     ; CLOCK_50                                                        ; 6.384 ; 6.384 ; Rise       ; CLOCK_50                                                        ;
;  SRAM_DQ[0]    ; CLOCK_50                                                        ; 6.898 ; 6.898 ; Rise       ; CLOCK_50                                                        ;
;  SRAM_DQ[1]    ; CLOCK_50                                                        ; 6.695 ; 6.695 ; Rise       ; CLOCK_50                                                        ;
;  SRAM_DQ[2]    ; CLOCK_50                                                        ; 6.704 ; 6.704 ; Rise       ; CLOCK_50                                                        ;
;  SRAM_DQ[3]    ; CLOCK_50                                                        ; 7.112 ; 7.112 ; Rise       ; CLOCK_50                                                        ;
;  SRAM_DQ[4]    ; CLOCK_50                                                        ; 7.068 ; 7.068 ; Rise       ; CLOCK_50                                                        ;
;  SRAM_DQ[5]    ; CLOCK_50                                                        ; 6.469 ; 6.469 ; Rise       ; CLOCK_50                                                        ;
;  SRAM_DQ[6]    ; CLOCK_50                                                        ; 6.466 ; 6.466 ; Rise       ; CLOCK_50                                                        ;
;  SRAM_DQ[7]    ; CLOCK_50                                                        ; 6.384 ; 6.384 ; Rise       ; CLOCK_50                                                        ;
;  SRAM_DQ[8]    ; CLOCK_50                                                        ; 7.129 ; 7.129 ; Rise       ; CLOCK_50                                                        ;
;  SRAM_DQ[9]    ; CLOCK_50                                                        ; 7.138 ; 7.138 ; Rise       ; CLOCK_50                                                        ;
;  SRAM_DQ[10]   ; CLOCK_50                                                        ; 7.163 ; 7.163 ; Rise       ; CLOCK_50                                                        ;
;  SRAM_DQ[11]   ; CLOCK_50                                                        ; 7.161 ; 7.161 ; Rise       ; CLOCK_50                                                        ;
;  SRAM_DQ[12]   ; CLOCK_50                                                        ; 7.345 ; 7.345 ; Rise       ; CLOCK_50                                                        ;
;  SRAM_DQ[13]   ; CLOCK_50                                                        ; 6.946 ; 6.946 ; Rise       ; CLOCK_50                                                        ;
;  SRAM_DQ[14]   ; CLOCK_50                                                        ; 6.868 ; 6.868 ; Rise       ; CLOCK_50                                                        ;
;  SRAM_DQ[15]   ; CLOCK_50                                                        ; 6.896 ; 6.896 ; Rise       ; CLOCK_50                                                        ;
; SRAM_WE_N      ; CLOCK_50                                                        ; 6.385 ; 6.385 ; Rise       ; CLOCK_50                                                        ;
; LEDR[*]        ; uart_controller:uart_ctrl_inst|baud_rate_gen:brg_inst|ov_tick   ; 6.482 ; 6.482 ; Rise       ; uart_controller:uart_ctrl_inst|baud_rate_gen:brg_inst|ov_tick   ;
;  LEDR[0]       ; uart_controller:uart_ctrl_inst|baud_rate_gen:brg_inst|ov_tick   ; 7.978 ; 7.978 ; Rise       ; uart_controller:uart_ctrl_inst|baud_rate_gen:brg_inst|ov_tick   ;
;  LEDR[1]       ; uart_controller:uart_ctrl_inst|baud_rate_gen:brg_inst|ov_tick   ; 7.841 ; 7.841 ; Rise       ; uart_controller:uart_ctrl_inst|baud_rate_gen:brg_inst|ov_tick   ;
;  LEDR[2]       ; uart_controller:uart_ctrl_inst|baud_rate_gen:brg_inst|ov_tick   ; 7.923 ; 7.923 ; Rise       ; uart_controller:uart_ctrl_inst|baud_rate_gen:brg_inst|ov_tick   ;
;  LEDR[3]       ; uart_controller:uart_ctrl_inst|baud_rate_gen:brg_inst|ov_tick   ; 7.945 ; 7.945 ; Rise       ; uart_controller:uart_ctrl_inst|baud_rate_gen:brg_inst|ov_tick   ;
;  LEDR[4]       ; uart_controller:uart_ctrl_inst|baud_rate_gen:brg_inst|ov_tick   ; 7.115 ; 7.115 ; Rise       ; uart_controller:uart_ctrl_inst|baud_rate_gen:brg_inst|ov_tick   ;
;  LEDR[5]       ; uart_controller:uart_ctrl_inst|baud_rate_gen:brg_inst|ov_tick   ; 8.177 ; 8.177 ; Rise       ; uart_controller:uart_ctrl_inst|baud_rate_gen:brg_inst|ov_tick   ;
;  LEDR[6]       ; uart_controller:uart_ctrl_inst|baud_rate_gen:brg_inst|ov_tick   ; 7.787 ; 7.787 ; Rise       ; uart_controller:uart_ctrl_inst|baud_rate_gen:brg_inst|ov_tick   ;
;  LEDR[7]       ; uart_controller:uart_ctrl_inst|baud_rate_gen:brg_inst|ov_tick   ; 8.094 ; 8.094 ; Rise       ; uart_controller:uart_ctrl_inst|baud_rate_gen:brg_inst|ov_tick   ;
;  LEDR[8]       ; uart_controller:uart_ctrl_inst|baud_rate_gen:brg_inst|ov_tick   ; 6.482 ; 6.482 ; Rise       ; uart_controller:uart_ctrl_inst|baud_rate_gen:brg_inst|ov_tick   ;
; rx_valid_led   ; uart_controller:uart_ctrl_inst|baud_rate_gen:brg_inst|ov_tick   ; 6.016 ; 6.016 ; Rise       ; uart_controller:uart_ctrl_inst|baud_rate_gen:brg_inst|ov_tick   ;
; state_led[*]   ; uart_controller:uart_ctrl_inst|baud_rate_gen:brg_inst|ov_tick   ; 6.845 ; 6.845 ; Rise       ; uart_controller:uart_ctrl_inst|baud_rate_gen:brg_inst|ov_tick   ;
;  state_led[0]  ; uart_controller:uart_ctrl_inst|baud_rate_gen:brg_inst|ov_tick   ; 8.152 ; 8.152 ; Rise       ; uart_controller:uart_ctrl_inst|baud_rate_gen:brg_inst|ov_tick   ;
;  state_led[1]  ; uart_controller:uart_ctrl_inst|baud_rate_gen:brg_inst|ov_tick   ; 6.845 ; 6.845 ; Rise       ; uart_controller:uart_ctrl_inst|baud_rate_gen:brg_inst|ov_tick   ;
; LEDR[*]        ; uart_controller:uart_ctrl_inst|baud_rate_gen:brg_inst|uart_tick ; 6.251 ; 6.251 ; Rise       ; uart_controller:uart_ctrl_inst|baud_rate_gen:brg_inst|uart_tick ;
;  LEDR[14]      ; uart_controller:uart_ctrl_inst|baud_rate_gen:brg_inst|uart_tick ; 6.251 ; 6.251 ; Rise       ; uart_controller:uart_ctrl_inst|baud_rate_gen:brg_inst|uart_tick ;
; UART_TXD       ; uart_controller:uart_ctrl_inst|baud_rate_gen:brg_inst|uart_tick ; 9.494 ; 9.494 ; Rise       ; uart_controller:uart_ctrl_inst|baud_rate_gen:brg_inst|uart_tick ;
; tx_busy_led    ; uart_controller:uart_ctrl_inst|baud_rate_gen:brg_inst|uart_tick ; 6.446 ; 6.446 ; Rise       ; uart_controller:uart_ctrl_inst|baud_rate_gen:brg_inst|uart_tick ;
+----------------+-----------------------------------------------------------------+-------+-------+------------+-----------------------------------------------------------------+


+-------------------------------------------------------------------------+
; Output Enable Times                                                     ;
+--------------+------------+-------+------+------------+-----------------+
; Data Port    ; Clock Port ; Rise  ; Fall ; Clock Edge ; Clock Reference ;
+--------------+------------+-------+------+------------+-----------------+
; SRAM_DQ[*]   ; CLOCK_50   ; 6.579 ;      ; Rise       ; CLOCK_50        ;
;  SRAM_DQ[0]  ; CLOCK_50   ; 7.117 ;      ; Rise       ; CLOCK_50        ;
;  SRAM_DQ[1]  ; CLOCK_50   ; 7.127 ;      ; Rise       ; CLOCK_50        ;
;  SRAM_DQ[2]  ; CLOCK_50   ; 7.112 ;      ; Rise       ; CLOCK_50        ;
;  SRAM_DQ[3]  ; CLOCK_50   ; 7.092 ;      ; Rise       ; CLOCK_50        ;
;  SRAM_DQ[4]  ; CLOCK_50   ; 6.818 ;      ; Rise       ; CLOCK_50        ;
;  SRAM_DQ[5]  ; CLOCK_50   ; 6.818 ;      ; Rise       ; CLOCK_50        ;
;  SRAM_DQ[6]  ; CLOCK_50   ; 6.818 ;      ; Rise       ; CLOCK_50        ;
;  SRAM_DQ[7]  ; CLOCK_50   ; 6.802 ;      ; Rise       ; CLOCK_50        ;
;  SRAM_DQ[8]  ; CLOCK_50   ; 6.852 ;      ; Rise       ; CLOCK_50        ;
;  SRAM_DQ[9]  ; CLOCK_50   ; 6.852 ;      ; Rise       ; CLOCK_50        ;
;  SRAM_DQ[10] ; CLOCK_50   ; 6.602 ;      ; Rise       ; CLOCK_50        ;
;  SRAM_DQ[11] ; CLOCK_50   ; 6.602 ;      ; Rise       ; CLOCK_50        ;
;  SRAM_DQ[12] ; CLOCK_50   ; 6.600 ;      ; Rise       ; CLOCK_50        ;
;  SRAM_DQ[13] ; CLOCK_50   ; 6.600 ;      ; Rise       ; CLOCK_50        ;
;  SRAM_DQ[14] ; CLOCK_50   ; 6.579 ;      ; Rise       ; CLOCK_50        ;
;  SRAM_DQ[15] ; CLOCK_50   ; 6.587 ;      ; Rise       ; CLOCK_50        ;
+--------------+------------+-------+------+------------+-----------------+


+-------------------------------------------------------------------------+
; Minimum Output Enable Times                                             ;
+--------------+------------+-------+------+------------+-----------------+
; Data Port    ; Clock Port ; Rise  ; Fall ; Clock Edge ; Clock Reference ;
+--------------+------------+-------+------+------------+-----------------+
; SRAM_DQ[*]   ; CLOCK_50   ; 6.579 ;      ; Rise       ; CLOCK_50        ;
;  SRAM_DQ[0]  ; CLOCK_50   ; 7.117 ;      ; Rise       ; CLOCK_50        ;
;  SRAM_DQ[1]  ; CLOCK_50   ; 7.127 ;      ; Rise       ; CLOCK_50        ;
;  SRAM_DQ[2]  ; CLOCK_50   ; 7.112 ;      ; Rise       ; CLOCK_50        ;
;  SRAM_DQ[3]  ; CLOCK_50   ; 7.092 ;      ; Rise       ; CLOCK_50        ;
;  SRAM_DQ[4]  ; CLOCK_50   ; 6.818 ;      ; Rise       ; CLOCK_50        ;
;  SRAM_DQ[5]  ; CLOCK_50   ; 6.818 ;      ; Rise       ; CLOCK_50        ;
;  SRAM_DQ[6]  ; CLOCK_50   ; 6.818 ;      ; Rise       ; CLOCK_50        ;
;  SRAM_DQ[7]  ; CLOCK_50   ; 6.802 ;      ; Rise       ; CLOCK_50        ;
;  SRAM_DQ[8]  ; CLOCK_50   ; 6.852 ;      ; Rise       ; CLOCK_50        ;
;  SRAM_DQ[9]  ; CLOCK_50   ; 6.852 ;      ; Rise       ; CLOCK_50        ;
;  SRAM_DQ[10] ; CLOCK_50   ; 6.602 ;      ; Rise       ; CLOCK_50        ;
;  SRAM_DQ[11] ; CLOCK_50   ; 6.602 ;      ; Rise       ; CLOCK_50        ;
;  SRAM_DQ[12] ; CLOCK_50   ; 6.600 ;      ; Rise       ; CLOCK_50        ;
;  SRAM_DQ[13] ; CLOCK_50   ; 6.600 ;      ; Rise       ; CLOCK_50        ;
;  SRAM_DQ[14] ; CLOCK_50   ; 6.579 ;      ; Rise       ; CLOCK_50        ;
;  SRAM_DQ[15] ; CLOCK_50   ; 6.587 ;      ; Rise       ; CLOCK_50        ;
+--------------+------------+-------+------+------------+-----------------+


+----------------------------------------------------------------------------------+
; Output Disable Times                                                             ;
+--------------+------------+-----------+-----------+------------+-----------------+
; Data Port    ; Clock Port ; 0 to Hi-Z ; 1 to Hi-Z ; Clock Edge ; Clock Reference ;
+--------------+------------+-----------+-----------+------------+-----------------+
; SRAM_DQ[*]   ; CLOCK_50   ; 6.579     ;           ; Rise       ; CLOCK_50        ;
;  SRAM_DQ[0]  ; CLOCK_50   ; 7.117     ;           ; Rise       ; CLOCK_50        ;
;  SRAM_DQ[1]  ; CLOCK_50   ; 7.127     ;           ; Rise       ; CLOCK_50        ;
;  SRAM_DQ[2]  ; CLOCK_50   ; 7.112     ;           ; Rise       ; CLOCK_50        ;
;  SRAM_DQ[3]  ; CLOCK_50   ; 7.092     ;           ; Rise       ; CLOCK_50        ;
;  SRAM_DQ[4]  ; CLOCK_50   ; 6.818     ;           ; Rise       ; CLOCK_50        ;
;  SRAM_DQ[5]  ; CLOCK_50   ; 6.818     ;           ; Rise       ; CLOCK_50        ;
;  SRAM_DQ[6]  ; CLOCK_50   ; 6.818     ;           ; Rise       ; CLOCK_50        ;
;  SRAM_DQ[7]  ; CLOCK_50   ; 6.802     ;           ; Rise       ; CLOCK_50        ;
;  SRAM_DQ[8]  ; CLOCK_50   ; 6.852     ;           ; Rise       ; CLOCK_50        ;
;  SRAM_DQ[9]  ; CLOCK_50   ; 6.852     ;           ; Rise       ; CLOCK_50        ;
;  SRAM_DQ[10] ; CLOCK_50   ; 6.602     ;           ; Rise       ; CLOCK_50        ;
;  SRAM_DQ[11] ; CLOCK_50   ; 6.602     ;           ; Rise       ; CLOCK_50        ;
;  SRAM_DQ[12] ; CLOCK_50   ; 6.600     ;           ; Rise       ; CLOCK_50        ;
;  SRAM_DQ[13] ; CLOCK_50   ; 6.600     ;           ; Rise       ; CLOCK_50        ;
;  SRAM_DQ[14] ; CLOCK_50   ; 6.579     ;           ; Rise       ; CLOCK_50        ;
;  SRAM_DQ[15] ; CLOCK_50   ; 6.587     ;           ; Rise       ; CLOCK_50        ;
+--------------+------------+-----------+-----------+------------+-----------------+


+----------------------------------------------------------------------------------+
; Minimum Output Disable Times                                                     ;
+--------------+------------+-----------+-----------+------------+-----------------+
; Data Port    ; Clock Port ; 0 to Hi-Z ; 1 to Hi-Z ; Clock Edge ; Clock Reference ;
+--------------+------------+-----------+-----------+------------+-----------------+
; SRAM_DQ[*]   ; CLOCK_50   ; 6.579     ;           ; Rise       ; CLOCK_50        ;
;  SRAM_DQ[0]  ; CLOCK_50   ; 7.117     ;           ; Rise       ; CLOCK_50        ;
;  SRAM_DQ[1]  ; CLOCK_50   ; 7.127     ;           ; Rise       ; CLOCK_50        ;
;  SRAM_DQ[2]  ; CLOCK_50   ; 7.112     ;           ; Rise       ; CLOCK_50        ;
;  SRAM_DQ[3]  ; CLOCK_50   ; 7.092     ;           ; Rise       ; CLOCK_50        ;
;  SRAM_DQ[4]  ; CLOCK_50   ; 6.818     ;           ; Rise       ; CLOCK_50        ;
;  SRAM_DQ[5]  ; CLOCK_50   ; 6.818     ;           ; Rise       ; CLOCK_50        ;
;  SRAM_DQ[6]  ; CLOCK_50   ; 6.818     ;           ; Rise       ; CLOCK_50        ;
;  SRAM_DQ[7]  ; CLOCK_50   ; 6.802     ;           ; Rise       ; CLOCK_50        ;
;  SRAM_DQ[8]  ; CLOCK_50   ; 6.852     ;           ; Rise       ; CLOCK_50        ;
;  SRAM_DQ[9]  ; CLOCK_50   ; 6.852     ;           ; Rise       ; CLOCK_50        ;
;  SRAM_DQ[10] ; CLOCK_50   ; 6.602     ;           ; Rise       ; CLOCK_50        ;
;  SRAM_DQ[11] ; CLOCK_50   ; 6.602     ;           ; Rise       ; CLOCK_50        ;
;  SRAM_DQ[12] ; CLOCK_50   ; 6.600     ;           ; Rise       ; CLOCK_50        ;
;  SRAM_DQ[13] ; CLOCK_50   ; 6.600     ;           ; Rise       ; CLOCK_50        ;
;  SRAM_DQ[14] ; CLOCK_50   ; 6.579     ;           ; Rise       ; CLOCK_50        ;
;  SRAM_DQ[15] ; CLOCK_50   ; 6.587     ;           ; Rise       ; CLOCK_50        ;
+--------------+------------+-----------+-----------+------------+-----------------+


+------------------------------------------------------------------------------------------+
; Fast Model Setup Summary                                                                 ;
+-----------------------------------------------------------------+--------+---------------+
; Clock                                                           ; Slack  ; End Point TNS ;
+-----------------------------------------------------------------+--------+---------------+
; CLOCK_50                                                        ; -1.941 ; -104.301      ;
; uart_controller:uart_ctrl_inst|baud_rate_gen:brg_inst|ov_tick   ; -0.474 ; -8.310        ;
; uart_controller:uart_ctrl_inst|baud_rate_gen:brg_inst|uart_tick ; -0.350 ; -1.303        ;
+-----------------------------------------------------------------+--------+---------------+


+-----------------------------------------------------------------------------------------+
; Fast Model Hold Summary                                                                 ;
+-----------------------------------------------------------------+-------+---------------+
; Clock                                                           ; Slack ; End Point TNS ;
+-----------------------------------------------------------------+-------+---------------+
; CLOCK_50                                                        ; 0.170 ; 0.000         ;
; uart_controller:uart_ctrl_inst|baud_rate_gen:brg_inst|ov_tick   ; 0.215 ; 0.000         ;
; uart_controller:uart_ctrl_inst|baud_rate_gen:brg_inst|uart_tick ; 0.215 ; 0.000         ;
+-----------------------------------------------------------------+-------+---------------+


+----------------------------------------------------------------------------------------+
; Fast Model Recovery Summary                                                            ;
+---------------------------------------------------------------+--------+---------------+
; Clock                                                         ; Slack  ; End Point TNS ;
+---------------------------------------------------------------+--------+---------------+
; uart_controller:uart_ctrl_inst|baud_rate_gen:brg_inst|ov_tick ; -0.224 ; -2.016        ;
+---------------------------------------------------------------+--------+---------------+


+---------------------------------------------------------------------------------------+
; Fast Model Removal Summary                                                            ;
+---------------------------------------------------------------+-------+---------------+
; Clock                                                         ; Slack ; End Point TNS ;
+---------------------------------------------------------------+-------+---------------+
; uart_controller:uart_ctrl_inst|baud_rate_gen:brg_inst|ov_tick ; 1.104 ; 0.000         ;
+---------------------------------------------------------------+-------+---------------+


+------------------------------------------------------------------------------------------+
; Fast Model Minimum Pulse Width Summary                                                   ;
+-----------------------------------------------------------------+--------+---------------+
; Clock                                                           ; Slack  ; End Point TNS ;
+-----------------------------------------------------------------+--------+---------------+
; CLOCK_50                                                        ; -1.627 ; -304.762      ;
; uart_controller:uart_ctrl_inst|baud_rate_gen:brg_inst|ov_tick   ; -0.500 ; -38.000       ;
; uart_controller:uart_ctrl_inst|baud_rate_gen:brg_inst|uart_tick ; -0.500 ; -21.000       ;
+-----------------------------------------------------------------+--------+---------------+


+--------------------------------------------------------------------------------------------------------------------------------------------------------------------------------------------------------------------------------------------------------+
; Fast Model Setup: 'CLOCK_50'                                                                                                                                                                                                                           ;
+--------+-----------------------------------------------------------------------------------------------------------------------+-------------------------------------------------+--------------+-------------+--------------+------------+------------+
; Slack  ; From Node                                                                                                             ; To Node                                         ; Launch Clock ; Latch Clock ; Relationship ; Clock Skew ; Data Delay ;
+--------+-----------------------------------------------------------------------------------------------------------------------+-------------------------------------------------+--------------+-------------+--------------+------------+------------+
; -1.941 ; uart_rx_packet_new:packet_inst|altsyncram:buffer_rtl_0|altsyncram_09c1:auto_generated|ram_block1a0~portb_address_reg0 ; sram_packet_writer:sram_writer_inst|data_low[4] ; CLOCK_50     ; CLOCK_50    ; 1.000        ; -0.065     ; 2.908      ;
; -1.941 ; uart_rx_packet_new:packet_inst|altsyncram:buffer_rtl_0|altsyncram_09c1:auto_generated|ram_block1a0~portb_address_reg1 ; sram_packet_writer:sram_writer_inst|data_low[4] ; CLOCK_50     ; CLOCK_50    ; 1.000        ; -0.065     ; 2.908      ;
; -1.941 ; uart_rx_packet_new:packet_inst|altsyncram:buffer_rtl_0|altsyncram_09c1:auto_generated|ram_block1a0~portb_address_reg2 ; sram_packet_writer:sram_writer_inst|data_low[4] ; CLOCK_50     ; CLOCK_50    ; 1.000        ; -0.065     ; 2.908      ;
; -1.941 ; uart_rx_packet_new:packet_inst|altsyncram:buffer_rtl_0|altsyncram_09c1:auto_generated|ram_block1a0~portb_address_reg3 ; sram_packet_writer:sram_writer_inst|data_low[4] ; CLOCK_50     ; CLOCK_50    ; 1.000        ; -0.065     ; 2.908      ;
; -1.941 ; uart_rx_packet_new:packet_inst|altsyncram:buffer_rtl_0|altsyncram_09c1:auto_generated|ram_block1a0~portb_address_reg4 ; sram_packet_writer:sram_writer_inst|data_low[4] ; CLOCK_50     ; CLOCK_50    ; 1.000        ; -0.065     ; 2.908      ;
; -1.941 ; uart_rx_packet_new:packet_inst|altsyncram:buffer_rtl_0|altsyncram_09c1:auto_generated|ram_block1a0~portb_address_reg5 ; sram_packet_writer:sram_writer_inst|data_low[4] ; CLOCK_50     ; CLOCK_50    ; 1.000        ; -0.065     ; 2.908      ;
; -1.941 ; uart_rx_packet_new:packet_inst|altsyncram:buffer_rtl_0|altsyncram_09c1:auto_generated|ram_block1a0~portb_address_reg6 ; sram_packet_writer:sram_writer_inst|data_low[4] ; CLOCK_50     ; CLOCK_50    ; 1.000        ; -0.065     ; 2.908      ;
; -1.941 ; uart_rx_packet_new:packet_inst|altsyncram:buffer_rtl_0|altsyncram_09c1:auto_generated|ram_block1a0~portb_address_reg7 ; sram_packet_writer:sram_writer_inst|data_low[4] ; CLOCK_50     ; CLOCK_50    ; 1.000        ; -0.065     ; 2.908      ;
; -1.880 ; uart_rx_packet_new:packet_inst|altsyncram:buffer_rtl_0|altsyncram_09c1:auto_generated|ram_block1a0~portb_address_reg0 ; sram_packet_writer:sram_writer_inst|w_data[13]  ; CLOCK_50     ; CLOCK_50    ; 1.000        ; -0.065     ; 2.847      ;
; -1.880 ; uart_rx_packet_new:packet_inst|altsyncram:buffer_rtl_0|altsyncram_09c1:auto_generated|ram_block1a0~portb_address_reg1 ; sram_packet_writer:sram_writer_inst|w_data[13]  ; CLOCK_50     ; CLOCK_50    ; 1.000        ; -0.065     ; 2.847      ;
; -1.880 ; uart_rx_packet_new:packet_inst|altsyncram:buffer_rtl_0|altsyncram_09c1:auto_generated|ram_block1a0~portb_address_reg2 ; sram_packet_writer:sram_writer_inst|w_data[13]  ; CLOCK_50     ; CLOCK_50    ; 1.000        ; -0.065     ; 2.847      ;
; -1.880 ; uart_rx_packet_new:packet_inst|altsyncram:buffer_rtl_0|altsyncram_09c1:auto_generated|ram_block1a0~portb_address_reg3 ; sram_packet_writer:sram_writer_inst|w_data[13]  ; CLOCK_50     ; CLOCK_50    ; 1.000        ; -0.065     ; 2.847      ;
; -1.880 ; uart_rx_packet_new:packet_inst|altsyncram:buffer_rtl_0|altsyncram_09c1:auto_generated|ram_block1a0~portb_address_reg4 ; sram_packet_writer:sram_writer_inst|w_data[13]  ; CLOCK_50     ; CLOCK_50    ; 1.000        ; -0.065     ; 2.847      ;
; -1.880 ; uart_rx_packet_new:packet_inst|altsyncram:buffer_rtl_0|altsyncram_09c1:auto_generated|ram_block1a0~portb_address_reg5 ; sram_packet_writer:sram_writer_inst|w_data[13]  ; CLOCK_50     ; CLOCK_50    ; 1.000        ; -0.065     ; 2.847      ;
; -1.880 ; uart_rx_packet_new:packet_inst|altsyncram:buffer_rtl_0|altsyncram_09c1:auto_generated|ram_block1a0~portb_address_reg6 ; sram_packet_writer:sram_writer_inst|w_data[13]  ; CLOCK_50     ; CLOCK_50    ; 1.000        ; -0.065     ; 2.847      ;
; -1.880 ; uart_rx_packet_new:packet_inst|altsyncram:buffer_rtl_0|altsyncram_09c1:auto_generated|ram_block1a0~portb_address_reg7 ; sram_packet_writer:sram_writer_inst|w_data[13]  ; CLOCK_50     ; CLOCK_50    ; 1.000        ; -0.065     ; 2.847      ;
; -1.877 ; uart_rx_packet_new:packet_inst|altsyncram:buffer_rtl_0|altsyncram_09c1:auto_generated|ram_block1a0~portb_address_reg0 ; sram_packet_writer:sram_writer_inst|w_data[9]   ; CLOCK_50     ; CLOCK_50    ; 1.000        ; -0.065     ; 2.844      ;
; -1.877 ; uart_rx_packet_new:packet_inst|altsyncram:buffer_rtl_0|altsyncram_09c1:auto_generated|ram_block1a0~portb_address_reg1 ; sram_packet_writer:sram_writer_inst|w_data[9]   ; CLOCK_50     ; CLOCK_50    ; 1.000        ; -0.065     ; 2.844      ;
; -1.877 ; uart_rx_packet_new:packet_inst|altsyncram:buffer_rtl_0|altsyncram_09c1:auto_generated|ram_block1a0~portb_address_reg2 ; sram_packet_writer:sram_writer_inst|w_data[9]   ; CLOCK_50     ; CLOCK_50    ; 1.000        ; -0.065     ; 2.844      ;
; -1.877 ; uart_rx_packet_new:packet_inst|altsyncram:buffer_rtl_0|altsyncram_09c1:auto_generated|ram_block1a0~portb_address_reg3 ; sram_packet_writer:sram_writer_inst|w_data[9]   ; CLOCK_50     ; CLOCK_50    ; 1.000        ; -0.065     ; 2.844      ;
; -1.877 ; uart_rx_packet_new:packet_inst|altsyncram:buffer_rtl_0|altsyncram_09c1:auto_generated|ram_block1a0~portb_address_reg4 ; sram_packet_writer:sram_writer_inst|w_data[9]   ; CLOCK_50     ; CLOCK_50    ; 1.000        ; -0.065     ; 2.844      ;
; -1.877 ; uart_rx_packet_new:packet_inst|altsyncram:buffer_rtl_0|altsyncram_09c1:auto_generated|ram_block1a0~portb_address_reg5 ; sram_packet_writer:sram_writer_inst|w_data[9]   ; CLOCK_50     ; CLOCK_50    ; 1.000        ; -0.065     ; 2.844      ;
; -1.877 ; uart_rx_packet_new:packet_inst|altsyncram:buffer_rtl_0|altsyncram_09c1:auto_generated|ram_block1a0~portb_address_reg6 ; sram_packet_writer:sram_writer_inst|w_data[9]   ; CLOCK_50     ; CLOCK_50    ; 1.000        ; -0.065     ; 2.844      ;
; -1.877 ; uart_rx_packet_new:packet_inst|altsyncram:buffer_rtl_0|altsyncram_09c1:auto_generated|ram_block1a0~portb_address_reg7 ; sram_packet_writer:sram_writer_inst|w_data[9]   ; CLOCK_50     ; CLOCK_50    ; 1.000        ; -0.065     ; 2.844      ;
; -1.869 ; uart_rx_packet_new:packet_inst|altsyncram:buffer_rtl_0|altsyncram_09c1:auto_generated|ram_block1a0~portb_address_reg0 ; sram_packet_writer:sram_writer_inst|w_data[15]  ; CLOCK_50     ; CLOCK_50    ; 1.000        ; -0.065     ; 2.836      ;
; -1.869 ; uart_rx_packet_new:packet_inst|altsyncram:buffer_rtl_0|altsyncram_09c1:auto_generated|ram_block1a0~portb_address_reg1 ; sram_packet_writer:sram_writer_inst|w_data[15]  ; CLOCK_50     ; CLOCK_50    ; 1.000        ; -0.065     ; 2.836      ;
; -1.869 ; uart_rx_packet_new:packet_inst|altsyncram:buffer_rtl_0|altsyncram_09c1:auto_generated|ram_block1a0~portb_address_reg2 ; sram_packet_writer:sram_writer_inst|w_data[15]  ; CLOCK_50     ; CLOCK_50    ; 1.000        ; -0.065     ; 2.836      ;
; -1.869 ; uart_rx_packet_new:packet_inst|altsyncram:buffer_rtl_0|altsyncram_09c1:auto_generated|ram_block1a0~portb_address_reg3 ; sram_packet_writer:sram_writer_inst|w_data[15]  ; CLOCK_50     ; CLOCK_50    ; 1.000        ; -0.065     ; 2.836      ;
; -1.869 ; uart_rx_packet_new:packet_inst|altsyncram:buffer_rtl_0|altsyncram_09c1:auto_generated|ram_block1a0~portb_address_reg4 ; sram_packet_writer:sram_writer_inst|w_data[15]  ; CLOCK_50     ; CLOCK_50    ; 1.000        ; -0.065     ; 2.836      ;
; -1.869 ; uart_rx_packet_new:packet_inst|altsyncram:buffer_rtl_0|altsyncram_09c1:auto_generated|ram_block1a0~portb_address_reg5 ; sram_packet_writer:sram_writer_inst|w_data[15]  ; CLOCK_50     ; CLOCK_50    ; 1.000        ; -0.065     ; 2.836      ;
; -1.869 ; uart_rx_packet_new:packet_inst|altsyncram:buffer_rtl_0|altsyncram_09c1:auto_generated|ram_block1a0~portb_address_reg6 ; sram_packet_writer:sram_writer_inst|w_data[15]  ; CLOCK_50     ; CLOCK_50    ; 1.000        ; -0.065     ; 2.836      ;
; -1.869 ; uart_rx_packet_new:packet_inst|altsyncram:buffer_rtl_0|altsyncram_09c1:auto_generated|ram_block1a0~portb_address_reg7 ; sram_packet_writer:sram_writer_inst|w_data[15]  ; CLOCK_50     ; CLOCK_50    ; 1.000        ; -0.065     ; 2.836      ;
; -1.822 ; uart_rx_packet_new:packet_inst|altsyncram:buffer_rtl_0|altsyncram_09c1:auto_generated|ram_block1a0~portb_address_reg0 ; sram_packet_writer:sram_writer_inst|w_data[14]  ; CLOCK_50     ; CLOCK_50    ; 1.000        ; -0.065     ; 2.789      ;
; -1.822 ; uart_rx_packet_new:packet_inst|altsyncram:buffer_rtl_0|altsyncram_09c1:auto_generated|ram_block1a0~portb_address_reg1 ; sram_packet_writer:sram_writer_inst|w_data[14]  ; CLOCK_50     ; CLOCK_50    ; 1.000        ; -0.065     ; 2.789      ;
; -1.822 ; uart_rx_packet_new:packet_inst|altsyncram:buffer_rtl_0|altsyncram_09c1:auto_generated|ram_block1a0~portb_address_reg2 ; sram_packet_writer:sram_writer_inst|w_data[14]  ; CLOCK_50     ; CLOCK_50    ; 1.000        ; -0.065     ; 2.789      ;
; -1.822 ; uart_rx_packet_new:packet_inst|altsyncram:buffer_rtl_0|altsyncram_09c1:auto_generated|ram_block1a0~portb_address_reg3 ; sram_packet_writer:sram_writer_inst|w_data[14]  ; CLOCK_50     ; CLOCK_50    ; 1.000        ; -0.065     ; 2.789      ;
; -1.822 ; uart_rx_packet_new:packet_inst|altsyncram:buffer_rtl_0|altsyncram_09c1:auto_generated|ram_block1a0~portb_address_reg4 ; sram_packet_writer:sram_writer_inst|w_data[14]  ; CLOCK_50     ; CLOCK_50    ; 1.000        ; -0.065     ; 2.789      ;
; -1.822 ; uart_rx_packet_new:packet_inst|altsyncram:buffer_rtl_0|altsyncram_09c1:auto_generated|ram_block1a0~portb_address_reg5 ; sram_packet_writer:sram_writer_inst|w_data[14]  ; CLOCK_50     ; CLOCK_50    ; 1.000        ; -0.065     ; 2.789      ;
; -1.822 ; uart_rx_packet_new:packet_inst|altsyncram:buffer_rtl_0|altsyncram_09c1:auto_generated|ram_block1a0~portb_address_reg6 ; sram_packet_writer:sram_writer_inst|w_data[14]  ; CLOCK_50     ; CLOCK_50    ; 1.000        ; -0.065     ; 2.789      ;
; -1.822 ; uart_rx_packet_new:packet_inst|altsyncram:buffer_rtl_0|altsyncram_09c1:auto_generated|ram_block1a0~portb_address_reg7 ; sram_packet_writer:sram_writer_inst|w_data[14]  ; CLOCK_50     ; CLOCK_50    ; 1.000        ; -0.065     ; 2.789      ;
; -1.779 ; uart_rx_packet_new:packet_inst|altsyncram:buffer_rtl_0|altsyncram_09c1:auto_generated|ram_block1a0~portb_address_reg0 ; sram_packet_writer:sram_writer_inst|w_data[11]  ; CLOCK_50     ; CLOCK_50    ; 1.000        ; -0.065     ; 2.746      ;
; -1.779 ; uart_rx_packet_new:packet_inst|altsyncram:buffer_rtl_0|altsyncram_09c1:auto_generated|ram_block1a0~portb_address_reg1 ; sram_packet_writer:sram_writer_inst|w_data[11]  ; CLOCK_50     ; CLOCK_50    ; 1.000        ; -0.065     ; 2.746      ;
; -1.779 ; uart_rx_packet_new:packet_inst|altsyncram:buffer_rtl_0|altsyncram_09c1:auto_generated|ram_block1a0~portb_address_reg2 ; sram_packet_writer:sram_writer_inst|w_data[11]  ; CLOCK_50     ; CLOCK_50    ; 1.000        ; -0.065     ; 2.746      ;
; -1.779 ; uart_rx_packet_new:packet_inst|altsyncram:buffer_rtl_0|altsyncram_09c1:auto_generated|ram_block1a0~portb_address_reg3 ; sram_packet_writer:sram_writer_inst|w_data[11]  ; CLOCK_50     ; CLOCK_50    ; 1.000        ; -0.065     ; 2.746      ;
; -1.779 ; uart_rx_packet_new:packet_inst|altsyncram:buffer_rtl_0|altsyncram_09c1:auto_generated|ram_block1a0~portb_address_reg4 ; sram_packet_writer:sram_writer_inst|w_data[11]  ; CLOCK_50     ; CLOCK_50    ; 1.000        ; -0.065     ; 2.746      ;
; -1.779 ; uart_rx_packet_new:packet_inst|altsyncram:buffer_rtl_0|altsyncram_09c1:auto_generated|ram_block1a0~portb_address_reg5 ; sram_packet_writer:sram_writer_inst|w_data[11]  ; CLOCK_50     ; CLOCK_50    ; 1.000        ; -0.065     ; 2.746      ;
; -1.779 ; uart_rx_packet_new:packet_inst|altsyncram:buffer_rtl_0|altsyncram_09c1:auto_generated|ram_block1a0~portb_address_reg6 ; sram_packet_writer:sram_writer_inst|w_data[11]  ; CLOCK_50     ; CLOCK_50    ; 1.000        ; -0.065     ; 2.746      ;
; -1.779 ; uart_rx_packet_new:packet_inst|altsyncram:buffer_rtl_0|altsyncram_09c1:auto_generated|ram_block1a0~portb_address_reg7 ; sram_packet_writer:sram_writer_inst|w_data[11]  ; CLOCK_50     ; CLOCK_50    ; 1.000        ; -0.065     ; 2.746      ;
; -1.775 ; uart_rx_packet_new:packet_inst|altsyncram:buffer_rtl_0|altsyncram_09c1:auto_generated|ram_block1a0~portb_address_reg0 ; sram_packet_writer:sram_writer_inst|w_data[8]   ; CLOCK_50     ; CLOCK_50    ; 1.000        ; -0.065     ; 2.742      ;
; -1.775 ; uart_rx_packet_new:packet_inst|altsyncram:buffer_rtl_0|altsyncram_09c1:auto_generated|ram_block1a0~portb_address_reg1 ; sram_packet_writer:sram_writer_inst|w_data[8]   ; CLOCK_50     ; CLOCK_50    ; 1.000        ; -0.065     ; 2.742      ;
; -1.775 ; uart_rx_packet_new:packet_inst|altsyncram:buffer_rtl_0|altsyncram_09c1:auto_generated|ram_block1a0~portb_address_reg2 ; sram_packet_writer:sram_writer_inst|w_data[8]   ; CLOCK_50     ; CLOCK_50    ; 1.000        ; -0.065     ; 2.742      ;
; -1.775 ; uart_rx_packet_new:packet_inst|altsyncram:buffer_rtl_0|altsyncram_09c1:auto_generated|ram_block1a0~portb_address_reg3 ; sram_packet_writer:sram_writer_inst|w_data[8]   ; CLOCK_50     ; CLOCK_50    ; 1.000        ; -0.065     ; 2.742      ;
; -1.775 ; uart_rx_packet_new:packet_inst|altsyncram:buffer_rtl_0|altsyncram_09c1:auto_generated|ram_block1a0~portb_address_reg4 ; sram_packet_writer:sram_writer_inst|w_data[8]   ; CLOCK_50     ; CLOCK_50    ; 1.000        ; -0.065     ; 2.742      ;
; -1.775 ; uart_rx_packet_new:packet_inst|altsyncram:buffer_rtl_0|altsyncram_09c1:auto_generated|ram_block1a0~portb_address_reg5 ; sram_packet_writer:sram_writer_inst|w_data[8]   ; CLOCK_50     ; CLOCK_50    ; 1.000        ; -0.065     ; 2.742      ;
; -1.775 ; uart_rx_packet_new:packet_inst|altsyncram:buffer_rtl_0|altsyncram_09c1:auto_generated|ram_block1a0~portb_address_reg6 ; sram_packet_writer:sram_writer_inst|w_data[8]   ; CLOCK_50     ; CLOCK_50    ; 1.000        ; -0.065     ; 2.742      ;
; -1.775 ; uart_rx_packet_new:packet_inst|altsyncram:buffer_rtl_0|altsyncram_09c1:auto_generated|ram_block1a0~portb_address_reg7 ; sram_packet_writer:sram_writer_inst|w_data[8]   ; CLOCK_50     ; CLOCK_50    ; 1.000        ; -0.065     ; 2.742      ;
; -1.774 ; uart_rx_packet_new:packet_inst|altsyncram:buffer_rtl_0|altsyncram_09c1:auto_generated|ram_block1a0~portb_address_reg0 ; sram_packet_writer:sram_writer_inst|w_data[10]  ; CLOCK_50     ; CLOCK_50    ; 1.000        ; -0.065     ; 2.741      ;
; -1.774 ; uart_rx_packet_new:packet_inst|altsyncram:buffer_rtl_0|altsyncram_09c1:auto_generated|ram_block1a0~portb_address_reg1 ; sram_packet_writer:sram_writer_inst|w_data[10]  ; CLOCK_50     ; CLOCK_50    ; 1.000        ; -0.065     ; 2.741      ;
; -1.774 ; uart_rx_packet_new:packet_inst|altsyncram:buffer_rtl_0|altsyncram_09c1:auto_generated|ram_block1a0~portb_address_reg2 ; sram_packet_writer:sram_writer_inst|w_data[10]  ; CLOCK_50     ; CLOCK_50    ; 1.000        ; -0.065     ; 2.741      ;
; -1.774 ; uart_rx_packet_new:packet_inst|altsyncram:buffer_rtl_0|altsyncram_09c1:auto_generated|ram_block1a0~portb_address_reg3 ; sram_packet_writer:sram_writer_inst|w_data[10]  ; CLOCK_50     ; CLOCK_50    ; 1.000        ; -0.065     ; 2.741      ;
; -1.774 ; uart_rx_packet_new:packet_inst|altsyncram:buffer_rtl_0|altsyncram_09c1:auto_generated|ram_block1a0~portb_address_reg4 ; sram_packet_writer:sram_writer_inst|w_data[10]  ; CLOCK_50     ; CLOCK_50    ; 1.000        ; -0.065     ; 2.741      ;
; -1.774 ; uart_rx_packet_new:packet_inst|altsyncram:buffer_rtl_0|altsyncram_09c1:auto_generated|ram_block1a0~portb_address_reg5 ; sram_packet_writer:sram_writer_inst|w_data[10]  ; CLOCK_50     ; CLOCK_50    ; 1.000        ; -0.065     ; 2.741      ;
; -1.774 ; uart_rx_packet_new:packet_inst|altsyncram:buffer_rtl_0|altsyncram_09c1:auto_generated|ram_block1a0~portb_address_reg6 ; sram_packet_writer:sram_writer_inst|w_data[10]  ; CLOCK_50     ; CLOCK_50    ; 1.000        ; -0.065     ; 2.741      ;
; -1.774 ; uart_rx_packet_new:packet_inst|altsyncram:buffer_rtl_0|altsyncram_09c1:auto_generated|ram_block1a0~portb_address_reg7 ; sram_packet_writer:sram_writer_inst|w_data[10]  ; CLOCK_50     ; CLOCK_50    ; 1.000        ; -0.065     ; 2.741      ;
; -1.643 ; uart_rx_packet_new:packet_inst|altsyncram:buffer_rtl_0|altsyncram_09c1:auto_generated|ram_block1a0~portb_address_reg0 ; sram_packet_writer:sram_writer_inst|data_low[1] ; CLOCK_50     ; CLOCK_50    ; 1.000        ; -0.065     ; 2.610      ;
; -1.643 ; uart_rx_packet_new:packet_inst|altsyncram:buffer_rtl_0|altsyncram_09c1:auto_generated|ram_block1a0~portb_address_reg1 ; sram_packet_writer:sram_writer_inst|data_low[1] ; CLOCK_50     ; CLOCK_50    ; 1.000        ; -0.065     ; 2.610      ;
; -1.643 ; uart_rx_packet_new:packet_inst|altsyncram:buffer_rtl_0|altsyncram_09c1:auto_generated|ram_block1a0~portb_address_reg2 ; sram_packet_writer:sram_writer_inst|data_low[1] ; CLOCK_50     ; CLOCK_50    ; 1.000        ; -0.065     ; 2.610      ;
; -1.643 ; uart_rx_packet_new:packet_inst|altsyncram:buffer_rtl_0|altsyncram_09c1:auto_generated|ram_block1a0~portb_address_reg3 ; sram_packet_writer:sram_writer_inst|data_low[1] ; CLOCK_50     ; CLOCK_50    ; 1.000        ; -0.065     ; 2.610      ;
; -1.643 ; uart_rx_packet_new:packet_inst|altsyncram:buffer_rtl_0|altsyncram_09c1:auto_generated|ram_block1a0~portb_address_reg4 ; sram_packet_writer:sram_writer_inst|data_low[1] ; CLOCK_50     ; CLOCK_50    ; 1.000        ; -0.065     ; 2.610      ;
; -1.643 ; uart_rx_packet_new:packet_inst|altsyncram:buffer_rtl_0|altsyncram_09c1:auto_generated|ram_block1a0~portb_address_reg5 ; sram_packet_writer:sram_writer_inst|data_low[1] ; CLOCK_50     ; CLOCK_50    ; 1.000        ; -0.065     ; 2.610      ;
; -1.643 ; uart_rx_packet_new:packet_inst|altsyncram:buffer_rtl_0|altsyncram_09c1:auto_generated|ram_block1a0~portb_address_reg6 ; sram_packet_writer:sram_writer_inst|data_low[1] ; CLOCK_50     ; CLOCK_50    ; 1.000        ; -0.065     ; 2.610      ;
; -1.643 ; uart_rx_packet_new:packet_inst|altsyncram:buffer_rtl_0|altsyncram_09c1:auto_generated|ram_block1a0~portb_address_reg7 ; sram_packet_writer:sram_writer_inst|data_low[1] ; CLOCK_50     ; CLOCK_50    ; 1.000        ; -0.065     ; 2.610      ;
; -1.635 ; uart_rx_packet_new:packet_inst|altsyncram:buffer_rtl_0|altsyncram_09c1:auto_generated|ram_block1a0~portb_address_reg0 ; sram_packet_writer:sram_writer_inst|data_low[5] ; CLOCK_50     ; CLOCK_50    ; 1.000        ; -0.065     ; 2.602      ;
; -1.635 ; uart_rx_packet_new:packet_inst|altsyncram:buffer_rtl_0|altsyncram_09c1:auto_generated|ram_block1a0~portb_address_reg1 ; sram_packet_writer:sram_writer_inst|data_low[5] ; CLOCK_50     ; CLOCK_50    ; 1.000        ; -0.065     ; 2.602      ;
; -1.635 ; uart_rx_packet_new:packet_inst|altsyncram:buffer_rtl_0|altsyncram_09c1:auto_generated|ram_block1a0~portb_address_reg2 ; sram_packet_writer:sram_writer_inst|data_low[5] ; CLOCK_50     ; CLOCK_50    ; 1.000        ; -0.065     ; 2.602      ;
; -1.635 ; uart_rx_packet_new:packet_inst|altsyncram:buffer_rtl_0|altsyncram_09c1:auto_generated|ram_block1a0~portb_address_reg3 ; sram_packet_writer:sram_writer_inst|data_low[5] ; CLOCK_50     ; CLOCK_50    ; 1.000        ; -0.065     ; 2.602      ;
; -1.635 ; uart_rx_packet_new:packet_inst|altsyncram:buffer_rtl_0|altsyncram_09c1:auto_generated|ram_block1a0~portb_address_reg4 ; sram_packet_writer:sram_writer_inst|data_low[5] ; CLOCK_50     ; CLOCK_50    ; 1.000        ; -0.065     ; 2.602      ;
; -1.635 ; uart_rx_packet_new:packet_inst|altsyncram:buffer_rtl_0|altsyncram_09c1:auto_generated|ram_block1a0~portb_address_reg5 ; sram_packet_writer:sram_writer_inst|data_low[5] ; CLOCK_50     ; CLOCK_50    ; 1.000        ; -0.065     ; 2.602      ;
; -1.635 ; uart_rx_packet_new:packet_inst|altsyncram:buffer_rtl_0|altsyncram_09c1:auto_generated|ram_block1a0~portb_address_reg6 ; sram_packet_writer:sram_writer_inst|data_low[5] ; CLOCK_50     ; CLOCK_50    ; 1.000        ; -0.065     ; 2.602      ;
; -1.635 ; uart_rx_packet_new:packet_inst|altsyncram:buffer_rtl_0|altsyncram_09c1:auto_generated|ram_block1a0~portb_address_reg7 ; sram_packet_writer:sram_writer_inst|data_low[5] ; CLOCK_50     ; CLOCK_50    ; 1.000        ; -0.065     ; 2.602      ;
; -1.620 ; uart_rx_packet_new:packet_inst|altsyncram:buffer_rtl_0|altsyncram_09c1:auto_generated|ram_block1a0~portb_address_reg0 ; sram_packet_writer:sram_writer_inst|data_low[7] ; CLOCK_50     ; CLOCK_50    ; 1.000        ; -0.065     ; 2.587      ;
; -1.620 ; uart_rx_packet_new:packet_inst|altsyncram:buffer_rtl_0|altsyncram_09c1:auto_generated|ram_block1a0~portb_address_reg1 ; sram_packet_writer:sram_writer_inst|data_low[7] ; CLOCK_50     ; CLOCK_50    ; 1.000        ; -0.065     ; 2.587      ;
; -1.620 ; uart_rx_packet_new:packet_inst|altsyncram:buffer_rtl_0|altsyncram_09c1:auto_generated|ram_block1a0~portb_address_reg2 ; sram_packet_writer:sram_writer_inst|data_low[7] ; CLOCK_50     ; CLOCK_50    ; 1.000        ; -0.065     ; 2.587      ;
; -1.620 ; uart_rx_packet_new:packet_inst|altsyncram:buffer_rtl_0|altsyncram_09c1:auto_generated|ram_block1a0~portb_address_reg3 ; sram_packet_writer:sram_writer_inst|data_low[7] ; CLOCK_50     ; CLOCK_50    ; 1.000        ; -0.065     ; 2.587      ;
; -1.620 ; uart_rx_packet_new:packet_inst|altsyncram:buffer_rtl_0|altsyncram_09c1:auto_generated|ram_block1a0~portb_address_reg4 ; sram_packet_writer:sram_writer_inst|data_low[7] ; CLOCK_50     ; CLOCK_50    ; 1.000        ; -0.065     ; 2.587      ;
; -1.620 ; uart_rx_packet_new:packet_inst|altsyncram:buffer_rtl_0|altsyncram_09c1:auto_generated|ram_block1a0~portb_address_reg5 ; sram_packet_writer:sram_writer_inst|data_low[7] ; CLOCK_50     ; CLOCK_50    ; 1.000        ; -0.065     ; 2.587      ;
; -1.620 ; uart_rx_packet_new:packet_inst|altsyncram:buffer_rtl_0|altsyncram_09c1:auto_generated|ram_block1a0~portb_address_reg6 ; sram_packet_writer:sram_writer_inst|data_low[7] ; CLOCK_50     ; CLOCK_50    ; 1.000        ; -0.065     ; 2.587      ;
; -1.620 ; uart_rx_packet_new:packet_inst|altsyncram:buffer_rtl_0|altsyncram_09c1:auto_generated|ram_block1a0~portb_address_reg7 ; sram_packet_writer:sram_writer_inst|data_low[7] ; CLOCK_50     ; CLOCK_50    ; 1.000        ; -0.065     ; 2.587      ;
; -1.610 ; uart_rx_packet_new:packet_inst|altsyncram:buffer_rtl_0|altsyncram_09c1:auto_generated|ram_block1a0~portb_address_reg0 ; sram_packet_writer:sram_writer_inst|w_data[12]  ; CLOCK_50     ; CLOCK_50    ; 1.000        ; -0.065     ; 2.577      ;
; -1.610 ; uart_rx_packet_new:packet_inst|altsyncram:buffer_rtl_0|altsyncram_09c1:auto_generated|ram_block1a0~portb_address_reg1 ; sram_packet_writer:sram_writer_inst|w_data[12]  ; CLOCK_50     ; CLOCK_50    ; 1.000        ; -0.065     ; 2.577      ;
; -1.610 ; uart_rx_packet_new:packet_inst|altsyncram:buffer_rtl_0|altsyncram_09c1:auto_generated|ram_block1a0~portb_address_reg2 ; sram_packet_writer:sram_writer_inst|w_data[12]  ; CLOCK_50     ; CLOCK_50    ; 1.000        ; -0.065     ; 2.577      ;
; -1.610 ; uart_rx_packet_new:packet_inst|altsyncram:buffer_rtl_0|altsyncram_09c1:auto_generated|ram_block1a0~portb_address_reg3 ; sram_packet_writer:sram_writer_inst|w_data[12]  ; CLOCK_50     ; CLOCK_50    ; 1.000        ; -0.065     ; 2.577      ;
; -1.610 ; uart_rx_packet_new:packet_inst|altsyncram:buffer_rtl_0|altsyncram_09c1:auto_generated|ram_block1a0~portb_address_reg4 ; sram_packet_writer:sram_writer_inst|w_data[12]  ; CLOCK_50     ; CLOCK_50    ; 1.000        ; -0.065     ; 2.577      ;
; -1.610 ; uart_rx_packet_new:packet_inst|altsyncram:buffer_rtl_0|altsyncram_09c1:auto_generated|ram_block1a0~portb_address_reg5 ; sram_packet_writer:sram_writer_inst|w_data[12]  ; CLOCK_50     ; CLOCK_50    ; 1.000        ; -0.065     ; 2.577      ;
; -1.610 ; uart_rx_packet_new:packet_inst|altsyncram:buffer_rtl_0|altsyncram_09c1:auto_generated|ram_block1a0~portb_address_reg6 ; sram_packet_writer:sram_writer_inst|w_data[12]  ; CLOCK_50     ; CLOCK_50    ; 1.000        ; -0.065     ; 2.577      ;
; -1.610 ; uart_rx_packet_new:packet_inst|altsyncram:buffer_rtl_0|altsyncram_09c1:auto_generated|ram_block1a0~portb_address_reg7 ; sram_packet_writer:sram_writer_inst|w_data[12]  ; CLOCK_50     ; CLOCK_50    ; 1.000        ; -0.065     ; 2.577      ;
; -1.573 ; uart_rx_packet_new:packet_inst|altsyncram:buffer_rtl_0|altsyncram_09c1:auto_generated|ram_block1a0~portb_address_reg0 ; sram_packet_writer:sram_writer_inst|data_low[6] ; CLOCK_50     ; CLOCK_50    ; 1.000        ; -0.065     ; 2.540      ;
; -1.573 ; uart_rx_packet_new:packet_inst|altsyncram:buffer_rtl_0|altsyncram_09c1:auto_generated|ram_block1a0~portb_address_reg1 ; sram_packet_writer:sram_writer_inst|data_low[6] ; CLOCK_50     ; CLOCK_50    ; 1.000        ; -0.065     ; 2.540      ;
; -1.573 ; uart_rx_packet_new:packet_inst|altsyncram:buffer_rtl_0|altsyncram_09c1:auto_generated|ram_block1a0~portb_address_reg2 ; sram_packet_writer:sram_writer_inst|data_low[6] ; CLOCK_50     ; CLOCK_50    ; 1.000        ; -0.065     ; 2.540      ;
; -1.573 ; uart_rx_packet_new:packet_inst|altsyncram:buffer_rtl_0|altsyncram_09c1:auto_generated|ram_block1a0~portb_address_reg3 ; sram_packet_writer:sram_writer_inst|data_low[6] ; CLOCK_50     ; CLOCK_50    ; 1.000        ; -0.065     ; 2.540      ;
+--------+-----------------------------------------------------------------------------------------------------------------------+-------------------------------------------------+--------------+-------------+--------------+------------+------------+


+-----------------------------------------------------------------------------------------------------------------------------------------------------------------------------------------------------------------------------------------------------------------------------------------------------------+
; Fast Model Setup: 'uart_controller:uart_ctrl_inst|baud_rate_gen:brg_inst|ov_tick'                                                                                                                                                                                                                         ;
+--------+------------------------------------------------------------+------------------------------------------------------------+---------------------------------------------------------------+---------------------------------------------------------------+--------------+------------+------------+
; Slack  ; From Node                                                  ; To Node                                                    ; Launch Clock                                                  ; Latch Clock                                                   ; Relationship ; Clock Skew ; Data Delay ;
+--------+------------------------------------------------------------+------------------------------------------------------------+---------------------------------------------------------------+---------------------------------------------------------------+--------------+------------+------------+
; -0.474 ; uart_controller:uart_ctrl_inst|uart_rx:rx_inst|bit_cnt[1]  ; uart_controller:uart_ctrl_inst|uart_rx:rx_inst|state.DATA  ; uart_controller:uart_ctrl_inst|baud_rate_gen:brg_inst|ov_tick ; uart_controller:uart_ctrl_inst|baud_rate_gen:brg_inst|ov_tick ; 1.000        ; 0.000      ; 1.506      ;
; -0.474 ; uart_controller:uart_ctrl_inst|uart_rx:rx_inst|bit_cnt[1]  ; uart_controller:uart_ctrl_inst|uart_rx:rx_inst|state.IDLE  ; uart_controller:uart_ctrl_inst|baud_rate_gen:brg_inst|ov_tick ; uart_controller:uart_ctrl_inst|baud_rate_gen:brg_inst|ov_tick ; 1.000        ; 0.000      ; 1.506      ;
; -0.470 ; uart_controller:uart_ctrl_inst|uart_rx:rx_inst|tick_cnt[0] ; uart_controller:uart_ctrl_inst|uart_rx:rx_inst|state.DATA  ; uart_controller:uart_ctrl_inst|baud_rate_gen:brg_inst|ov_tick ; uart_controller:uart_ctrl_inst|baud_rate_gen:brg_inst|ov_tick ; 1.000        ; 0.000      ; 1.502      ;
; -0.470 ; uart_controller:uart_ctrl_inst|uart_rx:rx_inst|tick_cnt[0] ; uart_controller:uart_ctrl_inst|uart_rx:rx_inst|state.IDLE  ; uart_controller:uart_ctrl_inst|baud_rate_gen:brg_inst|ov_tick ; uart_controller:uart_ctrl_inst|baud_rate_gen:brg_inst|ov_tick ; 1.000        ; 0.000      ; 1.502      ;
; -0.423 ; uart_controller:uart_ctrl_inst|uart_rx:rx_inst|tick_cnt[1] ; uart_controller:uart_ctrl_inst|uart_rx:rx_inst|state.DATA  ; uart_controller:uart_ctrl_inst|baud_rate_gen:brg_inst|ov_tick ; uart_controller:uart_ctrl_inst|baud_rate_gen:brg_inst|ov_tick ; 1.000        ; 0.000      ; 1.455      ;
; -0.423 ; uart_controller:uart_ctrl_inst|uart_rx:rx_inst|tick_cnt[1] ; uart_controller:uart_ctrl_inst|uart_rx:rx_inst|state.IDLE  ; uart_controller:uart_ctrl_inst|baud_rate_gen:brg_inst|ov_tick ; uart_controller:uart_ctrl_inst|baud_rate_gen:brg_inst|ov_tick ; 1.000        ; 0.000      ; 1.455      ;
; -0.403 ; uart_controller:uart_ctrl_inst|uart_rx:rx_inst|bit_cnt[1]  ; uart_controller:uart_ctrl_inst|uart_rx:rx_inst|state.START ; uart_controller:uart_ctrl_inst|baud_rate_gen:brg_inst|ov_tick ; uart_controller:uart_ctrl_inst|baud_rate_gen:brg_inst|ov_tick ; 1.000        ; 0.000      ; 1.435      ;
; -0.403 ; uart_controller:uart_ctrl_inst|uart_rx:rx_inst|bit_cnt[1]  ; uart_controller:uart_ctrl_inst|uart_rx:rx_inst|state.STOP  ; uart_controller:uart_ctrl_inst|baud_rate_gen:brg_inst|ov_tick ; uart_controller:uart_ctrl_inst|baud_rate_gen:brg_inst|ov_tick ; 1.000        ; 0.000      ; 1.435      ;
; -0.399 ; uart_controller:uart_ctrl_inst|uart_rx:rx_inst|tick_cnt[0] ; uart_controller:uart_ctrl_inst|uart_rx:rx_inst|state.START ; uart_controller:uart_ctrl_inst|baud_rate_gen:brg_inst|ov_tick ; uart_controller:uart_ctrl_inst|baud_rate_gen:brg_inst|ov_tick ; 1.000        ; 0.000      ; 1.431      ;
; -0.399 ; uart_controller:uart_ctrl_inst|uart_rx:rx_inst|tick_cnt[0] ; uart_controller:uart_ctrl_inst|uart_rx:rx_inst|state.STOP  ; uart_controller:uart_ctrl_inst|baud_rate_gen:brg_inst|ov_tick ; uart_controller:uart_ctrl_inst|baud_rate_gen:brg_inst|ov_tick ; 1.000        ; 0.000      ; 1.431      ;
; -0.396 ; uart_rx_packet_new:packet_inst|rx_clear                    ; uart_controller:uart_ctrl_inst|uart_rx:rx_inst|state.START ; CLOCK_50                                                      ; uart_controller:uart_ctrl_inst|baud_rate_gen:brg_inst|ov_tick ; 1.000        ; -0.265     ; 1.163      ;
; -0.396 ; uart_rx_packet_new:packet_inst|rx_clear                    ; uart_controller:uart_ctrl_inst|uart_rx:rx_inst|state.STOP  ; CLOCK_50                                                      ; uart_controller:uart_ctrl_inst|baud_rate_gen:brg_inst|ov_tick ; 1.000        ; -0.265     ; 1.163      ;
; -0.359 ; uart_controller:uart_ctrl_inst|uart_rx:rx_inst|bit_cnt[0]  ; uart_controller:uart_ctrl_inst|uart_rx:rx_inst|state.START ; uart_controller:uart_ctrl_inst|baud_rate_gen:brg_inst|ov_tick ; uart_controller:uart_ctrl_inst|baud_rate_gen:brg_inst|ov_tick ; 1.000        ; 0.000      ; 1.391      ;
; -0.359 ; uart_controller:uart_ctrl_inst|uart_rx:rx_inst|bit_cnt[0]  ; uart_controller:uart_ctrl_inst|uart_rx:rx_inst|state.STOP  ; uart_controller:uart_ctrl_inst|baud_rate_gen:brg_inst|ov_tick ; uart_controller:uart_ctrl_inst|baud_rate_gen:brg_inst|ov_tick ; 1.000        ; 0.000      ; 1.391      ;
; -0.352 ; uart_controller:uart_ctrl_inst|uart_rx:rx_inst|tick_cnt[1] ; uart_controller:uart_ctrl_inst|uart_rx:rx_inst|state.START ; uart_controller:uart_ctrl_inst|baud_rate_gen:brg_inst|ov_tick ; uart_controller:uart_ctrl_inst|baud_rate_gen:brg_inst|ov_tick ; 1.000        ; 0.000      ; 1.384      ;
; -0.352 ; uart_controller:uart_ctrl_inst|uart_rx:rx_inst|tick_cnt[1] ; uart_controller:uart_ctrl_inst|uart_rx:rx_inst|state.STOP  ; uart_controller:uart_ctrl_inst|baud_rate_gen:brg_inst|ov_tick ; uart_controller:uart_ctrl_inst|baud_rate_gen:brg_inst|ov_tick ; 1.000        ; 0.000      ; 1.384      ;
; -0.343 ; uart_controller:uart_ctrl_inst|uart_rx:rx_inst|tick_cnt[2] ; uart_controller:uart_ctrl_inst|uart_rx:rx_inst|state.DATA  ; uart_controller:uart_ctrl_inst|baud_rate_gen:brg_inst|ov_tick ; uart_controller:uart_ctrl_inst|baud_rate_gen:brg_inst|ov_tick ; 1.000        ; 0.000      ; 1.375      ;
; -0.343 ; uart_controller:uart_ctrl_inst|uart_rx:rx_inst|tick_cnt[2] ; uart_controller:uart_ctrl_inst|uart_rx:rx_inst|state.IDLE  ; uart_controller:uart_ctrl_inst|baud_rate_gen:brg_inst|ov_tick ; uart_controller:uart_ctrl_inst|baud_rate_gen:brg_inst|ov_tick ; 1.000        ; 0.000      ; 1.375      ;
; -0.342 ; uart_controller:uart_ctrl_inst|uart_rx:rx_inst|bit_cnt[0]  ; uart_controller:uart_ctrl_inst|uart_rx:rx_inst|state.DATA  ; uart_controller:uart_ctrl_inst|baud_rate_gen:brg_inst|ov_tick ; uart_controller:uart_ctrl_inst|baud_rate_gen:brg_inst|ov_tick ; 1.000        ; 0.000      ; 1.374      ;
; -0.342 ; uart_controller:uart_ctrl_inst|uart_rx:rx_inst|bit_cnt[0]  ; uart_controller:uart_ctrl_inst|uart_rx:rx_inst|state.IDLE  ; uart_controller:uart_ctrl_inst|baud_rate_gen:brg_inst|ov_tick ; uart_controller:uart_ctrl_inst|baud_rate_gen:brg_inst|ov_tick ; 1.000        ; 0.000      ; 1.374      ;
; -0.341 ; uart_rx_packet_new:packet_inst|rx_clear                    ; uart_controller:uart_ctrl_inst|uart_rx:rx_inst|rx_reg[7]   ; CLOCK_50                                                      ; uart_controller:uart_ctrl_inst|baud_rate_gen:brg_inst|ov_tick ; 1.000        ; -0.266     ; 1.107      ;
; -0.341 ; uart_rx_packet_new:packet_inst|rx_clear                    ; uart_controller:uart_ctrl_inst|uart_rx:rx_inst|rx_reg[6]   ; CLOCK_50                                                      ; uart_controller:uart_ctrl_inst|baud_rate_gen:brg_inst|ov_tick ; 1.000        ; -0.266     ; 1.107      ;
; -0.341 ; uart_rx_packet_new:packet_inst|rx_clear                    ; uart_controller:uart_ctrl_inst|uart_rx:rx_inst|rx_reg[5]   ; CLOCK_50                                                      ; uart_controller:uart_ctrl_inst|baud_rate_gen:brg_inst|ov_tick ; 1.000        ; -0.266     ; 1.107      ;
; -0.341 ; uart_rx_packet_new:packet_inst|rx_clear                    ; uart_controller:uart_ctrl_inst|uart_rx:rx_inst|rx_reg[4]   ; CLOCK_50                                                      ; uart_controller:uart_ctrl_inst|baud_rate_gen:brg_inst|ov_tick ; 1.000        ; -0.266     ; 1.107      ;
; -0.341 ; uart_rx_packet_new:packet_inst|rx_clear                    ; uart_controller:uart_ctrl_inst|uart_rx:rx_inst|rx_reg[3]   ; CLOCK_50                                                      ; uart_controller:uart_ctrl_inst|baud_rate_gen:brg_inst|ov_tick ; 1.000        ; -0.266     ; 1.107      ;
; -0.341 ; uart_rx_packet_new:packet_inst|rx_clear                    ; uart_controller:uart_ctrl_inst|uart_rx:rx_inst|rx_reg[2]   ; CLOCK_50                                                      ; uart_controller:uart_ctrl_inst|baud_rate_gen:brg_inst|ov_tick ; 1.000        ; -0.266     ; 1.107      ;
; -0.341 ; uart_rx_packet_new:packet_inst|rx_clear                    ; uart_controller:uart_ctrl_inst|uart_rx:rx_inst|rx_reg[1]   ; CLOCK_50                                                      ; uart_controller:uart_ctrl_inst|baud_rate_gen:brg_inst|ov_tick ; 1.000        ; -0.266     ; 1.107      ;
; -0.341 ; uart_rx_packet_new:packet_inst|rx_clear                    ; uart_controller:uart_ctrl_inst|uart_rx:rx_inst|rx_reg[0]   ; CLOCK_50                                                      ; uart_controller:uart_ctrl_inst|baud_rate_gen:brg_inst|ov_tick ; 1.000        ; -0.266     ; 1.107      ;
; -0.340 ; uart_controller:uart_ctrl_inst|uart_rx:rx_inst|state.DATA  ; uart_controller:uart_ctrl_inst|uart_rx:rx_inst|state.START ; uart_controller:uart_ctrl_inst|baud_rate_gen:brg_inst|ov_tick ; uart_controller:uart_ctrl_inst|baud_rate_gen:brg_inst|ov_tick ; 1.000        ; 0.000      ; 1.372      ;
; -0.340 ; uart_controller:uart_ctrl_inst|uart_rx:rx_inst|state.DATA  ; uart_controller:uart_ctrl_inst|uart_rx:rx_inst|state.STOP  ; uart_controller:uart_ctrl_inst|baud_rate_gen:brg_inst|ov_tick ; uart_controller:uart_ctrl_inst|baud_rate_gen:brg_inst|ov_tick ; 1.000        ; 0.000      ; 1.372      ;
; -0.317 ; uart_controller:uart_ctrl_inst|uart_rx:rx_inst|bit_cnt[2]  ; uart_controller:uart_ctrl_inst|uart_rx:rx_inst|state.START ; uart_controller:uart_ctrl_inst|baud_rate_gen:brg_inst|ov_tick ; uart_controller:uart_ctrl_inst|baud_rate_gen:brg_inst|ov_tick ; 1.000        ; 0.000      ; 1.349      ;
; -0.317 ; uart_controller:uart_ctrl_inst|uart_rx:rx_inst|bit_cnt[2]  ; uart_controller:uart_ctrl_inst|uart_rx:rx_inst|state.STOP  ; uart_controller:uart_ctrl_inst|baud_rate_gen:brg_inst|ov_tick ; uart_controller:uart_ctrl_inst|baud_rate_gen:brg_inst|ov_tick ; 1.000        ; 0.000      ; 1.349      ;
; -0.312 ; uart_rx_packet_new:packet_inst|rx_clear                    ; uart_controller:uart_ctrl_inst|uart_rx:rx_inst|data_out[5] ; CLOCK_50                                                      ; uart_controller:uart_ctrl_inst|baud_rate_gen:brg_inst|ov_tick ; 1.000        ; -0.265     ; 1.079      ;
; -0.312 ; uart_rx_packet_new:packet_inst|rx_clear                    ; uart_controller:uart_ctrl_inst|uart_rx:rx_inst|data_out[7] ; CLOCK_50                                                      ; uart_controller:uart_ctrl_inst|baud_rate_gen:brg_inst|ov_tick ; 1.000        ; -0.265     ; 1.079      ;
; -0.312 ; uart_rx_packet_new:packet_inst|rx_clear                    ; uart_controller:uart_ctrl_inst|uart_rx:rx_inst|data_out[6] ; CLOCK_50                                                      ; uart_controller:uart_ctrl_inst|baud_rate_gen:brg_inst|ov_tick ; 1.000        ; -0.265     ; 1.079      ;
; -0.312 ; uart_rx_packet_new:packet_inst|rx_clear                    ; uart_controller:uart_ctrl_inst|uart_rx:rx_inst|data_out[0] ; CLOCK_50                                                      ; uart_controller:uart_ctrl_inst|baud_rate_gen:brg_inst|ov_tick ; 1.000        ; -0.265     ; 1.079      ;
; -0.312 ; uart_rx_packet_new:packet_inst|rx_clear                    ; uart_controller:uart_ctrl_inst|uart_rx:rx_inst|data_out[3] ; CLOCK_50                                                      ; uart_controller:uart_ctrl_inst|baud_rate_gen:brg_inst|ov_tick ; 1.000        ; -0.265     ; 1.079      ;
; -0.312 ; uart_rx_packet_new:packet_inst|rx_clear                    ; uart_controller:uart_ctrl_inst|uart_rx:rx_inst|data_out[1] ; CLOCK_50                                                      ; uart_controller:uart_ctrl_inst|baud_rate_gen:brg_inst|ov_tick ; 1.000        ; -0.265     ; 1.079      ;
; -0.312 ; uart_rx_packet_new:packet_inst|rx_clear                    ; uart_controller:uart_ctrl_inst|uart_rx:rx_inst|data_out[2] ; CLOCK_50                                                      ; uart_controller:uart_ctrl_inst|baud_rate_gen:brg_inst|ov_tick ; 1.000        ; -0.265     ; 1.079      ;
; -0.312 ; uart_rx_packet_new:packet_inst|rx_clear                    ; uart_controller:uart_ctrl_inst|uart_rx:rx_inst|data_out[4] ; CLOCK_50                                                      ; uart_controller:uart_ctrl_inst|baud_rate_gen:brg_inst|ov_tick ; 1.000        ; -0.265     ; 1.079      ;
; -0.307 ; uart_controller:uart_ctrl_inst|uart_rx:rx_inst|tick_cnt[2] ; uart_controller:uart_ctrl_inst|uart_rx:rx_inst|data_out[5] ; uart_controller:uart_ctrl_inst|baud_rate_gen:brg_inst|ov_tick ; uart_controller:uart_ctrl_inst|baud_rate_gen:brg_inst|ov_tick ; 1.000        ; 0.000      ; 1.339      ;
; -0.307 ; uart_controller:uart_ctrl_inst|uart_rx:rx_inst|tick_cnt[2] ; uart_controller:uart_ctrl_inst|uart_rx:rx_inst|data_out[7] ; uart_controller:uart_ctrl_inst|baud_rate_gen:brg_inst|ov_tick ; uart_controller:uart_ctrl_inst|baud_rate_gen:brg_inst|ov_tick ; 1.000        ; 0.000      ; 1.339      ;
; -0.307 ; uart_controller:uart_ctrl_inst|uart_rx:rx_inst|tick_cnt[2] ; uart_controller:uart_ctrl_inst|uart_rx:rx_inst|data_out[6] ; uart_controller:uart_ctrl_inst|baud_rate_gen:brg_inst|ov_tick ; uart_controller:uart_ctrl_inst|baud_rate_gen:brg_inst|ov_tick ; 1.000        ; 0.000      ; 1.339      ;
; -0.307 ; uart_controller:uart_ctrl_inst|uart_rx:rx_inst|tick_cnt[2] ; uart_controller:uart_ctrl_inst|uart_rx:rx_inst|data_out[0] ; uart_controller:uart_ctrl_inst|baud_rate_gen:brg_inst|ov_tick ; uart_controller:uart_ctrl_inst|baud_rate_gen:brg_inst|ov_tick ; 1.000        ; 0.000      ; 1.339      ;
; -0.307 ; uart_controller:uart_ctrl_inst|uart_rx:rx_inst|tick_cnt[2] ; uart_controller:uart_ctrl_inst|uart_rx:rx_inst|data_out[3] ; uart_controller:uart_ctrl_inst|baud_rate_gen:brg_inst|ov_tick ; uart_controller:uart_ctrl_inst|baud_rate_gen:brg_inst|ov_tick ; 1.000        ; 0.000      ; 1.339      ;
; -0.307 ; uart_controller:uart_ctrl_inst|uart_rx:rx_inst|tick_cnt[2] ; uart_controller:uart_ctrl_inst|uart_rx:rx_inst|data_out[1] ; uart_controller:uart_ctrl_inst|baud_rate_gen:brg_inst|ov_tick ; uart_controller:uart_ctrl_inst|baud_rate_gen:brg_inst|ov_tick ; 1.000        ; 0.000      ; 1.339      ;
; -0.307 ; uart_controller:uart_ctrl_inst|uart_rx:rx_inst|tick_cnt[2] ; uart_controller:uart_ctrl_inst|uart_rx:rx_inst|data_out[2] ; uart_controller:uart_ctrl_inst|baud_rate_gen:brg_inst|ov_tick ; uart_controller:uart_ctrl_inst|baud_rate_gen:brg_inst|ov_tick ; 1.000        ; 0.000      ; 1.339      ;
; -0.307 ; uart_controller:uart_ctrl_inst|uart_rx:rx_inst|tick_cnt[2] ; uart_controller:uart_ctrl_inst|uart_rx:rx_inst|data_out[4] ; uart_controller:uart_ctrl_inst|baud_rate_gen:brg_inst|ov_tick ; uart_controller:uart_ctrl_inst|baud_rate_gen:brg_inst|ov_tick ; 1.000        ; 0.000      ; 1.339      ;
; -0.302 ; uart_rx_packet_new:packet_inst|rx_clear                    ; uart_controller:uart_ctrl_inst|uart_rx:rx_inst|state.DATA  ; CLOCK_50                                                      ; uart_controller:uart_ctrl_inst|baud_rate_gen:brg_inst|ov_tick ; 1.000        ; -0.265     ; 1.069      ;
; -0.302 ; uart_rx_packet_new:packet_inst|rx_clear                    ; uart_controller:uart_ctrl_inst|uart_rx:rx_inst|state.IDLE  ; CLOCK_50                                                      ; uart_controller:uart_ctrl_inst|baud_rate_gen:brg_inst|ov_tick ; 1.000        ; -0.265     ; 1.069      ;
; -0.300 ; uart_controller:uart_ctrl_inst|uart_rx:rx_inst|bit_cnt[2]  ; uart_controller:uart_ctrl_inst|uart_rx:rx_inst|state.DATA  ; uart_controller:uart_ctrl_inst|baud_rate_gen:brg_inst|ov_tick ; uart_controller:uart_ctrl_inst|baud_rate_gen:brg_inst|ov_tick ; 1.000        ; 0.000      ; 1.332      ;
; -0.300 ; uart_controller:uart_ctrl_inst|uart_rx:rx_inst|bit_cnt[2]  ; uart_controller:uart_ctrl_inst|uart_rx:rx_inst|state.IDLE  ; uart_controller:uart_ctrl_inst|baud_rate_gen:brg_inst|ov_tick ; uart_controller:uart_ctrl_inst|baud_rate_gen:brg_inst|ov_tick ; 1.000        ; 0.000      ; 1.332      ;
; -0.300 ; uart_controller:uart_ctrl_inst|uart_rx:rx_inst|tick_cnt[0] ; uart_controller:uart_ctrl_inst|uart_rx:rx_inst|data_out[5] ; uart_controller:uart_ctrl_inst|baud_rate_gen:brg_inst|ov_tick ; uart_controller:uart_ctrl_inst|baud_rate_gen:brg_inst|ov_tick ; 1.000        ; 0.000      ; 1.332      ;
; -0.300 ; uart_controller:uart_ctrl_inst|uart_rx:rx_inst|tick_cnt[0] ; uart_controller:uart_ctrl_inst|uart_rx:rx_inst|data_out[7] ; uart_controller:uart_ctrl_inst|baud_rate_gen:brg_inst|ov_tick ; uart_controller:uart_ctrl_inst|baud_rate_gen:brg_inst|ov_tick ; 1.000        ; 0.000      ; 1.332      ;
; -0.300 ; uart_controller:uart_ctrl_inst|uart_rx:rx_inst|tick_cnt[0] ; uart_controller:uart_ctrl_inst|uart_rx:rx_inst|data_out[6] ; uart_controller:uart_ctrl_inst|baud_rate_gen:brg_inst|ov_tick ; uart_controller:uart_ctrl_inst|baud_rate_gen:brg_inst|ov_tick ; 1.000        ; 0.000      ; 1.332      ;
; -0.300 ; uart_controller:uart_ctrl_inst|uart_rx:rx_inst|tick_cnt[0] ; uart_controller:uart_ctrl_inst|uart_rx:rx_inst|data_out[0] ; uart_controller:uart_ctrl_inst|baud_rate_gen:brg_inst|ov_tick ; uart_controller:uart_ctrl_inst|baud_rate_gen:brg_inst|ov_tick ; 1.000        ; 0.000      ; 1.332      ;
; -0.300 ; uart_controller:uart_ctrl_inst|uart_rx:rx_inst|tick_cnt[0] ; uart_controller:uart_ctrl_inst|uart_rx:rx_inst|data_out[3] ; uart_controller:uart_ctrl_inst|baud_rate_gen:brg_inst|ov_tick ; uart_controller:uart_ctrl_inst|baud_rate_gen:brg_inst|ov_tick ; 1.000        ; 0.000      ; 1.332      ;
; -0.300 ; uart_controller:uart_ctrl_inst|uart_rx:rx_inst|tick_cnt[0] ; uart_controller:uart_ctrl_inst|uart_rx:rx_inst|data_out[1] ; uart_controller:uart_ctrl_inst|baud_rate_gen:brg_inst|ov_tick ; uart_controller:uart_ctrl_inst|baud_rate_gen:brg_inst|ov_tick ; 1.000        ; 0.000      ; 1.332      ;
; -0.300 ; uart_controller:uart_ctrl_inst|uart_rx:rx_inst|tick_cnt[0] ; uart_controller:uart_ctrl_inst|uart_rx:rx_inst|data_out[2] ; uart_controller:uart_ctrl_inst|baud_rate_gen:brg_inst|ov_tick ; uart_controller:uart_ctrl_inst|baud_rate_gen:brg_inst|ov_tick ; 1.000        ; 0.000      ; 1.332      ;
; -0.300 ; uart_controller:uart_ctrl_inst|uart_rx:rx_inst|tick_cnt[0] ; uart_controller:uart_ctrl_inst|uart_rx:rx_inst|data_out[4] ; uart_controller:uart_ctrl_inst|baud_rate_gen:brg_inst|ov_tick ; uart_controller:uart_ctrl_inst|baud_rate_gen:brg_inst|ov_tick ; 1.000        ; 0.000      ; 1.332      ;
; -0.291 ; uart_controller:uart_ctrl_inst|uart_rx:rx_inst|tick_cnt[2] ; uart_controller:uart_ctrl_inst|uart_rx:rx_inst|rx_reg[7]   ; uart_controller:uart_ctrl_inst|baud_rate_gen:brg_inst|ov_tick ; uart_controller:uart_ctrl_inst|baud_rate_gen:brg_inst|ov_tick ; 1.000        ; -0.001     ; 1.322      ;
; -0.291 ; uart_controller:uart_ctrl_inst|uart_rx:rx_inst|tick_cnt[2] ; uart_controller:uart_ctrl_inst|uart_rx:rx_inst|rx_reg[6]   ; uart_controller:uart_ctrl_inst|baud_rate_gen:brg_inst|ov_tick ; uart_controller:uart_ctrl_inst|baud_rate_gen:brg_inst|ov_tick ; 1.000        ; -0.001     ; 1.322      ;
; -0.291 ; uart_controller:uart_ctrl_inst|uart_rx:rx_inst|tick_cnt[2] ; uart_controller:uart_ctrl_inst|uart_rx:rx_inst|rx_reg[5]   ; uart_controller:uart_ctrl_inst|baud_rate_gen:brg_inst|ov_tick ; uart_controller:uart_ctrl_inst|baud_rate_gen:brg_inst|ov_tick ; 1.000        ; -0.001     ; 1.322      ;
; -0.291 ; uart_controller:uart_ctrl_inst|uart_rx:rx_inst|tick_cnt[2] ; uart_controller:uart_ctrl_inst|uart_rx:rx_inst|rx_reg[4]   ; uart_controller:uart_ctrl_inst|baud_rate_gen:brg_inst|ov_tick ; uart_controller:uart_ctrl_inst|baud_rate_gen:brg_inst|ov_tick ; 1.000        ; -0.001     ; 1.322      ;
; -0.291 ; uart_controller:uart_ctrl_inst|uart_rx:rx_inst|tick_cnt[2] ; uart_controller:uart_ctrl_inst|uart_rx:rx_inst|rx_reg[3]   ; uart_controller:uart_ctrl_inst|baud_rate_gen:brg_inst|ov_tick ; uart_controller:uart_ctrl_inst|baud_rate_gen:brg_inst|ov_tick ; 1.000        ; -0.001     ; 1.322      ;
; -0.291 ; uart_controller:uart_ctrl_inst|uart_rx:rx_inst|tick_cnt[2] ; uart_controller:uart_ctrl_inst|uart_rx:rx_inst|rx_reg[2]   ; uart_controller:uart_ctrl_inst|baud_rate_gen:brg_inst|ov_tick ; uart_controller:uart_ctrl_inst|baud_rate_gen:brg_inst|ov_tick ; 1.000        ; -0.001     ; 1.322      ;
; -0.291 ; uart_controller:uart_ctrl_inst|uart_rx:rx_inst|tick_cnt[2] ; uart_controller:uart_ctrl_inst|uart_rx:rx_inst|rx_reg[1]   ; uart_controller:uart_ctrl_inst|baud_rate_gen:brg_inst|ov_tick ; uart_controller:uart_ctrl_inst|baud_rate_gen:brg_inst|ov_tick ; 1.000        ; -0.001     ; 1.322      ;
; -0.291 ; uart_controller:uart_ctrl_inst|uart_rx:rx_inst|tick_cnt[2] ; uart_controller:uart_ctrl_inst|uart_rx:rx_inst|rx_reg[0]   ; uart_controller:uart_ctrl_inst|baud_rate_gen:brg_inst|ov_tick ; uart_controller:uart_ctrl_inst|baud_rate_gen:brg_inst|ov_tick ; 1.000        ; -0.001     ; 1.322      ;
; -0.286 ; uart_controller:uart_ctrl_inst|uart_rx:rx_inst|tick_cnt[1] ; uart_controller:uart_ctrl_inst|uart_rx:rx_inst|rx_reg[7]   ; uart_controller:uart_ctrl_inst|baud_rate_gen:brg_inst|ov_tick ; uart_controller:uart_ctrl_inst|baud_rate_gen:brg_inst|ov_tick ; 1.000        ; -0.001     ; 1.317      ;
; -0.286 ; uart_controller:uart_ctrl_inst|uart_rx:rx_inst|tick_cnt[1] ; uart_controller:uart_ctrl_inst|uart_rx:rx_inst|rx_reg[6]   ; uart_controller:uart_ctrl_inst|baud_rate_gen:brg_inst|ov_tick ; uart_controller:uart_ctrl_inst|baud_rate_gen:brg_inst|ov_tick ; 1.000        ; -0.001     ; 1.317      ;
; -0.286 ; uart_controller:uart_ctrl_inst|uart_rx:rx_inst|tick_cnt[1] ; uart_controller:uart_ctrl_inst|uart_rx:rx_inst|rx_reg[5]   ; uart_controller:uart_ctrl_inst|baud_rate_gen:brg_inst|ov_tick ; uart_controller:uart_ctrl_inst|baud_rate_gen:brg_inst|ov_tick ; 1.000        ; -0.001     ; 1.317      ;
; -0.286 ; uart_controller:uart_ctrl_inst|uart_rx:rx_inst|tick_cnt[1] ; uart_controller:uart_ctrl_inst|uart_rx:rx_inst|rx_reg[4]   ; uart_controller:uart_ctrl_inst|baud_rate_gen:brg_inst|ov_tick ; uart_controller:uart_ctrl_inst|baud_rate_gen:brg_inst|ov_tick ; 1.000        ; -0.001     ; 1.317      ;
; -0.286 ; uart_controller:uart_ctrl_inst|uart_rx:rx_inst|tick_cnt[1] ; uart_controller:uart_ctrl_inst|uart_rx:rx_inst|rx_reg[3]   ; uart_controller:uart_ctrl_inst|baud_rate_gen:brg_inst|ov_tick ; uart_controller:uart_ctrl_inst|baud_rate_gen:brg_inst|ov_tick ; 1.000        ; -0.001     ; 1.317      ;
; -0.286 ; uart_controller:uart_ctrl_inst|uart_rx:rx_inst|tick_cnt[1] ; uart_controller:uart_ctrl_inst|uart_rx:rx_inst|rx_reg[2]   ; uart_controller:uart_ctrl_inst|baud_rate_gen:brg_inst|ov_tick ; uart_controller:uart_ctrl_inst|baud_rate_gen:brg_inst|ov_tick ; 1.000        ; -0.001     ; 1.317      ;
; -0.286 ; uart_controller:uart_ctrl_inst|uart_rx:rx_inst|tick_cnt[1] ; uart_controller:uart_ctrl_inst|uart_rx:rx_inst|rx_reg[1]   ; uart_controller:uart_ctrl_inst|baud_rate_gen:brg_inst|ov_tick ; uart_controller:uart_ctrl_inst|baud_rate_gen:brg_inst|ov_tick ; 1.000        ; -0.001     ; 1.317      ;
; -0.286 ; uart_controller:uart_ctrl_inst|uart_rx:rx_inst|tick_cnt[1] ; uart_controller:uart_ctrl_inst|uart_rx:rx_inst|rx_reg[0]   ; uart_controller:uart_ctrl_inst|baud_rate_gen:brg_inst|ov_tick ; uart_controller:uart_ctrl_inst|baud_rate_gen:brg_inst|ov_tick ; 1.000        ; -0.001     ; 1.317      ;
; -0.275 ; uart_controller:uart_ctrl_inst|uart_rx:rx_inst|state.DATA  ; uart_controller:uart_ctrl_inst|uart_rx:rx_inst|rx_reg[7]   ; uart_controller:uart_ctrl_inst|baud_rate_gen:brg_inst|ov_tick ; uart_controller:uart_ctrl_inst|baud_rate_gen:brg_inst|ov_tick ; 1.000        ; -0.001     ; 1.306      ;
; -0.275 ; uart_controller:uart_ctrl_inst|uart_rx:rx_inst|state.DATA  ; uart_controller:uart_ctrl_inst|uart_rx:rx_inst|rx_reg[6]   ; uart_controller:uart_ctrl_inst|baud_rate_gen:brg_inst|ov_tick ; uart_controller:uart_ctrl_inst|baud_rate_gen:brg_inst|ov_tick ; 1.000        ; -0.001     ; 1.306      ;
; -0.275 ; uart_controller:uart_ctrl_inst|uart_rx:rx_inst|state.DATA  ; uart_controller:uart_ctrl_inst|uart_rx:rx_inst|rx_reg[5]   ; uart_controller:uart_ctrl_inst|baud_rate_gen:brg_inst|ov_tick ; uart_controller:uart_ctrl_inst|baud_rate_gen:brg_inst|ov_tick ; 1.000        ; -0.001     ; 1.306      ;
; -0.275 ; uart_controller:uart_ctrl_inst|uart_rx:rx_inst|state.DATA  ; uart_controller:uart_ctrl_inst|uart_rx:rx_inst|rx_reg[4]   ; uart_controller:uart_ctrl_inst|baud_rate_gen:brg_inst|ov_tick ; uart_controller:uart_ctrl_inst|baud_rate_gen:brg_inst|ov_tick ; 1.000        ; -0.001     ; 1.306      ;
; -0.275 ; uart_controller:uart_ctrl_inst|uart_rx:rx_inst|state.DATA  ; uart_controller:uart_ctrl_inst|uart_rx:rx_inst|rx_reg[3]   ; uart_controller:uart_ctrl_inst|baud_rate_gen:brg_inst|ov_tick ; uart_controller:uart_ctrl_inst|baud_rate_gen:brg_inst|ov_tick ; 1.000        ; -0.001     ; 1.306      ;
; -0.275 ; uart_controller:uart_ctrl_inst|uart_rx:rx_inst|state.DATA  ; uart_controller:uart_ctrl_inst|uart_rx:rx_inst|rx_reg[2]   ; uart_controller:uart_ctrl_inst|baud_rate_gen:brg_inst|ov_tick ; uart_controller:uart_ctrl_inst|baud_rate_gen:brg_inst|ov_tick ; 1.000        ; -0.001     ; 1.306      ;
; -0.275 ; uart_controller:uart_ctrl_inst|uart_rx:rx_inst|state.DATA  ; uart_controller:uart_ctrl_inst|uart_rx:rx_inst|rx_reg[1]   ; uart_controller:uart_ctrl_inst|baud_rate_gen:brg_inst|ov_tick ; uart_controller:uart_ctrl_inst|baud_rate_gen:brg_inst|ov_tick ; 1.000        ; -0.001     ; 1.306      ;
; -0.275 ; uart_controller:uart_ctrl_inst|uart_rx:rx_inst|state.DATA  ; uart_controller:uart_ctrl_inst|uart_rx:rx_inst|rx_reg[0]   ; uart_controller:uart_ctrl_inst|baud_rate_gen:brg_inst|ov_tick ; uart_controller:uart_ctrl_inst|baud_rate_gen:brg_inst|ov_tick ; 1.000        ; -0.001     ; 1.306      ;
; -0.272 ; uart_controller:uart_ctrl_inst|uart_rx:rx_inst|tick_cnt[2] ; uart_controller:uart_ctrl_inst|uart_rx:rx_inst|state.START ; uart_controller:uart_ctrl_inst|baud_rate_gen:brg_inst|ov_tick ; uart_controller:uart_ctrl_inst|baud_rate_gen:brg_inst|ov_tick ; 1.000        ; 0.000      ; 1.304      ;
; -0.272 ; uart_controller:uart_ctrl_inst|uart_rx:rx_inst|tick_cnt[2] ; uart_controller:uart_ctrl_inst|uart_rx:rx_inst|state.STOP  ; uart_controller:uart_ctrl_inst|baud_rate_gen:brg_inst|ov_tick ; uart_controller:uart_ctrl_inst|baud_rate_gen:brg_inst|ov_tick ; 1.000        ; 0.000      ; 1.304      ;
; -0.253 ; uart_controller:uart_ctrl_inst|uart_rx:rx_inst|tick_cnt[1] ; uart_controller:uart_ctrl_inst|uart_rx:rx_inst|data_out[5] ; uart_controller:uart_ctrl_inst|baud_rate_gen:brg_inst|ov_tick ; uart_controller:uart_ctrl_inst|baud_rate_gen:brg_inst|ov_tick ; 1.000        ; 0.000      ; 1.285      ;
; -0.253 ; uart_controller:uart_ctrl_inst|uart_rx:rx_inst|tick_cnt[1] ; uart_controller:uart_ctrl_inst|uart_rx:rx_inst|data_out[7] ; uart_controller:uart_ctrl_inst|baud_rate_gen:brg_inst|ov_tick ; uart_controller:uart_ctrl_inst|baud_rate_gen:brg_inst|ov_tick ; 1.000        ; 0.000      ; 1.285      ;
; -0.253 ; uart_controller:uart_ctrl_inst|uart_rx:rx_inst|tick_cnt[1] ; uart_controller:uart_ctrl_inst|uart_rx:rx_inst|data_out[6] ; uart_controller:uart_ctrl_inst|baud_rate_gen:brg_inst|ov_tick ; uart_controller:uart_ctrl_inst|baud_rate_gen:brg_inst|ov_tick ; 1.000        ; 0.000      ; 1.285      ;
; -0.253 ; uart_controller:uart_ctrl_inst|uart_rx:rx_inst|tick_cnt[1] ; uart_controller:uart_ctrl_inst|uart_rx:rx_inst|data_out[0] ; uart_controller:uart_ctrl_inst|baud_rate_gen:brg_inst|ov_tick ; uart_controller:uart_ctrl_inst|baud_rate_gen:brg_inst|ov_tick ; 1.000        ; 0.000      ; 1.285      ;
; -0.253 ; uart_controller:uart_ctrl_inst|uart_rx:rx_inst|tick_cnt[1] ; uart_controller:uart_ctrl_inst|uart_rx:rx_inst|data_out[3] ; uart_controller:uart_ctrl_inst|baud_rate_gen:brg_inst|ov_tick ; uart_controller:uart_ctrl_inst|baud_rate_gen:brg_inst|ov_tick ; 1.000        ; 0.000      ; 1.285      ;
; -0.253 ; uart_controller:uart_ctrl_inst|uart_rx:rx_inst|tick_cnt[1] ; uart_controller:uart_ctrl_inst|uart_rx:rx_inst|data_out[1] ; uart_controller:uart_ctrl_inst|baud_rate_gen:brg_inst|ov_tick ; uart_controller:uart_ctrl_inst|baud_rate_gen:brg_inst|ov_tick ; 1.000        ; 0.000      ; 1.285      ;
; -0.253 ; uart_controller:uart_ctrl_inst|uart_rx:rx_inst|tick_cnt[1] ; uart_controller:uart_ctrl_inst|uart_rx:rx_inst|data_out[2] ; uart_controller:uart_ctrl_inst|baud_rate_gen:brg_inst|ov_tick ; uart_controller:uart_ctrl_inst|baud_rate_gen:brg_inst|ov_tick ; 1.000        ; 0.000      ; 1.285      ;
; -0.253 ; uart_controller:uart_ctrl_inst|uart_rx:rx_inst|tick_cnt[1] ; uart_controller:uart_ctrl_inst|uart_rx:rx_inst|data_out[4] ; uart_controller:uart_ctrl_inst|baud_rate_gen:brg_inst|ov_tick ; uart_controller:uart_ctrl_inst|baud_rate_gen:brg_inst|ov_tick ; 1.000        ; 0.000      ; 1.285      ;
; -0.245 ; uart_controller:uart_ctrl_inst|uart_rx:rx_inst|state.STOP  ; uart_controller:uart_ctrl_inst|uart_rx:rx_inst|data_out[5] ; uart_controller:uart_ctrl_inst|baud_rate_gen:brg_inst|ov_tick ; uart_controller:uart_ctrl_inst|baud_rate_gen:brg_inst|ov_tick ; 1.000        ; 0.000      ; 1.277      ;
; -0.245 ; uart_controller:uart_ctrl_inst|uart_rx:rx_inst|state.STOP  ; uart_controller:uart_ctrl_inst|uart_rx:rx_inst|data_out[7] ; uart_controller:uart_ctrl_inst|baud_rate_gen:brg_inst|ov_tick ; uart_controller:uart_ctrl_inst|baud_rate_gen:brg_inst|ov_tick ; 1.000        ; 0.000      ; 1.277      ;
; -0.245 ; uart_controller:uart_ctrl_inst|uart_rx:rx_inst|state.STOP  ; uart_controller:uart_ctrl_inst|uart_rx:rx_inst|data_out[6] ; uart_controller:uart_ctrl_inst|baud_rate_gen:brg_inst|ov_tick ; uart_controller:uart_ctrl_inst|baud_rate_gen:brg_inst|ov_tick ; 1.000        ; 0.000      ; 1.277      ;
; -0.245 ; uart_controller:uart_ctrl_inst|uart_rx:rx_inst|state.STOP  ; uart_controller:uart_ctrl_inst|uart_rx:rx_inst|data_out[0] ; uart_controller:uart_ctrl_inst|baud_rate_gen:brg_inst|ov_tick ; uart_controller:uart_ctrl_inst|baud_rate_gen:brg_inst|ov_tick ; 1.000        ; 0.000      ; 1.277      ;
; -0.245 ; uart_controller:uart_ctrl_inst|uart_rx:rx_inst|state.STOP  ; uart_controller:uart_ctrl_inst|uart_rx:rx_inst|data_out[3] ; uart_controller:uart_ctrl_inst|baud_rate_gen:brg_inst|ov_tick ; uart_controller:uart_ctrl_inst|baud_rate_gen:brg_inst|ov_tick ; 1.000        ; 0.000      ; 1.277      ;
; -0.245 ; uart_controller:uart_ctrl_inst|uart_rx:rx_inst|state.STOP  ; uart_controller:uart_ctrl_inst|uart_rx:rx_inst|data_out[1] ; uart_controller:uart_ctrl_inst|baud_rate_gen:brg_inst|ov_tick ; uart_controller:uart_ctrl_inst|baud_rate_gen:brg_inst|ov_tick ; 1.000        ; 0.000      ; 1.277      ;
+--------+------------------------------------------------------------+------------------------------------------------------------+---------------------------------------------------------------+---------------------------------------------------------------+--------------+------------+------------+


+---------------------------------------------------------------------------------------------------------------------------------------------------------------------------------------------------------------------------------------------------------------------------------------------------------------------+
; Fast Model Setup: 'uart_controller:uart_ctrl_inst|baud_rate_gen:brg_inst|uart_tick'                                                                                                                                                                                                                                 ;
+--------+---------------------------------------------------------------+---------------------------------------------------------------+-----------------------------------------------------------------+-----------------------------------------------------------------+--------------+------------+------------+
; Slack  ; From Node                                                     ; To Node                                                       ; Launch Clock                                                    ; Latch Clock                                                     ; Relationship ; Clock Skew ; Data Delay ;
+--------+---------------------------------------------------------------+---------------------------------------------------------------+-----------------------------------------------------------------+-----------------------------------------------------------------+--------------+------------+------------+
; -0.350 ; uart_controller:uart_ctrl_inst|uart_tx:tx_inst|state.START    ; uart_controller:uart_ctrl_inst|uart_tx:tx_inst|state.IDLE     ; uart_controller:uart_ctrl_inst|baud_rate_gen:brg_inst|uart_tick ; uart_controller:uart_ctrl_inst|baud_rate_gen:brg_inst|uart_tick ; 1.000        ; 0.000      ; 1.382      ;
; -0.330 ; uart_controller:uart_ctrl_inst|uart_tx:tx_inst|timeout_cnt[3] ; uart_controller:uart_ctrl_inst|uart_tx:tx_inst|state.DATA     ; uart_controller:uart_ctrl_inst|baud_rate_gen:brg_inst|uart_tick ; uart_controller:uart_ctrl_inst|baud_rate_gen:brg_inst|uart_tick ; 1.000        ; -0.025     ; 1.337      ;
; -0.316 ; uart_controller:uart_ctrl_inst|uart_tx:tx_inst|timeout_cnt[2] ; uart_controller:uart_ctrl_inst|uart_tx:tx_inst|state.DATA     ; uart_controller:uart_ctrl_inst|baud_rate_gen:brg_inst|uart_tick ; uart_controller:uart_ctrl_inst|baud_rate_gen:brg_inst|uart_tick ; 1.000        ; -0.025     ; 1.323      ;
; -0.289 ; uart_controller:uart_ctrl_inst|uart_tx:tx_inst|timeout_cnt[3] ; uart_controller:uart_ctrl_inst|uart_tx:tx_inst|state.IDLE     ; uart_controller:uart_ctrl_inst|baud_rate_gen:brg_inst|uart_tick ; uart_controller:uart_ctrl_inst|baud_rate_gen:brg_inst|uart_tick ; 1.000        ; -0.025     ; 1.296      ;
; -0.275 ; uart_controller:uart_ctrl_inst|uart_tx:tx_inst|timeout_cnt[2] ; uart_controller:uart_ctrl_inst|uart_tx:tx_inst|state.IDLE     ; uart_controller:uart_ctrl_inst|baud_rate_gen:brg_inst|uart_tick ; uart_controller:uart_ctrl_inst|baud_rate_gen:brg_inst|uart_tick ; 1.000        ; -0.025     ; 1.282      ;
; -0.250 ; uart_controller:uart_ctrl_inst|uart_tx:tx_inst|timeout_cnt[5] ; uart_controller:uart_ctrl_inst|uart_tx:tx_inst|state.DATA     ; uart_controller:uart_ctrl_inst|baud_rate_gen:brg_inst|uart_tick ; uart_controller:uart_ctrl_inst|baud_rate_gen:brg_inst|uart_tick ; 1.000        ; -0.025     ; 1.257      ;
; -0.235 ; uart_controller:uart_ctrl_inst|uart_tx:tx_inst|state.DATA     ; uart_controller:uart_ctrl_inst|uart_tx:tx_inst|state.IDLE     ; uart_controller:uart_ctrl_inst|baud_rate_gen:brg_inst|uart_tick ; uart_controller:uart_ctrl_inst|baud_rate_gen:brg_inst|uart_tick ; 1.000        ; 0.000      ; 1.267      ;
; -0.232 ; uart_controller:uart_ctrl_inst|uart_tx:tx_inst|state.DATA     ; uart_controller:uart_ctrl_inst|uart_tx:tx_inst|state.DATA     ; uart_controller:uart_ctrl_inst|baud_rate_gen:brg_inst|uart_tick ; uart_controller:uart_ctrl_inst|baud_rate_gen:brg_inst|uart_tick ; 1.000        ; 0.000      ; 1.264      ;
; -0.210 ; uart_controller:uart_ctrl_inst|uart_tx:tx_inst|timeout_cnt[7] ; uart_controller:uart_ctrl_inst|uart_tx:tx_inst|state.IDLE     ; uart_controller:uart_ctrl_inst|baud_rate_gen:brg_inst|uart_tick ; uart_controller:uart_ctrl_inst|baud_rate_gen:brg_inst|uart_tick ; 1.000        ; -0.025     ; 1.217      ;
; -0.209 ; uart_controller:uart_ctrl_inst|uart_tx:tx_inst|timeout_cnt[5] ; uart_controller:uart_ctrl_inst|uart_tx:tx_inst|state.IDLE     ; uart_controller:uart_ctrl_inst|baud_rate_gen:brg_inst|uart_tick ; uart_controller:uart_ctrl_inst|baud_rate_gen:brg_inst|uart_tick ; 1.000        ; -0.025     ; 1.216      ;
; -0.204 ; uart_controller:uart_ctrl_inst|uart_tx:tx_inst|state.IDLE     ; uart_controller:uart_ctrl_inst|uart_tx:tx_inst|tx_reg[1]      ; uart_controller:uart_ctrl_inst|baud_rate_gen:brg_inst|uart_tick ; uart_controller:uart_ctrl_inst|baud_rate_gen:brg_inst|uart_tick ; 1.000        ; 0.002      ; 1.238      ;
; -0.204 ; uart_controller:uart_ctrl_inst|uart_tx:tx_inst|state.IDLE     ; uart_controller:uart_ctrl_inst|uart_tx:tx_inst|tx_reg[0]      ; uart_controller:uart_ctrl_inst|baud_rate_gen:brg_inst|uart_tick ; uart_controller:uart_ctrl_inst|baud_rate_gen:brg_inst|uart_tick ; 1.000        ; 0.002      ; 1.238      ;
; -0.198 ; uart_controller:uart_ctrl_inst|uart_tx:tx_inst|timeout_cnt[4] ; uart_controller:uart_ctrl_inst|uart_tx:tx_inst|state.DATA     ; uart_controller:uart_ctrl_inst|baud_rate_gen:brg_inst|uart_tick ; uart_controller:uart_ctrl_inst|baud_rate_gen:brg_inst|uart_tick ; 1.000        ; -0.025     ; 1.205      ;
; -0.196 ; uart_controller:uart_ctrl_inst|uart_tx:tx_inst|bit_cnt[2]     ; uart_controller:uart_ctrl_inst|uart_tx:tx_inst|state.IDLE     ; uart_controller:uart_ctrl_inst|baud_rate_gen:brg_inst|uart_tick ; uart_controller:uart_ctrl_inst|baud_rate_gen:brg_inst|uart_tick ; 1.000        ; -0.001     ; 1.227      ;
; -0.193 ; uart_controller:uart_ctrl_inst|uart_tx:tx_inst|bit_cnt[2]     ; uart_controller:uart_ctrl_inst|uart_tx:tx_inst|state.DATA     ; uart_controller:uart_ctrl_inst|baud_rate_gen:brg_inst|uart_tick ; uart_controller:uart_ctrl_inst|baud_rate_gen:brg_inst|uart_tick ; 1.000        ; -0.001     ; 1.224      ;
; -0.187 ; uart_controller:uart_ctrl_inst|uart_tx:tx_inst|bit_cnt[1]     ; uart_controller:uart_ctrl_inst|uart_tx:tx_inst|state.IDLE     ; uart_controller:uart_ctrl_inst|baud_rate_gen:brg_inst|uart_tick ; uart_controller:uart_ctrl_inst|baud_rate_gen:brg_inst|uart_tick ; 1.000        ; -0.001     ; 1.218      ;
; -0.184 ; uart_controller:uart_ctrl_inst|uart_tx:tx_inst|bit_cnt[1]     ; uart_controller:uart_ctrl_inst|uart_tx:tx_inst|state.DATA     ; uart_controller:uart_ctrl_inst|baud_rate_gen:brg_inst|uart_tick ; uart_controller:uart_ctrl_inst|baud_rate_gen:brg_inst|uart_tick ; 1.000        ; -0.001     ; 1.215      ;
; -0.161 ; uart_controller:uart_ctrl_inst|uart_tx:tx_inst|state.START    ; uart_controller:uart_ctrl_inst|uart_tx:tx_inst|state.DATA     ; uart_controller:uart_ctrl_inst|baud_rate_gen:brg_inst|uart_tick ; uart_controller:uart_ctrl_inst|baud_rate_gen:brg_inst|uart_tick ; 1.000        ; 0.000      ; 1.193      ;
; -0.157 ; uart_controller:uart_ctrl_inst|uart_tx:tx_inst|timeout_cnt[4] ; uart_controller:uart_ctrl_inst|uart_tx:tx_inst|state.IDLE     ; uart_controller:uart_ctrl_inst|baud_rate_gen:brg_inst|uart_tick ; uart_controller:uart_ctrl_inst|baud_rate_gen:brg_inst|uart_tick ; 1.000        ; -0.025     ; 1.164      ;
; -0.142 ; uart_controller:uart_ctrl_inst|uart_tx:tx_inst|state.STOP     ; uart_controller:uart_ctrl_inst|uart_tx:tx_inst|bit_cnt[1]     ; uart_controller:uart_ctrl_inst|baud_rate_gen:brg_inst|uart_tick ; uart_controller:uart_ctrl_inst|baud_rate_gen:brg_inst|uart_tick ; 1.000        ; 0.000      ; 1.174      ;
; -0.138 ; uart_controller:uart_ctrl_inst|uart_tx:tx_inst|bit_cnt[0]     ; uart_controller:uart_ctrl_inst|uart_tx:tx_inst|state.IDLE     ; uart_controller:uart_ctrl_inst|baud_rate_gen:brg_inst|uart_tick ; uart_controller:uart_ctrl_inst|baud_rate_gen:brg_inst|uart_tick ; 1.000        ; -0.001     ; 1.169      ;
; -0.135 ; uart_controller:uart_ctrl_inst|uart_tx:tx_inst|bit_cnt[0]     ; uart_controller:uart_ctrl_inst|uart_tx:tx_inst|state.DATA     ; uart_controller:uart_ctrl_inst|baud_rate_gen:brg_inst|uart_tick ; uart_controller:uart_ctrl_inst|baud_rate_gen:brg_inst|uart_tick ; 1.000        ; -0.001     ; 1.166      ;
; -0.128 ; uart_controller:uart_ctrl_inst|uart_tx:tx_inst|state.STOP     ; uart_controller:uart_ctrl_inst|uart_tx:tx_inst|state.IDLE     ; uart_controller:uart_ctrl_inst|baud_rate_gen:brg_inst|uart_tick ; uart_controller:uart_ctrl_inst|baud_rate_gen:brg_inst|uart_tick ; 1.000        ; -0.001     ; 1.159      ;
; -0.125 ; uart_controller:uart_ctrl_inst|uart_tx:tx_inst|state.STOP     ; uart_controller:uart_ctrl_inst|uart_tx:tx_inst|state.DATA     ; uart_controller:uart_ctrl_inst|baud_rate_gen:brg_inst|uart_tick ; uart_controller:uart_ctrl_inst|baud_rate_gen:brg_inst|uart_tick ; 1.000        ; -0.001     ; 1.156      ;
; -0.120 ; uart_controller:uart_ctrl_inst|uart_tx:tx_inst|timeout_cnt[6] ; uart_controller:uart_ctrl_inst|uart_tx:tx_inst|state.IDLE     ; uart_controller:uart_ctrl_inst|baud_rate_gen:brg_inst|uart_tick ; uart_controller:uart_ctrl_inst|baud_rate_gen:brg_inst|uart_tick ; 1.000        ; -0.025     ; 1.127      ;
; -0.095 ; uart_controller:uart_ctrl_inst|uart_tx:tx_inst|timeout_cnt[7] ; uart_controller:uart_ctrl_inst|uart_tx:tx_inst|state.DATA     ; uart_controller:uart_ctrl_inst|baud_rate_gen:brg_inst|uart_tick ; uart_controller:uart_ctrl_inst|baud_rate_gen:brg_inst|uart_tick ; 1.000        ; -0.025     ; 1.102      ;
; -0.073 ; uart_controller:uart_ctrl_inst|uart_tx:tx_inst|state.IDLE     ; uart_controller:uart_ctrl_inst|uart_tx:tx_inst|tx_reg[2]      ; uart_controller:uart_ctrl_inst|baud_rate_gen:brg_inst|uart_tick ; uart_controller:uart_ctrl_inst|baud_rate_gen:brg_inst|uart_tick ; 1.000        ; 0.001      ; 1.106      ;
; -0.011 ; uart_controller:uart_ctrl_inst|uart_tx:tx_inst|state.STOP     ; uart_controller:uart_ctrl_inst|uart_tx:tx_inst|tx_reg[1]      ; uart_controller:uart_ctrl_inst|baud_rate_gen:brg_inst|uart_tick ; uart_controller:uart_ctrl_inst|baud_rate_gen:brg_inst|uart_tick ; 1.000        ; 0.001      ; 1.044      ;
; -0.011 ; uart_controller:uart_ctrl_inst|uart_tx:tx_inst|state.STOP     ; uart_controller:uart_ctrl_inst|uart_tx:tx_inst|tx_reg[0]      ; uart_controller:uart_ctrl_inst|baud_rate_gen:brg_inst|uart_tick ; uart_controller:uart_ctrl_inst|baud_rate_gen:brg_inst|uart_tick ; 1.000        ; 0.001      ; 1.044      ;
; -0.002 ; uart_controller:uart_ctrl_inst|uart_tx:tx_inst|timeout_cnt[6] ; uart_controller:uart_ctrl_inst|uart_tx:tx_inst|state.DATA     ; uart_controller:uart_ctrl_inst|baud_rate_gen:brg_inst|uart_tick ; uart_controller:uart_ctrl_inst|baud_rate_gen:brg_inst|uart_tick ; 1.000        ; -0.025     ; 1.009      ;
; 0.015  ; uart_controller:uart_ctrl_inst|uart_tx:tx_inst|state.IDLE     ; uart_controller:uart_ctrl_inst|uart_tx:tx_inst|tx_reg[4]      ; uart_controller:uart_ctrl_inst|baud_rate_gen:brg_inst|uart_tick ; uart_controller:uart_ctrl_inst|baud_rate_gen:brg_inst|uart_tick ; 1.000        ; 0.001      ; 1.018      ;
; 0.040  ; uart_controller:uart_ctrl_inst|uart_tx:tx_inst|state.START    ; uart_controller:uart_ctrl_inst|uart_tx:tx_inst|bit_cnt[1]     ; uart_controller:uart_ctrl_inst|baud_rate_gen:brg_inst|uart_tick ; uart_controller:uart_ctrl_inst|baud_rate_gen:brg_inst|uart_tick ; 1.000        ; 0.001      ; 0.993      ;
; 0.045  ; uart_controller:uart_ctrl_inst|uart_tx:tx_inst|state.IDLE     ; uart_controller:uart_ctrl_inst|uart_tx:tx_inst|tx_reg[3]      ; uart_controller:uart_ctrl_inst|baud_rate_gen:brg_inst|uart_tick ; uart_controller:uart_ctrl_inst|baud_rate_gen:brg_inst|uart_tick ; 1.000        ; 0.001      ; 0.988      ;
; 0.069  ; uart_controller:uart_ctrl_inst|uart_tx:tx_inst|state.DATA     ; uart_controller:uart_ctrl_inst|uart_tx:tx_inst|bit_cnt[2]     ; uart_controller:uart_ctrl_inst|baud_rate_gen:brg_inst|uart_tick ; uart_controller:uart_ctrl_inst|baud_rate_gen:brg_inst|uart_tick ; 1.000        ; 0.001      ; 0.964      ;
; 0.120  ; uart_controller:uart_ctrl_inst|uart_tx:tx_inst|state.STOP     ; uart_controller:uart_ctrl_inst|uart_tx:tx_inst|tx_reg[2]      ; uart_controller:uart_ctrl_inst|baud_rate_gen:brg_inst|uart_tick ; uart_controller:uart_ctrl_inst|baud_rate_gen:brg_inst|uart_tick ; 1.000        ; 0.000      ; 0.912      ;
; 0.123  ; uart_controller:uart_ctrl_inst|uart_tx:tx_inst|timeout_cnt[0] ; uart_controller:uart_ctrl_inst|uart_tx:tx_inst|timeout_cnt[7] ; uart_controller:uart_ctrl_inst|baud_rate_gen:brg_inst|uart_tick ; uart_controller:uart_ctrl_inst|baud_rate_gen:brg_inst|uart_tick ; 1.000        ; 0.000      ; 0.909      ;
; 0.145  ; uart_controller:uart_ctrl_inst|uart_tx:tx_inst|state.IDLE     ; uart_controller:uart_ctrl_inst|uart_tx:tx_inst|state.START    ; uart_controller:uart_ctrl_inst|baud_rate_gen:brg_inst|uart_tick ; uart_controller:uart_ctrl_inst|baud_rate_gen:brg_inst|uart_tick ; 1.000        ; 0.000      ; 0.887      ;
; 0.158  ; uart_controller:uart_ctrl_inst|uart_tx:tx_inst|timeout_cnt[0] ; uart_controller:uart_ctrl_inst|uart_tx:tx_inst|timeout_cnt[6] ; uart_controller:uart_ctrl_inst|baud_rate_gen:brg_inst|uart_tick ; uart_controller:uart_ctrl_inst|baud_rate_gen:brg_inst|uart_tick ; 1.000        ; 0.000      ; 0.874      ;
; 0.163  ; uart_controller:uart_ctrl_inst|uart_tx:tx_inst|state.DATA     ; uart_controller:uart_ctrl_inst|uart_tx:tx_inst|tx_reg[3]      ; uart_controller:uart_ctrl_inst|baud_rate_gen:brg_inst|uart_tick ; uart_controller:uart_ctrl_inst|baud_rate_gen:brg_inst|uart_tick ; 1.000        ; 0.001      ; 0.870      ;
; 0.166  ; uart_controller:uart_ctrl_inst|uart_tx:tx_inst|state.DATA     ; uart_controller:uart_ctrl_inst|uart_tx:tx_inst|bit_cnt[1]     ; uart_controller:uart_ctrl_inst|baud_rate_gen:brg_inst|uart_tick ; uart_controller:uart_ctrl_inst|baud_rate_gen:brg_inst|uart_tick ; 1.000        ; 0.001      ; 0.867      ;
; 0.169  ; uart_controller:uart_ctrl_inst|uart_tx:tx_inst|state.DATA     ; uart_controller:uart_ctrl_inst|uart_tx:tx_inst|tx_reg[2]      ; uart_controller:uart_ctrl_inst|baud_rate_gen:brg_inst|uart_tick ; uart_controller:uart_ctrl_inst|baud_rate_gen:brg_inst|uart_tick ; 1.000        ; 0.001      ; 0.864      ;
; 0.172  ; uart_controller:uart_ctrl_inst|uart_tx:tx_inst|state.DATA     ; uart_controller:uart_ctrl_inst|uart_tx:tx_inst|bit_cnt[0]     ; uart_controller:uart_ctrl_inst|baud_rate_gen:brg_inst|uart_tick ; uart_controller:uart_ctrl_inst|baud_rate_gen:brg_inst|uart_tick ; 1.000        ; 0.001      ; 0.861      ;
; 0.175  ; uart_controller:uart_ctrl_inst|uart_tx:tx_inst|state.START    ; uart_controller:uart_ctrl_inst|uart_tx:tx_inst|timeout_cnt[0] ; uart_controller:uart_ctrl_inst|baud_rate_gen:brg_inst|uart_tick ; uart_controller:uart_ctrl_inst|baud_rate_gen:brg_inst|uart_tick ; 1.000        ; 0.025      ; 0.882      ;
; 0.175  ; uart_controller:uart_ctrl_inst|uart_tx:tx_inst|state.START    ; uart_controller:uart_ctrl_inst|uart_tx:tx_inst|timeout_cnt[1] ; uart_controller:uart_ctrl_inst|baud_rate_gen:brg_inst|uart_tick ; uart_controller:uart_ctrl_inst|baud_rate_gen:brg_inst|uart_tick ; 1.000        ; 0.025      ; 0.882      ;
; 0.175  ; uart_controller:uart_ctrl_inst|uart_tx:tx_inst|state.START    ; uart_controller:uart_ctrl_inst|uart_tx:tx_inst|timeout_cnt[2] ; uart_controller:uart_ctrl_inst|baud_rate_gen:brg_inst|uart_tick ; uart_controller:uart_ctrl_inst|baud_rate_gen:brg_inst|uart_tick ; 1.000        ; 0.025      ; 0.882      ;
; 0.175  ; uart_controller:uart_ctrl_inst|uart_tx:tx_inst|state.START    ; uart_controller:uart_ctrl_inst|uart_tx:tx_inst|timeout_cnt[3] ; uart_controller:uart_ctrl_inst|baud_rate_gen:brg_inst|uart_tick ; uart_controller:uart_ctrl_inst|baud_rate_gen:brg_inst|uart_tick ; 1.000        ; 0.025      ; 0.882      ;
; 0.175  ; uart_controller:uart_ctrl_inst|uart_tx:tx_inst|state.START    ; uart_controller:uart_ctrl_inst|uart_tx:tx_inst|timeout_cnt[4] ; uart_controller:uart_ctrl_inst|baud_rate_gen:brg_inst|uart_tick ; uart_controller:uart_ctrl_inst|baud_rate_gen:brg_inst|uart_tick ; 1.000        ; 0.025      ; 0.882      ;
; 0.175  ; uart_controller:uart_ctrl_inst|uart_tx:tx_inst|state.START    ; uart_controller:uart_ctrl_inst|uart_tx:tx_inst|timeout_cnt[5] ; uart_controller:uart_ctrl_inst|baud_rate_gen:brg_inst|uart_tick ; uart_controller:uart_ctrl_inst|baud_rate_gen:brg_inst|uart_tick ; 1.000        ; 0.025      ; 0.882      ;
; 0.175  ; uart_controller:uart_ctrl_inst|uart_tx:tx_inst|state.START    ; uart_controller:uart_ctrl_inst|uart_tx:tx_inst|timeout_cnt[6] ; uart_controller:uart_ctrl_inst|baud_rate_gen:brg_inst|uart_tick ; uart_controller:uart_ctrl_inst|baud_rate_gen:brg_inst|uart_tick ; 1.000        ; 0.025      ; 0.882      ;
; 0.175  ; uart_controller:uart_ctrl_inst|uart_tx:tx_inst|state.START    ; uart_controller:uart_ctrl_inst|uart_tx:tx_inst|timeout_cnt[7] ; uart_controller:uart_ctrl_inst|baud_rate_gen:brg_inst|uart_tick ; uart_controller:uart_ctrl_inst|baud_rate_gen:brg_inst|uart_tick ; 1.000        ; 0.025      ; 0.882      ;
; 0.193  ; uart_controller:uart_ctrl_inst|uart_tx:tx_inst|timeout_cnt[0] ; uart_controller:uart_ctrl_inst|uart_tx:tx_inst|timeout_cnt[5] ; uart_controller:uart_ctrl_inst|baud_rate_gen:brg_inst|uart_tick ; uart_controller:uart_ctrl_inst|baud_rate_gen:brg_inst|uart_tick ; 1.000        ; 0.000      ; 0.839      ;
; 0.194  ; uart_controller:uart_ctrl_inst|uart_tx:tx_inst|timeout_cnt[1] ; uart_controller:uart_ctrl_inst|uart_tx:tx_inst|timeout_cnt[7] ; uart_controller:uart_ctrl_inst|baud_rate_gen:brg_inst|uart_tick ; uart_controller:uart_ctrl_inst|baud_rate_gen:brg_inst|uart_tick ; 1.000        ; 0.000      ; 0.838      ;
; 0.196  ; uart_controller:uart_ctrl_inst|uart_tx:tx_inst|state.START    ; uart_controller:uart_ctrl_inst|uart_tx:tx_inst|bit_cnt[2]     ; uart_controller:uart_ctrl_inst|baud_rate_gen:brg_inst|uart_tick ; uart_controller:uart_ctrl_inst|baud_rate_gen:brg_inst|uart_tick ; 1.000        ; 0.001      ; 0.837      ;
; 0.197  ; uart_controller:uart_ctrl_inst|uart_tx:tx_inst|state.START    ; uart_controller:uart_ctrl_inst|uart_tx:tx_inst|bit_cnt[0]     ; uart_controller:uart_ctrl_inst|baud_rate_gen:brg_inst|uart_tick ; uart_controller:uart_ctrl_inst|baud_rate_gen:brg_inst|uart_tick ; 1.000        ; 0.001      ; 0.836      ;
; 0.198  ; uart_rx_packet_new:packet_inst|LEDR[15]                       ; uart_controller:uart_ctrl_inst|uart_tx:tx_inst|state.IDLE     ; CLOCK_50                                                        ; uart_controller:uart_ctrl_inst|baud_rate_gen:brg_inst|uart_tick ; 1.000        ; -0.266     ; 0.568      ;
; 0.198  ; uart_controller:uart_ctrl_inst|uart_tx:tx_inst|state.START    ; uart_controller:uart_ctrl_inst|uart_tx:tx_inst|tx_reg[4]      ; uart_controller:uart_ctrl_inst|baud_rate_gen:brg_inst|uart_tick ; uart_controller:uart_ctrl_inst|baud_rate_gen:brg_inst|uart_tick ; 1.000        ; 0.001      ; 0.835      ;
; 0.201  ; uart_rx_packet_new:packet_inst|LEDR[15]                       ; uart_controller:uart_ctrl_inst|uart_tx:tx_inst|state.DATA     ; CLOCK_50                                                        ; uart_controller:uart_ctrl_inst|baud_rate_gen:brg_inst|uart_tick ; 1.000        ; -0.266     ; 0.565      ;
; 0.208  ; uart_controller:uart_ctrl_inst|uart_tx:tx_inst|state.DATA     ; uart_controller:uart_ctrl_inst|uart_tx:tx_inst|tx_reg[1]      ; uart_controller:uart_ctrl_inst|baud_rate_gen:brg_inst|uart_tick ; uart_controller:uart_ctrl_inst|baud_rate_gen:brg_inst|uart_tick ; 1.000        ; 0.002      ; 0.826      ;
; 0.208  ; uart_controller:uart_ctrl_inst|uart_tx:tx_inst|state.STOP     ; uart_controller:uart_ctrl_inst|uart_tx:tx_inst|tx_reg[4]      ; uart_controller:uart_ctrl_inst|baud_rate_gen:brg_inst|uart_tick ; uart_controller:uart_ctrl_inst|baud_rate_gen:brg_inst|uart_tick ; 1.000        ; 0.000      ; 0.824      ;
; 0.220  ; uart_controller:uart_ctrl_inst|uart_tx:tx_inst|timeout_cnt[4] ; uart_controller:uart_ctrl_inst|uart_tx:tx_inst|timeout_cnt[7] ; uart_controller:uart_ctrl_inst|baud_rate_gen:brg_inst|uart_tick ; uart_controller:uart_ctrl_inst|baud_rate_gen:brg_inst|uart_tick ; 1.000        ; 0.000      ; 0.812      ;
; 0.228  ; uart_controller:uart_ctrl_inst|uart_tx:tx_inst|timeout_cnt[0] ; uart_controller:uart_ctrl_inst|uart_tx:tx_inst|timeout_cnt[4] ; uart_controller:uart_ctrl_inst|baud_rate_gen:brg_inst|uart_tick ; uart_controller:uart_ctrl_inst|baud_rate_gen:brg_inst|uart_tick ; 1.000        ; 0.000      ; 0.804      ;
; 0.229  ; uart_controller:uart_ctrl_inst|uart_tx:tx_inst|timeout_cnt[1] ; uart_controller:uart_ctrl_inst|uart_tx:tx_inst|timeout_cnt[6] ; uart_controller:uart_ctrl_inst|baud_rate_gen:brg_inst|uart_tick ; uart_controller:uart_ctrl_inst|baud_rate_gen:brg_inst|uart_tick ; 1.000        ; 0.000      ; 0.803      ;
; 0.238  ; uart_controller:uart_ctrl_inst|uart_tx:tx_inst|state.STOP     ; uart_controller:uart_ctrl_inst|uart_tx:tx_inst|tx_reg[3]      ; uart_controller:uart_ctrl_inst|baud_rate_gen:brg_inst|uart_tick ; uart_controller:uart_ctrl_inst|baud_rate_gen:brg_inst|uart_tick ; 1.000        ; 0.000      ; 0.794      ;
; 0.243  ; uart_controller:uart_ctrl_inst|uart_tx:tx_inst|timeout_cnt[2] ; uart_controller:uart_ctrl_inst|uart_tx:tx_inst|timeout_cnt[7] ; uart_controller:uart_ctrl_inst|baud_rate_gen:brg_inst|uart_tick ; uart_controller:uart_ctrl_inst|baud_rate_gen:brg_inst|uart_tick ; 1.000        ; 0.000      ; 0.789      ;
; 0.255  ; uart_controller:uart_ctrl_inst|uart_tx:tx_inst|timeout_cnt[4] ; uart_controller:uart_ctrl_inst|uart_tx:tx_inst|timeout_cnt[6] ; uart_controller:uart_ctrl_inst|baud_rate_gen:brg_inst|uart_tick ; uart_controller:uart_ctrl_inst|baud_rate_gen:brg_inst|uart_tick ; 1.000        ; 0.000      ; 0.777      ;
; 0.256  ; uart_controller:uart_ctrl_inst|uart_tx:tx_inst|state.DATA     ; uart_controller:uart_ctrl_inst|uart_tx:tx_inst|tx             ; uart_controller:uart_ctrl_inst|baud_rate_gen:brg_inst|uart_tick ; uart_controller:uart_ctrl_inst|baud_rate_gen:brg_inst|uart_tick ; 1.000        ; 0.001      ; 0.777      ;
; 0.262  ; uart_controller:uart_ctrl_inst|uart_tx:tx_inst|timeout_cnt[3] ; uart_controller:uart_ctrl_inst|uart_tx:tx_inst|timeout_cnt[7] ; uart_controller:uart_ctrl_inst|baud_rate_gen:brg_inst|uart_tick ; uart_controller:uart_ctrl_inst|baud_rate_gen:brg_inst|uart_tick ; 1.000        ; 0.000      ; 0.770      ;
; 0.263  ; uart_controller:uart_ctrl_inst|uart_tx:tx_inst|timeout_cnt[0] ; uart_controller:uart_ctrl_inst|uart_tx:tx_inst|timeout_cnt[3] ; uart_controller:uart_ctrl_inst|baud_rate_gen:brg_inst|uart_tick ; uart_controller:uart_ctrl_inst|baud_rate_gen:brg_inst|uart_tick ; 1.000        ; 0.000      ; 0.769      ;
; 0.264  ; uart_controller:uart_ctrl_inst|uart_tx:tx_inst|timeout_cnt[1] ; uart_controller:uart_ctrl_inst|uart_tx:tx_inst|timeout_cnt[5] ; uart_controller:uart_ctrl_inst|baud_rate_gen:brg_inst|uart_tick ; uart_controller:uart_ctrl_inst|baud_rate_gen:brg_inst|uart_tick ; 1.000        ; 0.000      ; 0.768      ;
; 0.270  ; uart_controller:uart_ctrl_inst|uart_tx:tx_inst|timeout_cnt[5] ; uart_controller:uart_ctrl_inst|uart_tx:tx_inst|timeout_cnt[7] ; uart_controller:uart_ctrl_inst|baud_rate_gen:brg_inst|uart_tick ; uart_controller:uart_ctrl_inst|baud_rate_gen:brg_inst|uart_tick ; 1.000        ; 0.000      ; 0.762      ;
; 0.278  ; uart_rx_packet_new:packet_inst|tx_data[0]                     ; uart_controller:uart_ctrl_inst|uart_tx:tx_inst|tx_reg[4]      ; CLOCK_50                                                        ; uart_controller:uart_ctrl_inst|baud_rate_gen:brg_inst|uart_tick ; 1.000        ; -0.267     ; 0.487      ;
; 0.278  ; uart_controller:uart_ctrl_inst|uart_tx:tx_inst|timeout_cnt[2] ; uart_controller:uart_ctrl_inst|uart_tx:tx_inst|timeout_cnt[6] ; uart_controller:uart_ctrl_inst|baud_rate_gen:brg_inst|uart_tick ; uart_controller:uart_ctrl_inst|baud_rate_gen:brg_inst|uart_tick ; 1.000        ; 0.000      ; 0.754      ;
; 0.290  ; uart_controller:uart_ctrl_inst|uart_tx:tx_inst|timeout_cnt[4] ; uart_controller:uart_ctrl_inst|uart_tx:tx_inst|timeout_cnt[5] ; uart_controller:uart_ctrl_inst|baud_rate_gen:brg_inst|uart_tick ; uart_controller:uart_ctrl_inst|baud_rate_gen:brg_inst|uart_tick ; 1.000        ; 0.000      ; 0.742      ;
; 0.294  ; uart_controller:uart_ctrl_inst|uart_tx:tx_inst|state.DATA     ; uart_controller:uart_ctrl_inst|uart_tx:tx_inst|state.STOP     ; uart_controller:uart_ctrl_inst|baud_rate_gen:brg_inst|uart_tick ; uart_controller:uart_ctrl_inst|baud_rate_gen:brg_inst|uart_tick ; 1.000        ; 0.001      ; 0.739      ;
; 0.297  ; uart_controller:uart_ctrl_inst|uart_tx:tx_inst|timeout_cnt[3] ; uart_controller:uart_ctrl_inst|uart_tx:tx_inst|timeout_cnt[6] ; uart_controller:uart_ctrl_inst|baud_rate_gen:brg_inst|uart_tick ; uart_controller:uart_ctrl_inst|baud_rate_gen:brg_inst|uart_tick ; 1.000        ; 0.000      ; 0.735      ;
; 0.298  ; uart_controller:uart_ctrl_inst|uart_tx:tx_inst|timeout_cnt[0] ; uart_controller:uart_ctrl_inst|uart_tx:tx_inst|timeout_cnt[2] ; uart_controller:uart_ctrl_inst|baud_rate_gen:brg_inst|uart_tick ; uart_controller:uart_ctrl_inst|baud_rate_gen:brg_inst|uart_tick ; 1.000        ; 0.000      ; 0.734      ;
; 0.299  ; uart_controller:uart_ctrl_inst|uart_tx:tx_inst|timeout_cnt[1] ; uart_controller:uart_ctrl_inst|uart_tx:tx_inst|timeout_cnt[4] ; uart_controller:uart_ctrl_inst|baud_rate_gen:brg_inst|uart_tick ; uart_controller:uart_ctrl_inst|baud_rate_gen:brg_inst|uart_tick ; 1.000        ; 0.000      ; 0.733      ;
; 0.305  ; uart_controller:uart_ctrl_inst|uart_tx:tx_inst|timeout_cnt[5] ; uart_controller:uart_ctrl_inst|uart_tx:tx_inst|timeout_cnt[6] ; uart_controller:uart_ctrl_inst|baud_rate_gen:brg_inst|uart_tick ; uart_controller:uart_ctrl_inst|baud_rate_gen:brg_inst|uart_tick ; 1.000        ; 0.000      ; 0.727      ;
; 0.313  ; uart_controller:uart_ctrl_inst|uart_tx:tx_inst|timeout_cnt[2] ; uart_controller:uart_ctrl_inst|uart_tx:tx_inst|timeout_cnt[5] ; uart_controller:uart_ctrl_inst|baud_rate_gen:brg_inst|uart_tick ; uart_controller:uart_ctrl_inst|baud_rate_gen:brg_inst|uart_tick ; 1.000        ; 0.000      ; 0.719      ;
; 0.314  ; uart_controller:uart_ctrl_inst|uart_tx:tx_inst|state.IDLE     ; uart_controller:uart_ctrl_inst|uart_tx:tx_inst|tx             ; uart_controller:uart_ctrl_inst|baud_rate_gen:brg_inst|uart_tick ; uart_controller:uart_ctrl_inst|baud_rate_gen:brg_inst|uart_tick ; 1.000        ; 0.001      ; 0.719      ;
; 0.323  ; uart_controller:uart_ctrl_inst|uart_tx:tx_inst|state.DATA     ; uart_controller:uart_ctrl_inst|uart_tx:tx_inst|tx_reg[0]      ; uart_controller:uart_ctrl_inst|baud_rate_gen:brg_inst|uart_tick ; uart_controller:uart_ctrl_inst|baud_rate_gen:brg_inst|uart_tick ; 1.000        ; 0.002      ; 0.711      ;
; 0.324  ; uart_rx_packet_new:packet_inst|tx_data[0]                     ; uart_controller:uart_ctrl_inst|uart_tx:tx_inst|tx_reg[0]      ; CLOCK_50                                                        ; uart_controller:uart_ctrl_inst|baud_rate_gen:brg_inst|uart_tick ; 1.000        ; -0.266     ; 0.442      ;
; 0.332  ; uart_controller:uart_ctrl_inst|uart_tx:tx_inst|timeout_cnt[3] ; uart_controller:uart_ctrl_inst|uart_tx:tx_inst|timeout_cnt[5] ; uart_controller:uart_ctrl_inst|baud_rate_gen:brg_inst|uart_tick ; uart_controller:uart_ctrl_inst|baud_rate_gen:brg_inst|uart_tick ; 1.000        ; 0.000      ; 0.700      ;
; 0.333  ; uart_controller:uart_ctrl_inst|uart_tx:tx_inst|timeout_cnt[0] ; uart_controller:uart_ctrl_inst|uart_tx:tx_inst|timeout_cnt[1] ; uart_controller:uart_ctrl_inst|baud_rate_gen:brg_inst|uart_tick ; uart_controller:uart_ctrl_inst|baud_rate_gen:brg_inst|uart_tick ; 1.000        ; 0.000      ; 0.699      ;
; 0.333  ; uart_controller:uart_ctrl_inst|uart_tx:tx_inst|bit_cnt[2]     ; uart_controller:uart_ctrl_inst|uart_tx:tx_inst|state.STOP     ; uart_controller:uart_ctrl_inst|baud_rate_gen:brg_inst|uart_tick ; uart_controller:uart_ctrl_inst|baud_rate_gen:brg_inst|uart_tick ; 1.000        ; 0.000      ; 0.699      ;
; 0.334  ; uart_controller:uart_ctrl_inst|uart_tx:tx_inst|timeout_cnt[1] ; uart_controller:uart_ctrl_inst|uart_tx:tx_inst|timeout_cnt[3] ; uart_controller:uart_ctrl_inst|baud_rate_gen:brg_inst|uart_tick ; uart_controller:uart_ctrl_inst|baud_rate_gen:brg_inst|uart_tick ; 1.000        ; 0.000      ; 0.698      ;
; 0.342  ; uart_controller:uart_ctrl_inst|uart_tx:tx_inst|bit_cnt[1]     ; uart_controller:uart_ctrl_inst|uart_tx:tx_inst|state.STOP     ; uart_controller:uart_ctrl_inst|baud_rate_gen:brg_inst|uart_tick ; uart_controller:uart_ctrl_inst|baud_rate_gen:brg_inst|uart_tick ; 1.000        ; 0.000      ; 0.690      ;
; 0.348  ; uart_controller:uart_ctrl_inst|uart_tx:tx_inst|timeout_cnt[2] ; uart_controller:uart_ctrl_inst|uart_tx:tx_inst|timeout_cnt[4] ; uart_controller:uart_ctrl_inst|baud_rate_gen:brg_inst|uart_tick ; uart_controller:uart_ctrl_inst|baud_rate_gen:brg_inst|uart_tick ; 1.000        ; 0.000      ; 0.684      ;
; 0.349  ; uart_controller:uart_ctrl_inst|uart_tx:tx_inst|bit_cnt[2]     ; uart_controller:uart_ctrl_inst|uart_tx:tx_inst|bit_cnt[2]     ; uart_controller:uart_ctrl_inst|baud_rate_gen:brg_inst|uart_tick ; uart_controller:uart_ctrl_inst|baud_rate_gen:brg_inst|uart_tick ; 1.000        ; 0.000      ; 0.683      ;
; 0.349  ; uart_controller:uart_ctrl_inst|uart_tx:tx_inst|bit_cnt[0]     ; uart_controller:uart_ctrl_inst|uart_tx:tx_inst|bit_cnt[2]     ; uart_controller:uart_ctrl_inst|baud_rate_gen:brg_inst|uart_tick ; uart_controller:uart_ctrl_inst|baud_rate_gen:brg_inst|uart_tick ; 1.000        ; 0.000      ; 0.683      ;
; 0.367  ; uart_controller:uart_ctrl_inst|uart_tx:tx_inst|timeout_cnt[3] ; uart_controller:uart_ctrl_inst|uart_tx:tx_inst|timeout_cnt[4] ; uart_controller:uart_ctrl_inst|baud_rate_gen:brg_inst|uart_tick ; uart_controller:uart_ctrl_inst|baud_rate_gen:brg_inst|uart_tick ; 1.000        ; 0.000      ; 0.665      ;
; 0.369  ; uart_rx_packet_new:packet_inst|LEDR[15]                       ; uart_controller:uart_ctrl_inst|uart_tx:tx_inst|state.START    ; CLOCK_50                                                        ; uart_controller:uart_ctrl_inst|baud_rate_gen:brg_inst|uart_tick ; 1.000        ; -0.266     ; 0.397      ;
; 0.369  ; uart_controller:uart_ctrl_inst|uart_tx:tx_inst|timeout_cnt[1] ; uart_controller:uart_ctrl_inst|uart_tx:tx_inst|timeout_cnt[2] ; uart_controller:uart_ctrl_inst|baud_rate_gen:brg_inst|uart_tick ; uart_controller:uart_ctrl_inst|baud_rate_gen:brg_inst|uart_tick ; 1.000        ; 0.000      ; 0.663      ;
; 0.376  ; uart_rx_packet_new:packet_inst|tx_data[1]                     ; uart_controller:uart_ctrl_inst|uart_tx:tx_inst|tx_reg[1]      ; CLOCK_50                                                        ; uart_controller:uart_ctrl_inst|baud_rate_gen:brg_inst|uart_tick ; 1.000        ; -0.266     ; 0.390      ;
; 0.378  ; uart_controller:uart_ctrl_inst|uart_tx:tx_inst|timeout_cnt[6] ; uart_controller:uart_ctrl_inst|uart_tx:tx_inst|timeout_cnt[7] ; uart_controller:uart_ctrl_inst|baud_rate_gen:brg_inst|uart_tick ; uart_controller:uart_ctrl_inst|baud_rate_gen:brg_inst|uart_tick ; 1.000        ; 0.000      ; 0.654      ;
; 0.383  ; uart_controller:uart_ctrl_inst|uart_tx:tx_inst|timeout_cnt[2] ; uart_controller:uart_ctrl_inst|uart_tx:tx_inst|timeout_cnt[3] ; uart_controller:uart_ctrl_inst|baud_rate_gen:brg_inst|uart_tick ; uart_controller:uart_ctrl_inst|baud_rate_gen:brg_inst|uart_tick ; 1.000        ; 0.000      ; 0.649      ;
; 0.391  ; uart_controller:uart_ctrl_inst|uart_tx:tx_inst|bit_cnt[0]     ; uart_controller:uart_ctrl_inst|uart_tx:tx_inst|state.STOP     ; uart_controller:uart_ctrl_inst|baud_rate_gen:brg_inst|uart_tick ; uart_controller:uart_ctrl_inst|baud_rate_gen:brg_inst|uart_tick ; 1.000        ; 0.000      ; 0.641      ;
; 0.412  ; uart_controller:uart_ctrl_inst|uart_tx:tx_inst|state.STOP     ; uart_controller:uart_ctrl_inst|uart_tx:tx_inst|bit_cnt[2]     ; uart_controller:uart_ctrl_inst|baud_rate_gen:brg_inst|uart_tick ; uart_controller:uart_ctrl_inst|baud_rate_gen:brg_inst|uart_tick ; 1.000        ; 0.000      ; 0.620      ;
; 0.430  ; uart_controller:uart_ctrl_inst|uart_tx:tx_inst|timeout_cnt[4] ; uart_controller:uart_ctrl_inst|uart_tx:tx_inst|timeout_cnt[4] ; uart_controller:uart_ctrl_inst|baud_rate_gen:brg_inst|uart_tick ; uart_controller:uart_ctrl_inst|baud_rate_gen:brg_inst|uart_tick ; 1.000        ; 0.000      ; 0.602      ;
; 0.431  ; uart_controller:uart_ctrl_inst|uart_tx:tx_inst|tx_reg[0]      ; uart_controller:uart_ctrl_inst|uart_tx:tx_inst|tx             ; uart_controller:uart_ctrl_inst|baud_rate_gen:brg_inst|uart_tick ; uart_controller:uart_ctrl_inst|baud_rate_gen:brg_inst|uart_tick ; 1.000        ; -0.001     ; 0.600      ;
+--------+---------------------------------------------------------------+---------------------------------------------------------------+-----------------------------------------------------------------+-----------------------------------------------------------------+--------------+------------+------------+


+--------------------------------------------------------------------------------------------------------------------------------------------------------------------------------------------------------------------------------------------------------------------------------+
; Fast Model Hold: 'CLOCK_50'                                                                                                                                                                                                                                                    ;
+-------+-----------------------------------------------------------------------+-----------------------------------------------------------------------+-----------------------------------------------------------------+-------------+--------------+------------+------------+
; Slack ; From Node                                                             ; To Node                                                               ; Launch Clock                                                    ; Latch Clock ; Relationship ; Clock Skew ; Data Delay ;
+-------+-----------------------------------------------------------------------+-----------------------------------------------------------------------+-----------------------------------------------------------------+-------------+--------------+------------+------------+
; 0.170 ; uart_controller:uart_ctrl_inst|uart_tx:tx_inst|state.IDLE             ; uart_rx_packet_new:packet_inst|state.NACK                             ; uart_controller:uart_ctrl_inst|baud_rate_gen:brg_inst|uart_tick ; CLOCK_50    ; 0.000        ; 0.269      ; 0.591      ;
; 0.207 ; uart_controller:uart_ctrl_inst|uart_rx:rx_inst|data_out[2]            ; uart_rx_packet_new:packet_inst|crc_rec[2]                             ; uart_controller:uart_ctrl_inst|baud_rate_gen:brg_inst|ov_tick   ; CLOCK_50    ; 0.000        ; 0.263      ; 0.622      ;
; 0.215 ; sram_packet_writer:sram_writer_inst|packet_cnt[0]                     ; sram_packet_writer:sram_writer_inst|packet_cnt[0]                     ; CLOCK_50                                                        ; CLOCK_50    ; 0.000        ; 0.000      ; 0.367      ;
; 0.215 ; uart_rx_packet_new:packet_inst|byte_cnt[2]                            ; uart_rx_packet_new:packet_inst|byte_cnt[2]                            ; CLOCK_50                                                        ; CLOCK_50    ; 0.000        ; 0.000      ; 0.367      ;
; 0.215 ; uart_rx_packet_new:packet_inst|byte_cnt[3]                            ; uart_rx_packet_new:packet_inst|byte_cnt[3]                            ; CLOCK_50                                                        ; CLOCK_50    ; 0.000        ; 0.000      ; 0.367      ;
; 0.215 ; uart_rx_packet_new:packet_inst|byte_cnt[4]                            ; uart_rx_packet_new:packet_inst|byte_cnt[4]                            ; CLOCK_50                                                        ; CLOCK_50    ; 0.000        ; 0.000      ; 0.367      ;
; 0.215 ; uart_rx_packet_new:packet_inst|byte_cnt[5]                            ; uart_rx_packet_new:packet_inst|byte_cnt[5]                            ; CLOCK_50                                                        ; CLOCK_50    ; 0.000        ; 0.000      ; 0.367      ;
; 0.215 ; uart_rx_packet_new:packet_inst|byte_cnt[6]                            ; uart_rx_packet_new:packet_inst|byte_cnt[6]                            ; CLOCK_50                                                        ; CLOCK_50    ; 0.000        ; 0.000      ; 0.367      ;
; 0.215 ; uart_rx_packet_new:packet_inst|byte_cnt[7]                            ; uart_rx_packet_new:packet_inst|byte_cnt[7]                            ; CLOCK_50                                                        ; CLOCK_50    ; 0.000        ; 0.000      ; 0.367      ;
; 0.215 ; uart_controller:uart_ctrl_inst|baud_rate_gen:brg_inst|ov_counter[1]   ; uart_controller:uart_ctrl_inst|baud_rate_gen:brg_inst|ov_counter[1]   ; CLOCK_50                                                        ; CLOCK_50    ; 0.000        ; 0.000      ; 0.367      ;
; 0.215 ; uart_rx_packet_new:packet_inst|state.DATA                             ; uart_rx_packet_new:packet_inst|state.DATA                             ; CLOCK_50                                                        ; CLOCK_50    ; 0.000        ; 0.000      ; 0.367      ;
; 0.215 ; uart_rx_packet_new:packet_inst|crc[0]                                 ; uart_rx_packet_new:packet_inst|crc[0]                                 ; CLOCK_50                                                        ; CLOCK_50    ; 0.000        ; 0.000      ; 0.367      ;
; 0.215 ; uart_rx_packet_new:packet_inst|crc[2]                                 ; uart_rx_packet_new:packet_inst|crc[2]                                 ; CLOCK_50                                                        ; CLOCK_50    ; 0.000        ; 0.000      ; 0.367      ;
; 0.215 ; uart_rx_packet_new:packet_inst|crc[4]                                 ; uart_rx_packet_new:packet_inst|crc[4]                                 ; CLOCK_50                                                        ; CLOCK_50    ; 0.000        ; 0.000      ; 0.367      ;
; 0.215 ; uart_rx_packet_new:packet_inst|crc[6]                                 ; uart_rx_packet_new:packet_inst|crc[6]                                 ; CLOCK_50                                                        ; CLOCK_50    ; 0.000        ; 0.000      ; 0.367      ;
; 0.215 ; uart_rx_packet_new:packet_inst|state.REC_CRC8                         ; uart_rx_packet_new:packet_inst|state.REC_CRC8                         ; CLOCK_50                                                        ; CLOCK_50    ; 0.000        ; 0.000      ; 0.367      ;
; 0.215 ; uart_rx_packet_new:packet_inst|byte_cnt[0]                            ; uart_rx_packet_new:packet_inst|byte_cnt[0]                            ; CLOCK_50                                                        ; CLOCK_50    ; 0.000        ; 0.000      ; 0.367      ;
; 0.215 ; uart_rx_packet_new:packet_inst|byte_cnt[1]                            ; uart_rx_packet_new:packet_inst|byte_cnt[1]                            ; CLOCK_50                                                        ; CLOCK_50    ; 0.000        ; 0.000      ; 0.367      ;
; 0.215 ; uart_rx_packet_new:packet_inst|state.WAIT_SEND                        ; uart_rx_packet_new:packet_inst|state.WAIT_SEND                        ; CLOCK_50                                                        ; CLOCK_50    ; 0.000        ; 0.000      ; 0.367      ;
; 0.215 ; uart_rx_packet_new:packet_inst|state.NACK                             ; uart_rx_packet_new:packet_inst|state.NACK                             ; CLOCK_50                                                        ; CLOCK_50    ; 0.000        ; 0.000      ; 0.367      ;
; 0.215 ; uart_controller:uart_ctrl_inst|baud_rate_gen:brg_inst|uart_counter[0] ; uart_controller:uart_ctrl_inst|baud_rate_gen:brg_inst|uart_counter[0] ; CLOCK_50                                                        ; CLOCK_50    ; 0.000        ; 0.000      ; 0.367      ;
; 0.215 ; uart_controller:uart_ctrl_inst|baud_rate_gen:brg_inst|uart_counter[1] ; uart_controller:uart_ctrl_inst|baud_rate_gen:brg_inst|uart_counter[1] ; CLOCK_50                                                        ; CLOCK_50    ; 0.000        ; 0.000      ; 0.367      ;
; 0.215 ; uart_controller:uart_ctrl_inst|baud_rate_gen:brg_inst|uart_counter[2] ; uart_controller:uart_ctrl_inst|baud_rate_gen:brg_inst|uart_counter[2] ; CLOCK_50                                                        ; CLOCK_50    ; 0.000        ; 0.000      ; 0.367      ;
; 0.215 ; sram_packet_writer:sram_writer_inst|current_state.IDLE                ; sram_packet_writer:sram_writer_inst|current_state.IDLE                ; CLOCK_50                                                        ; CLOCK_50    ; 0.000        ; 0.000      ; 0.367      ;
; 0.215 ; sram_packet_writer:sram_writer_inst|current_state.FINISH              ; sram_packet_writer:sram_writer_inst|current_state.FINISH              ; CLOCK_50                                                        ; CLOCK_50    ; 0.000        ; 0.000      ; 0.367      ;
; 0.215 ; packet_cnt[0]                                                         ; packet_cnt[0]                                                         ; CLOCK_50                                                        ; CLOCK_50    ; 0.000        ; 0.000      ; 0.367      ;
; 0.224 ; uart_controller:uart_ctrl_inst|uart_rx:rx_inst|data_out[2]            ; uart_rx_packet_new:packet_inst|buffer_rtl_0_bypass[19]                ; uart_controller:uart_ctrl_inst|baud_rate_gen:brg_inst|ov_tick   ; CLOCK_50    ; 0.000        ; 0.263      ; 0.639      ;
; 0.229 ; uart_controller:uart_ctrl_inst|uart_rx:rx_inst|data_out[2]            ; uart_rx_packet_new:packet_inst|crc[2]                                 ; uart_controller:uart_ctrl_inst|baud_rate_gen:brg_inst|ov_tick   ; CLOCK_50    ; 0.000        ; 0.263      ; 0.644      ;
; 0.241 ; packet_cnt[11]                                                        ; packet_cnt[11]                                                        ; CLOCK_50                                                        ; CLOCK_50    ; 0.000        ; 0.000      ; 0.393      ;
; 0.243 ; uart_rx_packet_new:packet_inst|timeout_cnt[31]                        ; uart_rx_packet_new:packet_inst|timeout_cnt[31]                        ; CLOCK_50                                                        ; CLOCK_50    ; 0.000        ; 0.000      ; 0.395      ;
; 0.300 ; uart_controller:uart_ctrl_inst|uart_rx:rx_inst|data_out[4]            ; uart_rx_packet_new:packet_inst|buffer_rtl_0_bypass[21]                ; uart_controller:uart_ctrl_inst|baud_rate_gen:brg_inst|ov_tick   ; CLOCK_50    ; 0.000        ; 0.263      ; 0.715      ;
; 0.305 ; uart_controller:uart_ctrl_inst|uart_rx:rx_inst|data_out[4]            ; uart_rx_packet_new:packet_inst|crc_rec[4]                             ; uart_controller:uart_ctrl_inst|baud_rate_gen:brg_inst|ov_tick   ; CLOCK_50    ; 0.000        ; 0.263      ; 0.720      ;
; 0.316 ; sram_packet_writer:sram_writer_inst|word_index[3]                     ; sram_packet_writer:sram_writer_inst|addr_latch[3]                     ; CLOCK_50                                                        ; CLOCK_50    ; 0.000        ; 0.001      ; 0.469      ;
; 0.318 ; sram_packet_writer:sram_writer_inst|current_state.SRAM_WRITE          ; sram_packet_writer:sram_writer_inst|wr_en                             ; CLOCK_50                                                        ; CLOCK_50    ; 0.000        ; -0.001     ; 0.469      ;
; 0.326 ; sram_packet_writer:sram_writer_inst|word_index[7]                     ; sram_packet_writer:sram_writer_inst|word_index[7]                     ; CLOCK_50                                                        ; CLOCK_50    ; 0.000        ; 0.000      ; 0.478      ;
; 0.328 ; sram_packet_writer:sram_writer_inst|word_index[5]                     ; sram_packet_writer:sram_writer_inst|addr_latch[5]                     ; CLOCK_50                                                        ; CLOCK_50    ; 0.000        ; -0.002     ; 0.478      ;
; 0.334 ; sram_packet_writer:sram_writer_inst|current_state.WRITE_DATA_1        ; sram_packet_writer:sram_writer_inst|current_state.WRITE_DATA_2        ; CLOCK_50                                                        ; CLOCK_50    ; 0.000        ; 0.000      ; 0.486      ;
; 0.334 ; sram_packet_writer:sram_writer_inst|word_index[4]                     ; sram_packet_writer:sram_writer_inst|addr_latch[4]                     ; CLOCK_50                                                        ; CLOCK_50    ; 0.000        ; -0.002     ; 0.484      ;
; 0.336 ; sram_packet_writer:sram_writer_inst|current_state.UPDATE              ; sram_packet_writer:sram_writer_inst|packet_cnt[0]                     ; CLOCK_50                                                        ; CLOCK_50    ; 0.000        ; -0.001     ; 0.487      ;
; 0.339 ; uart_controller:uart_ctrl_inst|uart_rx:rx_inst|rx_valid               ; uart_rx_packet_new:packet_inst|state.REC_CRC8                         ; uart_controller:uart_ctrl_inst|baud_rate_gen:brg_inst|ov_tick   ; CLOCK_50    ; 0.000        ; 0.241      ; 0.732      ;
; 0.355 ; uart_rx_packet_new:packet_inst|timeout_cnt[0]                         ; uart_rx_packet_new:packet_inst|timeout_cnt[0]                         ; CLOCK_50                                                        ; CLOCK_50    ; 0.000        ; 0.000      ; 0.507      ;
; 0.355 ; uart_rx_packet_new:packet_inst|timeout_cnt[16]                        ; uart_rx_packet_new:packet_inst|timeout_cnt[16]                        ; CLOCK_50                                                        ; CLOCK_50    ; 0.000        ; 0.000      ; 0.507      ;
; 0.358 ; packet_cnt[4]                                                         ; packet_cnt[4]                                                         ; CLOCK_50                                                        ; CLOCK_50    ; 0.000        ; 0.000      ; 0.510      ;
; 0.358 ; packet_cnt[6]                                                         ; packet_cnt[6]                                                         ; CLOCK_50                                                        ; CLOCK_50    ; 0.000        ; 0.000      ; 0.510      ;
; 0.358 ; packet_cnt[8]                                                         ; packet_cnt[8]                                                         ; CLOCK_50                                                        ; CLOCK_50    ; 0.000        ; 0.000      ; 0.510      ;
; 0.358 ; packet_cnt[10]                                                        ; packet_cnt[10]                                                        ; CLOCK_50                                                        ; CLOCK_50    ; 0.000        ; 0.000      ; 0.510      ;
; 0.359 ; uart_rx_packet_new:packet_inst|timeout_cnt[1]                         ; uart_rx_packet_new:packet_inst|timeout_cnt[1]                         ; CLOCK_50                                                        ; CLOCK_50    ; 0.000        ; 0.000      ; 0.511      ;
; 0.359 ; uart_rx_packet_new:packet_inst|timeout_cnt[17]                        ; uart_rx_packet_new:packet_inst|timeout_cnt[17]                        ; CLOCK_50                                                        ; CLOCK_50    ; 0.000        ; 0.000      ; 0.511      ;
; 0.360 ; uart_rx_packet_new:packet_inst|timeout_cnt[2]                         ; uart_rx_packet_new:packet_inst|timeout_cnt[2]                         ; CLOCK_50                                                        ; CLOCK_50    ; 0.000        ; 0.000      ; 0.512      ;
; 0.360 ; uart_rx_packet_new:packet_inst|timeout_cnt[9]                         ; uart_rx_packet_new:packet_inst|timeout_cnt[9]                         ; CLOCK_50                                                        ; CLOCK_50    ; 0.000        ; 0.000      ; 0.512      ;
; 0.360 ; uart_rx_packet_new:packet_inst|timeout_cnt[11]                        ; uart_rx_packet_new:packet_inst|timeout_cnt[11]                        ; CLOCK_50                                                        ; CLOCK_50    ; 0.000        ; 0.000      ; 0.512      ;
; 0.360 ; uart_rx_packet_new:packet_inst|timeout_cnt[18]                        ; uart_rx_packet_new:packet_inst|timeout_cnt[18]                        ; CLOCK_50                                                        ; CLOCK_50    ; 0.000        ; 0.000      ; 0.512      ;
; 0.360 ; uart_rx_packet_new:packet_inst|timeout_cnt[25]                        ; uart_rx_packet_new:packet_inst|timeout_cnt[25]                        ; CLOCK_50                                                        ; CLOCK_50    ; 0.000        ; 0.000      ; 0.512      ;
; 0.360 ; uart_rx_packet_new:packet_inst|timeout_cnt[27]                        ; uart_rx_packet_new:packet_inst|timeout_cnt[27]                        ; CLOCK_50                                                        ; CLOCK_50    ; 0.000        ; 0.000      ; 0.512      ;
; 0.361 ; uart_rx_packet_new:packet_inst|timeout_cnt[4]                         ; uart_rx_packet_new:packet_inst|timeout_cnt[4]                         ; CLOCK_50                                                        ; CLOCK_50    ; 0.000        ; 0.000      ; 0.513      ;
; 0.361 ; uart_rx_packet_new:packet_inst|timeout_cnt[7]                         ; uart_rx_packet_new:packet_inst|timeout_cnt[7]                         ; CLOCK_50                                                        ; CLOCK_50    ; 0.000        ; 0.000      ; 0.513      ;
; 0.361 ; uart_rx_packet_new:packet_inst|timeout_cnt[13]                        ; uart_rx_packet_new:packet_inst|timeout_cnt[13]                        ; CLOCK_50                                                        ; CLOCK_50    ; 0.000        ; 0.000      ; 0.513      ;
; 0.361 ; uart_rx_packet_new:packet_inst|timeout_cnt[14]                        ; uart_rx_packet_new:packet_inst|timeout_cnt[14]                        ; CLOCK_50                                                        ; CLOCK_50    ; 0.000        ; 0.000      ; 0.513      ;
; 0.361 ; uart_rx_packet_new:packet_inst|timeout_cnt[15]                        ; uart_rx_packet_new:packet_inst|timeout_cnt[15]                        ; CLOCK_50                                                        ; CLOCK_50    ; 0.000        ; 0.000      ; 0.513      ;
; 0.361 ; uart_rx_packet_new:packet_inst|timeout_cnt[20]                        ; uart_rx_packet_new:packet_inst|timeout_cnt[20]                        ; CLOCK_50                                                        ; CLOCK_50    ; 0.000        ; 0.000      ; 0.513      ;
; 0.361 ; uart_rx_packet_new:packet_inst|timeout_cnt[23]                        ; uart_rx_packet_new:packet_inst|timeout_cnt[23]                        ; CLOCK_50                                                        ; CLOCK_50    ; 0.000        ; 0.000      ; 0.513      ;
; 0.361 ; uart_rx_packet_new:packet_inst|timeout_cnt[29]                        ; uart_rx_packet_new:packet_inst|timeout_cnt[29]                        ; CLOCK_50                                                        ; CLOCK_50    ; 0.000        ; 0.000      ; 0.513      ;
; 0.361 ; uart_rx_packet_new:packet_inst|timeout_cnt[30]                        ; uart_rx_packet_new:packet_inst|timeout_cnt[30]                        ; CLOCK_50                                                        ; CLOCK_50    ; 0.000        ; 0.000      ; 0.513      ;
; 0.361 ; uart_controller:uart_ctrl_inst|baud_rate_gen:brg_inst|uart_counter[1] ; uart_controller:uart_ctrl_inst|baud_rate_gen:brg_inst|uart_tick       ; CLOCK_50                                                        ; CLOCK_50    ; 0.000        ; 0.000      ; 0.513      ;
; 0.361 ; packet_cnt[1]                                                         ; packet_cnt[1]                                                         ; CLOCK_50                                                        ; CLOCK_50    ; 0.000        ; 0.000      ; 0.513      ;
; 0.362 ; uart_controller:uart_ctrl_inst|baud_rate_gen:brg_inst|uart_counter[1] ; uart_controller:uart_ctrl_inst|baud_rate_gen:brg_inst|uart_counter[2] ; CLOCK_50                                                        ; CLOCK_50    ; 0.000        ; 0.000      ; 0.514      ;
; 0.363 ; uart_controller:uart_ctrl_inst|baud_rate_gen:brg_inst|ov_counter[0]   ; uart_controller:uart_ctrl_inst|baud_rate_gen:brg_inst|ov_counter[0]   ; CLOCK_50                                                        ; CLOCK_50    ; 0.000        ; 0.000      ; 0.515      ;
; 0.364 ; sram_packet_writer:sram_writer_inst|word_index[4]                     ; sram_packet_writer:sram_writer_inst|word_index[4]                     ; CLOCK_50                                                        ; CLOCK_50    ; 0.000        ; 0.000      ; 0.516      ;
; 0.365 ; sram_packet_writer:sram_writer_inst|word_index[6]                     ; sram_packet_writer:sram_writer_inst|word_index[6]                     ; CLOCK_50                                                        ; CLOCK_50    ; 0.000        ; 0.000      ; 0.517      ;
; 0.366 ; sram_packet_writer:sram_writer_inst|packet_cnt[8]                     ; sram_packet_writer:sram_writer_inst|packet_cnt[8]                     ; CLOCK_50                                                        ; CLOCK_50    ; 0.000        ; 0.000      ; 0.518      ;
; 0.366 ; sram_packet_writer:sram_writer_inst|word_index[2]                     ; sram_packet_writer:sram_writer_inst|word_index[2]                     ; CLOCK_50                                                        ; CLOCK_50    ; 0.000        ; 0.000      ; 0.518      ;
; 0.368 ; uart_rx_packet_new:packet_inst|crc[3]                                 ; uart_rx_packet_new:packet_inst|crc[5]                                 ; CLOCK_50                                                        ; CLOCK_50    ; 0.000        ; 0.000      ; 0.520      ;
; 0.368 ; uart_rx_packet_new:packet_inst|buffer_rtl_0_bypass[22]                ; sram_packet_writer:sram_writer_inst|data_low[5]                       ; CLOCK_50                                                        ; CLOCK_50    ; 0.000        ; 0.000      ; 0.520      ;
; 0.369 ; packet_cnt[2]                                                         ; packet_cnt[2]                                                         ; CLOCK_50                                                        ; CLOCK_50    ; 0.000        ; 0.000      ; 0.521      ;
; 0.369 ; packet_cnt[3]                                                         ; packet_cnt[3]                                                         ; CLOCK_50                                                        ; CLOCK_50    ; 0.000        ; 0.000      ; 0.521      ;
; 0.370 ; sram_packet_writer:sram_writer_inst|packet_cnt[3]                     ; sram_packet_writer:sram_writer_inst|packet_cnt[3]                     ; CLOCK_50                                                        ; CLOCK_50    ; 0.000        ; 0.000      ; 0.522      ;
; 0.370 ; sram_packet_writer:sram_writer_inst|packet_cnt[6]                     ; sram_packet_writer:sram_writer_inst|packet_cnt[6]                     ; CLOCK_50                                                        ; CLOCK_50    ; 0.000        ; 0.000      ; 0.522      ;
; 0.370 ; packet_valid_d                                                        ; packet_cnt[0]                                                         ; CLOCK_50                                                        ; CLOCK_50    ; 0.000        ; 0.000      ; 0.522      ;
; 0.371 ; uart_rx_packet_new:packet_inst|timeout_cnt[3]                         ; uart_rx_packet_new:packet_inst|timeout_cnt[3]                         ; CLOCK_50                                                        ; CLOCK_50    ; 0.000        ; 0.000      ; 0.523      ;
; 0.371 ; uart_rx_packet_new:packet_inst|timeout_cnt[8]                         ; uart_rx_packet_new:packet_inst|timeout_cnt[8]                         ; CLOCK_50                                                        ; CLOCK_50    ; 0.000        ; 0.000      ; 0.523      ;
; 0.371 ; uart_rx_packet_new:packet_inst|timeout_cnt[10]                        ; uart_rx_packet_new:packet_inst|timeout_cnt[10]                        ; CLOCK_50                                                        ; CLOCK_50    ; 0.000        ; 0.000      ; 0.523      ;
; 0.371 ; uart_rx_packet_new:packet_inst|timeout_cnt[19]                        ; uart_rx_packet_new:packet_inst|timeout_cnt[19]                        ; CLOCK_50                                                        ; CLOCK_50    ; 0.000        ; 0.000      ; 0.523      ;
; 0.371 ; uart_rx_packet_new:packet_inst|timeout_cnt[24]                        ; uart_rx_packet_new:packet_inst|timeout_cnt[24]                        ; CLOCK_50                                                        ; CLOCK_50    ; 0.000        ; 0.000      ; 0.523      ;
; 0.371 ; uart_rx_packet_new:packet_inst|timeout_cnt[26]                        ; uart_rx_packet_new:packet_inst|timeout_cnt[26]                        ; CLOCK_50                                                        ; CLOCK_50    ; 0.000        ; 0.000      ; 0.523      ;
; 0.371 ; packet_cnt[5]                                                         ; packet_cnt[5]                                                         ; CLOCK_50                                                        ; CLOCK_50    ; 0.000        ; 0.000      ; 0.523      ;
; 0.371 ; packet_cnt[7]                                                         ; packet_cnt[7]                                                         ; CLOCK_50                                                        ; CLOCK_50    ; 0.000        ; 0.000      ; 0.523      ;
; 0.372 ; uart_rx_packet_new:packet_inst|timeout_cnt[5]                         ; uart_rx_packet_new:packet_inst|timeout_cnt[5]                         ; CLOCK_50                                                        ; CLOCK_50    ; 0.000        ; 0.000      ; 0.524      ;
; 0.372 ; uart_rx_packet_new:packet_inst|timeout_cnt[6]                         ; uart_rx_packet_new:packet_inst|timeout_cnt[6]                         ; CLOCK_50                                                        ; CLOCK_50    ; 0.000        ; 0.000      ; 0.524      ;
; 0.372 ; uart_rx_packet_new:packet_inst|timeout_cnt[12]                        ; uart_rx_packet_new:packet_inst|timeout_cnt[12]                        ; CLOCK_50                                                        ; CLOCK_50    ; 0.000        ; 0.000      ; 0.524      ;
; 0.372 ; uart_rx_packet_new:packet_inst|timeout_cnt[21]                        ; uart_rx_packet_new:packet_inst|timeout_cnt[21]                        ; CLOCK_50                                                        ; CLOCK_50    ; 0.000        ; 0.000      ; 0.524      ;
; 0.372 ; uart_rx_packet_new:packet_inst|timeout_cnt[22]                        ; uart_rx_packet_new:packet_inst|timeout_cnt[22]                        ; CLOCK_50                                                        ; CLOCK_50    ; 0.000        ; 0.000      ; 0.524      ;
; 0.372 ; uart_rx_packet_new:packet_inst|timeout_cnt[28]                        ; uart_rx_packet_new:packet_inst|timeout_cnt[28]                        ; CLOCK_50                                                        ; CLOCK_50    ; 0.000        ; 0.000      ; 0.524      ;
; 0.372 ; packet_cnt[9]                                                         ; packet_cnt[9]                                                         ; CLOCK_50                                                        ; CLOCK_50    ; 0.000        ; 0.000      ; 0.524      ;
; 0.373 ; sram_packet_writer:sram_writer_inst|packet_cnt[1]                     ; sram_packet_writer:sram_writer_inst|packet_cnt[1]                     ; CLOCK_50                                                        ; CLOCK_50    ; 0.000        ; 0.000      ; 0.525      ;
; 0.373 ; uart_controller:uart_ctrl_inst|baud_rate_gen:brg_inst|ov_counter[3]   ; uart_controller:uart_ctrl_inst|baud_rate_gen:brg_inst|ov_counter[3]   ; CLOCK_50                                                        ; CLOCK_50    ; 0.000        ; 0.000      ; 0.525      ;
; 0.375 ; sram_packet_writer:sram_writer_inst|word_index[3]                     ; sram_packet_writer:sram_writer_inst|word_index[3]                     ; CLOCK_50                                                        ; CLOCK_50    ; 0.000        ; 0.000      ; 0.527      ;
; 0.376 ; sram_packet_writer:sram_writer_inst|word_index[0]                     ; sram_packet_writer:sram_writer_inst|word_index[0]                     ; CLOCK_50                                                        ; CLOCK_50    ; 0.000        ; 0.000      ; 0.528      ;
; 0.376 ; sram_packet_writer:sram_writer_inst|word_index[1]                     ; sram_packet_writer:sram_writer_inst|word_index[1]                     ; CLOCK_50                                                        ; CLOCK_50    ; 0.000        ; 0.000      ; 0.528      ;
; 0.376 ; sram_packet_writer:sram_writer_inst|word_index[5]                     ; sram_packet_writer:sram_writer_inst|word_index[5]                     ; CLOCK_50                                                        ; CLOCK_50    ; 0.000        ; 0.000      ; 0.528      ;
; 0.377 ; uart_rx_packet_new:packet_inst|buffer~8                               ; sram_packet_writer:sram_writer_inst|data_low[7]                       ; CLOCK_50                                                        ; CLOCK_50    ; 0.000        ; 0.000      ; 0.529      ;
+-------+-----------------------------------------------------------------------+-----------------------------------------------------------------------+-----------------------------------------------------------------+-------------+--------------+------------+------------+


+----------------------------------------------------------------------------------------------------------------------------------------------------------------------------------------------------------------------------------------------------------------------------------------------------------------------------+
; Fast Model Hold: 'uart_controller:uart_ctrl_inst|baud_rate_gen:brg_inst|ov_tick'                                                                                                                                                                                                                                           ;
+-------+---------------------------------------------------------------------+---------------------------------------------------------------------+---------------------------------------------------------------+---------------------------------------------------------------+--------------+------------+------------+
; Slack ; From Node                                                           ; To Node                                                             ; Launch Clock                                                  ; Latch Clock                                                   ; Relationship ; Clock Skew ; Data Delay ;
+-------+---------------------------------------------------------------------+---------------------------------------------------------------------+---------------------------------------------------------------+---------------------------------------------------------------+--------------+------------+------------+
; 0.215 ; uart_controller:uart_ctrl_inst|uart_rx:rx_inst|bit_cnt[0]           ; uart_controller:uart_ctrl_inst|uart_rx:rx_inst|bit_cnt[0]           ; uart_controller:uart_ctrl_inst|baud_rate_gen:brg_inst|ov_tick ; uart_controller:uart_ctrl_inst|baud_rate_gen:brg_inst|ov_tick ; 0.000        ; 0.000      ; 0.367      ;
; 0.215 ; uart_controller:uart_ctrl_inst|uart_rx:rx_inst|bit_cnt[1]           ; uart_controller:uart_ctrl_inst|uart_rx:rx_inst|bit_cnt[1]           ; uart_controller:uart_ctrl_inst|baud_rate_gen:brg_inst|ov_tick ; uart_controller:uart_ctrl_inst|baud_rate_gen:brg_inst|ov_tick ; 0.000        ; 0.000      ; 0.367      ;
; 0.215 ; uart_controller:uart_ctrl_inst|uart_rx:rx_inst|samples[2]           ; uart_controller:uart_ctrl_inst|uart_rx:rx_inst|samples[2]           ; uart_controller:uart_ctrl_inst|baud_rate_gen:brg_inst|ov_tick ; uart_controller:uart_ctrl_inst|baud_rate_gen:brg_inst|ov_tick ; 0.000        ; 0.000      ; 0.367      ;
; 0.215 ; uart_controller:uart_ctrl_inst|uart_rx:rx_inst|samples[1]           ; uart_controller:uart_ctrl_inst|uart_rx:rx_inst|samples[1]           ; uart_controller:uart_ctrl_inst|baud_rate_gen:brg_inst|ov_tick ; uart_controller:uart_ctrl_inst|baud_rate_gen:brg_inst|ov_tick ; 0.000        ; 0.000      ; 0.367      ;
; 0.215 ; uart_controller:uart_ctrl_inst|uart_rx:rx_inst|samples[0]           ; uart_controller:uart_ctrl_inst|uart_rx:rx_inst|samples[0]           ; uart_controller:uart_ctrl_inst|baud_rate_gen:brg_inst|ov_tick ; uart_controller:uart_ctrl_inst|baud_rate_gen:brg_inst|ov_tick ; 0.000        ; 0.000      ; 0.367      ;
; 0.240 ; uart_controller:uart_ctrl_inst|uart_rx:rx_inst|samples[2]           ; uart_controller:uart_ctrl_inst|uart_rx:rx_inst|rx_reg[7]            ; uart_controller:uart_ctrl_inst|baud_rate_gen:brg_inst|ov_tick ; uart_controller:uart_ctrl_inst|baud_rate_gen:brg_inst|ov_tick ; 0.000        ; 0.000      ; 0.392      ;
; 0.240 ; uart_controller:uart_ctrl_inst|uart_rx:rx_inst|rx_reg[5]            ; uart_controller:uart_ctrl_inst|uart_rx:rx_inst|rx_reg[4]            ; uart_controller:uart_ctrl_inst|baud_rate_gen:brg_inst|ov_tick ; uart_controller:uart_ctrl_inst|baud_rate_gen:brg_inst|ov_tick ; 0.000        ; 0.000      ; 0.392      ;
; 0.241 ; uart_controller:uart_ctrl_inst|uart_rx:rx_inst|rx_reg[3]            ; uart_controller:uart_ctrl_inst|uart_rx:rx_inst|rx_reg[2]            ; uart_controller:uart_ctrl_inst|baud_rate_gen:brg_inst|ov_tick ; uart_controller:uart_ctrl_inst|baud_rate_gen:brg_inst|ov_tick ; 0.000        ; 0.000      ; 0.393      ;
; 0.242 ; uart_controller:uart_ctrl_inst|uart_rx:rx_inst|rx_reg[4]            ; uart_controller:uart_ctrl_inst|uart_rx:rx_inst|rx_reg[3]            ; uart_controller:uart_ctrl_inst|baud_rate_gen:brg_inst|ov_tick ; uart_controller:uart_ctrl_inst|baud_rate_gen:brg_inst|ov_tick ; 0.000        ; 0.000      ; 0.394      ;
; 0.246 ; uart_controller:uart_ctrl_inst|uart_rx:rx_inst|rx_reg[7]            ; uart_controller:uart_ctrl_inst|uart_rx:rx_inst|rx_reg[6]            ; uart_controller:uart_ctrl_inst|baud_rate_gen:brg_inst|ov_tick ; uart_controller:uart_ctrl_inst|baud_rate_gen:brg_inst|ov_tick ; 0.000        ; 0.000      ; 0.398      ;
; 0.246 ; uart_controller:uart_ctrl_inst|uart_rx:rx_inst|rx_reg[1]            ; uart_controller:uart_ctrl_inst|uart_rx:rx_inst|rx_reg[0]            ; uart_controller:uart_ctrl_inst|baud_rate_gen:brg_inst|ov_tick ; uart_controller:uart_ctrl_inst|baud_rate_gen:brg_inst|ov_tick ; 0.000        ; 0.000      ; 0.398      ;
; 0.256 ; uart_controller:uart_ctrl_inst|uart_rx:rx_inst|valid_timeout_cnt[7] ; uart_controller:uart_ctrl_inst|uart_rx:rx_inst|valid_timeout_cnt[7] ; uart_controller:uart_ctrl_inst|baud_rate_gen:brg_inst|ov_tick ; uart_controller:uart_ctrl_inst|baud_rate_gen:brg_inst|ov_tick ; 0.000        ; 0.000      ; 0.408      ;
; 0.292 ; uart_controller:uart_ctrl_inst|uart_rx:rx_inst|samples[1]           ; uart_controller:uart_ctrl_inst|uart_rx:rx_inst|rx_reg[7]            ; uart_controller:uart_ctrl_inst|baud_rate_gen:brg_inst|ov_tick ; uart_controller:uart_ctrl_inst|baud_rate_gen:brg_inst|ov_tick ; 0.000        ; 0.000      ; 0.444      ;
; 0.326 ; uart_controller:uart_ctrl_inst|uart_rx:rx_inst|rx_reg[2]            ; uart_controller:uart_ctrl_inst|uart_rx:rx_inst|rx_reg[1]            ; uart_controller:uart_ctrl_inst|baud_rate_gen:brg_inst|ov_tick ; uart_controller:uart_ctrl_inst|baud_rate_gen:brg_inst|ov_tick ; 0.000        ; 0.000      ; 0.478      ;
; 0.327 ; uart_controller:uart_ctrl_inst|uart_rx:rx_inst|rx_reg[6]            ; uart_controller:uart_ctrl_inst|uart_rx:rx_inst|rx_reg[5]            ; uart_controller:uart_ctrl_inst|baud_rate_gen:brg_inst|ov_tick ; uart_controller:uart_ctrl_inst|baud_rate_gen:brg_inst|ov_tick ; 0.000        ; 0.000      ; 0.479      ;
; 0.361 ; uart_controller:uart_ctrl_inst|uart_rx:rx_inst|valid_timeout_cnt[1] ; uart_controller:uart_ctrl_inst|uart_rx:rx_inst|valid_timeout_cnt[1] ; uart_controller:uart_ctrl_inst|baud_rate_gen:brg_inst|ov_tick ; uart_controller:uart_ctrl_inst|baud_rate_gen:brg_inst|ov_tick ; 0.000        ; 0.000      ; 0.513      ;
; 0.362 ; uart_controller:uart_ctrl_inst|uart_rx:rx_inst|state.IDLE           ; uart_controller:uart_ctrl_inst|uart_rx:rx_inst|state.START          ; uart_controller:uart_ctrl_inst|baud_rate_gen:brg_inst|ov_tick ; uart_controller:uart_ctrl_inst|baud_rate_gen:brg_inst|ov_tick ; 0.000        ; 0.000      ; 0.514      ;
; 0.362 ; uart_controller:uart_ctrl_inst|uart_rx:rx_inst|samples[0]           ; uart_controller:uart_ctrl_inst|uart_rx:rx_inst|rx_reg[7]            ; uart_controller:uart_ctrl_inst|baud_rate_gen:brg_inst|ov_tick ; uart_controller:uart_ctrl_inst|baud_rate_gen:brg_inst|ov_tick ; 0.000        ; 0.000      ; 0.514      ;
; 0.363 ; uart_controller:uart_ctrl_inst|uart_rx:rx_inst|valid_timeout_cnt[3] ; uart_controller:uart_ctrl_inst|uart_rx:rx_inst|valid_timeout_cnt[3] ; uart_controller:uart_ctrl_inst|baud_rate_gen:brg_inst|ov_tick ; uart_controller:uart_ctrl_inst|baud_rate_gen:brg_inst|ov_tick ; 0.000        ; 0.000      ; 0.515      ;
; 0.371 ; uart_controller:uart_ctrl_inst|uart_rx:rx_inst|valid_timeout_cnt[5] ; uart_controller:uart_ctrl_inst|uart_rx:rx_inst|valid_timeout_cnt[5] ; uart_controller:uart_ctrl_inst|baud_rate_gen:brg_inst|ov_tick ; uart_controller:uart_ctrl_inst|baud_rate_gen:brg_inst|ov_tick ; 0.000        ; 0.000      ; 0.523      ;
; 0.373 ; uart_controller:uart_ctrl_inst|uart_rx:rx_inst|valid_timeout_cnt[0] ; uart_controller:uart_ctrl_inst|uart_rx:rx_inst|valid_timeout_cnt[0] ; uart_controller:uart_ctrl_inst|baud_rate_gen:brg_inst|ov_tick ; uart_controller:uart_ctrl_inst|baud_rate_gen:brg_inst|ov_tick ; 0.000        ; 0.000      ; 0.525      ;
; 0.373 ; uart_controller:uart_ctrl_inst|uart_rx:rx_inst|valid_timeout_cnt[6] ; uart_controller:uart_ctrl_inst|uart_rx:rx_inst|valid_timeout_cnt[6] ; uart_controller:uart_ctrl_inst|baud_rate_gen:brg_inst|ov_tick ; uart_controller:uart_ctrl_inst|baud_rate_gen:brg_inst|ov_tick ; 0.000        ; 0.000      ; 0.525      ;
; 0.376 ; uart_controller:uart_ctrl_inst|uart_rx:rx_inst|valid_timeout_cnt[2] ; uart_controller:uart_ctrl_inst|uart_rx:rx_inst|valid_timeout_cnt[2] ; uart_controller:uart_ctrl_inst|baud_rate_gen:brg_inst|ov_tick ; uart_controller:uart_ctrl_inst|baud_rate_gen:brg_inst|ov_tick ; 0.000        ; 0.000      ; 0.528      ;
; 0.376 ; uart_controller:uart_ctrl_inst|uart_rx:rx_inst|valid_timeout_cnt[4] ; uart_controller:uart_ctrl_inst|uart_rx:rx_inst|valid_timeout_cnt[4] ; uart_controller:uart_ctrl_inst|baud_rate_gen:brg_inst|ov_tick ; uart_controller:uart_ctrl_inst|baud_rate_gen:brg_inst|ov_tick ; 0.000        ; 0.000      ; 0.528      ;
; 0.376 ; uart_controller:uart_ctrl_inst|uart_rx:rx_inst|state.DATA           ; uart_controller:uart_ctrl_inst|uart_rx:rx_inst|tick_cnt[2]          ; uart_controller:uart_ctrl_inst|baud_rate_gen:brg_inst|ov_tick ; uart_controller:uart_ctrl_inst|baud_rate_gen:brg_inst|ov_tick ; 0.000        ; 0.000      ; 0.528      ;
; 0.377 ; uart_controller:uart_ctrl_inst|uart_rx:rx_inst|state.DATA           ; uart_controller:uart_ctrl_inst|uart_rx:rx_inst|bit_cnt[0]           ; uart_controller:uart_ctrl_inst|baud_rate_gen:brg_inst|ov_tick ; uart_controller:uart_ctrl_inst|baud_rate_gen:brg_inst|ov_tick ; 0.000        ; 0.000      ; 0.529      ;
; 0.378 ; uart_controller:uart_ctrl_inst|uart_rx:rx_inst|valid_timeout_cnt[6] ; uart_controller:uart_ctrl_inst|uart_rx:rx_inst|rx_valid             ; uart_controller:uart_ctrl_inst|baud_rate_gen:brg_inst|ov_tick ; uart_controller:uart_ctrl_inst|baud_rate_gen:brg_inst|ov_tick ; 0.000        ; 0.000      ; 0.530      ;
; 0.419 ; uart_controller:uart_ctrl_inst|uart_rx:rx_inst|state.START          ; uart_controller:uart_ctrl_inst|uart_rx:rx_inst|state.DATA           ; uart_controller:uart_ctrl_inst|baud_rate_gen:brg_inst|ov_tick ; uart_controller:uart_ctrl_inst|baud_rate_gen:brg_inst|ov_tick ; 0.000        ; 0.000      ; 0.571      ;
; 0.425 ; uart_controller:uart_ctrl_inst|uart_rx:rx_inst|state.DATA           ; uart_controller:uart_ctrl_inst|uart_rx:rx_inst|state.STOP           ; uart_controller:uart_ctrl_inst|baud_rate_gen:brg_inst|ov_tick ; uart_controller:uart_ctrl_inst|baud_rate_gen:brg_inst|ov_tick ; 0.000        ; 0.000      ; 0.577      ;
; 0.452 ; uart_controller:uart_ctrl_inst|uart_rx:rx_inst|tick_cnt[2]          ; uart_controller:uart_ctrl_inst|uart_rx:rx_inst|bit_cnt[0]           ; uart_controller:uart_ctrl_inst|baud_rate_gen:brg_inst|ov_tick ; uart_controller:uart_ctrl_inst|baud_rate_gen:brg_inst|ov_tick ; 0.000        ; 0.000      ; 0.604      ;
; 0.453 ; uart_controller:uart_ctrl_inst|uart_rx:rx_inst|tick_cnt[2]          ; uart_controller:uart_ctrl_inst|uart_rx:rx_inst|tick_cnt[2]          ; uart_controller:uart_ctrl_inst|baud_rate_gen:brg_inst|ov_tick ; uart_controller:uart_ctrl_inst|baud_rate_gen:brg_inst|ov_tick ; 0.000        ; 0.000      ; 0.605      ;
; 0.459 ; uart_controller:uart_ctrl_inst|uart_rx:rx_inst|bit_cnt[0]           ; uart_controller:uart_ctrl_inst|uart_rx:rx_inst|bit_cnt[1]           ; uart_controller:uart_ctrl_inst|baud_rate_gen:brg_inst|ov_tick ; uart_controller:uart_ctrl_inst|baud_rate_gen:brg_inst|ov_tick ; 0.000        ; 0.000      ; 0.611      ;
; 0.461 ; uart_controller:uart_ctrl_inst|uart_rx:rx_inst|tick_cnt[0]          ; uart_controller:uart_ctrl_inst|uart_rx:rx_inst|samples[0]           ; uart_controller:uart_ctrl_inst|baud_rate_gen:brg_inst|ov_tick ; uart_controller:uart_ctrl_inst|baud_rate_gen:brg_inst|ov_tick ; 0.000        ; -0.001     ; 0.612      ;
; 0.464 ; uart_controller:uart_ctrl_inst|uart_rx:rx_inst|valid_timeout_cnt[3] ; uart_controller:uart_ctrl_inst|uart_rx:rx_inst|rx_valid             ; uart_controller:uart_ctrl_inst|baud_rate_gen:brg_inst|ov_tick ; uart_controller:uart_ctrl_inst|baud_rate_gen:brg_inst|ov_tick ; 0.000        ; 0.000      ; 0.616      ;
; 0.472 ; uart_controller:uart_ctrl_inst|uart_rx:rx_inst|state.DATA           ; uart_controller:uart_ctrl_inst|uart_rx:rx_inst|samples[2]           ; uart_controller:uart_ctrl_inst|baud_rate_gen:brg_inst|ov_tick ; uart_controller:uart_ctrl_inst|baud_rate_gen:brg_inst|ov_tick ; 0.000        ; -0.001     ; 0.623      ;
; 0.474 ; uart_controller:uart_ctrl_inst|uart_rx:rx_inst|state.DATA           ; uart_controller:uart_ctrl_inst|uart_rx:rx_inst|samples[1]           ; uart_controller:uart_ctrl_inst|baud_rate_gen:brg_inst|ov_tick ; uart_controller:uart_ctrl_inst|baud_rate_gen:brg_inst|ov_tick ; 0.000        ; -0.001     ; 0.625      ;
; 0.499 ; uart_controller:uart_ctrl_inst|uart_rx:rx_inst|valid_timeout_cnt[1] ; uart_controller:uart_ctrl_inst|uart_rx:rx_inst|valid_timeout_cnt[2] ; uart_controller:uart_ctrl_inst|baud_rate_gen:brg_inst|ov_tick ; uart_controller:uart_ctrl_inst|baud_rate_gen:brg_inst|ov_tick ; 0.000        ; 0.000      ; 0.651      ;
; 0.501 ; uart_controller:uart_ctrl_inst|uart_rx:rx_inst|valid_timeout_cnt[3] ; uart_controller:uart_ctrl_inst|uart_rx:rx_inst|valid_timeout_cnt[4] ; uart_controller:uart_ctrl_inst|baud_rate_gen:brg_inst|ov_tick ; uart_controller:uart_ctrl_inst|baud_rate_gen:brg_inst|ov_tick ; 0.000        ; 0.000      ; 0.653      ;
; 0.506 ; uart_controller:uart_ctrl_inst|uart_rx:rx_inst|rx_reg[0]            ; uart_controller:uart_ctrl_inst|uart_rx:rx_inst|data_out[0]          ; uart_controller:uart_ctrl_inst|baud_rate_gen:brg_inst|ov_tick ; uart_controller:uart_ctrl_inst|baud_rate_gen:brg_inst|ov_tick ; 0.000        ; 0.001      ; 0.659      ;
; 0.508 ; uart_controller:uart_ctrl_inst|uart_rx:rx_inst|rx_reg[3]            ; uart_controller:uart_ctrl_inst|uart_rx:rx_inst|data_out[3]          ; uart_controller:uart_ctrl_inst|baud_rate_gen:brg_inst|ov_tick ; uart_controller:uart_ctrl_inst|baud_rate_gen:brg_inst|ov_tick ; 0.000        ; 0.001      ; 0.661      ;
; 0.509 ; uart_controller:uart_ctrl_inst|uart_rx:rx_inst|valid_timeout_cnt[5] ; uart_controller:uart_ctrl_inst|uart_rx:rx_inst|valid_timeout_cnt[6] ; uart_controller:uart_ctrl_inst|baud_rate_gen:brg_inst|ov_tick ; uart_controller:uart_ctrl_inst|baud_rate_gen:brg_inst|ov_tick ; 0.000        ; 0.000      ; 0.661      ;
; 0.510 ; uart_controller:uart_ctrl_inst|uart_rx:rx_inst|rx_reg[5]            ; uart_controller:uart_ctrl_inst|uart_rx:rx_inst|data_out[5]          ; uart_controller:uart_ctrl_inst|baud_rate_gen:brg_inst|ov_tick ; uart_controller:uart_ctrl_inst|baud_rate_gen:brg_inst|ov_tick ; 0.000        ; 0.001      ; 0.663      ;
; 0.511 ; uart_controller:uart_ctrl_inst|uart_rx:rx_inst|valid_timeout_cnt[6] ; uart_controller:uart_ctrl_inst|uart_rx:rx_inst|valid_timeout_cnt[7] ; uart_controller:uart_ctrl_inst|baud_rate_gen:brg_inst|ov_tick ; uart_controller:uart_ctrl_inst|baud_rate_gen:brg_inst|ov_tick ; 0.000        ; 0.000      ; 0.663      ;
; 0.513 ; uart_controller:uart_ctrl_inst|uart_rx:rx_inst|rx_reg[6]            ; uart_controller:uart_ctrl_inst|uart_rx:rx_inst|data_out[6]          ; uart_controller:uart_ctrl_inst|baud_rate_gen:brg_inst|ov_tick ; uart_controller:uart_ctrl_inst|baud_rate_gen:brg_inst|ov_tick ; 0.000        ; 0.001      ; 0.666      ;
; 0.513 ; uart_controller:uart_ctrl_inst|uart_rx:rx_inst|valid_timeout_cnt[0] ; uart_controller:uart_ctrl_inst|uart_rx:rx_inst|valid_timeout_cnt[1] ; uart_controller:uart_ctrl_inst|baud_rate_gen:brg_inst|ov_tick ; uart_controller:uart_ctrl_inst|baud_rate_gen:brg_inst|ov_tick ; 0.000        ; 0.000      ; 0.665      ;
; 0.515 ; uart_controller:uart_ctrl_inst|uart_rx:rx_inst|rx_reg[7]            ; uart_controller:uart_ctrl_inst|uart_rx:rx_inst|data_out[7]          ; uart_controller:uart_ctrl_inst|baud_rate_gen:brg_inst|ov_tick ; uart_controller:uart_ctrl_inst|baud_rate_gen:brg_inst|ov_tick ; 0.000        ; 0.001      ; 0.668      ;
; 0.515 ; uart_controller:uart_ctrl_inst|uart_rx:rx_inst|rx_reg[2]            ; uart_controller:uart_ctrl_inst|uart_rx:rx_inst|data_out[2]          ; uart_controller:uart_ctrl_inst|baud_rate_gen:brg_inst|ov_tick ; uart_controller:uart_ctrl_inst|baud_rate_gen:brg_inst|ov_tick ; 0.000        ; 0.001      ; 0.668      ;
; 0.516 ; uart_controller:uart_ctrl_inst|uart_rx:rx_inst|valid_timeout_cnt[2] ; uart_controller:uart_ctrl_inst|uart_rx:rx_inst|valid_timeout_cnt[3] ; uart_controller:uart_ctrl_inst|baud_rate_gen:brg_inst|ov_tick ; uart_controller:uart_ctrl_inst|baud_rate_gen:brg_inst|ov_tick ; 0.000        ; 0.000      ; 0.668      ;
; 0.516 ; uart_controller:uart_ctrl_inst|uart_rx:rx_inst|valid_timeout_cnt[4] ; uart_controller:uart_ctrl_inst|uart_rx:rx_inst|valid_timeout_cnt[5] ; uart_controller:uart_ctrl_inst|baud_rate_gen:brg_inst|ov_tick ; uart_controller:uart_ctrl_inst|baud_rate_gen:brg_inst|ov_tick ; 0.000        ; 0.000      ; 0.668      ;
; 0.517 ; uart_controller:uart_ctrl_inst|uart_rx:rx_inst|valid_timeout_cnt[2] ; uart_controller:uart_ctrl_inst|uart_rx:rx_inst|rx_valid             ; uart_controller:uart_ctrl_inst|baud_rate_gen:brg_inst|ov_tick ; uart_controller:uart_ctrl_inst|baud_rate_gen:brg_inst|ov_tick ; 0.000        ; 0.000      ; 0.669      ;
; 0.528 ; uart_controller:uart_ctrl_inst|uart_rx:rx_inst|tick_cnt[1]          ; uart_controller:uart_ctrl_inst|uart_rx:rx_inst|bit_cnt[0]           ; uart_controller:uart_ctrl_inst|baud_rate_gen:brg_inst|ov_tick ; uart_controller:uart_ctrl_inst|baud_rate_gen:brg_inst|ov_tick ; 0.000        ; 0.000      ; 0.680      ;
; 0.529 ; uart_controller:uart_ctrl_inst|uart_rx:rx_inst|tick_cnt[1]          ; uart_controller:uart_ctrl_inst|uart_rx:rx_inst|tick_cnt[2]          ; uart_controller:uart_ctrl_inst|baud_rate_gen:brg_inst|ov_tick ; uart_controller:uart_ctrl_inst|baud_rate_gen:brg_inst|ov_tick ; 0.000        ; 0.000      ; 0.681      ;
; 0.534 ; uart_controller:uart_ctrl_inst|uart_rx:rx_inst|valid_timeout_cnt[1] ; uart_controller:uart_ctrl_inst|uart_rx:rx_inst|valid_timeout_cnt[3] ; uart_controller:uart_ctrl_inst|baud_rate_gen:brg_inst|ov_tick ; uart_controller:uart_ctrl_inst|baud_rate_gen:brg_inst|ov_tick ; 0.000        ; 0.000      ; 0.686      ;
; 0.536 ; uart_controller:uart_ctrl_inst|uart_rx:rx_inst|state.IDLE           ; uart_controller:uart_ctrl_inst|uart_rx:rx_inst|tick_cnt[2]          ; uart_controller:uart_ctrl_inst|baud_rate_gen:brg_inst|ov_tick ; uart_controller:uart_ctrl_inst|baud_rate_gen:brg_inst|ov_tick ; 0.000        ; 0.000      ; 0.688      ;
; 0.536 ; uart_controller:uart_ctrl_inst|uart_rx:rx_inst|valid_timeout_cnt[3] ; uart_controller:uart_ctrl_inst|uart_rx:rx_inst|valid_timeout_cnt[5] ; uart_controller:uart_ctrl_inst|baud_rate_gen:brg_inst|ov_tick ; uart_controller:uart_ctrl_inst|baud_rate_gen:brg_inst|ov_tick ; 0.000        ; 0.000      ; 0.688      ;
; 0.544 ; uart_controller:uart_ctrl_inst|uart_rx:rx_inst|valid_timeout_cnt[5] ; uart_controller:uart_ctrl_inst|uart_rx:rx_inst|valid_timeout_cnt[7] ; uart_controller:uart_ctrl_inst|baud_rate_gen:brg_inst|ov_tick ; uart_controller:uart_ctrl_inst|baud_rate_gen:brg_inst|ov_tick ; 0.000        ; 0.000      ; 0.696      ;
; 0.548 ; uart_controller:uart_ctrl_inst|uart_rx:rx_inst|valid_timeout_cnt[0] ; uart_controller:uart_ctrl_inst|uart_rx:rx_inst|valid_timeout_cnt[2] ; uart_controller:uart_ctrl_inst|baud_rate_gen:brg_inst|ov_tick ; uart_controller:uart_ctrl_inst|baud_rate_gen:brg_inst|ov_tick ; 0.000        ; 0.000      ; 0.700      ;
; 0.551 ; uart_controller:uart_ctrl_inst|uart_rx:rx_inst|valid_timeout_cnt[7] ; uart_controller:uart_ctrl_inst|uart_rx:rx_inst|rx_valid             ; uart_controller:uart_ctrl_inst|baud_rate_gen:brg_inst|ov_tick ; uart_controller:uart_ctrl_inst|baud_rate_gen:brg_inst|ov_tick ; 0.000        ; 0.000      ; 0.703      ;
; 0.551 ; uart_controller:uart_ctrl_inst|uart_rx:rx_inst|valid_timeout_cnt[2] ; uart_controller:uart_ctrl_inst|uart_rx:rx_inst|valid_timeout_cnt[4] ; uart_controller:uart_ctrl_inst|baud_rate_gen:brg_inst|ov_tick ; uart_controller:uart_ctrl_inst|baud_rate_gen:brg_inst|ov_tick ; 0.000        ; 0.000      ; 0.703      ;
; 0.551 ; uart_controller:uart_ctrl_inst|uart_rx:rx_inst|valid_timeout_cnt[4] ; uart_controller:uart_ctrl_inst|uart_rx:rx_inst|valid_timeout_cnt[6] ; uart_controller:uart_ctrl_inst|baud_rate_gen:brg_inst|ov_tick ; uart_controller:uart_ctrl_inst|baud_rate_gen:brg_inst|ov_tick ; 0.000        ; 0.000      ; 0.703      ;
; 0.554 ; uart_controller:uart_ctrl_inst|uart_rx:rx_inst|tick_cnt[2]          ; uart_controller:uart_ctrl_inst|uart_rx:rx_inst|samples[0]           ; uart_controller:uart_ctrl_inst|baud_rate_gen:brg_inst|ov_tick ; uart_controller:uart_ctrl_inst|baud_rate_gen:brg_inst|ov_tick ; 0.000        ; -0.001     ; 0.705      ;
; 0.555 ; uart_controller:uart_ctrl_inst|uart_rx:rx_inst|state.STOP           ; uart_controller:uart_ctrl_inst|uart_rx:rx_inst|tick_cnt[2]          ; uart_controller:uart_ctrl_inst|baud_rate_gen:brg_inst|ov_tick ; uart_controller:uart_ctrl_inst|baud_rate_gen:brg_inst|ov_tick ; 0.000        ; 0.000      ; 0.707      ;
; 0.569 ; uart_controller:uart_ctrl_inst|uart_rx:rx_inst|valid_timeout_cnt[1] ; uart_controller:uart_ctrl_inst|uart_rx:rx_inst|valid_timeout_cnt[4] ; uart_controller:uart_ctrl_inst|baud_rate_gen:brg_inst|ov_tick ; uart_controller:uart_ctrl_inst|baud_rate_gen:brg_inst|ov_tick ; 0.000        ; 0.000      ; 0.721      ;
; 0.571 ; uart_controller:uart_ctrl_inst|uart_rx:rx_inst|valid_timeout_cnt[3] ; uart_controller:uart_ctrl_inst|uart_rx:rx_inst|valid_timeout_cnt[6] ; uart_controller:uart_ctrl_inst|baud_rate_gen:brg_inst|ov_tick ; uart_controller:uart_ctrl_inst|baud_rate_gen:brg_inst|ov_tick ; 0.000        ; 0.000      ; 0.723      ;
; 0.573 ; uart_controller:uart_ctrl_inst|uart_rx:rx_inst|tick_cnt[0]          ; uart_controller:uart_ctrl_inst|uart_rx:rx_inst|bit_cnt[0]           ; uart_controller:uart_ctrl_inst|baud_rate_gen:brg_inst|ov_tick ; uart_controller:uart_ctrl_inst|baud_rate_gen:brg_inst|ov_tick ; 0.000        ; 0.000      ; 0.725      ;
; 0.574 ; uart_controller:uart_ctrl_inst|uart_rx:rx_inst|tick_cnt[0]          ; uart_controller:uart_ctrl_inst|uart_rx:rx_inst|tick_cnt[2]          ; uart_controller:uart_ctrl_inst|baud_rate_gen:brg_inst|ov_tick ; uart_controller:uart_ctrl_inst|baud_rate_gen:brg_inst|ov_tick ; 0.000        ; 0.000      ; 0.726      ;
; 0.583 ; uart_controller:uart_ctrl_inst|uart_rx:rx_inst|valid_timeout_cnt[0] ; uart_controller:uart_ctrl_inst|uart_rx:rx_inst|valid_timeout_cnt[3] ; uart_controller:uart_ctrl_inst|baud_rate_gen:brg_inst|ov_tick ; uart_controller:uart_ctrl_inst|baud_rate_gen:brg_inst|ov_tick ; 0.000        ; 0.000      ; 0.735      ;
; 0.586 ; uart_controller:uart_ctrl_inst|uart_rx:rx_inst|valid_timeout_cnt[2] ; uart_controller:uart_ctrl_inst|uart_rx:rx_inst|valid_timeout_cnt[5] ; uart_controller:uart_ctrl_inst|baud_rate_gen:brg_inst|ov_tick ; uart_controller:uart_ctrl_inst|baud_rate_gen:brg_inst|ov_tick ; 0.000        ; 0.000      ; 0.738      ;
; 0.586 ; uart_controller:uart_ctrl_inst|uart_rx:rx_inst|valid_timeout_cnt[4] ; uart_controller:uart_ctrl_inst|uart_rx:rx_inst|valid_timeout_cnt[7] ; uart_controller:uart_ctrl_inst|baud_rate_gen:brg_inst|ov_tick ; uart_controller:uart_ctrl_inst|baud_rate_gen:brg_inst|ov_tick ; 0.000        ; 0.000      ; 0.738      ;
; 0.591 ; uart_controller:uart_ctrl_inst|uart_rx:rx_inst|valid_timeout_cnt[5] ; uart_controller:uart_ctrl_inst|uart_rx:rx_inst|rx_valid             ; uart_controller:uart_ctrl_inst|baud_rate_gen:brg_inst|ov_tick ; uart_controller:uart_ctrl_inst|baud_rate_gen:brg_inst|ov_tick ; 0.000        ; 0.000      ; 0.743      ;
; 0.595 ; uart_controller:uart_ctrl_inst|uart_rx:rx_inst|valid_timeout_cnt[4] ; uart_controller:uart_ctrl_inst|uart_rx:rx_inst|rx_valid             ; uart_controller:uart_ctrl_inst|baud_rate_gen:brg_inst|ov_tick ; uart_controller:uart_ctrl_inst|baud_rate_gen:brg_inst|ov_tick ; 0.000        ; 0.000      ; 0.747      ;
; 0.600 ; uart_controller:uart_ctrl_inst|uart_rx:rx_inst|tick_cnt[0]          ; uart_controller:uart_ctrl_inst|uart_rx:rx_inst|samples[2]           ; uart_controller:uart_ctrl_inst|baud_rate_gen:brg_inst|ov_tick ; uart_controller:uart_ctrl_inst|baud_rate_gen:brg_inst|ov_tick ; 0.000        ; -0.001     ; 0.751      ;
; 0.601 ; uart_controller:uart_ctrl_inst|uart_rx:rx_inst|tick_cnt[0]          ; uart_controller:uart_ctrl_inst|uart_rx:rx_inst|samples[1]           ; uart_controller:uart_ctrl_inst|baud_rate_gen:brg_inst|ov_tick ; uart_controller:uart_ctrl_inst|baud_rate_gen:brg_inst|ov_tick ; 0.000        ; -0.001     ; 0.752      ;
; 0.604 ; uart_controller:uart_ctrl_inst|uart_rx:rx_inst|valid_timeout_cnt[1] ; uart_controller:uart_ctrl_inst|uart_rx:rx_inst|valid_timeout_cnt[5] ; uart_controller:uart_ctrl_inst|baud_rate_gen:brg_inst|ov_tick ; uart_controller:uart_ctrl_inst|baud_rate_gen:brg_inst|ov_tick ; 0.000        ; 0.000      ; 0.756      ;
; 0.605 ; uart_controller:uart_ctrl_inst|uart_rx:rx_inst|valid_timeout_cnt[6] ; uart_controller:uart_ctrl_inst|uart_rx:rx_inst|valid_timeout_cnt[0] ; uart_controller:uart_ctrl_inst|baud_rate_gen:brg_inst|ov_tick ; uart_controller:uart_ctrl_inst|baud_rate_gen:brg_inst|ov_tick ; 0.000        ; 0.000      ; 0.757      ;
; 0.605 ; uart_controller:uart_ctrl_inst|uart_rx:rx_inst|valid_timeout_cnt[6] ; uart_controller:uart_ctrl_inst|uart_rx:rx_inst|valid_timeout_cnt[1] ; uart_controller:uart_ctrl_inst|baud_rate_gen:brg_inst|ov_tick ; uart_controller:uart_ctrl_inst|baud_rate_gen:brg_inst|ov_tick ; 0.000        ; 0.000      ; 0.757      ;
; 0.605 ; uart_controller:uart_ctrl_inst|uart_rx:rx_inst|valid_timeout_cnt[6] ; uart_controller:uart_ctrl_inst|uart_rx:rx_inst|valid_timeout_cnt[2] ; uart_controller:uart_ctrl_inst|baud_rate_gen:brg_inst|ov_tick ; uart_controller:uart_ctrl_inst|baud_rate_gen:brg_inst|ov_tick ; 0.000        ; 0.000      ; 0.757      ;
; 0.605 ; uart_controller:uart_ctrl_inst|uart_rx:rx_inst|valid_timeout_cnt[6] ; uart_controller:uart_ctrl_inst|uart_rx:rx_inst|valid_timeout_cnt[4] ; uart_controller:uart_ctrl_inst|baud_rate_gen:brg_inst|ov_tick ; uart_controller:uart_ctrl_inst|baud_rate_gen:brg_inst|ov_tick ; 0.000        ; 0.000      ; 0.757      ;
; 0.605 ; uart_controller:uart_ctrl_inst|uart_rx:rx_inst|valid_timeout_cnt[6] ; uart_controller:uart_ctrl_inst|uart_rx:rx_inst|valid_timeout_cnt[5] ; uart_controller:uart_ctrl_inst|baud_rate_gen:brg_inst|ov_tick ; uart_controller:uart_ctrl_inst|baud_rate_gen:brg_inst|ov_tick ; 0.000        ; 0.000      ; 0.757      ;
; 0.605 ; uart_controller:uart_ctrl_inst|uart_rx:rx_inst|valid_timeout_cnt[6] ; uart_controller:uart_ctrl_inst|uart_rx:rx_inst|valid_timeout_cnt[3] ; uart_controller:uart_ctrl_inst|baud_rate_gen:brg_inst|ov_tick ; uart_controller:uart_ctrl_inst|baud_rate_gen:brg_inst|ov_tick ; 0.000        ; 0.000      ; 0.757      ;
; 0.606 ; uart_controller:uart_ctrl_inst|uart_rx:rx_inst|valid_timeout_cnt[3] ; uart_controller:uart_ctrl_inst|uart_rx:rx_inst|valid_timeout_cnt[7] ; uart_controller:uart_ctrl_inst|baud_rate_gen:brg_inst|ov_tick ; uart_controller:uart_ctrl_inst|baud_rate_gen:brg_inst|ov_tick ; 0.000        ; 0.000      ; 0.758      ;
; 0.618 ; uart_controller:uart_ctrl_inst|uart_rx:rx_inst|valid_timeout_cnt[0] ; uart_controller:uart_ctrl_inst|uart_rx:rx_inst|valid_timeout_cnt[4] ; uart_controller:uart_ctrl_inst|baud_rate_gen:brg_inst|ov_tick ; uart_controller:uart_ctrl_inst|baud_rate_gen:brg_inst|ov_tick ; 0.000        ; 0.000      ; 0.770      ;
; 0.621 ; uart_controller:uart_ctrl_inst|uart_rx:rx_inst|valid_timeout_cnt[2] ; uart_controller:uart_ctrl_inst|uart_rx:rx_inst|valid_timeout_cnt[6] ; uart_controller:uart_ctrl_inst|baud_rate_gen:brg_inst|ov_tick ; uart_controller:uart_ctrl_inst|baud_rate_gen:brg_inst|ov_tick ; 0.000        ; 0.000      ; 0.773      ;
; 0.629 ; uart_controller:uart_ctrl_inst|uart_rx:rx_inst|bit_cnt[0]           ; uart_controller:uart_ctrl_inst|uart_rx:rx_inst|bit_cnt[2]           ; uart_controller:uart_ctrl_inst|baud_rate_gen:brg_inst|ov_tick ; uart_controller:uart_ctrl_inst|baud_rate_gen:brg_inst|ov_tick ; 0.000        ; 0.000      ; 0.781      ;
; 0.632 ; uart_controller:uart_ctrl_inst|uart_rx:rx_inst|state.DATA           ; uart_controller:uart_ctrl_inst|uart_rx:rx_inst|samples[0]           ; uart_controller:uart_ctrl_inst|baud_rate_gen:brg_inst|ov_tick ; uart_controller:uart_ctrl_inst|baud_rate_gen:brg_inst|ov_tick ; 0.000        ; -0.001     ; 0.783      ;
; 0.634 ; uart_controller:uart_ctrl_inst|uart_rx:rx_inst|tick_cnt[0]          ; uart_controller:uart_ctrl_inst|uart_rx:rx_inst|bit_cnt[1]           ; uart_controller:uart_ctrl_inst|baud_rate_gen:brg_inst|ov_tick ; uart_controller:uart_ctrl_inst|baud_rate_gen:brg_inst|ov_tick ; 0.000        ; 0.000      ; 0.786      ;
; 0.634 ; uart_controller:uart_ctrl_inst|uart_rx:rx_inst|tick_cnt[0]          ; uart_controller:uart_ctrl_inst|uart_rx:rx_inst|bit_cnt[2]           ; uart_controller:uart_ctrl_inst|baud_rate_gen:brg_inst|ov_tick ; uart_controller:uart_ctrl_inst|baud_rate_gen:brg_inst|ov_tick ; 0.000        ; 0.000      ; 0.786      ;
; 0.639 ; uart_controller:uart_ctrl_inst|uart_rx:rx_inst|valid_timeout_cnt[1] ; uart_controller:uart_ctrl_inst|uart_rx:rx_inst|valid_timeout_cnt[6] ; uart_controller:uart_ctrl_inst|baud_rate_gen:brg_inst|ov_tick ; uart_controller:uart_ctrl_inst|baud_rate_gen:brg_inst|ov_tick ; 0.000        ; 0.000      ; 0.791      ;
; 0.646 ; uart_controller:uart_ctrl_inst|uart_rx:rx_inst|tick_cnt[1]          ; uart_controller:uart_ctrl_inst|uart_rx:rx_inst|samples[0]           ; uart_controller:uart_ctrl_inst|baud_rate_gen:brg_inst|ov_tick ; uart_controller:uart_ctrl_inst|baud_rate_gen:brg_inst|ov_tick ; 0.000        ; -0.001     ; 0.797      ;
; 0.653 ; uart_controller:uart_ctrl_inst|uart_rx:rx_inst|tick_cnt[2]          ; uart_controller:uart_ctrl_inst|uart_rx:rx_inst|samples[2]           ; uart_controller:uart_ctrl_inst|baud_rate_gen:brg_inst|ov_tick ; uart_controller:uart_ctrl_inst|baud_rate_gen:brg_inst|ov_tick ; 0.000        ; -0.001     ; 0.804      ;
; 0.653 ; uart_controller:uart_ctrl_inst|uart_rx:rx_inst|valid_timeout_cnt[0] ; uart_controller:uart_ctrl_inst|uart_rx:rx_inst|valid_timeout_cnt[5] ; uart_controller:uart_ctrl_inst|baud_rate_gen:brg_inst|ov_tick ; uart_controller:uart_ctrl_inst|baud_rate_gen:brg_inst|ov_tick ; 0.000        ; 0.000      ; 0.805      ;
; 0.655 ; uart_controller:uart_ctrl_inst|uart_rx:rx_inst|tick_cnt[2]          ; uart_controller:uart_ctrl_inst|uart_rx:rx_inst|samples[1]           ; uart_controller:uart_ctrl_inst|baud_rate_gen:brg_inst|ov_tick ; uart_controller:uart_ctrl_inst|baud_rate_gen:brg_inst|ov_tick ; 0.000        ; -0.001     ; 0.806      ;
; 0.656 ; uart_controller:uart_ctrl_inst|uart_rx:rx_inst|valid_timeout_cnt[2] ; uart_controller:uart_ctrl_inst|uart_rx:rx_inst|valid_timeout_cnt[7] ; uart_controller:uart_ctrl_inst|baud_rate_gen:brg_inst|ov_tick ; uart_controller:uart_ctrl_inst|baud_rate_gen:brg_inst|ov_tick ; 0.000        ; 0.000      ; 0.808      ;
; 0.674 ; uart_controller:uart_ctrl_inst|uart_rx:rx_inst|valid_timeout_cnt[1] ; uart_controller:uart_ctrl_inst|uart_rx:rx_inst|valid_timeout_cnt[7] ; uart_controller:uart_ctrl_inst|baud_rate_gen:brg_inst|ov_tick ; uart_controller:uart_ctrl_inst|baud_rate_gen:brg_inst|ov_tick ; 0.000        ; 0.000      ; 0.826      ;
; 0.682 ; uart_controller:uart_ctrl_inst|uart_rx:rx_inst|state.STOP           ; uart_controller:uart_ctrl_inst|uart_rx:rx_inst|rx_valid             ; uart_controller:uart_ctrl_inst|baud_rate_gen:brg_inst|ov_tick ; uart_controller:uart_ctrl_inst|baud_rate_gen:brg_inst|ov_tick ; 0.000        ; 0.000      ; 0.834      ;
; 0.688 ; uart_controller:uart_ctrl_inst|uart_rx:rx_inst|valid_timeout_cnt[0] ; uart_controller:uart_ctrl_inst|uart_rx:rx_inst|valid_timeout_cnt[6] ; uart_controller:uart_ctrl_inst|baud_rate_gen:brg_inst|ov_tick ; uart_controller:uart_ctrl_inst|baud_rate_gen:brg_inst|ov_tick ; 0.000        ; 0.000      ; 0.840      ;
; 0.690 ; uart_controller:uart_ctrl_inst|uart_rx:rx_inst|tick_cnt[1]          ; uart_controller:uart_ctrl_inst|uart_rx:rx_inst|rx_valid             ; uart_controller:uart_ctrl_inst|baud_rate_gen:brg_inst|ov_tick ; uart_controller:uart_ctrl_inst|baud_rate_gen:brg_inst|ov_tick ; 0.000        ; 0.000      ; 0.842      ;
; 0.704 ; uart_controller:uart_ctrl_inst|uart_rx:rx_inst|bit_cnt[1]           ; uart_controller:uart_ctrl_inst|uart_rx:rx_inst|bit_cnt[2]           ; uart_controller:uart_ctrl_inst|baud_rate_gen:brg_inst|ov_tick ; uart_controller:uart_ctrl_inst|baud_rate_gen:brg_inst|ov_tick ; 0.000        ; 0.000      ; 0.856      ;
; 0.723 ; uart_controller:uart_ctrl_inst|uart_rx:rx_inst|valid_timeout_cnt[7] ; uart_controller:uart_ctrl_inst|uart_rx:rx_inst|valid_timeout_cnt[0] ; uart_controller:uart_ctrl_inst|baud_rate_gen:brg_inst|ov_tick ; uart_controller:uart_ctrl_inst|baud_rate_gen:brg_inst|ov_tick ; 0.000        ; 0.000      ; 0.875      ;
; 0.723 ; uart_controller:uart_ctrl_inst|uart_rx:rx_inst|valid_timeout_cnt[7] ; uart_controller:uart_ctrl_inst|uart_rx:rx_inst|valid_timeout_cnt[1] ; uart_controller:uart_ctrl_inst|baud_rate_gen:brg_inst|ov_tick ; uart_controller:uart_ctrl_inst|baud_rate_gen:brg_inst|ov_tick ; 0.000        ; 0.000      ; 0.875      ;
+-------+---------------------------------------------------------------------+---------------------------------------------------------------------+---------------------------------------------------------------+---------------------------------------------------------------+--------------+------------+------------+


+--------------------------------------------------------------------------------------------------------------------------------------------------------------------------------------------------------------------------------------------------------------------------------------------------------------------+
; Fast Model Hold: 'uart_controller:uart_ctrl_inst|baud_rate_gen:brg_inst|uart_tick'                                                                                                                                                                                                                                 ;
+-------+---------------------------------------------------------------+---------------------------------------------------------------+-----------------------------------------------------------------+-----------------------------------------------------------------+--------------+------------+------------+
; Slack ; From Node                                                     ; To Node                                                       ; Launch Clock                                                    ; Latch Clock                                                     ; Relationship ; Clock Skew ; Data Delay ;
+-------+---------------------------------------------------------------+---------------------------------------------------------------+-----------------------------------------------------------------+-----------------------------------------------------------------+--------------+------------+------------+
; 0.215 ; uart_controller:uart_ctrl_inst|uart_tx:tx_inst|state.DATA     ; uart_controller:uart_ctrl_inst|uart_tx:tx_inst|state.DATA     ; uart_controller:uart_ctrl_inst|baud_rate_gen:brg_inst|uart_tick ; uart_controller:uart_ctrl_inst|baud_rate_gen:brg_inst|uart_tick ; 0.000        ; 0.000      ; 0.367      ;
; 0.215 ; uart_controller:uart_ctrl_inst|uart_tx:tx_inst|bit_cnt[0]     ; uart_controller:uart_ctrl_inst|uart_tx:tx_inst|bit_cnt[0]     ; uart_controller:uart_ctrl_inst|baud_rate_gen:brg_inst|uart_tick ; uart_controller:uart_ctrl_inst|baud_rate_gen:brg_inst|uart_tick ; 0.000        ; 0.000      ; 0.367      ;
; 0.215 ; uart_controller:uart_ctrl_inst|uart_tx:tx_inst|bit_cnt[1]     ; uart_controller:uart_ctrl_inst|uart_tx:tx_inst|bit_cnt[1]     ; uart_controller:uart_ctrl_inst|baud_rate_gen:brg_inst|uart_tick ; uart_controller:uart_ctrl_inst|baud_rate_gen:brg_inst|uart_tick ; 0.000        ; 0.000      ; 0.367      ;
; 0.215 ; uart_controller:uart_ctrl_inst|uart_tx:tx_inst|bit_cnt[2]     ; uart_controller:uart_ctrl_inst|uart_tx:tx_inst|bit_cnt[2]     ; uart_controller:uart_ctrl_inst|baud_rate_gen:brg_inst|uart_tick ; uart_controller:uart_ctrl_inst|baud_rate_gen:brg_inst|uart_tick ; 0.000        ; 0.000      ; 0.367      ;
; 0.215 ; uart_controller:uart_ctrl_inst|uart_tx:tx_inst|state.IDLE     ; uart_controller:uart_ctrl_inst|uart_tx:tx_inst|state.IDLE     ; uart_controller:uart_ctrl_inst|baud_rate_gen:brg_inst|uart_tick ; uart_controller:uart_ctrl_inst|baud_rate_gen:brg_inst|uart_tick ; 0.000        ; 0.000      ; 0.367      ;
; 0.215 ; uart_controller:uart_ctrl_inst|uart_tx:tx_inst|tx_reg[4]      ; uart_controller:uart_ctrl_inst|uart_tx:tx_inst|tx_reg[4]      ; uart_controller:uart_ctrl_inst|baud_rate_gen:brg_inst|uart_tick ; uart_controller:uart_ctrl_inst|baud_rate_gen:brg_inst|uart_tick ; 0.000        ; 0.000      ; 0.367      ;
; 0.215 ; uart_controller:uart_ctrl_inst|uart_tx:tx_inst|tx_reg[3]      ; uart_controller:uart_ctrl_inst|uart_tx:tx_inst|tx_reg[3]      ; uart_controller:uart_ctrl_inst|baud_rate_gen:brg_inst|uart_tick ; uart_controller:uart_ctrl_inst|baud_rate_gen:brg_inst|uart_tick ; 0.000        ; 0.000      ; 0.367      ;
; 0.215 ; uart_controller:uart_ctrl_inst|uart_tx:tx_inst|tx_reg[2]      ; uart_controller:uart_ctrl_inst|uart_tx:tx_inst|tx_reg[2]      ; uart_controller:uart_ctrl_inst|baud_rate_gen:brg_inst|uart_tick ; uart_controller:uart_ctrl_inst|baud_rate_gen:brg_inst|uart_tick ; 0.000        ; 0.000      ; 0.367      ;
; 0.238 ; uart_controller:uart_ctrl_inst|uart_tx:tx_inst|tx_reg[3]      ; uart_controller:uart_ctrl_inst|uart_tx:tx_inst|tx_reg[2]      ; uart_controller:uart_ctrl_inst|baud_rate_gen:brg_inst|uart_tick ; uart_controller:uart_ctrl_inst|baud_rate_gen:brg_inst|uart_tick ; 0.000        ; 0.000      ; 0.390      ;
; 0.245 ; uart_controller:uart_ctrl_inst|uart_tx:tx_inst|timeout_cnt[7] ; uart_controller:uart_ctrl_inst|uart_tx:tx_inst|timeout_cnt[7] ; uart_controller:uart_ctrl_inst|baud_rate_gen:brg_inst|uart_tick ; uart_controller:uart_ctrl_inst|baud_rate_gen:brg_inst|uart_tick ; 0.000        ; 0.000      ; 0.397      ;
; 0.256 ; uart_controller:uart_ctrl_inst|uart_tx:tx_inst|state.STOP     ; uart_controller:uart_ctrl_inst|uart_tx:tx_inst|bit_cnt[0]     ; uart_controller:uart_ctrl_inst|baud_rate_gen:brg_inst|uart_tick ; uart_controller:uart_ctrl_inst|baud_rate_gen:brg_inst|uart_tick ; 0.000        ; 0.000      ; 0.408      ;
; 0.354 ; uart_controller:uart_ctrl_inst|uart_tx:tx_inst|timeout_cnt[0] ; uart_controller:uart_ctrl_inst|uart_tx:tx_inst|timeout_cnt[0] ; uart_controller:uart_ctrl_inst|baud_rate_gen:brg_inst|uart_tick ; uart_controller:uart_ctrl_inst|baud_rate_gen:brg_inst|uart_tick ; 0.000        ; 0.000      ; 0.506      ;
; 0.359 ; uart_controller:uart_ctrl_inst|uart_tx:tx_inst|timeout_cnt[2] ; uart_controller:uart_ctrl_inst|uart_tx:tx_inst|timeout_cnt[2] ; uart_controller:uart_ctrl_inst|baud_rate_gen:brg_inst|uart_tick ; uart_controller:uart_ctrl_inst|baud_rate_gen:brg_inst|uart_tick ; 0.000        ; 0.000      ; 0.511      ;
; 0.364 ; uart_controller:uart_ctrl_inst|uart_tx:tx_inst|timeout_cnt[6] ; uart_controller:uart_ctrl_inst|uart_tx:tx_inst|timeout_cnt[6] ; uart_controller:uart_ctrl_inst|baud_rate_gen:brg_inst|uart_tick ; uart_controller:uart_ctrl_inst|baud_rate_gen:brg_inst|uart_tick ; 0.000        ; 0.000      ; 0.516      ;
; 0.364 ; uart_controller:uart_ctrl_inst|uart_tx:tx_inst|tx_reg[1]      ; uart_controller:uart_ctrl_inst|uart_tx:tx_inst|tx_reg[0]      ; uart_controller:uart_ctrl_inst|baud_rate_gen:brg_inst|uart_tick ; uart_controller:uart_ctrl_inst|baud_rate_gen:brg_inst|uart_tick ; 0.000        ; 0.000      ; 0.516      ;
; 0.365 ; uart_controller:uart_ctrl_inst|uart_tx:tx_inst|tx_reg[4]      ; uart_controller:uart_ctrl_inst|uart_tx:tx_inst|tx_reg[3]      ; uart_controller:uart_ctrl_inst|baud_rate_gen:brg_inst|uart_tick ; uart_controller:uart_ctrl_inst|baud_rate_gen:brg_inst|uart_tick ; 0.000        ; 0.000      ; 0.517      ;
; 0.367 ; uart_controller:uart_ctrl_inst|uart_tx:tx_inst|tx_reg[2]      ; uart_controller:uart_ctrl_inst|uart_tx:tx_inst|tx_reg[1]      ; uart_controller:uart_ctrl_inst|baud_rate_gen:brg_inst|uart_tick ; uart_controller:uart_ctrl_inst|baud_rate_gen:brg_inst|uart_tick ; 0.000        ; 0.001      ; 0.520      ;
; 0.370 ; uart_controller:uart_ctrl_inst|uart_tx:tx_inst|bit_cnt[0]     ; uart_controller:uart_ctrl_inst|uart_tx:tx_inst|bit_cnt[1]     ; uart_controller:uart_ctrl_inst|baud_rate_gen:brg_inst|uart_tick ; uart_controller:uart_ctrl_inst|baud_rate_gen:brg_inst|uart_tick ; 0.000        ; 0.000      ; 0.522      ;
; 0.371 ; uart_controller:uart_ctrl_inst|uart_tx:tx_inst|timeout_cnt[1] ; uart_controller:uart_ctrl_inst|uart_tx:tx_inst|timeout_cnt[1] ; uart_controller:uart_ctrl_inst|baud_rate_gen:brg_inst|uart_tick ; uart_controller:uart_ctrl_inst|baud_rate_gen:brg_inst|uart_tick ; 0.000        ; 0.000      ; 0.523      ;
; 0.373 ; uart_controller:uart_ctrl_inst|uart_tx:tx_inst|timeout_cnt[3] ; uart_controller:uart_ctrl_inst|uart_tx:tx_inst|timeout_cnt[3] ; uart_controller:uart_ctrl_inst|baud_rate_gen:brg_inst|uart_tick ; uart_controller:uart_ctrl_inst|baud_rate_gen:brg_inst|uart_tick ; 0.000        ; 0.000      ; 0.525      ;
; 0.373 ; uart_controller:uart_ctrl_inst|uart_tx:tx_inst|state.STOP     ; uart_controller:uart_ctrl_inst|uart_tx:tx_inst|tx             ; uart_controller:uart_ctrl_inst|baud_rate_gen:brg_inst|uart_tick ; uart_controller:uart_ctrl_inst|baud_rate_gen:brg_inst|uart_tick ; 0.000        ; 0.000      ; 0.525      ;
; 0.408 ; uart_controller:uart_ctrl_inst|uart_tx:tx_inst|bit_cnt[1]     ; uart_controller:uart_ctrl_inst|uart_tx:tx_inst|bit_cnt[2]     ; uart_controller:uart_ctrl_inst|baud_rate_gen:brg_inst|uart_tick ; uart_controller:uart_ctrl_inst|baud_rate_gen:brg_inst|uart_tick ; 0.000        ; 0.000      ; 0.560      ;
; 0.437 ; uart_controller:uart_ctrl_inst|uart_tx:tx_inst|timeout_cnt[5] ; uart_controller:uart_ctrl_inst|uart_tx:tx_inst|timeout_cnt[5] ; uart_controller:uart_ctrl_inst|baud_rate_gen:brg_inst|uart_tick ; uart_controller:uart_ctrl_inst|baud_rate_gen:brg_inst|uart_tick ; 0.000        ; 0.000      ; 0.589      ;
; 0.449 ; uart_controller:uart_ctrl_inst|uart_tx:tx_inst|tx_reg[0]      ; uart_controller:uart_ctrl_inst|uart_tx:tx_inst|tx             ; uart_controller:uart_ctrl_inst|baud_rate_gen:brg_inst|uart_tick ; uart_controller:uart_ctrl_inst|baud_rate_gen:brg_inst|uart_tick ; 0.000        ; -0.001     ; 0.600      ;
; 0.450 ; uart_controller:uart_ctrl_inst|uart_tx:tx_inst|timeout_cnt[4] ; uart_controller:uart_ctrl_inst|uart_tx:tx_inst|timeout_cnt[4] ; uart_controller:uart_ctrl_inst|baud_rate_gen:brg_inst|uart_tick ; uart_controller:uart_ctrl_inst|baud_rate_gen:brg_inst|uart_tick ; 0.000        ; 0.000      ; 0.602      ;
; 0.468 ; uart_controller:uart_ctrl_inst|uart_tx:tx_inst|state.STOP     ; uart_controller:uart_ctrl_inst|uart_tx:tx_inst|bit_cnt[2]     ; uart_controller:uart_ctrl_inst|baud_rate_gen:brg_inst|uart_tick ; uart_controller:uart_ctrl_inst|baud_rate_gen:brg_inst|uart_tick ; 0.000        ; 0.000      ; 0.620      ;
; 0.489 ; uart_controller:uart_ctrl_inst|uart_tx:tx_inst|bit_cnt[0]     ; uart_controller:uart_ctrl_inst|uart_tx:tx_inst|state.STOP     ; uart_controller:uart_ctrl_inst|baud_rate_gen:brg_inst|uart_tick ; uart_controller:uart_ctrl_inst|baud_rate_gen:brg_inst|uart_tick ; 0.000        ; 0.000      ; 0.641      ;
; 0.497 ; uart_controller:uart_ctrl_inst|uart_tx:tx_inst|timeout_cnt[2] ; uart_controller:uart_ctrl_inst|uart_tx:tx_inst|timeout_cnt[3] ; uart_controller:uart_ctrl_inst|baud_rate_gen:brg_inst|uart_tick ; uart_controller:uart_ctrl_inst|baud_rate_gen:brg_inst|uart_tick ; 0.000        ; 0.000      ; 0.649      ;
; 0.502 ; uart_controller:uart_ctrl_inst|uart_tx:tx_inst|timeout_cnt[6] ; uart_controller:uart_ctrl_inst|uart_tx:tx_inst|timeout_cnt[7] ; uart_controller:uart_ctrl_inst|baud_rate_gen:brg_inst|uart_tick ; uart_controller:uart_ctrl_inst|baud_rate_gen:brg_inst|uart_tick ; 0.000        ; 0.000      ; 0.654      ;
; 0.504 ; uart_rx_packet_new:packet_inst|tx_data[1]                     ; uart_controller:uart_ctrl_inst|uart_tx:tx_inst|tx_reg[1]      ; CLOCK_50                                                        ; uart_controller:uart_ctrl_inst|baud_rate_gen:brg_inst|uart_tick ; 0.000        ; -0.266     ; 0.390      ;
; 0.511 ; uart_rx_packet_new:packet_inst|LEDR[15]                       ; uart_controller:uart_ctrl_inst|uart_tx:tx_inst|state.START    ; CLOCK_50                                                        ; uart_controller:uart_ctrl_inst|baud_rate_gen:brg_inst|uart_tick ; 0.000        ; -0.266     ; 0.397      ;
; 0.511 ; uart_controller:uart_ctrl_inst|uart_tx:tx_inst|timeout_cnt[1] ; uart_controller:uart_ctrl_inst|uart_tx:tx_inst|timeout_cnt[2] ; uart_controller:uart_ctrl_inst|baud_rate_gen:brg_inst|uart_tick ; uart_controller:uart_ctrl_inst|baud_rate_gen:brg_inst|uart_tick ; 0.000        ; 0.000      ; 0.663      ;
; 0.513 ; uart_controller:uart_ctrl_inst|uart_tx:tx_inst|timeout_cnt[3] ; uart_controller:uart_ctrl_inst|uart_tx:tx_inst|timeout_cnt[4] ; uart_controller:uart_ctrl_inst|baud_rate_gen:brg_inst|uart_tick ; uart_controller:uart_ctrl_inst|baud_rate_gen:brg_inst|uart_tick ; 0.000        ; 0.000      ; 0.665      ;
; 0.531 ; uart_controller:uart_ctrl_inst|uart_tx:tx_inst|bit_cnt[0]     ; uart_controller:uart_ctrl_inst|uart_tx:tx_inst|bit_cnt[2]     ; uart_controller:uart_ctrl_inst|baud_rate_gen:brg_inst|uart_tick ; uart_controller:uart_ctrl_inst|baud_rate_gen:brg_inst|uart_tick ; 0.000        ; 0.000      ; 0.683      ;
; 0.532 ; uart_controller:uart_ctrl_inst|uart_tx:tx_inst|timeout_cnt[2] ; uart_controller:uart_ctrl_inst|uart_tx:tx_inst|timeout_cnt[4] ; uart_controller:uart_ctrl_inst|baud_rate_gen:brg_inst|uart_tick ; uart_controller:uart_ctrl_inst|baud_rate_gen:brg_inst|uart_tick ; 0.000        ; 0.000      ; 0.684      ;
; 0.538 ; uart_controller:uart_ctrl_inst|uart_tx:tx_inst|bit_cnt[1]     ; uart_controller:uart_ctrl_inst|uart_tx:tx_inst|state.STOP     ; uart_controller:uart_ctrl_inst|baud_rate_gen:brg_inst|uart_tick ; uart_controller:uart_ctrl_inst|baud_rate_gen:brg_inst|uart_tick ; 0.000        ; 0.000      ; 0.690      ;
; 0.546 ; uart_controller:uart_ctrl_inst|uart_tx:tx_inst|timeout_cnt[1] ; uart_controller:uart_ctrl_inst|uart_tx:tx_inst|timeout_cnt[3] ; uart_controller:uart_ctrl_inst|baud_rate_gen:brg_inst|uart_tick ; uart_controller:uart_ctrl_inst|baud_rate_gen:brg_inst|uart_tick ; 0.000        ; 0.000      ; 0.698      ;
; 0.547 ; uart_controller:uart_ctrl_inst|uart_tx:tx_inst|timeout_cnt[0] ; uart_controller:uart_ctrl_inst|uart_tx:tx_inst|timeout_cnt[1] ; uart_controller:uart_ctrl_inst|baud_rate_gen:brg_inst|uart_tick ; uart_controller:uart_ctrl_inst|baud_rate_gen:brg_inst|uart_tick ; 0.000        ; 0.000      ; 0.699      ;
; 0.547 ; uart_controller:uart_ctrl_inst|uart_tx:tx_inst|bit_cnt[2]     ; uart_controller:uart_ctrl_inst|uart_tx:tx_inst|state.STOP     ; uart_controller:uart_ctrl_inst|baud_rate_gen:brg_inst|uart_tick ; uart_controller:uart_ctrl_inst|baud_rate_gen:brg_inst|uart_tick ; 0.000        ; 0.000      ; 0.699      ;
; 0.548 ; uart_controller:uart_ctrl_inst|uart_tx:tx_inst|timeout_cnt[3] ; uart_controller:uart_ctrl_inst|uart_tx:tx_inst|timeout_cnt[5] ; uart_controller:uart_ctrl_inst|baud_rate_gen:brg_inst|uart_tick ; uart_controller:uart_ctrl_inst|baud_rate_gen:brg_inst|uart_tick ; 0.000        ; 0.000      ; 0.700      ;
; 0.556 ; uart_rx_packet_new:packet_inst|tx_data[0]                     ; uart_controller:uart_ctrl_inst|uart_tx:tx_inst|tx_reg[0]      ; CLOCK_50                                                        ; uart_controller:uart_ctrl_inst|baud_rate_gen:brg_inst|uart_tick ; 0.000        ; -0.266     ; 0.442      ;
; 0.557 ; uart_controller:uart_ctrl_inst|uart_tx:tx_inst|state.DATA     ; uart_controller:uart_ctrl_inst|uart_tx:tx_inst|tx_reg[0]      ; uart_controller:uart_ctrl_inst|baud_rate_gen:brg_inst|uart_tick ; uart_controller:uart_ctrl_inst|baud_rate_gen:brg_inst|uart_tick ; 0.000        ; 0.002      ; 0.711      ;
; 0.566 ; uart_controller:uart_ctrl_inst|uart_tx:tx_inst|state.IDLE     ; uart_controller:uart_ctrl_inst|uart_tx:tx_inst|tx             ; uart_controller:uart_ctrl_inst|baud_rate_gen:brg_inst|uart_tick ; uart_controller:uart_ctrl_inst|baud_rate_gen:brg_inst|uart_tick ; 0.000        ; 0.001      ; 0.719      ;
; 0.567 ; uart_controller:uart_ctrl_inst|uart_tx:tx_inst|timeout_cnt[2] ; uart_controller:uart_ctrl_inst|uart_tx:tx_inst|timeout_cnt[5] ; uart_controller:uart_ctrl_inst|baud_rate_gen:brg_inst|uart_tick ; uart_controller:uart_ctrl_inst|baud_rate_gen:brg_inst|uart_tick ; 0.000        ; 0.000      ; 0.719      ;
; 0.575 ; uart_controller:uart_ctrl_inst|uart_tx:tx_inst|timeout_cnt[5] ; uart_controller:uart_ctrl_inst|uart_tx:tx_inst|timeout_cnt[6] ; uart_controller:uart_ctrl_inst|baud_rate_gen:brg_inst|uart_tick ; uart_controller:uart_ctrl_inst|baud_rate_gen:brg_inst|uart_tick ; 0.000        ; 0.000      ; 0.727      ;
; 0.581 ; uart_controller:uart_ctrl_inst|uart_tx:tx_inst|timeout_cnt[1] ; uart_controller:uart_ctrl_inst|uart_tx:tx_inst|timeout_cnt[4] ; uart_controller:uart_ctrl_inst|baud_rate_gen:brg_inst|uart_tick ; uart_controller:uart_ctrl_inst|baud_rate_gen:brg_inst|uart_tick ; 0.000        ; 0.000      ; 0.733      ;
; 0.582 ; uart_controller:uart_ctrl_inst|uart_tx:tx_inst|timeout_cnt[0] ; uart_controller:uart_ctrl_inst|uart_tx:tx_inst|timeout_cnt[2] ; uart_controller:uart_ctrl_inst|baud_rate_gen:brg_inst|uart_tick ; uart_controller:uart_ctrl_inst|baud_rate_gen:brg_inst|uart_tick ; 0.000        ; 0.000      ; 0.734      ;
; 0.583 ; uart_controller:uart_ctrl_inst|uart_tx:tx_inst|timeout_cnt[3] ; uart_controller:uart_ctrl_inst|uart_tx:tx_inst|timeout_cnt[6] ; uart_controller:uart_ctrl_inst|baud_rate_gen:brg_inst|uart_tick ; uart_controller:uart_ctrl_inst|baud_rate_gen:brg_inst|uart_tick ; 0.000        ; 0.000      ; 0.735      ;
; 0.586 ; uart_controller:uart_ctrl_inst|uart_tx:tx_inst|state.DATA     ; uart_controller:uart_ctrl_inst|uart_tx:tx_inst|state.STOP     ; uart_controller:uart_ctrl_inst|baud_rate_gen:brg_inst|uart_tick ; uart_controller:uart_ctrl_inst|baud_rate_gen:brg_inst|uart_tick ; 0.000        ; 0.001      ; 0.739      ;
; 0.590 ; uart_controller:uart_ctrl_inst|uart_tx:tx_inst|timeout_cnt[4] ; uart_controller:uart_ctrl_inst|uart_tx:tx_inst|timeout_cnt[5] ; uart_controller:uart_ctrl_inst|baud_rate_gen:brg_inst|uart_tick ; uart_controller:uart_ctrl_inst|baud_rate_gen:brg_inst|uart_tick ; 0.000        ; 0.000      ; 0.742      ;
; 0.602 ; uart_rx_packet_new:packet_inst|tx_data[0]                     ; uart_controller:uart_ctrl_inst|uart_tx:tx_inst|tx_reg[4]      ; CLOCK_50                                                        ; uart_controller:uart_ctrl_inst|baud_rate_gen:brg_inst|uart_tick ; 0.000        ; -0.267     ; 0.487      ;
; 0.602 ; uart_controller:uart_ctrl_inst|uart_tx:tx_inst|timeout_cnt[2] ; uart_controller:uart_ctrl_inst|uart_tx:tx_inst|timeout_cnt[6] ; uart_controller:uart_ctrl_inst|baud_rate_gen:brg_inst|uart_tick ; uart_controller:uart_ctrl_inst|baud_rate_gen:brg_inst|uart_tick ; 0.000        ; 0.000      ; 0.754      ;
; 0.610 ; uart_controller:uart_ctrl_inst|uart_tx:tx_inst|timeout_cnt[5] ; uart_controller:uart_ctrl_inst|uart_tx:tx_inst|timeout_cnt[7] ; uart_controller:uart_ctrl_inst|baud_rate_gen:brg_inst|uart_tick ; uart_controller:uart_ctrl_inst|baud_rate_gen:brg_inst|uart_tick ; 0.000        ; 0.000      ; 0.762      ;
; 0.616 ; uart_controller:uart_ctrl_inst|uart_tx:tx_inst|timeout_cnt[1] ; uart_controller:uart_ctrl_inst|uart_tx:tx_inst|timeout_cnt[5] ; uart_controller:uart_ctrl_inst|baud_rate_gen:brg_inst|uart_tick ; uart_controller:uart_ctrl_inst|baud_rate_gen:brg_inst|uart_tick ; 0.000        ; 0.000      ; 0.768      ;
; 0.617 ; uart_controller:uart_ctrl_inst|uart_tx:tx_inst|timeout_cnt[0] ; uart_controller:uart_ctrl_inst|uart_tx:tx_inst|timeout_cnt[3] ; uart_controller:uart_ctrl_inst|baud_rate_gen:brg_inst|uart_tick ; uart_controller:uart_ctrl_inst|baud_rate_gen:brg_inst|uart_tick ; 0.000        ; 0.000      ; 0.769      ;
; 0.618 ; uart_controller:uart_ctrl_inst|uart_tx:tx_inst|timeout_cnt[3] ; uart_controller:uart_ctrl_inst|uart_tx:tx_inst|timeout_cnt[7] ; uart_controller:uart_ctrl_inst|baud_rate_gen:brg_inst|uart_tick ; uart_controller:uart_ctrl_inst|baud_rate_gen:brg_inst|uart_tick ; 0.000        ; 0.000      ; 0.770      ;
; 0.624 ; uart_controller:uart_ctrl_inst|uart_tx:tx_inst|state.DATA     ; uart_controller:uart_ctrl_inst|uart_tx:tx_inst|state.IDLE     ; uart_controller:uart_ctrl_inst|baud_rate_gen:brg_inst|uart_tick ; uart_controller:uart_ctrl_inst|baud_rate_gen:brg_inst|uart_tick ; 0.000        ; 0.000      ; 0.776      ;
; 0.624 ; uart_controller:uart_ctrl_inst|uart_tx:tx_inst|state.DATA     ; uart_controller:uart_ctrl_inst|uart_tx:tx_inst|tx             ; uart_controller:uart_ctrl_inst|baud_rate_gen:brg_inst|uart_tick ; uart_controller:uart_ctrl_inst|baud_rate_gen:brg_inst|uart_tick ; 0.000        ; 0.001      ; 0.777      ;
; 0.625 ; uart_controller:uart_ctrl_inst|uart_tx:tx_inst|timeout_cnt[4] ; uart_controller:uart_ctrl_inst|uart_tx:tx_inst|timeout_cnt[6] ; uart_controller:uart_ctrl_inst|baud_rate_gen:brg_inst|uart_tick ; uart_controller:uart_ctrl_inst|baud_rate_gen:brg_inst|uart_tick ; 0.000        ; 0.000      ; 0.777      ;
; 0.637 ; uart_controller:uart_ctrl_inst|uart_tx:tx_inst|timeout_cnt[2] ; uart_controller:uart_ctrl_inst|uart_tx:tx_inst|timeout_cnt[7] ; uart_controller:uart_ctrl_inst|baud_rate_gen:brg_inst|uart_tick ; uart_controller:uart_ctrl_inst|baud_rate_gen:brg_inst|uart_tick ; 0.000        ; 0.000      ; 0.789      ;
; 0.642 ; uart_controller:uart_ctrl_inst|uart_tx:tx_inst|state.STOP     ; uart_controller:uart_ctrl_inst|uart_tx:tx_inst|tx_reg[3]      ; uart_controller:uart_ctrl_inst|baud_rate_gen:brg_inst|uart_tick ; uart_controller:uart_ctrl_inst|baud_rate_gen:brg_inst|uart_tick ; 0.000        ; 0.000      ; 0.794      ;
; 0.651 ; uart_controller:uart_ctrl_inst|uart_tx:tx_inst|timeout_cnt[1] ; uart_controller:uart_ctrl_inst|uart_tx:tx_inst|timeout_cnt[6] ; uart_controller:uart_ctrl_inst|baud_rate_gen:brg_inst|uart_tick ; uart_controller:uart_ctrl_inst|baud_rate_gen:brg_inst|uart_tick ; 0.000        ; 0.000      ; 0.803      ;
; 0.652 ; uart_controller:uart_ctrl_inst|uart_tx:tx_inst|timeout_cnt[0] ; uart_controller:uart_ctrl_inst|uart_tx:tx_inst|timeout_cnt[4] ; uart_controller:uart_ctrl_inst|baud_rate_gen:brg_inst|uart_tick ; uart_controller:uart_ctrl_inst|baud_rate_gen:brg_inst|uart_tick ; 0.000        ; 0.000      ; 0.804      ;
; 0.660 ; uart_controller:uart_ctrl_inst|uart_tx:tx_inst|timeout_cnt[4] ; uart_controller:uart_ctrl_inst|uart_tx:tx_inst|timeout_cnt[7] ; uart_controller:uart_ctrl_inst|baud_rate_gen:brg_inst|uart_tick ; uart_controller:uart_ctrl_inst|baud_rate_gen:brg_inst|uart_tick ; 0.000        ; 0.000      ; 0.812      ;
; 0.672 ; uart_controller:uart_ctrl_inst|uart_tx:tx_inst|state.STOP     ; uart_controller:uart_ctrl_inst|uart_tx:tx_inst|state.IDLE     ; uart_controller:uart_ctrl_inst|baud_rate_gen:brg_inst|uart_tick ; uart_controller:uart_ctrl_inst|baud_rate_gen:brg_inst|uart_tick ; 0.000        ; -0.001     ; 0.823      ;
; 0.672 ; uart_controller:uart_ctrl_inst|uart_tx:tx_inst|state.STOP     ; uart_controller:uart_ctrl_inst|uart_tx:tx_inst|tx_reg[4]      ; uart_controller:uart_ctrl_inst|baud_rate_gen:brg_inst|uart_tick ; uart_controller:uart_ctrl_inst|baud_rate_gen:brg_inst|uart_tick ; 0.000        ; 0.000      ; 0.824      ;
; 0.672 ; uart_controller:uart_ctrl_inst|uart_tx:tx_inst|state.DATA     ; uart_controller:uart_ctrl_inst|uart_tx:tx_inst|tx_reg[1]      ; uart_controller:uart_ctrl_inst|baud_rate_gen:brg_inst|uart_tick ; uart_controller:uart_ctrl_inst|baud_rate_gen:brg_inst|uart_tick ; 0.000        ; 0.002      ; 0.826      ;
; 0.679 ; uart_rx_packet_new:packet_inst|LEDR[15]                       ; uart_controller:uart_ctrl_inst|uart_tx:tx_inst|state.DATA     ; CLOCK_50                                                        ; uart_controller:uart_ctrl_inst|baud_rate_gen:brg_inst|uart_tick ; 0.000        ; -0.266     ; 0.565      ;
; 0.682 ; uart_rx_packet_new:packet_inst|LEDR[15]                       ; uart_controller:uart_ctrl_inst|uart_tx:tx_inst|state.IDLE     ; CLOCK_50                                                        ; uart_controller:uart_ctrl_inst|baud_rate_gen:brg_inst|uart_tick ; 0.000        ; -0.266     ; 0.568      ;
; 0.682 ; uart_controller:uart_ctrl_inst|uart_tx:tx_inst|state.START    ; uart_controller:uart_ctrl_inst|uart_tx:tx_inst|tx_reg[4]      ; uart_controller:uart_ctrl_inst|baud_rate_gen:brg_inst|uart_tick ; uart_controller:uart_ctrl_inst|baud_rate_gen:brg_inst|uart_tick ; 0.000        ; 0.001      ; 0.835      ;
; 0.683 ; uart_controller:uart_ctrl_inst|uart_tx:tx_inst|state.START    ; uart_controller:uart_ctrl_inst|uart_tx:tx_inst|bit_cnt[0]     ; uart_controller:uart_ctrl_inst|baud_rate_gen:brg_inst|uart_tick ; uart_controller:uart_ctrl_inst|baud_rate_gen:brg_inst|uart_tick ; 0.000        ; 0.001      ; 0.836      ;
; 0.684 ; uart_controller:uart_ctrl_inst|uart_tx:tx_inst|state.START    ; uart_controller:uart_ctrl_inst|uart_tx:tx_inst|bit_cnt[2]     ; uart_controller:uart_ctrl_inst|baud_rate_gen:brg_inst|uart_tick ; uart_controller:uart_ctrl_inst|baud_rate_gen:brg_inst|uart_tick ; 0.000        ; 0.001      ; 0.837      ;
; 0.686 ; uart_controller:uart_ctrl_inst|uart_tx:tx_inst|timeout_cnt[1] ; uart_controller:uart_ctrl_inst|uart_tx:tx_inst|timeout_cnt[7] ; uart_controller:uart_ctrl_inst|baud_rate_gen:brg_inst|uart_tick ; uart_controller:uart_ctrl_inst|baud_rate_gen:brg_inst|uart_tick ; 0.000        ; 0.000      ; 0.838      ;
; 0.687 ; uart_controller:uart_ctrl_inst|uart_tx:tx_inst|timeout_cnt[0] ; uart_controller:uart_ctrl_inst|uart_tx:tx_inst|timeout_cnt[5] ; uart_controller:uart_ctrl_inst|baud_rate_gen:brg_inst|uart_tick ; uart_controller:uart_ctrl_inst|baud_rate_gen:brg_inst|uart_tick ; 0.000        ; 0.000      ; 0.839      ;
; 0.705 ; uart_controller:uart_ctrl_inst|uart_tx:tx_inst|state.START    ; uart_controller:uart_ctrl_inst|uart_tx:tx_inst|timeout_cnt[0] ; uart_controller:uart_ctrl_inst|baud_rate_gen:brg_inst|uart_tick ; uart_controller:uart_ctrl_inst|baud_rate_gen:brg_inst|uart_tick ; 0.000        ; 0.025      ; 0.882      ;
; 0.705 ; uart_controller:uart_ctrl_inst|uart_tx:tx_inst|state.START    ; uart_controller:uart_ctrl_inst|uart_tx:tx_inst|timeout_cnt[1] ; uart_controller:uart_ctrl_inst|baud_rate_gen:brg_inst|uart_tick ; uart_controller:uart_ctrl_inst|baud_rate_gen:brg_inst|uart_tick ; 0.000        ; 0.025      ; 0.882      ;
; 0.705 ; uart_controller:uart_ctrl_inst|uart_tx:tx_inst|state.START    ; uart_controller:uart_ctrl_inst|uart_tx:tx_inst|timeout_cnt[2] ; uart_controller:uart_ctrl_inst|baud_rate_gen:brg_inst|uart_tick ; uart_controller:uart_ctrl_inst|baud_rate_gen:brg_inst|uart_tick ; 0.000        ; 0.025      ; 0.882      ;
; 0.705 ; uart_controller:uart_ctrl_inst|uart_tx:tx_inst|state.START    ; uart_controller:uart_ctrl_inst|uart_tx:tx_inst|timeout_cnt[3] ; uart_controller:uart_ctrl_inst|baud_rate_gen:brg_inst|uart_tick ; uart_controller:uart_ctrl_inst|baud_rate_gen:brg_inst|uart_tick ; 0.000        ; 0.025      ; 0.882      ;
; 0.705 ; uart_controller:uart_ctrl_inst|uart_tx:tx_inst|state.START    ; uart_controller:uart_ctrl_inst|uart_tx:tx_inst|timeout_cnt[4] ; uart_controller:uart_ctrl_inst|baud_rate_gen:brg_inst|uart_tick ; uart_controller:uart_ctrl_inst|baud_rate_gen:brg_inst|uart_tick ; 0.000        ; 0.025      ; 0.882      ;
; 0.705 ; uart_controller:uart_ctrl_inst|uart_tx:tx_inst|state.START    ; uart_controller:uart_ctrl_inst|uart_tx:tx_inst|timeout_cnt[5] ; uart_controller:uart_ctrl_inst|baud_rate_gen:brg_inst|uart_tick ; uart_controller:uart_ctrl_inst|baud_rate_gen:brg_inst|uart_tick ; 0.000        ; 0.025      ; 0.882      ;
; 0.705 ; uart_controller:uart_ctrl_inst|uart_tx:tx_inst|state.START    ; uart_controller:uart_ctrl_inst|uart_tx:tx_inst|timeout_cnt[6] ; uart_controller:uart_ctrl_inst|baud_rate_gen:brg_inst|uart_tick ; uart_controller:uart_ctrl_inst|baud_rate_gen:brg_inst|uart_tick ; 0.000        ; 0.025      ; 0.882      ;
; 0.705 ; uart_controller:uart_ctrl_inst|uart_tx:tx_inst|state.START    ; uart_controller:uart_ctrl_inst|uart_tx:tx_inst|timeout_cnt[7] ; uart_controller:uart_ctrl_inst|baud_rate_gen:brg_inst|uart_tick ; uart_controller:uart_ctrl_inst|baud_rate_gen:brg_inst|uart_tick ; 0.000        ; 0.025      ; 0.882      ;
; 0.708 ; uart_controller:uart_ctrl_inst|uart_tx:tx_inst|state.DATA     ; uart_controller:uart_ctrl_inst|uart_tx:tx_inst|bit_cnt[0]     ; uart_controller:uart_ctrl_inst|baud_rate_gen:brg_inst|uart_tick ; uart_controller:uart_ctrl_inst|baud_rate_gen:brg_inst|uart_tick ; 0.000        ; 0.001      ; 0.861      ;
; 0.711 ; uart_controller:uart_ctrl_inst|uart_tx:tx_inst|state.DATA     ; uart_controller:uart_ctrl_inst|uart_tx:tx_inst|tx_reg[2]      ; uart_controller:uart_ctrl_inst|baud_rate_gen:brg_inst|uart_tick ; uart_controller:uart_ctrl_inst|baud_rate_gen:brg_inst|uart_tick ; 0.000        ; 0.001      ; 0.864      ;
; 0.714 ; uart_controller:uart_ctrl_inst|uart_tx:tx_inst|state.DATA     ; uart_controller:uart_ctrl_inst|uart_tx:tx_inst|bit_cnt[1]     ; uart_controller:uart_ctrl_inst|baud_rate_gen:brg_inst|uart_tick ; uart_controller:uart_ctrl_inst|baud_rate_gen:brg_inst|uart_tick ; 0.000        ; 0.001      ; 0.867      ;
; 0.717 ; uart_controller:uart_ctrl_inst|uart_tx:tx_inst|state.DATA     ; uart_controller:uart_ctrl_inst|uart_tx:tx_inst|tx_reg[3]      ; uart_controller:uart_ctrl_inst|baud_rate_gen:brg_inst|uart_tick ; uart_controller:uart_ctrl_inst|baud_rate_gen:brg_inst|uart_tick ; 0.000        ; 0.001      ; 0.870      ;
; 0.722 ; uart_controller:uart_ctrl_inst|uart_tx:tx_inst|timeout_cnt[0] ; uart_controller:uart_ctrl_inst|uart_tx:tx_inst|timeout_cnt[6] ; uart_controller:uart_ctrl_inst|baud_rate_gen:brg_inst|uart_tick ; uart_controller:uart_ctrl_inst|baud_rate_gen:brg_inst|uart_tick ; 0.000        ; 0.000      ; 0.874      ;
; 0.735 ; uart_controller:uart_ctrl_inst|uart_tx:tx_inst|state.IDLE     ; uart_controller:uart_ctrl_inst|uart_tx:tx_inst|state.START    ; uart_controller:uart_ctrl_inst|baud_rate_gen:brg_inst|uart_tick ; uart_controller:uart_ctrl_inst|baud_rate_gen:brg_inst|uart_tick ; 0.000        ; 0.000      ; 0.887      ;
; 0.757 ; uart_controller:uart_ctrl_inst|uart_tx:tx_inst|timeout_cnt[0] ; uart_controller:uart_ctrl_inst|uart_tx:tx_inst|timeout_cnt[7] ; uart_controller:uart_ctrl_inst|baud_rate_gen:brg_inst|uart_tick ; uart_controller:uart_ctrl_inst|baud_rate_gen:brg_inst|uart_tick ; 0.000        ; 0.000      ; 0.909      ;
; 0.760 ; uart_controller:uart_ctrl_inst|uart_tx:tx_inst|state.STOP     ; uart_controller:uart_ctrl_inst|uart_tx:tx_inst|tx_reg[2]      ; uart_controller:uart_ctrl_inst|baud_rate_gen:brg_inst|uart_tick ; uart_controller:uart_ctrl_inst|baud_rate_gen:brg_inst|uart_tick ; 0.000        ; 0.000      ; 0.912      ;
; 0.811 ; uart_controller:uart_ctrl_inst|uart_tx:tx_inst|state.DATA     ; uart_controller:uart_ctrl_inst|uart_tx:tx_inst|bit_cnt[2]     ; uart_controller:uart_ctrl_inst|baud_rate_gen:brg_inst|uart_tick ; uart_controller:uart_ctrl_inst|baud_rate_gen:brg_inst|uart_tick ; 0.000        ; 0.001      ; 0.964      ;
; 0.823 ; uart_controller:uart_ctrl_inst|uart_tx:tx_inst|state.START    ; uart_controller:uart_ctrl_inst|uart_tx:tx_inst|state.DATA     ; uart_controller:uart_ctrl_inst|baud_rate_gen:brg_inst|uart_tick ; uart_controller:uart_ctrl_inst|baud_rate_gen:brg_inst|uart_tick ; 0.000        ; 0.000      ; 0.975      ;
; 0.826 ; uart_controller:uart_ctrl_inst|uart_tx:tx_inst|state.START    ; uart_controller:uart_ctrl_inst|uart_tx:tx_inst|state.IDLE     ; uart_controller:uart_ctrl_inst|baud_rate_gen:brg_inst|uart_tick ; uart_controller:uart_ctrl_inst|baud_rate_gen:brg_inst|uart_tick ; 0.000        ; 0.000      ; 0.978      ;
; 0.835 ; uart_controller:uart_ctrl_inst|uart_tx:tx_inst|state.IDLE     ; uart_controller:uart_ctrl_inst|uart_tx:tx_inst|tx_reg[3]      ; uart_controller:uart_ctrl_inst|baud_rate_gen:brg_inst|uart_tick ; uart_controller:uart_ctrl_inst|baud_rate_gen:brg_inst|uart_tick ; 0.000        ; 0.001      ; 0.988      ;
; 0.840 ; uart_controller:uart_ctrl_inst|uart_tx:tx_inst|state.START    ; uart_controller:uart_ctrl_inst|uart_tx:tx_inst|bit_cnt[1]     ; uart_controller:uart_ctrl_inst|baud_rate_gen:brg_inst|uart_tick ; uart_controller:uart_ctrl_inst|baud_rate_gen:brg_inst|uart_tick ; 0.000        ; 0.001      ; 0.993      ;
; 0.865 ; uart_controller:uart_ctrl_inst|uart_tx:tx_inst|state.IDLE     ; uart_controller:uart_ctrl_inst|uart_tx:tx_inst|tx_reg[4]      ; uart_controller:uart_ctrl_inst|baud_rate_gen:brg_inst|uart_tick ; uart_controller:uart_ctrl_inst|baud_rate_gen:brg_inst|uart_tick ; 0.000        ; 0.001      ; 1.018      ;
; 0.882 ; uart_controller:uart_ctrl_inst|uart_tx:tx_inst|timeout_cnt[6] ; uart_controller:uart_ctrl_inst|uart_tx:tx_inst|state.DATA     ; uart_controller:uart_ctrl_inst|baud_rate_gen:brg_inst|uart_tick ; uart_controller:uart_ctrl_inst|baud_rate_gen:brg_inst|uart_tick ; 0.000        ; -0.025     ; 1.009      ;
; 0.891 ; uart_controller:uart_ctrl_inst|uart_tx:tx_inst|state.STOP     ; uart_controller:uart_ctrl_inst|uart_tx:tx_inst|tx_reg[1]      ; uart_controller:uart_ctrl_inst|baud_rate_gen:brg_inst|uart_tick ; uart_controller:uart_ctrl_inst|baud_rate_gen:brg_inst|uart_tick ; 0.000        ; 0.001      ; 1.044      ;
; 0.891 ; uart_controller:uart_ctrl_inst|uart_tx:tx_inst|state.STOP     ; uart_controller:uart_ctrl_inst|uart_tx:tx_inst|tx_reg[0]      ; uart_controller:uart_ctrl_inst|baud_rate_gen:brg_inst|uart_tick ; uart_controller:uart_ctrl_inst|baud_rate_gen:brg_inst|uart_tick ; 0.000        ; 0.001      ; 1.044      ;
; 0.953 ; uart_controller:uart_ctrl_inst|uart_tx:tx_inst|state.IDLE     ; uart_controller:uart_ctrl_inst|uart_tx:tx_inst|tx_reg[2]      ; uart_controller:uart_ctrl_inst|baud_rate_gen:brg_inst|uart_tick ; uart_controller:uart_ctrl_inst|baud_rate_gen:brg_inst|uart_tick ; 0.000        ; 0.001      ; 1.106      ;
+-------+---------------------------------------------------------------+---------------------------------------------------------------+-----------------------------------------------------------------+-----------------------------------------------------------------+--------------+------------+------------+


+------------------------------------------------------------------------------------------------------------------------------------------------------------------------------------------------------------------------------------------------+
; Fast Model Recovery: 'uart_controller:uart_ctrl_inst|baud_rate_gen:brg_inst|ov_tick'                                                                                                                                                           ;
+--------+-----------------------------------------+---------------------------------------------------------------------+--------------+---------------------------------------------------------------+--------------+------------+------------+
; Slack  ; From Node                               ; To Node                                                             ; Launch Clock ; Latch Clock                                                   ; Relationship ; Clock Skew ; Data Delay ;
+--------+-----------------------------------------+---------------------------------------------------------------------+--------------+---------------------------------------------------------------+--------------+------------+------------+
; -0.224 ; uart_rx_packet_new:packet_inst|rx_clear ; uart_controller:uart_ctrl_inst|uart_rx:rx_inst|valid_timeout_cnt[0] ; CLOCK_50     ; uart_controller:uart_ctrl_inst|baud_rate_gen:brg_inst|ov_tick ; 1.000        ; -0.265     ; 0.991      ;
; -0.224 ; uart_rx_packet_new:packet_inst|rx_clear ; uart_controller:uart_ctrl_inst|uart_rx:rx_inst|valid_timeout_cnt[1] ; CLOCK_50     ; uart_controller:uart_ctrl_inst|baud_rate_gen:brg_inst|ov_tick ; 1.000        ; -0.265     ; 0.991      ;
; -0.224 ; uart_rx_packet_new:packet_inst|rx_clear ; uart_controller:uart_ctrl_inst|uart_rx:rx_inst|valid_timeout_cnt[2] ; CLOCK_50     ; uart_controller:uart_ctrl_inst|baud_rate_gen:brg_inst|ov_tick ; 1.000        ; -0.265     ; 0.991      ;
; -0.224 ; uart_rx_packet_new:packet_inst|rx_clear ; uart_controller:uart_ctrl_inst|uart_rx:rx_inst|valid_timeout_cnt[4] ; CLOCK_50     ; uart_controller:uart_ctrl_inst|baud_rate_gen:brg_inst|ov_tick ; 1.000        ; -0.265     ; 0.991      ;
; -0.224 ; uart_rx_packet_new:packet_inst|rx_clear ; uart_controller:uart_ctrl_inst|uart_rx:rx_inst|valid_timeout_cnt[5] ; CLOCK_50     ; uart_controller:uart_ctrl_inst|baud_rate_gen:brg_inst|ov_tick ; 1.000        ; -0.265     ; 0.991      ;
; -0.224 ; uart_rx_packet_new:packet_inst|rx_clear ; uart_controller:uart_ctrl_inst|uart_rx:rx_inst|valid_timeout_cnt[6] ; CLOCK_50     ; uart_controller:uart_ctrl_inst|baud_rate_gen:brg_inst|ov_tick ; 1.000        ; -0.265     ; 0.991      ;
; -0.224 ; uart_rx_packet_new:packet_inst|rx_clear ; uart_controller:uart_ctrl_inst|uart_rx:rx_inst|valid_timeout_cnt[7] ; CLOCK_50     ; uart_controller:uart_ctrl_inst|baud_rate_gen:brg_inst|ov_tick ; 1.000        ; -0.265     ; 0.991      ;
; -0.224 ; uart_rx_packet_new:packet_inst|rx_clear ; uart_controller:uart_ctrl_inst|uart_rx:rx_inst|valid_timeout_cnt[3] ; CLOCK_50     ; uart_controller:uart_ctrl_inst|baud_rate_gen:brg_inst|ov_tick ; 1.000        ; -0.265     ; 0.991      ;
; -0.224 ; uart_rx_packet_new:packet_inst|rx_clear ; uart_controller:uart_ctrl_inst|uart_rx:rx_inst|rx_valid             ; CLOCK_50     ; uart_controller:uart_ctrl_inst|baud_rate_gen:brg_inst|ov_tick ; 1.000        ; -0.265     ; 0.991      ;
+--------+-----------------------------------------+---------------------------------------------------------------------+--------------+---------------------------------------------------------------+--------------+------------+------------+


+-----------------------------------------------------------------------------------------------------------------------------------------------------------------------------------------------------------------------------------------------+
; Fast Model Removal: 'uart_controller:uart_ctrl_inst|baud_rate_gen:brg_inst|ov_tick'                                                                                                                                                           ;
+-------+-----------------------------------------+---------------------------------------------------------------------+--------------+---------------------------------------------------------------+--------------+------------+------------+
; Slack ; From Node                               ; To Node                                                             ; Launch Clock ; Latch Clock                                                   ; Relationship ; Clock Skew ; Data Delay ;
+-------+-----------------------------------------+---------------------------------------------------------------------+--------------+---------------------------------------------------------------+--------------+------------+------------+
; 1.104 ; uart_rx_packet_new:packet_inst|rx_clear ; uart_controller:uart_ctrl_inst|uart_rx:rx_inst|valid_timeout_cnt[0] ; CLOCK_50     ; uart_controller:uart_ctrl_inst|baud_rate_gen:brg_inst|ov_tick ; 0.000        ; -0.265     ; 0.991      ;
; 1.104 ; uart_rx_packet_new:packet_inst|rx_clear ; uart_controller:uart_ctrl_inst|uart_rx:rx_inst|valid_timeout_cnt[1] ; CLOCK_50     ; uart_controller:uart_ctrl_inst|baud_rate_gen:brg_inst|ov_tick ; 0.000        ; -0.265     ; 0.991      ;
; 1.104 ; uart_rx_packet_new:packet_inst|rx_clear ; uart_controller:uart_ctrl_inst|uart_rx:rx_inst|valid_timeout_cnt[2] ; CLOCK_50     ; uart_controller:uart_ctrl_inst|baud_rate_gen:brg_inst|ov_tick ; 0.000        ; -0.265     ; 0.991      ;
; 1.104 ; uart_rx_packet_new:packet_inst|rx_clear ; uart_controller:uart_ctrl_inst|uart_rx:rx_inst|valid_timeout_cnt[4] ; CLOCK_50     ; uart_controller:uart_ctrl_inst|baud_rate_gen:brg_inst|ov_tick ; 0.000        ; -0.265     ; 0.991      ;
; 1.104 ; uart_rx_packet_new:packet_inst|rx_clear ; uart_controller:uart_ctrl_inst|uart_rx:rx_inst|valid_timeout_cnt[5] ; CLOCK_50     ; uart_controller:uart_ctrl_inst|baud_rate_gen:brg_inst|ov_tick ; 0.000        ; -0.265     ; 0.991      ;
; 1.104 ; uart_rx_packet_new:packet_inst|rx_clear ; uart_controller:uart_ctrl_inst|uart_rx:rx_inst|valid_timeout_cnt[6] ; CLOCK_50     ; uart_controller:uart_ctrl_inst|baud_rate_gen:brg_inst|ov_tick ; 0.000        ; -0.265     ; 0.991      ;
; 1.104 ; uart_rx_packet_new:packet_inst|rx_clear ; uart_controller:uart_ctrl_inst|uart_rx:rx_inst|valid_timeout_cnt[7] ; CLOCK_50     ; uart_controller:uart_ctrl_inst|baud_rate_gen:brg_inst|ov_tick ; 0.000        ; -0.265     ; 0.991      ;
; 1.104 ; uart_rx_packet_new:packet_inst|rx_clear ; uart_controller:uart_ctrl_inst|uart_rx:rx_inst|valid_timeout_cnt[3] ; CLOCK_50     ; uart_controller:uart_ctrl_inst|baud_rate_gen:brg_inst|ov_tick ; 0.000        ; -0.265     ; 0.991      ;
; 1.104 ; uart_rx_packet_new:packet_inst|rx_clear ; uart_controller:uart_ctrl_inst|uart_rx:rx_inst|rx_valid             ; CLOCK_50     ; uart_controller:uart_ctrl_inst|baud_rate_gen:brg_inst|ov_tick ; 0.000        ; -0.265     ; 0.991      ;
+-------+-----------------------------------------+---------------------------------------------------------------------+--------------+---------------------------------------------------------------+--------------+------------+------------+


+-----------------------------------------------------------------------------------------------------------------------------------------------------------------------------------------------------------+
; Fast Model Minimum Pulse Width: 'CLOCK_50'                                                                                                                                                                ;
+--------+--------------+----------------+------------------+----------+------------+-----------------------------------------------------------------------------------------------------------------------+
; Slack  ; Actual Width ; Required Width ; Type             ; Clock    ; Clock Edge ; Target                                                                                                                ;
+--------+--------------+----------------+------------------+----------+------------+-----------------------------------------------------------------------------------------------------------------------+
; -1.627 ; 0.500        ; 2.127          ; High Pulse Width ; CLOCK_50 ; Rise       ; uart_rx_packet_new:packet_inst|altsyncram:buffer_rtl_0|altsyncram_09c1:auto_generated|ram_block1a0~porta_address_reg0 ;
; -1.627 ; 0.500        ; 2.127          ; Low Pulse Width  ; CLOCK_50 ; Rise       ; uart_rx_packet_new:packet_inst|altsyncram:buffer_rtl_0|altsyncram_09c1:auto_generated|ram_block1a0~porta_address_reg0 ;
; -1.627 ; 0.500        ; 2.127          ; High Pulse Width ; CLOCK_50 ; Rise       ; uart_rx_packet_new:packet_inst|altsyncram:buffer_rtl_0|altsyncram_09c1:auto_generated|ram_block1a0~porta_address_reg1 ;
; -1.627 ; 0.500        ; 2.127          ; Low Pulse Width  ; CLOCK_50 ; Rise       ; uart_rx_packet_new:packet_inst|altsyncram:buffer_rtl_0|altsyncram_09c1:auto_generated|ram_block1a0~porta_address_reg1 ;
; -1.627 ; 0.500        ; 2.127          ; High Pulse Width ; CLOCK_50 ; Rise       ; uart_rx_packet_new:packet_inst|altsyncram:buffer_rtl_0|altsyncram_09c1:auto_generated|ram_block1a0~porta_address_reg2 ;
; -1.627 ; 0.500        ; 2.127          ; Low Pulse Width  ; CLOCK_50 ; Rise       ; uart_rx_packet_new:packet_inst|altsyncram:buffer_rtl_0|altsyncram_09c1:auto_generated|ram_block1a0~porta_address_reg2 ;
; -1.627 ; 0.500        ; 2.127          ; High Pulse Width ; CLOCK_50 ; Rise       ; uart_rx_packet_new:packet_inst|altsyncram:buffer_rtl_0|altsyncram_09c1:auto_generated|ram_block1a0~porta_address_reg3 ;
; -1.627 ; 0.500        ; 2.127          ; Low Pulse Width  ; CLOCK_50 ; Rise       ; uart_rx_packet_new:packet_inst|altsyncram:buffer_rtl_0|altsyncram_09c1:auto_generated|ram_block1a0~porta_address_reg3 ;
; -1.627 ; 0.500        ; 2.127          ; High Pulse Width ; CLOCK_50 ; Rise       ; uart_rx_packet_new:packet_inst|altsyncram:buffer_rtl_0|altsyncram_09c1:auto_generated|ram_block1a0~porta_address_reg4 ;
; -1.627 ; 0.500        ; 2.127          ; Low Pulse Width  ; CLOCK_50 ; Rise       ; uart_rx_packet_new:packet_inst|altsyncram:buffer_rtl_0|altsyncram_09c1:auto_generated|ram_block1a0~porta_address_reg4 ;
; -1.627 ; 0.500        ; 2.127          ; High Pulse Width ; CLOCK_50 ; Rise       ; uart_rx_packet_new:packet_inst|altsyncram:buffer_rtl_0|altsyncram_09c1:auto_generated|ram_block1a0~porta_address_reg5 ;
; -1.627 ; 0.500        ; 2.127          ; Low Pulse Width  ; CLOCK_50 ; Rise       ; uart_rx_packet_new:packet_inst|altsyncram:buffer_rtl_0|altsyncram_09c1:auto_generated|ram_block1a0~porta_address_reg5 ;
; -1.627 ; 0.500        ; 2.127          ; High Pulse Width ; CLOCK_50 ; Rise       ; uart_rx_packet_new:packet_inst|altsyncram:buffer_rtl_0|altsyncram_09c1:auto_generated|ram_block1a0~porta_address_reg6 ;
; -1.627 ; 0.500        ; 2.127          ; Low Pulse Width  ; CLOCK_50 ; Rise       ; uart_rx_packet_new:packet_inst|altsyncram:buffer_rtl_0|altsyncram_09c1:auto_generated|ram_block1a0~porta_address_reg6 ;
; -1.627 ; 0.500        ; 2.127          ; High Pulse Width ; CLOCK_50 ; Rise       ; uart_rx_packet_new:packet_inst|altsyncram:buffer_rtl_0|altsyncram_09c1:auto_generated|ram_block1a0~porta_address_reg7 ;
; -1.627 ; 0.500        ; 2.127          ; Low Pulse Width  ; CLOCK_50 ; Rise       ; uart_rx_packet_new:packet_inst|altsyncram:buffer_rtl_0|altsyncram_09c1:auto_generated|ram_block1a0~porta_address_reg7 ;
; -1.627 ; 0.500        ; 2.127          ; High Pulse Width ; CLOCK_50 ; Rise       ; uart_rx_packet_new:packet_inst|altsyncram:buffer_rtl_0|altsyncram_09c1:auto_generated|ram_block1a0~porta_datain_reg0  ;
; -1.627 ; 0.500        ; 2.127          ; Low Pulse Width  ; CLOCK_50 ; Rise       ; uart_rx_packet_new:packet_inst|altsyncram:buffer_rtl_0|altsyncram_09c1:auto_generated|ram_block1a0~porta_datain_reg0  ;
; -1.627 ; 0.500        ; 2.127          ; High Pulse Width ; CLOCK_50 ; Rise       ; uart_rx_packet_new:packet_inst|altsyncram:buffer_rtl_0|altsyncram_09c1:auto_generated|ram_block1a0~porta_datain_reg1  ;
; -1.627 ; 0.500        ; 2.127          ; Low Pulse Width  ; CLOCK_50 ; Rise       ; uart_rx_packet_new:packet_inst|altsyncram:buffer_rtl_0|altsyncram_09c1:auto_generated|ram_block1a0~porta_datain_reg1  ;
; -1.627 ; 0.500        ; 2.127          ; High Pulse Width ; CLOCK_50 ; Rise       ; uart_rx_packet_new:packet_inst|altsyncram:buffer_rtl_0|altsyncram_09c1:auto_generated|ram_block1a0~porta_datain_reg2  ;
; -1.627 ; 0.500        ; 2.127          ; Low Pulse Width  ; CLOCK_50 ; Rise       ; uart_rx_packet_new:packet_inst|altsyncram:buffer_rtl_0|altsyncram_09c1:auto_generated|ram_block1a0~porta_datain_reg2  ;
; -1.627 ; 0.500        ; 2.127          ; High Pulse Width ; CLOCK_50 ; Rise       ; uart_rx_packet_new:packet_inst|altsyncram:buffer_rtl_0|altsyncram_09c1:auto_generated|ram_block1a0~porta_datain_reg3  ;
; -1.627 ; 0.500        ; 2.127          ; Low Pulse Width  ; CLOCK_50 ; Rise       ; uart_rx_packet_new:packet_inst|altsyncram:buffer_rtl_0|altsyncram_09c1:auto_generated|ram_block1a0~porta_datain_reg3  ;
; -1.627 ; 0.500        ; 2.127          ; High Pulse Width ; CLOCK_50 ; Rise       ; uart_rx_packet_new:packet_inst|altsyncram:buffer_rtl_0|altsyncram_09c1:auto_generated|ram_block1a0~porta_datain_reg4  ;
; -1.627 ; 0.500        ; 2.127          ; Low Pulse Width  ; CLOCK_50 ; Rise       ; uart_rx_packet_new:packet_inst|altsyncram:buffer_rtl_0|altsyncram_09c1:auto_generated|ram_block1a0~porta_datain_reg4  ;
; -1.627 ; 0.500        ; 2.127          ; High Pulse Width ; CLOCK_50 ; Rise       ; uart_rx_packet_new:packet_inst|altsyncram:buffer_rtl_0|altsyncram_09c1:auto_generated|ram_block1a0~porta_datain_reg5  ;
; -1.627 ; 0.500        ; 2.127          ; Low Pulse Width  ; CLOCK_50 ; Rise       ; uart_rx_packet_new:packet_inst|altsyncram:buffer_rtl_0|altsyncram_09c1:auto_generated|ram_block1a0~porta_datain_reg5  ;
; -1.627 ; 0.500        ; 2.127          ; High Pulse Width ; CLOCK_50 ; Rise       ; uart_rx_packet_new:packet_inst|altsyncram:buffer_rtl_0|altsyncram_09c1:auto_generated|ram_block1a0~porta_datain_reg6  ;
; -1.627 ; 0.500        ; 2.127          ; Low Pulse Width  ; CLOCK_50 ; Rise       ; uart_rx_packet_new:packet_inst|altsyncram:buffer_rtl_0|altsyncram_09c1:auto_generated|ram_block1a0~porta_datain_reg6  ;
; -1.627 ; 0.500        ; 2.127          ; High Pulse Width ; CLOCK_50 ; Rise       ; uart_rx_packet_new:packet_inst|altsyncram:buffer_rtl_0|altsyncram_09c1:auto_generated|ram_block1a0~porta_datain_reg7  ;
; -1.627 ; 0.500        ; 2.127          ; Low Pulse Width  ; CLOCK_50 ; Rise       ; uart_rx_packet_new:packet_inst|altsyncram:buffer_rtl_0|altsyncram_09c1:auto_generated|ram_block1a0~porta_datain_reg7  ;
; -1.627 ; 0.500        ; 2.127          ; High Pulse Width ; CLOCK_50 ; Rise       ; uart_rx_packet_new:packet_inst|altsyncram:buffer_rtl_0|altsyncram_09c1:auto_generated|ram_block1a0~porta_memory_reg0  ;
; -1.627 ; 0.500        ; 2.127          ; Low Pulse Width  ; CLOCK_50 ; Rise       ; uart_rx_packet_new:packet_inst|altsyncram:buffer_rtl_0|altsyncram_09c1:auto_generated|ram_block1a0~porta_memory_reg0  ;
; -1.627 ; 0.500        ; 2.127          ; High Pulse Width ; CLOCK_50 ; Rise       ; uart_rx_packet_new:packet_inst|altsyncram:buffer_rtl_0|altsyncram_09c1:auto_generated|ram_block1a0~porta_we_reg       ;
; -1.627 ; 0.500        ; 2.127          ; Low Pulse Width  ; CLOCK_50 ; Rise       ; uart_rx_packet_new:packet_inst|altsyncram:buffer_rtl_0|altsyncram_09c1:auto_generated|ram_block1a0~porta_we_reg       ;
; -1.627 ; 0.500        ; 2.127          ; High Pulse Width ; CLOCK_50 ; Rise       ; uart_rx_packet_new:packet_inst|altsyncram:buffer_rtl_0|altsyncram_09c1:auto_generated|ram_block1a0~portb_address_reg0 ;
; -1.627 ; 0.500        ; 2.127          ; Low Pulse Width  ; CLOCK_50 ; Rise       ; uart_rx_packet_new:packet_inst|altsyncram:buffer_rtl_0|altsyncram_09c1:auto_generated|ram_block1a0~portb_address_reg0 ;
; -1.627 ; 0.500        ; 2.127          ; High Pulse Width ; CLOCK_50 ; Rise       ; uart_rx_packet_new:packet_inst|altsyncram:buffer_rtl_0|altsyncram_09c1:auto_generated|ram_block1a0~portb_address_reg1 ;
; -1.627 ; 0.500        ; 2.127          ; Low Pulse Width  ; CLOCK_50 ; Rise       ; uart_rx_packet_new:packet_inst|altsyncram:buffer_rtl_0|altsyncram_09c1:auto_generated|ram_block1a0~portb_address_reg1 ;
; -1.627 ; 0.500        ; 2.127          ; High Pulse Width ; CLOCK_50 ; Rise       ; uart_rx_packet_new:packet_inst|altsyncram:buffer_rtl_0|altsyncram_09c1:auto_generated|ram_block1a0~portb_address_reg2 ;
; -1.627 ; 0.500        ; 2.127          ; Low Pulse Width  ; CLOCK_50 ; Rise       ; uart_rx_packet_new:packet_inst|altsyncram:buffer_rtl_0|altsyncram_09c1:auto_generated|ram_block1a0~portb_address_reg2 ;
; -1.627 ; 0.500        ; 2.127          ; High Pulse Width ; CLOCK_50 ; Rise       ; uart_rx_packet_new:packet_inst|altsyncram:buffer_rtl_0|altsyncram_09c1:auto_generated|ram_block1a0~portb_address_reg3 ;
; -1.627 ; 0.500        ; 2.127          ; Low Pulse Width  ; CLOCK_50 ; Rise       ; uart_rx_packet_new:packet_inst|altsyncram:buffer_rtl_0|altsyncram_09c1:auto_generated|ram_block1a0~portb_address_reg3 ;
; -1.627 ; 0.500        ; 2.127          ; High Pulse Width ; CLOCK_50 ; Rise       ; uart_rx_packet_new:packet_inst|altsyncram:buffer_rtl_0|altsyncram_09c1:auto_generated|ram_block1a0~portb_address_reg4 ;
; -1.627 ; 0.500        ; 2.127          ; Low Pulse Width  ; CLOCK_50 ; Rise       ; uart_rx_packet_new:packet_inst|altsyncram:buffer_rtl_0|altsyncram_09c1:auto_generated|ram_block1a0~portb_address_reg4 ;
; -1.627 ; 0.500        ; 2.127          ; High Pulse Width ; CLOCK_50 ; Rise       ; uart_rx_packet_new:packet_inst|altsyncram:buffer_rtl_0|altsyncram_09c1:auto_generated|ram_block1a0~portb_address_reg5 ;
; -1.627 ; 0.500        ; 2.127          ; Low Pulse Width  ; CLOCK_50 ; Rise       ; uart_rx_packet_new:packet_inst|altsyncram:buffer_rtl_0|altsyncram_09c1:auto_generated|ram_block1a0~portb_address_reg5 ;
; -1.627 ; 0.500        ; 2.127          ; High Pulse Width ; CLOCK_50 ; Rise       ; uart_rx_packet_new:packet_inst|altsyncram:buffer_rtl_0|altsyncram_09c1:auto_generated|ram_block1a0~portb_address_reg6 ;
; -1.627 ; 0.500        ; 2.127          ; Low Pulse Width  ; CLOCK_50 ; Rise       ; uart_rx_packet_new:packet_inst|altsyncram:buffer_rtl_0|altsyncram_09c1:auto_generated|ram_block1a0~portb_address_reg6 ;
; -1.627 ; 0.500        ; 2.127          ; High Pulse Width ; CLOCK_50 ; Rise       ; uart_rx_packet_new:packet_inst|altsyncram:buffer_rtl_0|altsyncram_09c1:auto_generated|ram_block1a0~portb_address_reg7 ;
; -1.627 ; 0.500        ; 2.127          ; Low Pulse Width  ; CLOCK_50 ; Rise       ; uart_rx_packet_new:packet_inst|altsyncram:buffer_rtl_0|altsyncram_09c1:auto_generated|ram_block1a0~portb_address_reg7 ;
; -1.627 ; 0.500        ; 2.127          ; High Pulse Width ; CLOCK_50 ; Rise       ; uart_rx_packet_new:packet_inst|altsyncram:buffer_rtl_0|altsyncram_09c1:auto_generated|ram_block1a1~porta_memory_reg0  ;
; -1.627 ; 0.500        ; 2.127          ; Low Pulse Width  ; CLOCK_50 ; Rise       ; uart_rx_packet_new:packet_inst|altsyncram:buffer_rtl_0|altsyncram_09c1:auto_generated|ram_block1a1~porta_memory_reg0  ;
; -1.627 ; 0.500        ; 2.127          ; High Pulse Width ; CLOCK_50 ; Rise       ; uart_rx_packet_new:packet_inst|altsyncram:buffer_rtl_0|altsyncram_09c1:auto_generated|ram_block1a2~porta_memory_reg0  ;
; -1.627 ; 0.500        ; 2.127          ; Low Pulse Width  ; CLOCK_50 ; Rise       ; uart_rx_packet_new:packet_inst|altsyncram:buffer_rtl_0|altsyncram_09c1:auto_generated|ram_block1a2~porta_memory_reg0  ;
; -1.627 ; 0.500        ; 2.127          ; High Pulse Width ; CLOCK_50 ; Rise       ; uart_rx_packet_new:packet_inst|altsyncram:buffer_rtl_0|altsyncram_09c1:auto_generated|ram_block1a3~porta_memory_reg0  ;
; -1.627 ; 0.500        ; 2.127          ; Low Pulse Width  ; CLOCK_50 ; Rise       ; uart_rx_packet_new:packet_inst|altsyncram:buffer_rtl_0|altsyncram_09c1:auto_generated|ram_block1a3~porta_memory_reg0  ;
; -1.627 ; 0.500        ; 2.127          ; High Pulse Width ; CLOCK_50 ; Rise       ; uart_rx_packet_new:packet_inst|altsyncram:buffer_rtl_0|altsyncram_09c1:auto_generated|ram_block1a4~porta_memory_reg0  ;
; -1.627 ; 0.500        ; 2.127          ; Low Pulse Width  ; CLOCK_50 ; Rise       ; uart_rx_packet_new:packet_inst|altsyncram:buffer_rtl_0|altsyncram_09c1:auto_generated|ram_block1a4~porta_memory_reg0  ;
; -1.627 ; 0.500        ; 2.127          ; High Pulse Width ; CLOCK_50 ; Rise       ; uart_rx_packet_new:packet_inst|altsyncram:buffer_rtl_0|altsyncram_09c1:auto_generated|ram_block1a5~porta_memory_reg0  ;
; -1.627 ; 0.500        ; 2.127          ; Low Pulse Width  ; CLOCK_50 ; Rise       ; uart_rx_packet_new:packet_inst|altsyncram:buffer_rtl_0|altsyncram_09c1:auto_generated|ram_block1a5~porta_memory_reg0  ;
; -1.627 ; 0.500        ; 2.127          ; High Pulse Width ; CLOCK_50 ; Rise       ; uart_rx_packet_new:packet_inst|altsyncram:buffer_rtl_0|altsyncram_09c1:auto_generated|ram_block1a6~porta_memory_reg0  ;
; -1.627 ; 0.500        ; 2.127          ; Low Pulse Width  ; CLOCK_50 ; Rise       ; uart_rx_packet_new:packet_inst|altsyncram:buffer_rtl_0|altsyncram_09c1:auto_generated|ram_block1a6~porta_memory_reg0  ;
; -1.627 ; 0.500        ; 2.127          ; High Pulse Width ; CLOCK_50 ; Rise       ; uart_rx_packet_new:packet_inst|altsyncram:buffer_rtl_0|altsyncram_09c1:auto_generated|ram_block1a7~porta_memory_reg0  ;
; -1.627 ; 0.500        ; 2.127          ; Low Pulse Width  ; CLOCK_50 ; Rise       ; uart_rx_packet_new:packet_inst|altsyncram:buffer_rtl_0|altsyncram_09c1:auto_generated|ram_block1a7~porta_memory_reg0  ;
; -1.380 ; 1.000        ; 2.380          ; Port Rate        ; CLOCK_50 ; Rise       ; CLOCK_50                                                                                                              ;
; -0.500 ; 0.500        ; 1.000          ; High Pulse Width ; CLOCK_50 ; Rise       ; packet_cnt[0]                                                                                                         ;
; -0.500 ; 0.500        ; 1.000          ; Low Pulse Width  ; CLOCK_50 ; Rise       ; packet_cnt[0]                                                                                                         ;
; -0.500 ; 0.500        ; 1.000          ; High Pulse Width ; CLOCK_50 ; Rise       ; packet_cnt[10]                                                                                                        ;
; -0.500 ; 0.500        ; 1.000          ; Low Pulse Width  ; CLOCK_50 ; Rise       ; packet_cnt[10]                                                                                                        ;
; -0.500 ; 0.500        ; 1.000          ; High Pulse Width ; CLOCK_50 ; Rise       ; packet_cnt[11]                                                                                                        ;
; -0.500 ; 0.500        ; 1.000          ; Low Pulse Width  ; CLOCK_50 ; Rise       ; packet_cnt[11]                                                                                                        ;
; -0.500 ; 0.500        ; 1.000          ; High Pulse Width ; CLOCK_50 ; Rise       ; packet_cnt[1]                                                                                                         ;
; -0.500 ; 0.500        ; 1.000          ; Low Pulse Width  ; CLOCK_50 ; Rise       ; packet_cnt[1]                                                                                                         ;
; -0.500 ; 0.500        ; 1.000          ; High Pulse Width ; CLOCK_50 ; Rise       ; packet_cnt[2]                                                                                                         ;
; -0.500 ; 0.500        ; 1.000          ; Low Pulse Width  ; CLOCK_50 ; Rise       ; packet_cnt[2]                                                                                                         ;
; -0.500 ; 0.500        ; 1.000          ; High Pulse Width ; CLOCK_50 ; Rise       ; packet_cnt[3]                                                                                                         ;
; -0.500 ; 0.500        ; 1.000          ; Low Pulse Width  ; CLOCK_50 ; Rise       ; packet_cnt[3]                                                                                                         ;
; -0.500 ; 0.500        ; 1.000          ; High Pulse Width ; CLOCK_50 ; Rise       ; packet_cnt[4]                                                                                                         ;
; -0.500 ; 0.500        ; 1.000          ; Low Pulse Width  ; CLOCK_50 ; Rise       ; packet_cnt[4]                                                                                                         ;
; -0.500 ; 0.500        ; 1.000          ; High Pulse Width ; CLOCK_50 ; Rise       ; packet_cnt[5]                                                                                                         ;
; -0.500 ; 0.500        ; 1.000          ; Low Pulse Width  ; CLOCK_50 ; Rise       ; packet_cnt[5]                                                                                                         ;
; -0.500 ; 0.500        ; 1.000          ; High Pulse Width ; CLOCK_50 ; Rise       ; packet_cnt[6]                                                                                                         ;
; -0.500 ; 0.500        ; 1.000          ; Low Pulse Width  ; CLOCK_50 ; Rise       ; packet_cnt[6]                                                                                                         ;
; -0.500 ; 0.500        ; 1.000          ; High Pulse Width ; CLOCK_50 ; Rise       ; packet_cnt[7]                                                                                                         ;
; -0.500 ; 0.500        ; 1.000          ; Low Pulse Width  ; CLOCK_50 ; Rise       ; packet_cnt[7]                                                                                                         ;
; -0.500 ; 0.500        ; 1.000          ; High Pulse Width ; CLOCK_50 ; Rise       ; packet_cnt[8]                                                                                                         ;
; -0.500 ; 0.500        ; 1.000          ; Low Pulse Width  ; CLOCK_50 ; Rise       ; packet_cnt[8]                                                                                                         ;
; -0.500 ; 0.500        ; 1.000          ; High Pulse Width ; CLOCK_50 ; Rise       ; packet_cnt[9]                                                                                                         ;
; -0.500 ; 0.500        ; 1.000          ; Low Pulse Width  ; CLOCK_50 ; Rise       ; packet_cnt[9]                                                                                                         ;
; -0.500 ; 0.500        ; 1.000          ; High Pulse Width ; CLOCK_50 ; Rise       ; packet_valid_d                                                                                                        ;
; -0.500 ; 0.500        ; 1.000          ; Low Pulse Width  ; CLOCK_50 ; Rise       ; packet_valid_d                                                                                                        ;
; -0.500 ; 0.500        ; 1.000          ; High Pulse Width ; CLOCK_50 ; Rise       ; sram_packet_writer:sram_writer_inst|addr_latch[0]                                                                     ;
; -0.500 ; 0.500        ; 1.000          ; Low Pulse Width  ; CLOCK_50 ; Rise       ; sram_packet_writer:sram_writer_inst|addr_latch[0]                                                                     ;
; -0.500 ; 0.500        ; 1.000          ; High Pulse Width ; CLOCK_50 ; Rise       ; sram_packet_writer:sram_writer_inst|addr_latch[10]                                                                    ;
; -0.500 ; 0.500        ; 1.000          ; Low Pulse Width  ; CLOCK_50 ; Rise       ; sram_packet_writer:sram_writer_inst|addr_latch[10]                                                                    ;
; -0.500 ; 0.500        ; 1.000          ; High Pulse Width ; CLOCK_50 ; Rise       ; sram_packet_writer:sram_writer_inst|addr_latch[11]                                                                    ;
; -0.500 ; 0.500        ; 1.000          ; Low Pulse Width  ; CLOCK_50 ; Rise       ; sram_packet_writer:sram_writer_inst|addr_latch[11]                                                                    ;
; -0.500 ; 0.500        ; 1.000          ; High Pulse Width ; CLOCK_50 ; Rise       ; sram_packet_writer:sram_writer_inst|addr_latch[12]                                                                    ;
+--------+--------------+----------------+------------------+----------+------------+-----------------------------------------------------------------------------------------------------------------------+


+--------------------------------------------------------------------------------------------------------------------------------------------------------------------------------------------------------------+
; Fast Model Minimum Pulse Width: 'uart_controller:uart_ctrl_inst|baud_rate_gen:brg_inst|ov_tick'                                                                                                              ;
+--------+--------------+----------------+------------------+---------------------------------------------------------------+------------+---------------------------------------------------------------------+
; Slack  ; Actual Width ; Required Width ; Type             ; Clock                                                         ; Clock Edge ; Target                                                              ;
+--------+--------------+----------------+------------------+---------------------------------------------------------------+------------+---------------------------------------------------------------------+
; -0.500 ; 0.500        ; 1.000          ; High Pulse Width ; uart_controller:uart_ctrl_inst|baud_rate_gen:brg_inst|ov_tick ; Rise       ; uart_controller:uart_ctrl_inst|uart_rx:rx_inst|bit_cnt[0]           ;
; -0.500 ; 0.500        ; 1.000          ; Low Pulse Width  ; uart_controller:uart_ctrl_inst|baud_rate_gen:brg_inst|ov_tick ; Rise       ; uart_controller:uart_ctrl_inst|uart_rx:rx_inst|bit_cnt[0]           ;
; -0.500 ; 0.500        ; 1.000          ; High Pulse Width ; uart_controller:uart_ctrl_inst|baud_rate_gen:brg_inst|ov_tick ; Rise       ; uart_controller:uart_ctrl_inst|uart_rx:rx_inst|bit_cnt[1]           ;
; -0.500 ; 0.500        ; 1.000          ; Low Pulse Width  ; uart_controller:uart_ctrl_inst|baud_rate_gen:brg_inst|ov_tick ; Rise       ; uart_controller:uart_ctrl_inst|uart_rx:rx_inst|bit_cnt[1]           ;
; -0.500 ; 0.500        ; 1.000          ; High Pulse Width ; uart_controller:uart_ctrl_inst|baud_rate_gen:brg_inst|ov_tick ; Rise       ; uart_controller:uart_ctrl_inst|uart_rx:rx_inst|bit_cnt[2]           ;
; -0.500 ; 0.500        ; 1.000          ; Low Pulse Width  ; uart_controller:uart_ctrl_inst|baud_rate_gen:brg_inst|ov_tick ; Rise       ; uart_controller:uart_ctrl_inst|uart_rx:rx_inst|bit_cnt[2]           ;
; -0.500 ; 0.500        ; 1.000          ; High Pulse Width ; uart_controller:uart_ctrl_inst|baud_rate_gen:brg_inst|ov_tick ; Rise       ; uart_controller:uart_ctrl_inst|uart_rx:rx_inst|data_out[0]          ;
; -0.500 ; 0.500        ; 1.000          ; Low Pulse Width  ; uart_controller:uart_ctrl_inst|baud_rate_gen:brg_inst|ov_tick ; Rise       ; uart_controller:uart_ctrl_inst|uart_rx:rx_inst|data_out[0]          ;
; -0.500 ; 0.500        ; 1.000          ; High Pulse Width ; uart_controller:uart_ctrl_inst|baud_rate_gen:brg_inst|ov_tick ; Rise       ; uart_controller:uart_ctrl_inst|uart_rx:rx_inst|data_out[1]          ;
; -0.500 ; 0.500        ; 1.000          ; Low Pulse Width  ; uart_controller:uart_ctrl_inst|baud_rate_gen:brg_inst|ov_tick ; Rise       ; uart_controller:uart_ctrl_inst|uart_rx:rx_inst|data_out[1]          ;
; -0.500 ; 0.500        ; 1.000          ; High Pulse Width ; uart_controller:uart_ctrl_inst|baud_rate_gen:brg_inst|ov_tick ; Rise       ; uart_controller:uart_ctrl_inst|uart_rx:rx_inst|data_out[2]          ;
; -0.500 ; 0.500        ; 1.000          ; Low Pulse Width  ; uart_controller:uart_ctrl_inst|baud_rate_gen:brg_inst|ov_tick ; Rise       ; uart_controller:uart_ctrl_inst|uart_rx:rx_inst|data_out[2]          ;
; -0.500 ; 0.500        ; 1.000          ; High Pulse Width ; uart_controller:uart_ctrl_inst|baud_rate_gen:brg_inst|ov_tick ; Rise       ; uart_controller:uart_ctrl_inst|uart_rx:rx_inst|data_out[3]          ;
; -0.500 ; 0.500        ; 1.000          ; Low Pulse Width  ; uart_controller:uart_ctrl_inst|baud_rate_gen:brg_inst|ov_tick ; Rise       ; uart_controller:uart_ctrl_inst|uart_rx:rx_inst|data_out[3]          ;
; -0.500 ; 0.500        ; 1.000          ; High Pulse Width ; uart_controller:uart_ctrl_inst|baud_rate_gen:brg_inst|ov_tick ; Rise       ; uart_controller:uart_ctrl_inst|uart_rx:rx_inst|data_out[4]          ;
; -0.500 ; 0.500        ; 1.000          ; Low Pulse Width  ; uart_controller:uart_ctrl_inst|baud_rate_gen:brg_inst|ov_tick ; Rise       ; uart_controller:uart_ctrl_inst|uart_rx:rx_inst|data_out[4]          ;
; -0.500 ; 0.500        ; 1.000          ; High Pulse Width ; uart_controller:uart_ctrl_inst|baud_rate_gen:brg_inst|ov_tick ; Rise       ; uart_controller:uart_ctrl_inst|uart_rx:rx_inst|data_out[5]          ;
; -0.500 ; 0.500        ; 1.000          ; Low Pulse Width  ; uart_controller:uart_ctrl_inst|baud_rate_gen:brg_inst|ov_tick ; Rise       ; uart_controller:uart_ctrl_inst|uart_rx:rx_inst|data_out[5]          ;
; -0.500 ; 0.500        ; 1.000          ; High Pulse Width ; uart_controller:uart_ctrl_inst|baud_rate_gen:brg_inst|ov_tick ; Rise       ; uart_controller:uart_ctrl_inst|uart_rx:rx_inst|data_out[6]          ;
; -0.500 ; 0.500        ; 1.000          ; Low Pulse Width  ; uart_controller:uart_ctrl_inst|baud_rate_gen:brg_inst|ov_tick ; Rise       ; uart_controller:uart_ctrl_inst|uart_rx:rx_inst|data_out[6]          ;
; -0.500 ; 0.500        ; 1.000          ; High Pulse Width ; uart_controller:uart_ctrl_inst|baud_rate_gen:brg_inst|ov_tick ; Rise       ; uart_controller:uart_ctrl_inst|uart_rx:rx_inst|data_out[7]          ;
; -0.500 ; 0.500        ; 1.000          ; Low Pulse Width  ; uart_controller:uart_ctrl_inst|baud_rate_gen:brg_inst|ov_tick ; Rise       ; uart_controller:uart_ctrl_inst|uart_rx:rx_inst|data_out[7]          ;
; -0.500 ; 0.500        ; 1.000          ; High Pulse Width ; uart_controller:uart_ctrl_inst|baud_rate_gen:brg_inst|ov_tick ; Rise       ; uart_controller:uart_ctrl_inst|uart_rx:rx_inst|rx_reg[0]            ;
; -0.500 ; 0.500        ; 1.000          ; Low Pulse Width  ; uart_controller:uart_ctrl_inst|baud_rate_gen:brg_inst|ov_tick ; Rise       ; uart_controller:uart_ctrl_inst|uart_rx:rx_inst|rx_reg[0]            ;
; -0.500 ; 0.500        ; 1.000          ; High Pulse Width ; uart_controller:uart_ctrl_inst|baud_rate_gen:brg_inst|ov_tick ; Rise       ; uart_controller:uart_ctrl_inst|uart_rx:rx_inst|rx_reg[1]            ;
; -0.500 ; 0.500        ; 1.000          ; Low Pulse Width  ; uart_controller:uart_ctrl_inst|baud_rate_gen:brg_inst|ov_tick ; Rise       ; uart_controller:uart_ctrl_inst|uart_rx:rx_inst|rx_reg[1]            ;
; -0.500 ; 0.500        ; 1.000          ; High Pulse Width ; uart_controller:uart_ctrl_inst|baud_rate_gen:brg_inst|ov_tick ; Rise       ; uart_controller:uart_ctrl_inst|uart_rx:rx_inst|rx_reg[2]            ;
; -0.500 ; 0.500        ; 1.000          ; Low Pulse Width  ; uart_controller:uart_ctrl_inst|baud_rate_gen:brg_inst|ov_tick ; Rise       ; uart_controller:uart_ctrl_inst|uart_rx:rx_inst|rx_reg[2]            ;
; -0.500 ; 0.500        ; 1.000          ; High Pulse Width ; uart_controller:uart_ctrl_inst|baud_rate_gen:brg_inst|ov_tick ; Rise       ; uart_controller:uart_ctrl_inst|uart_rx:rx_inst|rx_reg[3]            ;
; -0.500 ; 0.500        ; 1.000          ; Low Pulse Width  ; uart_controller:uart_ctrl_inst|baud_rate_gen:brg_inst|ov_tick ; Rise       ; uart_controller:uart_ctrl_inst|uart_rx:rx_inst|rx_reg[3]            ;
; -0.500 ; 0.500        ; 1.000          ; High Pulse Width ; uart_controller:uart_ctrl_inst|baud_rate_gen:brg_inst|ov_tick ; Rise       ; uart_controller:uart_ctrl_inst|uart_rx:rx_inst|rx_reg[4]            ;
; -0.500 ; 0.500        ; 1.000          ; Low Pulse Width  ; uart_controller:uart_ctrl_inst|baud_rate_gen:brg_inst|ov_tick ; Rise       ; uart_controller:uart_ctrl_inst|uart_rx:rx_inst|rx_reg[4]            ;
; -0.500 ; 0.500        ; 1.000          ; High Pulse Width ; uart_controller:uart_ctrl_inst|baud_rate_gen:brg_inst|ov_tick ; Rise       ; uart_controller:uart_ctrl_inst|uart_rx:rx_inst|rx_reg[5]            ;
; -0.500 ; 0.500        ; 1.000          ; Low Pulse Width  ; uart_controller:uart_ctrl_inst|baud_rate_gen:brg_inst|ov_tick ; Rise       ; uart_controller:uart_ctrl_inst|uart_rx:rx_inst|rx_reg[5]            ;
; -0.500 ; 0.500        ; 1.000          ; High Pulse Width ; uart_controller:uart_ctrl_inst|baud_rate_gen:brg_inst|ov_tick ; Rise       ; uart_controller:uart_ctrl_inst|uart_rx:rx_inst|rx_reg[6]            ;
; -0.500 ; 0.500        ; 1.000          ; Low Pulse Width  ; uart_controller:uart_ctrl_inst|baud_rate_gen:brg_inst|ov_tick ; Rise       ; uart_controller:uart_ctrl_inst|uart_rx:rx_inst|rx_reg[6]            ;
; -0.500 ; 0.500        ; 1.000          ; High Pulse Width ; uart_controller:uart_ctrl_inst|baud_rate_gen:brg_inst|ov_tick ; Rise       ; uart_controller:uart_ctrl_inst|uart_rx:rx_inst|rx_reg[7]            ;
; -0.500 ; 0.500        ; 1.000          ; Low Pulse Width  ; uart_controller:uart_ctrl_inst|baud_rate_gen:brg_inst|ov_tick ; Rise       ; uart_controller:uart_ctrl_inst|uart_rx:rx_inst|rx_reg[7]            ;
; -0.500 ; 0.500        ; 1.000          ; High Pulse Width ; uart_controller:uart_ctrl_inst|baud_rate_gen:brg_inst|ov_tick ; Rise       ; uart_controller:uart_ctrl_inst|uart_rx:rx_inst|rx_valid             ;
; -0.500 ; 0.500        ; 1.000          ; Low Pulse Width  ; uart_controller:uart_ctrl_inst|baud_rate_gen:brg_inst|ov_tick ; Rise       ; uart_controller:uart_ctrl_inst|uart_rx:rx_inst|rx_valid             ;
; -0.500 ; 0.500        ; 1.000          ; High Pulse Width ; uart_controller:uart_ctrl_inst|baud_rate_gen:brg_inst|ov_tick ; Rise       ; uart_controller:uart_ctrl_inst|uart_rx:rx_inst|samples[0]           ;
; -0.500 ; 0.500        ; 1.000          ; Low Pulse Width  ; uart_controller:uart_ctrl_inst|baud_rate_gen:brg_inst|ov_tick ; Rise       ; uart_controller:uart_ctrl_inst|uart_rx:rx_inst|samples[0]           ;
; -0.500 ; 0.500        ; 1.000          ; High Pulse Width ; uart_controller:uart_ctrl_inst|baud_rate_gen:brg_inst|ov_tick ; Rise       ; uart_controller:uart_ctrl_inst|uart_rx:rx_inst|samples[1]           ;
; -0.500 ; 0.500        ; 1.000          ; Low Pulse Width  ; uart_controller:uart_ctrl_inst|baud_rate_gen:brg_inst|ov_tick ; Rise       ; uart_controller:uart_ctrl_inst|uart_rx:rx_inst|samples[1]           ;
; -0.500 ; 0.500        ; 1.000          ; High Pulse Width ; uart_controller:uart_ctrl_inst|baud_rate_gen:brg_inst|ov_tick ; Rise       ; uart_controller:uart_ctrl_inst|uart_rx:rx_inst|samples[2]           ;
; -0.500 ; 0.500        ; 1.000          ; Low Pulse Width  ; uart_controller:uart_ctrl_inst|baud_rate_gen:brg_inst|ov_tick ; Rise       ; uart_controller:uart_ctrl_inst|uart_rx:rx_inst|samples[2]           ;
; -0.500 ; 0.500        ; 1.000          ; High Pulse Width ; uart_controller:uart_ctrl_inst|baud_rate_gen:brg_inst|ov_tick ; Rise       ; uart_controller:uart_ctrl_inst|uart_rx:rx_inst|state.DATA           ;
; -0.500 ; 0.500        ; 1.000          ; Low Pulse Width  ; uart_controller:uart_ctrl_inst|baud_rate_gen:brg_inst|ov_tick ; Rise       ; uart_controller:uart_ctrl_inst|uart_rx:rx_inst|state.DATA           ;
; -0.500 ; 0.500        ; 1.000          ; High Pulse Width ; uart_controller:uart_ctrl_inst|baud_rate_gen:brg_inst|ov_tick ; Rise       ; uart_controller:uart_ctrl_inst|uart_rx:rx_inst|state.IDLE           ;
; -0.500 ; 0.500        ; 1.000          ; Low Pulse Width  ; uart_controller:uart_ctrl_inst|baud_rate_gen:brg_inst|ov_tick ; Rise       ; uart_controller:uart_ctrl_inst|uart_rx:rx_inst|state.IDLE           ;
; -0.500 ; 0.500        ; 1.000          ; High Pulse Width ; uart_controller:uart_ctrl_inst|baud_rate_gen:brg_inst|ov_tick ; Rise       ; uart_controller:uart_ctrl_inst|uart_rx:rx_inst|state.START          ;
; -0.500 ; 0.500        ; 1.000          ; Low Pulse Width  ; uart_controller:uart_ctrl_inst|baud_rate_gen:brg_inst|ov_tick ; Rise       ; uart_controller:uart_ctrl_inst|uart_rx:rx_inst|state.START          ;
; -0.500 ; 0.500        ; 1.000          ; High Pulse Width ; uart_controller:uart_ctrl_inst|baud_rate_gen:brg_inst|ov_tick ; Rise       ; uart_controller:uart_ctrl_inst|uart_rx:rx_inst|state.STOP           ;
; -0.500 ; 0.500        ; 1.000          ; Low Pulse Width  ; uart_controller:uart_ctrl_inst|baud_rate_gen:brg_inst|ov_tick ; Rise       ; uart_controller:uart_ctrl_inst|uart_rx:rx_inst|state.STOP           ;
; -0.500 ; 0.500        ; 1.000          ; High Pulse Width ; uart_controller:uart_ctrl_inst|baud_rate_gen:brg_inst|ov_tick ; Rise       ; uart_controller:uart_ctrl_inst|uart_rx:rx_inst|tick_cnt[0]          ;
; -0.500 ; 0.500        ; 1.000          ; Low Pulse Width  ; uart_controller:uart_ctrl_inst|baud_rate_gen:brg_inst|ov_tick ; Rise       ; uart_controller:uart_ctrl_inst|uart_rx:rx_inst|tick_cnt[0]          ;
; -0.500 ; 0.500        ; 1.000          ; High Pulse Width ; uart_controller:uart_ctrl_inst|baud_rate_gen:brg_inst|ov_tick ; Rise       ; uart_controller:uart_ctrl_inst|uart_rx:rx_inst|tick_cnt[1]          ;
; -0.500 ; 0.500        ; 1.000          ; Low Pulse Width  ; uart_controller:uart_ctrl_inst|baud_rate_gen:brg_inst|ov_tick ; Rise       ; uart_controller:uart_ctrl_inst|uart_rx:rx_inst|tick_cnt[1]          ;
; -0.500 ; 0.500        ; 1.000          ; High Pulse Width ; uart_controller:uart_ctrl_inst|baud_rate_gen:brg_inst|ov_tick ; Rise       ; uart_controller:uart_ctrl_inst|uart_rx:rx_inst|tick_cnt[2]          ;
; -0.500 ; 0.500        ; 1.000          ; Low Pulse Width  ; uart_controller:uart_ctrl_inst|baud_rate_gen:brg_inst|ov_tick ; Rise       ; uart_controller:uart_ctrl_inst|uart_rx:rx_inst|tick_cnt[2]          ;
; -0.500 ; 0.500        ; 1.000          ; High Pulse Width ; uart_controller:uart_ctrl_inst|baud_rate_gen:brg_inst|ov_tick ; Rise       ; uart_controller:uart_ctrl_inst|uart_rx:rx_inst|valid_timeout_cnt[0] ;
; -0.500 ; 0.500        ; 1.000          ; Low Pulse Width  ; uart_controller:uart_ctrl_inst|baud_rate_gen:brg_inst|ov_tick ; Rise       ; uart_controller:uart_ctrl_inst|uart_rx:rx_inst|valid_timeout_cnt[0] ;
; -0.500 ; 0.500        ; 1.000          ; High Pulse Width ; uart_controller:uart_ctrl_inst|baud_rate_gen:brg_inst|ov_tick ; Rise       ; uart_controller:uart_ctrl_inst|uart_rx:rx_inst|valid_timeout_cnt[1] ;
; -0.500 ; 0.500        ; 1.000          ; Low Pulse Width  ; uart_controller:uart_ctrl_inst|baud_rate_gen:brg_inst|ov_tick ; Rise       ; uart_controller:uart_ctrl_inst|uart_rx:rx_inst|valid_timeout_cnt[1] ;
; -0.500 ; 0.500        ; 1.000          ; High Pulse Width ; uart_controller:uart_ctrl_inst|baud_rate_gen:brg_inst|ov_tick ; Rise       ; uart_controller:uart_ctrl_inst|uart_rx:rx_inst|valid_timeout_cnt[2] ;
; -0.500 ; 0.500        ; 1.000          ; Low Pulse Width  ; uart_controller:uart_ctrl_inst|baud_rate_gen:brg_inst|ov_tick ; Rise       ; uart_controller:uart_ctrl_inst|uart_rx:rx_inst|valid_timeout_cnt[2] ;
; -0.500 ; 0.500        ; 1.000          ; High Pulse Width ; uart_controller:uart_ctrl_inst|baud_rate_gen:brg_inst|ov_tick ; Rise       ; uart_controller:uart_ctrl_inst|uart_rx:rx_inst|valid_timeout_cnt[3] ;
; -0.500 ; 0.500        ; 1.000          ; Low Pulse Width  ; uart_controller:uart_ctrl_inst|baud_rate_gen:brg_inst|ov_tick ; Rise       ; uart_controller:uart_ctrl_inst|uart_rx:rx_inst|valid_timeout_cnt[3] ;
; -0.500 ; 0.500        ; 1.000          ; High Pulse Width ; uart_controller:uart_ctrl_inst|baud_rate_gen:brg_inst|ov_tick ; Rise       ; uart_controller:uart_ctrl_inst|uart_rx:rx_inst|valid_timeout_cnt[4] ;
; -0.500 ; 0.500        ; 1.000          ; Low Pulse Width  ; uart_controller:uart_ctrl_inst|baud_rate_gen:brg_inst|ov_tick ; Rise       ; uart_controller:uart_ctrl_inst|uart_rx:rx_inst|valid_timeout_cnt[4] ;
; -0.500 ; 0.500        ; 1.000          ; High Pulse Width ; uart_controller:uart_ctrl_inst|baud_rate_gen:brg_inst|ov_tick ; Rise       ; uart_controller:uart_ctrl_inst|uart_rx:rx_inst|valid_timeout_cnt[5] ;
; -0.500 ; 0.500        ; 1.000          ; Low Pulse Width  ; uart_controller:uart_ctrl_inst|baud_rate_gen:brg_inst|ov_tick ; Rise       ; uart_controller:uart_ctrl_inst|uart_rx:rx_inst|valid_timeout_cnt[5] ;
; -0.500 ; 0.500        ; 1.000          ; High Pulse Width ; uart_controller:uart_ctrl_inst|baud_rate_gen:brg_inst|ov_tick ; Rise       ; uart_controller:uart_ctrl_inst|uart_rx:rx_inst|valid_timeout_cnt[6] ;
; -0.500 ; 0.500        ; 1.000          ; Low Pulse Width  ; uart_controller:uart_ctrl_inst|baud_rate_gen:brg_inst|ov_tick ; Rise       ; uart_controller:uart_ctrl_inst|uart_rx:rx_inst|valid_timeout_cnt[6] ;
; -0.500 ; 0.500        ; 1.000          ; High Pulse Width ; uart_controller:uart_ctrl_inst|baud_rate_gen:brg_inst|ov_tick ; Rise       ; uart_controller:uart_ctrl_inst|uart_rx:rx_inst|valid_timeout_cnt[7] ;
; -0.500 ; 0.500        ; 1.000          ; Low Pulse Width  ; uart_controller:uart_ctrl_inst|baud_rate_gen:brg_inst|ov_tick ; Rise       ; uart_controller:uart_ctrl_inst|uart_rx:rx_inst|valid_timeout_cnt[7] ;
; 0.500  ; 0.500        ; 0.000          ; High Pulse Width ; uart_controller:uart_ctrl_inst|baud_rate_gen:brg_inst|ov_tick ; Rise       ; uart_ctrl_inst|brg_inst|ov_tick|regout                              ;
; 0.500  ; 0.500        ; 0.000          ; Low Pulse Width  ; uart_controller:uart_ctrl_inst|baud_rate_gen:brg_inst|ov_tick ; Rise       ; uart_ctrl_inst|brg_inst|ov_tick|regout                              ;
; 0.500  ; 0.500        ; 0.000          ; High Pulse Width ; uart_controller:uart_ctrl_inst|baud_rate_gen:brg_inst|ov_tick ; Rise       ; uart_ctrl_inst|brg_inst|ov_tick~clkctrl|inclk[0]                    ;
; 0.500  ; 0.500        ; 0.000          ; Low Pulse Width  ; uart_controller:uart_ctrl_inst|baud_rate_gen:brg_inst|ov_tick ; Rise       ; uart_ctrl_inst|brg_inst|ov_tick~clkctrl|inclk[0]                    ;
; 0.500  ; 0.500        ; 0.000          ; High Pulse Width ; uart_controller:uart_ctrl_inst|baud_rate_gen:brg_inst|ov_tick ; Rise       ; uart_ctrl_inst|brg_inst|ov_tick~clkctrl|outclk                      ;
; 0.500  ; 0.500        ; 0.000          ; Low Pulse Width  ; uart_controller:uart_ctrl_inst|baud_rate_gen:brg_inst|ov_tick ; Rise       ; uart_ctrl_inst|brg_inst|ov_tick~clkctrl|outclk                      ;
; 0.500  ; 0.500        ; 0.000          ; High Pulse Width ; uart_controller:uart_ctrl_inst|baud_rate_gen:brg_inst|ov_tick ; Rise       ; uart_ctrl_inst|rx_inst|bit_cnt[0]|clk                               ;
; 0.500  ; 0.500        ; 0.000          ; Low Pulse Width  ; uart_controller:uart_ctrl_inst|baud_rate_gen:brg_inst|ov_tick ; Rise       ; uart_ctrl_inst|rx_inst|bit_cnt[0]|clk                               ;
; 0.500  ; 0.500        ; 0.000          ; High Pulse Width ; uart_controller:uart_ctrl_inst|baud_rate_gen:brg_inst|ov_tick ; Rise       ; uart_ctrl_inst|rx_inst|bit_cnt[1]|clk                               ;
; 0.500  ; 0.500        ; 0.000          ; Low Pulse Width  ; uart_controller:uart_ctrl_inst|baud_rate_gen:brg_inst|ov_tick ; Rise       ; uart_ctrl_inst|rx_inst|bit_cnt[1]|clk                               ;
; 0.500  ; 0.500        ; 0.000          ; High Pulse Width ; uart_controller:uart_ctrl_inst|baud_rate_gen:brg_inst|ov_tick ; Rise       ; uart_ctrl_inst|rx_inst|bit_cnt[2]|clk                               ;
; 0.500  ; 0.500        ; 0.000          ; Low Pulse Width  ; uart_controller:uart_ctrl_inst|baud_rate_gen:brg_inst|ov_tick ; Rise       ; uart_ctrl_inst|rx_inst|bit_cnt[2]|clk                               ;
; 0.500  ; 0.500        ; 0.000          ; High Pulse Width ; uart_controller:uart_ctrl_inst|baud_rate_gen:brg_inst|ov_tick ; Rise       ; uart_ctrl_inst|rx_inst|data_out[0]|clk                              ;
; 0.500  ; 0.500        ; 0.000          ; Low Pulse Width  ; uart_controller:uart_ctrl_inst|baud_rate_gen:brg_inst|ov_tick ; Rise       ; uart_ctrl_inst|rx_inst|data_out[0]|clk                              ;
; 0.500  ; 0.500        ; 0.000          ; High Pulse Width ; uart_controller:uart_ctrl_inst|baud_rate_gen:brg_inst|ov_tick ; Rise       ; uart_ctrl_inst|rx_inst|data_out[1]|clk                              ;
; 0.500  ; 0.500        ; 0.000          ; Low Pulse Width  ; uart_controller:uart_ctrl_inst|baud_rate_gen:brg_inst|ov_tick ; Rise       ; uart_ctrl_inst|rx_inst|data_out[1]|clk                              ;
; 0.500  ; 0.500        ; 0.000          ; High Pulse Width ; uart_controller:uart_ctrl_inst|baud_rate_gen:brg_inst|ov_tick ; Rise       ; uart_ctrl_inst|rx_inst|data_out[2]|clk                              ;
; 0.500  ; 0.500        ; 0.000          ; Low Pulse Width  ; uart_controller:uart_ctrl_inst|baud_rate_gen:brg_inst|ov_tick ; Rise       ; uart_ctrl_inst|rx_inst|data_out[2]|clk                              ;
; 0.500  ; 0.500        ; 0.000          ; High Pulse Width ; uart_controller:uart_ctrl_inst|baud_rate_gen:brg_inst|ov_tick ; Rise       ; uart_ctrl_inst|rx_inst|data_out[3]|clk                              ;
; 0.500  ; 0.500        ; 0.000          ; Low Pulse Width  ; uart_controller:uart_ctrl_inst|baud_rate_gen:brg_inst|ov_tick ; Rise       ; uart_ctrl_inst|rx_inst|data_out[3]|clk                              ;
; 0.500  ; 0.500        ; 0.000          ; High Pulse Width ; uart_controller:uart_ctrl_inst|baud_rate_gen:brg_inst|ov_tick ; Rise       ; uart_ctrl_inst|rx_inst|data_out[4]|clk                              ;
; 0.500  ; 0.500        ; 0.000          ; Low Pulse Width  ; uart_controller:uart_ctrl_inst|baud_rate_gen:brg_inst|ov_tick ; Rise       ; uart_ctrl_inst|rx_inst|data_out[4]|clk                              ;
; 0.500  ; 0.500        ; 0.000          ; High Pulse Width ; uart_controller:uart_ctrl_inst|baud_rate_gen:brg_inst|ov_tick ; Rise       ; uart_ctrl_inst|rx_inst|data_out[5]|clk                              ;
; 0.500  ; 0.500        ; 0.000          ; Low Pulse Width  ; uart_controller:uart_ctrl_inst|baud_rate_gen:brg_inst|ov_tick ; Rise       ; uart_ctrl_inst|rx_inst|data_out[5]|clk                              ;
+--------+--------------+----------------+------------------+---------------------------------------------------------------+------------+---------------------------------------------------------------------+


+----------------------------------------------------------------------------------------------------------------------------------------------------------------------------------------------------------+
; Fast Model Minimum Pulse Width: 'uart_controller:uart_ctrl_inst|baud_rate_gen:brg_inst|uart_tick'                                                                                                        ;
+--------+--------------+----------------+------------------+-----------------------------------------------------------------+------------+---------------------------------------------------------------+
; Slack  ; Actual Width ; Required Width ; Type             ; Clock                                                           ; Clock Edge ; Target                                                        ;
+--------+--------------+----------------+------------------+-----------------------------------------------------------------+------------+---------------------------------------------------------------+
; -0.500 ; 0.500        ; 1.000          ; High Pulse Width ; uart_controller:uart_ctrl_inst|baud_rate_gen:brg_inst|uart_tick ; Rise       ; uart_controller:uart_ctrl_inst|uart_tx:tx_inst|bit_cnt[0]     ;
; -0.500 ; 0.500        ; 1.000          ; Low Pulse Width  ; uart_controller:uart_ctrl_inst|baud_rate_gen:brg_inst|uart_tick ; Rise       ; uart_controller:uart_ctrl_inst|uart_tx:tx_inst|bit_cnt[0]     ;
; -0.500 ; 0.500        ; 1.000          ; High Pulse Width ; uart_controller:uart_ctrl_inst|baud_rate_gen:brg_inst|uart_tick ; Rise       ; uart_controller:uart_ctrl_inst|uart_tx:tx_inst|bit_cnt[1]     ;
; -0.500 ; 0.500        ; 1.000          ; Low Pulse Width  ; uart_controller:uart_ctrl_inst|baud_rate_gen:brg_inst|uart_tick ; Rise       ; uart_controller:uart_ctrl_inst|uart_tx:tx_inst|bit_cnt[1]     ;
; -0.500 ; 0.500        ; 1.000          ; High Pulse Width ; uart_controller:uart_ctrl_inst|baud_rate_gen:brg_inst|uart_tick ; Rise       ; uart_controller:uart_ctrl_inst|uart_tx:tx_inst|bit_cnt[2]     ;
; -0.500 ; 0.500        ; 1.000          ; Low Pulse Width  ; uart_controller:uart_ctrl_inst|baud_rate_gen:brg_inst|uart_tick ; Rise       ; uart_controller:uart_ctrl_inst|uart_tx:tx_inst|bit_cnt[2]     ;
; -0.500 ; 0.500        ; 1.000          ; High Pulse Width ; uart_controller:uart_ctrl_inst|baud_rate_gen:brg_inst|uart_tick ; Rise       ; uart_controller:uart_ctrl_inst|uart_tx:tx_inst|state.DATA     ;
; -0.500 ; 0.500        ; 1.000          ; Low Pulse Width  ; uart_controller:uart_ctrl_inst|baud_rate_gen:brg_inst|uart_tick ; Rise       ; uart_controller:uart_ctrl_inst|uart_tx:tx_inst|state.DATA     ;
; -0.500 ; 0.500        ; 1.000          ; High Pulse Width ; uart_controller:uart_ctrl_inst|baud_rate_gen:brg_inst|uart_tick ; Rise       ; uart_controller:uart_ctrl_inst|uart_tx:tx_inst|state.IDLE     ;
; -0.500 ; 0.500        ; 1.000          ; Low Pulse Width  ; uart_controller:uart_ctrl_inst|baud_rate_gen:brg_inst|uart_tick ; Rise       ; uart_controller:uart_ctrl_inst|uart_tx:tx_inst|state.IDLE     ;
; -0.500 ; 0.500        ; 1.000          ; High Pulse Width ; uart_controller:uart_ctrl_inst|baud_rate_gen:brg_inst|uart_tick ; Rise       ; uart_controller:uart_ctrl_inst|uart_tx:tx_inst|state.START    ;
; -0.500 ; 0.500        ; 1.000          ; Low Pulse Width  ; uart_controller:uart_ctrl_inst|baud_rate_gen:brg_inst|uart_tick ; Rise       ; uart_controller:uart_ctrl_inst|uart_tx:tx_inst|state.START    ;
; -0.500 ; 0.500        ; 1.000          ; High Pulse Width ; uart_controller:uart_ctrl_inst|baud_rate_gen:brg_inst|uart_tick ; Rise       ; uart_controller:uart_ctrl_inst|uart_tx:tx_inst|state.STOP     ;
; -0.500 ; 0.500        ; 1.000          ; Low Pulse Width  ; uart_controller:uart_ctrl_inst|baud_rate_gen:brg_inst|uart_tick ; Rise       ; uart_controller:uart_ctrl_inst|uart_tx:tx_inst|state.STOP     ;
; -0.500 ; 0.500        ; 1.000          ; High Pulse Width ; uart_controller:uart_ctrl_inst|baud_rate_gen:brg_inst|uart_tick ; Rise       ; uart_controller:uart_ctrl_inst|uart_tx:tx_inst|timeout_cnt[0] ;
; -0.500 ; 0.500        ; 1.000          ; Low Pulse Width  ; uart_controller:uart_ctrl_inst|baud_rate_gen:brg_inst|uart_tick ; Rise       ; uart_controller:uart_ctrl_inst|uart_tx:tx_inst|timeout_cnt[0] ;
; -0.500 ; 0.500        ; 1.000          ; High Pulse Width ; uart_controller:uart_ctrl_inst|baud_rate_gen:brg_inst|uart_tick ; Rise       ; uart_controller:uart_ctrl_inst|uart_tx:tx_inst|timeout_cnt[1] ;
; -0.500 ; 0.500        ; 1.000          ; Low Pulse Width  ; uart_controller:uart_ctrl_inst|baud_rate_gen:brg_inst|uart_tick ; Rise       ; uart_controller:uart_ctrl_inst|uart_tx:tx_inst|timeout_cnt[1] ;
; -0.500 ; 0.500        ; 1.000          ; High Pulse Width ; uart_controller:uart_ctrl_inst|baud_rate_gen:brg_inst|uart_tick ; Rise       ; uart_controller:uart_ctrl_inst|uart_tx:tx_inst|timeout_cnt[2] ;
; -0.500 ; 0.500        ; 1.000          ; Low Pulse Width  ; uart_controller:uart_ctrl_inst|baud_rate_gen:brg_inst|uart_tick ; Rise       ; uart_controller:uart_ctrl_inst|uart_tx:tx_inst|timeout_cnt[2] ;
; -0.500 ; 0.500        ; 1.000          ; High Pulse Width ; uart_controller:uart_ctrl_inst|baud_rate_gen:brg_inst|uart_tick ; Rise       ; uart_controller:uart_ctrl_inst|uart_tx:tx_inst|timeout_cnt[3] ;
; -0.500 ; 0.500        ; 1.000          ; Low Pulse Width  ; uart_controller:uart_ctrl_inst|baud_rate_gen:brg_inst|uart_tick ; Rise       ; uart_controller:uart_ctrl_inst|uart_tx:tx_inst|timeout_cnt[3] ;
; -0.500 ; 0.500        ; 1.000          ; High Pulse Width ; uart_controller:uart_ctrl_inst|baud_rate_gen:brg_inst|uart_tick ; Rise       ; uart_controller:uart_ctrl_inst|uart_tx:tx_inst|timeout_cnt[4] ;
; -0.500 ; 0.500        ; 1.000          ; Low Pulse Width  ; uart_controller:uart_ctrl_inst|baud_rate_gen:brg_inst|uart_tick ; Rise       ; uart_controller:uart_ctrl_inst|uart_tx:tx_inst|timeout_cnt[4] ;
; -0.500 ; 0.500        ; 1.000          ; High Pulse Width ; uart_controller:uart_ctrl_inst|baud_rate_gen:brg_inst|uart_tick ; Rise       ; uart_controller:uart_ctrl_inst|uart_tx:tx_inst|timeout_cnt[5] ;
; -0.500 ; 0.500        ; 1.000          ; Low Pulse Width  ; uart_controller:uart_ctrl_inst|baud_rate_gen:brg_inst|uart_tick ; Rise       ; uart_controller:uart_ctrl_inst|uart_tx:tx_inst|timeout_cnt[5] ;
; -0.500 ; 0.500        ; 1.000          ; High Pulse Width ; uart_controller:uart_ctrl_inst|baud_rate_gen:brg_inst|uart_tick ; Rise       ; uart_controller:uart_ctrl_inst|uart_tx:tx_inst|timeout_cnt[6] ;
; -0.500 ; 0.500        ; 1.000          ; Low Pulse Width  ; uart_controller:uart_ctrl_inst|baud_rate_gen:brg_inst|uart_tick ; Rise       ; uart_controller:uart_ctrl_inst|uart_tx:tx_inst|timeout_cnt[6] ;
; -0.500 ; 0.500        ; 1.000          ; High Pulse Width ; uart_controller:uart_ctrl_inst|baud_rate_gen:brg_inst|uart_tick ; Rise       ; uart_controller:uart_ctrl_inst|uart_tx:tx_inst|timeout_cnt[7] ;
; -0.500 ; 0.500        ; 1.000          ; Low Pulse Width  ; uart_controller:uart_ctrl_inst|baud_rate_gen:brg_inst|uart_tick ; Rise       ; uart_controller:uart_ctrl_inst|uart_tx:tx_inst|timeout_cnt[7] ;
; -0.500 ; 0.500        ; 1.000          ; High Pulse Width ; uart_controller:uart_ctrl_inst|baud_rate_gen:brg_inst|uart_tick ; Rise       ; uart_controller:uart_ctrl_inst|uart_tx:tx_inst|tx             ;
; -0.500 ; 0.500        ; 1.000          ; Low Pulse Width  ; uart_controller:uart_ctrl_inst|baud_rate_gen:brg_inst|uart_tick ; Rise       ; uart_controller:uart_ctrl_inst|uart_tx:tx_inst|tx             ;
; -0.500 ; 0.500        ; 1.000          ; High Pulse Width ; uart_controller:uart_ctrl_inst|baud_rate_gen:brg_inst|uart_tick ; Rise       ; uart_controller:uart_ctrl_inst|uart_tx:tx_inst|tx_reg[0]      ;
; -0.500 ; 0.500        ; 1.000          ; Low Pulse Width  ; uart_controller:uart_ctrl_inst|baud_rate_gen:brg_inst|uart_tick ; Rise       ; uart_controller:uart_ctrl_inst|uart_tx:tx_inst|tx_reg[0]      ;
; -0.500 ; 0.500        ; 1.000          ; High Pulse Width ; uart_controller:uart_ctrl_inst|baud_rate_gen:brg_inst|uart_tick ; Rise       ; uart_controller:uart_ctrl_inst|uart_tx:tx_inst|tx_reg[1]      ;
; -0.500 ; 0.500        ; 1.000          ; Low Pulse Width  ; uart_controller:uart_ctrl_inst|baud_rate_gen:brg_inst|uart_tick ; Rise       ; uart_controller:uart_ctrl_inst|uart_tx:tx_inst|tx_reg[1]      ;
; -0.500 ; 0.500        ; 1.000          ; High Pulse Width ; uart_controller:uart_ctrl_inst|baud_rate_gen:brg_inst|uart_tick ; Rise       ; uart_controller:uart_ctrl_inst|uart_tx:tx_inst|tx_reg[2]      ;
; -0.500 ; 0.500        ; 1.000          ; Low Pulse Width  ; uart_controller:uart_ctrl_inst|baud_rate_gen:brg_inst|uart_tick ; Rise       ; uart_controller:uart_ctrl_inst|uart_tx:tx_inst|tx_reg[2]      ;
; -0.500 ; 0.500        ; 1.000          ; High Pulse Width ; uart_controller:uart_ctrl_inst|baud_rate_gen:brg_inst|uart_tick ; Rise       ; uart_controller:uart_ctrl_inst|uart_tx:tx_inst|tx_reg[3]      ;
; -0.500 ; 0.500        ; 1.000          ; Low Pulse Width  ; uart_controller:uart_ctrl_inst|baud_rate_gen:brg_inst|uart_tick ; Rise       ; uart_controller:uart_ctrl_inst|uart_tx:tx_inst|tx_reg[3]      ;
; -0.500 ; 0.500        ; 1.000          ; High Pulse Width ; uart_controller:uart_ctrl_inst|baud_rate_gen:brg_inst|uart_tick ; Rise       ; uart_controller:uart_ctrl_inst|uart_tx:tx_inst|tx_reg[4]      ;
; -0.500 ; 0.500        ; 1.000          ; Low Pulse Width  ; uart_controller:uart_ctrl_inst|baud_rate_gen:brg_inst|uart_tick ; Rise       ; uart_controller:uart_ctrl_inst|uart_tx:tx_inst|tx_reg[4]      ;
; 0.500  ; 0.500        ; 0.000          ; High Pulse Width ; uart_controller:uart_ctrl_inst|baud_rate_gen:brg_inst|uart_tick ; Rise       ; uart_ctrl_inst|brg_inst|uart_tick|regout                      ;
; 0.500  ; 0.500        ; 0.000          ; Low Pulse Width  ; uart_controller:uart_ctrl_inst|baud_rate_gen:brg_inst|uart_tick ; Rise       ; uart_ctrl_inst|brg_inst|uart_tick|regout                      ;
; 0.500  ; 0.500        ; 0.000          ; High Pulse Width ; uart_controller:uart_ctrl_inst|baud_rate_gen:brg_inst|uart_tick ; Rise       ; uart_ctrl_inst|brg_inst|uart_tick~clkctrl|inclk[0]            ;
; 0.500  ; 0.500        ; 0.000          ; Low Pulse Width  ; uart_controller:uart_ctrl_inst|baud_rate_gen:brg_inst|uart_tick ; Rise       ; uart_ctrl_inst|brg_inst|uart_tick~clkctrl|inclk[0]            ;
; 0.500  ; 0.500        ; 0.000          ; High Pulse Width ; uart_controller:uart_ctrl_inst|baud_rate_gen:brg_inst|uart_tick ; Rise       ; uart_ctrl_inst|brg_inst|uart_tick~clkctrl|outclk              ;
; 0.500  ; 0.500        ; 0.000          ; Low Pulse Width  ; uart_controller:uart_ctrl_inst|baud_rate_gen:brg_inst|uart_tick ; Rise       ; uart_ctrl_inst|brg_inst|uart_tick~clkctrl|outclk              ;
; 0.500  ; 0.500        ; 0.000          ; High Pulse Width ; uart_controller:uart_ctrl_inst|baud_rate_gen:brg_inst|uart_tick ; Rise       ; uart_ctrl_inst|tx_inst|bit_cnt[0]|clk                         ;
; 0.500  ; 0.500        ; 0.000          ; Low Pulse Width  ; uart_controller:uart_ctrl_inst|baud_rate_gen:brg_inst|uart_tick ; Rise       ; uart_ctrl_inst|tx_inst|bit_cnt[0]|clk                         ;
; 0.500  ; 0.500        ; 0.000          ; High Pulse Width ; uart_controller:uart_ctrl_inst|baud_rate_gen:brg_inst|uart_tick ; Rise       ; uart_ctrl_inst|tx_inst|bit_cnt[1]|clk                         ;
; 0.500  ; 0.500        ; 0.000          ; Low Pulse Width  ; uart_controller:uart_ctrl_inst|baud_rate_gen:brg_inst|uart_tick ; Rise       ; uart_ctrl_inst|tx_inst|bit_cnt[1]|clk                         ;
; 0.500  ; 0.500        ; 0.000          ; High Pulse Width ; uart_controller:uart_ctrl_inst|baud_rate_gen:brg_inst|uart_tick ; Rise       ; uart_ctrl_inst|tx_inst|bit_cnt[2]|clk                         ;
; 0.500  ; 0.500        ; 0.000          ; Low Pulse Width  ; uart_controller:uart_ctrl_inst|baud_rate_gen:brg_inst|uart_tick ; Rise       ; uart_ctrl_inst|tx_inst|bit_cnt[2]|clk                         ;
; 0.500  ; 0.500        ; 0.000          ; High Pulse Width ; uart_controller:uart_ctrl_inst|baud_rate_gen:brg_inst|uart_tick ; Rise       ; uart_ctrl_inst|tx_inst|state.DATA|clk                         ;
; 0.500  ; 0.500        ; 0.000          ; Low Pulse Width  ; uart_controller:uart_ctrl_inst|baud_rate_gen:brg_inst|uart_tick ; Rise       ; uart_ctrl_inst|tx_inst|state.DATA|clk                         ;
; 0.500  ; 0.500        ; 0.000          ; High Pulse Width ; uart_controller:uart_ctrl_inst|baud_rate_gen:brg_inst|uart_tick ; Rise       ; uart_ctrl_inst|tx_inst|state.IDLE|clk                         ;
; 0.500  ; 0.500        ; 0.000          ; Low Pulse Width  ; uart_controller:uart_ctrl_inst|baud_rate_gen:brg_inst|uart_tick ; Rise       ; uart_ctrl_inst|tx_inst|state.IDLE|clk                         ;
; 0.500  ; 0.500        ; 0.000          ; High Pulse Width ; uart_controller:uart_ctrl_inst|baud_rate_gen:brg_inst|uart_tick ; Rise       ; uart_ctrl_inst|tx_inst|state.START|clk                        ;
; 0.500  ; 0.500        ; 0.000          ; Low Pulse Width  ; uart_controller:uart_ctrl_inst|baud_rate_gen:brg_inst|uart_tick ; Rise       ; uart_ctrl_inst|tx_inst|state.START|clk                        ;
; 0.500  ; 0.500        ; 0.000          ; High Pulse Width ; uart_controller:uart_ctrl_inst|baud_rate_gen:brg_inst|uart_tick ; Rise       ; uart_ctrl_inst|tx_inst|state.STOP|clk                         ;
; 0.500  ; 0.500        ; 0.000          ; Low Pulse Width  ; uart_controller:uart_ctrl_inst|baud_rate_gen:brg_inst|uart_tick ; Rise       ; uart_ctrl_inst|tx_inst|state.STOP|clk                         ;
; 0.500  ; 0.500        ; 0.000          ; High Pulse Width ; uart_controller:uart_ctrl_inst|baud_rate_gen:brg_inst|uart_tick ; Rise       ; uart_ctrl_inst|tx_inst|timeout_cnt[0]|clk                     ;
; 0.500  ; 0.500        ; 0.000          ; Low Pulse Width  ; uart_controller:uart_ctrl_inst|baud_rate_gen:brg_inst|uart_tick ; Rise       ; uart_ctrl_inst|tx_inst|timeout_cnt[0]|clk                     ;
; 0.500  ; 0.500        ; 0.000          ; High Pulse Width ; uart_controller:uart_ctrl_inst|baud_rate_gen:brg_inst|uart_tick ; Rise       ; uart_ctrl_inst|tx_inst|timeout_cnt[1]|clk                     ;
; 0.500  ; 0.500        ; 0.000          ; Low Pulse Width  ; uart_controller:uart_ctrl_inst|baud_rate_gen:brg_inst|uart_tick ; Rise       ; uart_ctrl_inst|tx_inst|timeout_cnt[1]|clk                     ;
; 0.500  ; 0.500        ; 0.000          ; High Pulse Width ; uart_controller:uart_ctrl_inst|baud_rate_gen:brg_inst|uart_tick ; Rise       ; uart_ctrl_inst|tx_inst|timeout_cnt[2]|clk                     ;
; 0.500  ; 0.500        ; 0.000          ; Low Pulse Width  ; uart_controller:uart_ctrl_inst|baud_rate_gen:brg_inst|uart_tick ; Rise       ; uart_ctrl_inst|tx_inst|timeout_cnt[2]|clk                     ;
; 0.500  ; 0.500        ; 0.000          ; High Pulse Width ; uart_controller:uart_ctrl_inst|baud_rate_gen:brg_inst|uart_tick ; Rise       ; uart_ctrl_inst|tx_inst|timeout_cnt[3]|clk                     ;
; 0.500  ; 0.500        ; 0.000          ; Low Pulse Width  ; uart_controller:uart_ctrl_inst|baud_rate_gen:brg_inst|uart_tick ; Rise       ; uart_ctrl_inst|tx_inst|timeout_cnt[3]|clk                     ;
; 0.500  ; 0.500        ; 0.000          ; High Pulse Width ; uart_controller:uart_ctrl_inst|baud_rate_gen:brg_inst|uart_tick ; Rise       ; uart_ctrl_inst|tx_inst|timeout_cnt[4]|clk                     ;
; 0.500  ; 0.500        ; 0.000          ; Low Pulse Width  ; uart_controller:uart_ctrl_inst|baud_rate_gen:brg_inst|uart_tick ; Rise       ; uart_ctrl_inst|tx_inst|timeout_cnt[4]|clk                     ;
; 0.500  ; 0.500        ; 0.000          ; High Pulse Width ; uart_controller:uart_ctrl_inst|baud_rate_gen:brg_inst|uart_tick ; Rise       ; uart_ctrl_inst|tx_inst|timeout_cnt[5]|clk                     ;
; 0.500  ; 0.500        ; 0.000          ; Low Pulse Width  ; uart_controller:uart_ctrl_inst|baud_rate_gen:brg_inst|uart_tick ; Rise       ; uart_ctrl_inst|tx_inst|timeout_cnt[5]|clk                     ;
; 0.500  ; 0.500        ; 0.000          ; High Pulse Width ; uart_controller:uart_ctrl_inst|baud_rate_gen:brg_inst|uart_tick ; Rise       ; uart_ctrl_inst|tx_inst|timeout_cnt[6]|clk                     ;
; 0.500  ; 0.500        ; 0.000          ; Low Pulse Width  ; uart_controller:uart_ctrl_inst|baud_rate_gen:brg_inst|uart_tick ; Rise       ; uart_ctrl_inst|tx_inst|timeout_cnt[6]|clk                     ;
; 0.500  ; 0.500        ; 0.000          ; High Pulse Width ; uart_controller:uart_ctrl_inst|baud_rate_gen:brg_inst|uart_tick ; Rise       ; uart_ctrl_inst|tx_inst|timeout_cnt[7]|clk                     ;
; 0.500  ; 0.500        ; 0.000          ; Low Pulse Width  ; uart_controller:uart_ctrl_inst|baud_rate_gen:brg_inst|uart_tick ; Rise       ; uart_ctrl_inst|tx_inst|timeout_cnt[7]|clk                     ;
; 0.500  ; 0.500        ; 0.000          ; High Pulse Width ; uart_controller:uart_ctrl_inst|baud_rate_gen:brg_inst|uart_tick ; Rise       ; uart_ctrl_inst|tx_inst|tx_reg[0]|clk                          ;
; 0.500  ; 0.500        ; 0.000          ; Low Pulse Width  ; uart_controller:uart_ctrl_inst|baud_rate_gen:brg_inst|uart_tick ; Rise       ; uart_ctrl_inst|tx_inst|tx_reg[0]|clk                          ;
; 0.500  ; 0.500        ; 0.000          ; High Pulse Width ; uart_controller:uart_ctrl_inst|baud_rate_gen:brg_inst|uart_tick ; Rise       ; uart_ctrl_inst|tx_inst|tx_reg[1]|clk                          ;
; 0.500  ; 0.500        ; 0.000          ; Low Pulse Width  ; uart_controller:uart_ctrl_inst|baud_rate_gen:brg_inst|uart_tick ; Rise       ; uart_ctrl_inst|tx_inst|tx_reg[1]|clk                          ;
; 0.500  ; 0.500        ; 0.000          ; High Pulse Width ; uart_controller:uart_ctrl_inst|baud_rate_gen:brg_inst|uart_tick ; Rise       ; uart_ctrl_inst|tx_inst|tx_reg[2]|clk                          ;
; 0.500  ; 0.500        ; 0.000          ; Low Pulse Width  ; uart_controller:uart_ctrl_inst|baud_rate_gen:brg_inst|uart_tick ; Rise       ; uart_ctrl_inst|tx_inst|tx_reg[2]|clk                          ;
; 0.500  ; 0.500        ; 0.000          ; High Pulse Width ; uart_controller:uart_ctrl_inst|baud_rate_gen:brg_inst|uart_tick ; Rise       ; uart_ctrl_inst|tx_inst|tx_reg[3]|clk                          ;
; 0.500  ; 0.500        ; 0.000          ; Low Pulse Width  ; uart_controller:uart_ctrl_inst|baud_rate_gen:brg_inst|uart_tick ; Rise       ; uart_ctrl_inst|tx_inst|tx_reg[3]|clk                          ;
; 0.500  ; 0.500        ; 0.000          ; High Pulse Width ; uart_controller:uart_ctrl_inst|baud_rate_gen:brg_inst|uart_tick ; Rise       ; uart_ctrl_inst|tx_inst|tx_reg[4]|clk                          ;
; 0.500  ; 0.500        ; 0.000          ; Low Pulse Width  ; uart_controller:uart_ctrl_inst|baud_rate_gen:brg_inst|uart_tick ; Rise       ; uart_ctrl_inst|tx_inst|tx_reg[4]|clk                          ;
; 0.500  ; 0.500        ; 0.000          ; High Pulse Width ; uart_controller:uart_ctrl_inst|baud_rate_gen:brg_inst|uart_tick ; Rise       ; uart_ctrl_inst|tx_inst|tx|clk                                 ;
; 0.500  ; 0.500        ; 0.000          ; Low Pulse Width  ; uart_controller:uart_ctrl_inst|baud_rate_gen:brg_inst|uart_tick ; Rise       ; uart_ctrl_inst|tx_inst|tx|clk                                 ;
+--------+--------------+----------------+------------------+-----------------------------------------------------------------+------------+---------------------------------------------------------------+


+------------------------------------------------------------------------------------------------------------------------------------------------------------------------+
; Setup Times                                                                                                                                                            ;
+-----------+---------------------------------------------------------------+-------+-------+------------+---------------------------------------------------------------+
; Data Port ; Clock Port                                                    ; Rise  ; Fall  ; Clock Edge ; Clock Reference                                               ;
+-----------+---------------------------------------------------------------+-------+-------+------------+---------------------------------------------------------------+
; UART_RXD  ; uart_controller:uart_ctrl_inst|baud_rate_gen:brg_inst|ov_tick ; 3.874 ; 3.874 ; Rise       ; uart_controller:uart_ctrl_inst|baud_rate_gen:brg_inst|ov_tick ;
+-----------+---------------------------------------------------------------+-------+-------+------------+---------------------------------------------------------------+


+--------------------------------------------------------------------------------------------------------------------------------------------------------------------------+
; Hold Times                                                                                                                                                               ;
+-----------+---------------------------------------------------------------+--------+--------+------------+---------------------------------------------------------------+
; Data Port ; Clock Port                                                    ; Rise   ; Fall   ; Clock Edge ; Clock Reference                                               ;
+-----------+---------------------------------------------------------------+--------+--------+------------+---------------------------------------------------------------+
; UART_RXD  ; uart_controller:uart_ctrl_inst|baud_rate_gen:brg_inst|ov_tick ; -3.023 ; -3.023 ; Rise       ; uart_controller:uart_ctrl_inst|baud_rate_gen:brg_inst|ov_tick ;
+-----------+---------------------------------------------------------------+--------+--------+------------+---------------------------------------------------------------+


+---------------------------------------------------------------------------------------------------------------------------------------------------------------------------------+
; Clock to Output Times                                                                                                                                                           ;
+----------------+-----------------------------------------------------------------+-------+-------+------------+-----------------------------------------------------------------+
; Data Port      ; Clock Port                                                      ; Rise  ; Fall  ; Clock Edge ; Clock Reference                                                 ;
+----------------+-----------------------------------------------------------------+-------+-------+------------+-----------------------------------------------------------------+
; HEX0[*]        ; CLOCK_50                                                        ; 4.341 ; 4.341 ; Rise       ; CLOCK_50                                                        ;
;  HEX0[0]       ; CLOCK_50                                                        ; 4.341 ; 4.341 ; Rise       ; CLOCK_50                                                        ;
;  HEX0[1]       ; CLOCK_50                                                        ; 4.300 ; 4.300 ; Rise       ; CLOCK_50                                                        ;
;  HEX0[2]       ; CLOCK_50                                                        ; 4.311 ; 4.311 ; Rise       ; CLOCK_50                                                        ;
;  HEX0[3]       ; CLOCK_50                                                        ; 4.324 ; 4.324 ; Rise       ; CLOCK_50                                                        ;
;  HEX0[4]       ; CLOCK_50                                                        ; 4.326 ; 4.326 ; Rise       ; CLOCK_50                                                        ;
;  HEX0[5]       ; CLOCK_50                                                        ; 4.314 ; 4.314 ; Rise       ; CLOCK_50                                                        ;
;  HEX0[6]       ; CLOCK_50                                                        ; 4.314 ; 4.314 ; Rise       ; CLOCK_50                                                        ;
; HEX1[*]        ; CLOCK_50                                                        ; 5.169 ; 5.169 ; Rise       ; CLOCK_50                                                        ;
;  HEX1[0]       ; CLOCK_50                                                        ; 5.169 ; 5.169 ; Rise       ; CLOCK_50                                                        ;
;  HEX1[1]       ; CLOCK_50                                                        ; 5.169 ; 5.169 ; Rise       ; CLOCK_50                                                        ;
;  HEX1[2]       ; CLOCK_50                                                        ; 4.937 ; 4.937 ; Rise       ; CLOCK_50                                                        ;
;  HEX1[3]       ; CLOCK_50                                                        ; 4.912 ; 4.912 ; Rise       ; CLOCK_50                                                        ;
;  HEX1[4]       ; CLOCK_50                                                        ; 4.948 ; 4.948 ; Rise       ; CLOCK_50                                                        ;
;  HEX1[5]       ; CLOCK_50                                                        ; 5.036 ; 5.036 ; Rise       ; CLOCK_50                                                        ;
;  HEX1[6]       ; CLOCK_50                                                        ; 5.064 ; 5.064 ; Rise       ; CLOCK_50                                                        ;
; HEX2[*]        ; CLOCK_50                                                        ; 5.108 ; 5.108 ; Rise       ; CLOCK_50                                                        ;
;  HEX2[0]       ; CLOCK_50                                                        ; 5.037 ; 5.037 ; Rise       ; CLOCK_50                                                        ;
;  HEX2[1]       ; CLOCK_50                                                        ; 4.931 ; 4.931 ; Rise       ; CLOCK_50                                                        ;
;  HEX2[2]       ; CLOCK_50                                                        ; 4.997 ; 4.997 ; Rise       ; CLOCK_50                                                        ;
;  HEX2[3]       ; CLOCK_50                                                        ; 4.979 ; 4.979 ; Rise       ; CLOCK_50                                                        ;
;  HEX2[4]       ; CLOCK_50                                                        ; 5.051 ; 5.051 ; Rise       ; CLOCK_50                                                        ;
;  HEX2[5]       ; CLOCK_50                                                        ; 5.108 ; 5.108 ; Rise       ; CLOCK_50                                                        ;
;  HEX2[6]       ; CLOCK_50                                                        ; 5.074 ; 5.074 ; Rise       ; CLOCK_50                                                        ;
; LEDR[*]        ; CLOCK_50                                                        ; 4.865 ; 4.865 ; Rise       ; CLOCK_50                                                        ;
;  LEDR[9]       ; CLOCK_50                                                        ; 4.451 ; 4.451 ; Rise       ; CLOCK_50                                                        ;
;  LEDR[10]      ; CLOCK_50                                                        ; 4.168 ; 4.168 ; Rise       ; CLOCK_50                                                        ;
;  LEDR[11]      ; CLOCK_50                                                        ; 4.238 ; 4.238 ; Rise       ; CLOCK_50                                                        ;
;  LEDR[12]      ; CLOCK_50                                                        ; 4.119 ; 4.119 ; Rise       ; CLOCK_50                                                        ;
;  LEDR[13]      ; CLOCK_50                                                        ; 4.865 ; 4.865 ; Rise       ; CLOCK_50                                                        ;
;  LEDR[15]      ; CLOCK_50                                                        ; 3.785 ; 3.785 ; Rise       ; CLOCK_50                                                        ;
;  LEDR[16]      ; CLOCK_50                                                        ; 3.685 ; 3.685 ; Rise       ; CLOCK_50                                                        ;
;  LEDR[17]      ; CLOCK_50                                                        ; 4.511 ; 4.511 ; Rise       ; CLOCK_50                                                        ;
; SRAM_ADDR[*]   ; CLOCK_50                                                        ; 4.099 ; 4.099 ; Rise       ; CLOCK_50                                                        ;
;  SRAM_ADDR[0]  ; CLOCK_50                                                        ; 4.094 ; 4.094 ; Rise       ; CLOCK_50                                                        ;
;  SRAM_ADDR[1]  ; CLOCK_50                                                        ; 4.099 ; 4.099 ; Rise       ; CLOCK_50                                                        ;
;  SRAM_ADDR[2]  ; CLOCK_50                                                        ; 4.074 ; 4.074 ; Rise       ; CLOCK_50                                                        ;
;  SRAM_ADDR[3]  ; CLOCK_50                                                        ; 4.056 ; 4.056 ; Rise       ; CLOCK_50                                                        ;
;  SRAM_ADDR[4]  ; CLOCK_50                                                        ; 3.971 ; 3.971 ; Rise       ; CLOCK_50                                                        ;
;  SRAM_ADDR[5]  ; CLOCK_50                                                        ; 4.002 ; 4.002 ; Rise       ; CLOCK_50                                                        ;
;  SRAM_ADDR[6]  ; CLOCK_50                                                        ; 4.058 ; 4.058 ; Rise       ; CLOCK_50                                                        ;
;  SRAM_ADDR[7]  ; CLOCK_50                                                        ; 3.999 ; 3.999 ; Rise       ; CLOCK_50                                                        ;
;  SRAM_ADDR[8]  ; CLOCK_50                                                        ; 4.007 ; 4.007 ; Rise       ; CLOCK_50                                                        ;
;  SRAM_ADDR[9]  ; CLOCK_50                                                        ; 3.976 ; 3.976 ; Rise       ; CLOCK_50                                                        ;
;  SRAM_ADDR[10] ; CLOCK_50                                                        ; 4.018 ; 4.018 ; Rise       ; CLOCK_50                                                        ;
;  SRAM_ADDR[11] ; CLOCK_50                                                        ; 3.975 ; 3.975 ; Rise       ; CLOCK_50                                                        ;
;  SRAM_ADDR[12] ; CLOCK_50                                                        ; 3.871 ; 3.871 ; Rise       ; CLOCK_50                                                        ;
;  SRAM_ADDR[13] ; CLOCK_50                                                        ; 3.914 ; 3.914 ; Rise       ; CLOCK_50                                                        ;
;  SRAM_ADDR[14] ; CLOCK_50                                                        ; 3.850 ; 3.850 ; Rise       ; CLOCK_50                                                        ;
;  SRAM_ADDR[15] ; CLOCK_50                                                        ; 3.850 ; 3.850 ; Rise       ; CLOCK_50                                                        ;
;  SRAM_ADDR[16] ; CLOCK_50                                                        ; 3.877 ; 3.877 ; Rise       ; CLOCK_50                                                        ;
;  SRAM_ADDR[17] ; CLOCK_50                                                        ; 3.866 ; 3.866 ; Rise       ; CLOCK_50                                                        ;
; SRAM_DQ[*]     ; CLOCK_50                                                        ; 4.103 ; 4.103 ; Rise       ; CLOCK_50                                                        ;
;  SRAM_DQ[0]    ; CLOCK_50                                                        ; 3.906 ; 3.906 ; Rise       ; CLOCK_50                                                        ;
;  SRAM_DQ[1]    ; CLOCK_50                                                        ; 3.821 ; 3.821 ; Rise       ; CLOCK_50                                                        ;
;  SRAM_DQ[2]    ; CLOCK_50                                                        ; 3.826 ; 3.826 ; Rise       ; CLOCK_50                                                        ;
;  SRAM_DQ[3]    ; CLOCK_50                                                        ; 4.000 ; 4.000 ; Rise       ; CLOCK_50                                                        ;
;  SRAM_DQ[4]    ; CLOCK_50                                                        ; 3.964 ; 3.964 ; Rise       ; CLOCK_50                                                        ;
;  SRAM_DQ[5]    ; CLOCK_50                                                        ; 3.692 ; 3.692 ; Rise       ; CLOCK_50                                                        ;
;  SRAM_DQ[6]    ; CLOCK_50                                                        ; 3.692 ; 3.692 ; Rise       ; CLOCK_50                                                        ;
;  SRAM_DQ[7]    ; CLOCK_50                                                        ; 3.646 ; 3.646 ; Rise       ; CLOCK_50                                                        ;
;  SRAM_DQ[8]    ; CLOCK_50                                                        ; 4.021 ; 4.021 ; Rise       ; CLOCK_50                                                        ;
;  SRAM_DQ[9]    ; CLOCK_50                                                        ; 4.026 ; 4.026 ; Rise       ; CLOCK_50                                                        ;
;  SRAM_DQ[10]   ; CLOCK_50                                                        ; 4.039 ; 4.039 ; Rise       ; CLOCK_50                                                        ;
;  SRAM_DQ[11]   ; CLOCK_50                                                        ; 4.035 ; 4.035 ; Rise       ; CLOCK_50                                                        ;
;  SRAM_DQ[12]   ; CLOCK_50                                                        ; 4.103 ; 4.103 ; Rise       ; CLOCK_50                                                        ;
;  SRAM_DQ[13]   ; CLOCK_50                                                        ; 3.940 ; 3.940 ; Rise       ; CLOCK_50                                                        ;
;  SRAM_DQ[14]   ; CLOCK_50                                                        ; 3.888 ; 3.888 ; Rise       ; CLOCK_50                                                        ;
;  SRAM_DQ[15]   ; CLOCK_50                                                        ; 3.909 ; 3.909 ; Rise       ; CLOCK_50                                                        ;
; SRAM_WE_N      ; CLOCK_50                                                        ; 3.663 ; 3.663 ; Rise       ; CLOCK_50                                                        ;
; LEDR[*]        ; uart_controller:uart_ctrl_inst|baud_rate_gen:brg_inst|ov_tick   ; 4.515 ; 4.515 ; Rise       ; uart_controller:uart_ctrl_inst|baud_rate_gen:brg_inst|ov_tick   ;
;  LEDR[0]       ; uart_controller:uart_ctrl_inst|baud_rate_gen:brg_inst|ov_tick   ; 4.327 ; 4.327 ; Rise       ; uart_controller:uart_ctrl_inst|baud_rate_gen:brg_inst|ov_tick   ;
;  LEDR[1]       ; uart_controller:uart_ctrl_inst|baud_rate_gen:brg_inst|ov_tick   ; 4.269 ; 4.269 ; Rise       ; uart_controller:uart_ctrl_inst|baud_rate_gen:brg_inst|ov_tick   ;
;  LEDR[2]       ; uart_controller:uart_ctrl_inst|baud_rate_gen:brg_inst|ov_tick   ; 4.277 ; 4.277 ; Rise       ; uart_controller:uart_ctrl_inst|baud_rate_gen:brg_inst|ov_tick   ;
;  LEDR[3]       ; uart_controller:uart_ctrl_inst|baud_rate_gen:brg_inst|ov_tick   ; 4.295 ; 4.295 ; Rise       ; uart_controller:uart_ctrl_inst|baud_rate_gen:brg_inst|ov_tick   ;
;  LEDR[4]       ; uart_controller:uart_ctrl_inst|baud_rate_gen:brg_inst|ov_tick   ; 3.970 ; 3.970 ; Rise       ; uart_controller:uart_ctrl_inst|baud_rate_gen:brg_inst|ov_tick   ;
;  LEDR[5]       ; uart_controller:uart_ctrl_inst|baud_rate_gen:brg_inst|ov_tick   ; 4.506 ; 4.506 ; Rise       ; uart_controller:uart_ctrl_inst|baud_rate_gen:brg_inst|ov_tick   ;
;  LEDR[6]       ; uart_controller:uart_ctrl_inst|baud_rate_gen:brg_inst|ov_tick   ; 4.270 ; 4.270 ; Rise       ; uart_controller:uart_ctrl_inst|baud_rate_gen:brg_inst|ov_tick   ;
;  LEDR[7]       ; uart_controller:uart_ctrl_inst|baud_rate_gen:brg_inst|ov_tick   ; 4.515 ; 4.515 ; Rise       ; uart_controller:uart_ctrl_inst|baud_rate_gen:brg_inst|ov_tick   ;
;  LEDR[8]       ; uart_controller:uart_ctrl_inst|baud_rate_gen:brg_inst|ov_tick   ; 3.616 ; 3.616 ; Rise       ; uart_controller:uart_ctrl_inst|baud_rate_gen:brg_inst|ov_tick   ;
; rx_valid_led   ; uart_controller:uart_ctrl_inst|baud_rate_gen:brg_inst|ov_tick   ; 3.394 ; 3.394 ; Rise       ; uart_controller:uart_ctrl_inst|baud_rate_gen:brg_inst|ov_tick   ;
; state_led[*]   ; uart_controller:uart_ctrl_inst|baud_rate_gen:brg_inst|ov_tick   ; 4.357 ; 4.357 ; Rise       ; uart_controller:uart_ctrl_inst|baud_rate_gen:brg_inst|ov_tick   ;
;  state_led[0]  ; uart_controller:uart_ctrl_inst|baud_rate_gen:brg_inst|ov_tick   ; 4.357 ; 4.357 ; Rise       ; uart_controller:uart_ctrl_inst|baud_rate_gen:brg_inst|ov_tick   ;
;  state_led[1]  ; uart_controller:uart_ctrl_inst|baud_rate_gen:brg_inst|ov_tick   ; 3.803 ; 3.803 ; Rise       ; uart_controller:uart_ctrl_inst|baud_rate_gen:brg_inst|ov_tick   ;
; LEDR[*]        ; uart_controller:uart_ctrl_inst|baud_rate_gen:brg_inst|uart_tick ; 3.513 ; 3.513 ; Rise       ; uart_controller:uart_ctrl_inst|baud_rate_gen:brg_inst|uart_tick ;
;  LEDR[14]      ; uart_controller:uart_ctrl_inst|baud_rate_gen:brg_inst|uart_tick ; 3.513 ; 3.513 ; Rise       ; uart_controller:uart_ctrl_inst|baud_rate_gen:brg_inst|uart_tick ;
; UART_TXD       ; uart_controller:uart_ctrl_inst|baud_rate_gen:brg_inst|uart_tick ; 5.053 ; 5.053 ; Rise       ; uart_controller:uart_ctrl_inst|baud_rate_gen:brg_inst|uart_tick ;
; tx_busy_led    ; uart_controller:uart_ctrl_inst|baud_rate_gen:brg_inst|uart_tick ; 3.581 ; 3.581 ; Rise       ; uart_controller:uart_ctrl_inst|baud_rate_gen:brg_inst|uart_tick ;
+----------------+-----------------------------------------------------------------+-------+-------+------------+-----------------------------------------------------------------+


+---------------------------------------------------------------------------------------------------------------------------------------------------------------------------------+
; Minimum Clock to Output Times                                                                                                                                                   ;
+----------------+-----------------------------------------------------------------+-------+-------+------------+-----------------------------------------------------------------+
; Data Port      ; Clock Port                                                      ; Rise  ; Fall  ; Clock Edge ; Clock Reference                                                 ;
+----------------+-----------------------------------------------------------------+-------+-------+------------+-----------------------------------------------------------------+
; HEX0[*]        ; CLOCK_50                                                        ; 3.858 ; 3.858 ; Rise       ; CLOCK_50                                                        ;
;  HEX0[0]       ; CLOCK_50                                                        ; 3.891 ; 3.891 ; Rise       ; CLOCK_50                                                        ;
;  HEX0[1]       ; CLOCK_50                                                        ; 3.858 ; 3.858 ; Rise       ; CLOCK_50                                                        ;
;  HEX0[2]       ; CLOCK_50                                                        ; 3.869 ; 3.869 ; Rise       ; CLOCK_50                                                        ;
;  HEX0[3]       ; CLOCK_50                                                        ; 4.043 ; 4.043 ; Rise       ; CLOCK_50                                                        ;
;  HEX0[4]       ; CLOCK_50                                                        ; 4.046 ; 4.046 ; Rise       ; CLOCK_50                                                        ;
;  HEX0[5]       ; CLOCK_50                                                        ; 4.033 ; 4.033 ; Rise       ; CLOCK_50                                                        ;
;  HEX0[6]       ; CLOCK_50                                                        ; 4.032 ; 4.032 ; Rise       ; CLOCK_50                                                        ;
; HEX1[*]        ; CLOCK_50                                                        ; 4.562 ; 4.562 ; Rise       ; CLOCK_50                                                        ;
;  HEX1[0]       ; CLOCK_50                                                        ; 4.814 ; 4.814 ; Rise       ; CLOCK_50                                                        ;
;  HEX1[1]       ; CLOCK_50                                                        ; 4.814 ; 4.814 ; Rise       ; CLOCK_50                                                        ;
;  HEX1[2]       ; CLOCK_50                                                        ; 4.585 ; 4.585 ; Rise       ; CLOCK_50                                                        ;
;  HEX1[3]       ; CLOCK_50                                                        ; 4.562 ; 4.562 ; Rise       ; CLOCK_50                                                        ;
;  HEX1[4]       ; CLOCK_50                                                        ; 4.607 ; 4.607 ; Rise       ; CLOCK_50                                                        ;
;  HEX1[5]       ; CLOCK_50                                                        ; 4.697 ; 4.697 ; Rise       ; CLOCK_50                                                        ;
;  HEX1[6]       ; CLOCK_50                                                        ; 4.719 ; 4.719 ; Rise       ; CLOCK_50                                                        ;
; HEX2[*]        ; CLOCK_50                                                        ; 4.612 ; 4.612 ; Rise       ; CLOCK_50                                                        ;
;  HEX2[0]       ; CLOCK_50                                                        ; 4.719 ; 4.719 ; Rise       ; CLOCK_50                                                        ;
;  HEX2[1]       ; CLOCK_50                                                        ; 4.612 ; 4.612 ; Rise       ; CLOCK_50                                                        ;
;  HEX2[2]       ; CLOCK_50                                                        ; 4.682 ; 4.682 ; Rise       ; CLOCK_50                                                        ;
;  HEX2[3]       ; CLOCK_50                                                        ; 4.660 ; 4.660 ; Rise       ; CLOCK_50                                                        ;
;  HEX2[4]       ; CLOCK_50                                                        ; 4.740 ; 4.740 ; Rise       ; CLOCK_50                                                        ;
;  HEX2[5]       ; CLOCK_50                                                        ; 4.790 ; 4.790 ; Rise       ; CLOCK_50                                                        ;
;  HEX2[6]       ; CLOCK_50                                                        ; 4.755 ; 4.755 ; Rise       ; CLOCK_50                                                        ;
; LEDR[*]        ; CLOCK_50                                                        ; 3.685 ; 3.685 ; Rise       ; CLOCK_50                                                        ;
;  LEDR[9]       ; CLOCK_50                                                        ; 4.130 ; 4.130 ; Rise       ; CLOCK_50                                                        ;
;  LEDR[10]      ; CLOCK_50                                                        ; 3.868 ; 3.868 ; Rise       ; CLOCK_50                                                        ;
;  LEDR[11]      ; CLOCK_50                                                        ; 3.915 ; 3.915 ; Rise       ; CLOCK_50                                                        ;
;  LEDR[12]      ; CLOCK_50                                                        ; 4.016 ; 4.016 ; Rise       ; CLOCK_50                                                        ;
;  LEDR[13]      ; CLOCK_50                                                        ; 4.317 ; 4.317 ; Rise       ; CLOCK_50                                                        ;
;  LEDR[15]      ; CLOCK_50                                                        ; 3.785 ; 3.785 ; Rise       ; CLOCK_50                                                        ;
;  LEDR[16]      ; CLOCK_50                                                        ; 3.685 ; 3.685 ; Rise       ; CLOCK_50                                                        ;
;  LEDR[17]      ; CLOCK_50                                                        ; 4.032 ; 4.032 ; Rise       ; CLOCK_50                                                        ;
; SRAM_ADDR[*]   ; CLOCK_50                                                        ; 3.850 ; 3.850 ; Rise       ; CLOCK_50                                                        ;
;  SRAM_ADDR[0]  ; CLOCK_50                                                        ; 4.094 ; 4.094 ; Rise       ; CLOCK_50                                                        ;
;  SRAM_ADDR[1]  ; CLOCK_50                                                        ; 4.099 ; 4.099 ; Rise       ; CLOCK_50                                                        ;
;  SRAM_ADDR[2]  ; CLOCK_50                                                        ; 4.074 ; 4.074 ; Rise       ; CLOCK_50                                                        ;
;  SRAM_ADDR[3]  ; CLOCK_50                                                        ; 4.056 ; 4.056 ; Rise       ; CLOCK_50                                                        ;
;  SRAM_ADDR[4]  ; CLOCK_50                                                        ; 3.971 ; 3.971 ; Rise       ; CLOCK_50                                                        ;
;  SRAM_ADDR[5]  ; CLOCK_50                                                        ; 4.002 ; 4.002 ; Rise       ; CLOCK_50                                                        ;
;  SRAM_ADDR[6]  ; CLOCK_50                                                        ; 4.058 ; 4.058 ; Rise       ; CLOCK_50                                                        ;
;  SRAM_ADDR[7]  ; CLOCK_50                                                        ; 3.999 ; 3.999 ; Rise       ; CLOCK_50                                                        ;
;  SRAM_ADDR[8]  ; CLOCK_50                                                        ; 4.007 ; 4.007 ; Rise       ; CLOCK_50                                                        ;
;  SRAM_ADDR[9]  ; CLOCK_50                                                        ; 3.976 ; 3.976 ; Rise       ; CLOCK_50                                                        ;
;  SRAM_ADDR[10] ; CLOCK_50                                                        ; 4.018 ; 4.018 ; Rise       ; CLOCK_50                                                        ;
;  SRAM_ADDR[11] ; CLOCK_50                                                        ; 3.975 ; 3.975 ; Rise       ; CLOCK_50                                                        ;
;  SRAM_ADDR[12] ; CLOCK_50                                                        ; 3.871 ; 3.871 ; Rise       ; CLOCK_50                                                        ;
;  SRAM_ADDR[13] ; CLOCK_50                                                        ; 3.914 ; 3.914 ; Rise       ; CLOCK_50                                                        ;
;  SRAM_ADDR[14] ; CLOCK_50                                                        ; 3.850 ; 3.850 ; Rise       ; CLOCK_50                                                        ;
;  SRAM_ADDR[15] ; CLOCK_50                                                        ; 3.850 ; 3.850 ; Rise       ; CLOCK_50                                                        ;
;  SRAM_ADDR[16] ; CLOCK_50                                                        ; 3.877 ; 3.877 ; Rise       ; CLOCK_50                                                        ;
;  SRAM_ADDR[17] ; CLOCK_50                                                        ; 3.866 ; 3.866 ; Rise       ; CLOCK_50                                                        ;
; SRAM_DQ[*]     ; CLOCK_50                                                        ; 3.646 ; 3.646 ; Rise       ; CLOCK_50                                                        ;
;  SRAM_DQ[0]    ; CLOCK_50                                                        ; 3.906 ; 3.906 ; Rise       ; CLOCK_50                                                        ;
;  SRAM_DQ[1]    ; CLOCK_50                                                        ; 3.821 ; 3.821 ; Rise       ; CLOCK_50                                                        ;
;  SRAM_DQ[2]    ; CLOCK_50                                                        ; 3.826 ; 3.826 ; Rise       ; CLOCK_50                                                        ;
;  SRAM_DQ[3]    ; CLOCK_50                                                        ; 4.000 ; 4.000 ; Rise       ; CLOCK_50                                                        ;
;  SRAM_DQ[4]    ; CLOCK_50                                                        ; 3.964 ; 3.964 ; Rise       ; CLOCK_50                                                        ;
;  SRAM_DQ[5]    ; CLOCK_50                                                        ; 3.692 ; 3.692 ; Rise       ; CLOCK_50                                                        ;
;  SRAM_DQ[6]    ; CLOCK_50                                                        ; 3.692 ; 3.692 ; Rise       ; CLOCK_50                                                        ;
;  SRAM_DQ[7]    ; CLOCK_50                                                        ; 3.646 ; 3.646 ; Rise       ; CLOCK_50                                                        ;
;  SRAM_DQ[8]    ; CLOCK_50                                                        ; 4.021 ; 4.021 ; Rise       ; CLOCK_50                                                        ;
;  SRAM_DQ[9]    ; CLOCK_50                                                        ; 4.026 ; 4.026 ; Rise       ; CLOCK_50                                                        ;
;  SRAM_DQ[10]   ; CLOCK_50                                                        ; 4.039 ; 4.039 ; Rise       ; CLOCK_50                                                        ;
;  SRAM_DQ[11]   ; CLOCK_50                                                        ; 4.035 ; 4.035 ; Rise       ; CLOCK_50                                                        ;
;  SRAM_DQ[12]   ; CLOCK_50                                                        ; 4.103 ; 4.103 ; Rise       ; CLOCK_50                                                        ;
;  SRAM_DQ[13]   ; CLOCK_50                                                        ; 3.940 ; 3.940 ; Rise       ; CLOCK_50                                                        ;
;  SRAM_DQ[14]   ; CLOCK_50                                                        ; 3.888 ; 3.888 ; Rise       ; CLOCK_50                                                        ;
;  SRAM_DQ[15]   ; CLOCK_50                                                        ; 3.909 ; 3.909 ; Rise       ; CLOCK_50                                                        ;
; SRAM_WE_N      ; CLOCK_50                                                        ; 3.663 ; 3.663 ; Rise       ; CLOCK_50                                                        ;
; LEDR[*]        ; uart_controller:uart_ctrl_inst|baud_rate_gen:brg_inst|ov_tick   ; 3.616 ; 3.616 ; Rise       ; uart_controller:uart_ctrl_inst|baud_rate_gen:brg_inst|ov_tick   ;
;  LEDR[0]       ; uart_controller:uart_ctrl_inst|baud_rate_gen:brg_inst|ov_tick   ; 4.327 ; 4.327 ; Rise       ; uart_controller:uart_ctrl_inst|baud_rate_gen:brg_inst|ov_tick   ;
;  LEDR[1]       ; uart_controller:uart_ctrl_inst|baud_rate_gen:brg_inst|ov_tick   ; 4.269 ; 4.269 ; Rise       ; uart_controller:uart_ctrl_inst|baud_rate_gen:brg_inst|ov_tick   ;
;  LEDR[2]       ; uart_controller:uart_ctrl_inst|baud_rate_gen:brg_inst|ov_tick   ; 4.277 ; 4.277 ; Rise       ; uart_controller:uart_ctrl_inst|baud_rate_gen:brg_inst|ov_tick   ;
;  LEDR[3]       ; uart_controller:uart_ctrl_inst|baud_rate_gen:brg_inst|ov_tick   ; 4.295 ; 4.295 ; Rise       ; uart_controller:uart_ctrl_inst|baud_rate_gen:brg_inst|ov_tick   ;
;  LEDR[4]       ; uart_controller:uart_ctrl_inst|baud_rate_gen:brg_inst|ov_tick   ; 3.970 ; 3.970 ; Rise       ; uart_controller:uart_ctrl_inst|baud_rate_gen:brg_inst|ov_tick   ;
;  LEDR[5]       ; uart_controller:uart_ctrl_inst|baud_rate_gen:brg_inst|ov_tick   ; 4.506 ; 4.506 ; Rise       ; uart_controller:uart_ctrl_inst|baud_rate_gen:brg_inst|ov_tick   ;
;  LEDR[6]       ; uart_controller:uart_ctrl_inst|baud_rate_gen:brg_inst|ov_tick   ; 4.270 ; 4.270 ; Rise       ; uart_controller:uart_ctrl_inst|baud_rate_gen:brg_inst|ov_tick   ;
;  LEDR[7]       ; uart_controller:uart_ctrl_inst|baud_rate_gen:brg_inst|ov_tick   ; 4.515 ; 4.515 ; Rise       ; uart_controller:uart_ctrl_inst|baud_rate_gen:brg_inst|ov_tick   ;
;  LEDR[8]       ; uart_controller:uart_ctrl_inst|baud_rate_gen:brg_inst|ov_tick   ; 3.616 ; 3.616 ; Rise       ; uart_controller:uart_ctrl_inst|baud_rate_gen:brg_inst|ov_tick   ;
; rx_valid_led   ; uart_controller:uart_ctrl_inst|baud_rate_gen:brg_inst|ov_tick   ; 3.394 ; 3.394 ; Rise       ; uart_controller:uart_ctrl_inst|baud_rate_gen:brg_inst|ov_tick   ;
; state_led[*]   ; uart_controller:uart_ctrl_inst|baud_rate_gen:brg_inst|ov_tick   ; 3.764 ; 3.764 ; Rise       ; uart_controller:uart_ctrl_inst|baud_rate_gen:brg_inst|ov_tick   ;
;  state_led[0]  ; uart_controller:uart_ctrl_inst|baud_rate_gen:brg_inst|ov_tick   ; 4.327 ; 4.327 ; Rise       ; uart_controller:uart_ctrl_inst|baud_rate_gen:brg_inst|ov_tick   ;
;  state_led[1]  ; uart_controller:uart_ctrl_inst|baud_rate_gen:brg_inst|ov_tick   ; 3.764 ; 3.764 ; Rise       ; uart_controller:uart_ctrl_inst|baud_rate_gen:brg_inst|ov_tick   ;
; LEDR[*]        ; uart_controller:uart_ctrl_inst|baud_rate_gen:brg_inst|uart_tick ; 3.513 ; 3.513 ; Rise       ; uart_controller:uart_ctrl_inst|baud_rate_gen:brg_inst|uart_tick ;
;  LEDR[14]      ; uart_controller:uart_ctrl_inst|baud_rate_gen:brg_inst|uart_tick ; 3.513 ; 3.513 ; Rise       ; uart_controller:uart_ctrl_inst|baud_rate_gen:brg_inst|uart_tick ;
; UART_TXD       ; uart_controller:uart_ctrl_inst|baud_rate_gen:brg_inst|uart_tick ; 5.053 ; 5.053 ; Rise       ; uart_controller:uart_ctrl_inst|baud_rate_gen:brg_inst|uart_tick ;
; tx_busy_led    ; uart_controller:uart_ctrl_inst|baud_rate_gen:brg_inst|uart_tick ; 3.581 ; 3.581 ; Rise       ; uart_controller:uart_ctrl_inst|baud_rate_gen:brg_inst|uart_tick ;
+----------------+-----------------------------------------------------------------+-------+-------+------------+-----------------------------------------------------------------+


+-------------------------------------------------------------------------+
; Output Enable Times                                                     ;
+--------------+------------+-------+------+------------+-----------------+
; Data Port    ; Clock Port ; Rise  ; Fall ; Clock Edge ; Clock Reference ;
+--------------+------------+-------+------+------------+-----------------+
; SRAM_DQ[*]   ; CLOCK_50   ; 3.729 ;      ; Rise       ; CLOCK_50        ;
;  SRAM_DQ[0]  ; CLOCK_50   ; 3.991 ;      ; Rise       ; CLOCK_50        ;
;  SRAM_DQ[1]  ; CLOCK_50   ; 4.001 ;      ; Rise       ; CLOCK_50        ;
;  SRAM_DQ[2]  ; CLOCK_50   ; 3.991 ;      ; Rise       ; CLOCK_50        ;
;  SRAM_DQ[3]  ; CLOCK_50   ; 3.971 ;      ; Rise       ; CLOCK_50        ;
;  SRAM_DQ[4]  ; CLOCK_50   ; 3.831 ;      ; Rise       ; CLOCK_50        ;
;  SRAM_DQ[5]  ; CLOCK_50   ; 3.831 ;      ; Rise       ; CLOCK_50        ;
;  SRAM_DQ[6]  ; CLOCK_50   ; 3.831 ;      ; Rise       ; CLOCK_50        ;
;  SRAM_DQ[7]  ; CLOCK_50   ; 3.816 ;      ; Rise       ; CLOCK_50        ;
;  SRAM_DQ[8]  ; CLOCK_50   ; 3.866 ;      ; Rise       ; CLOCK_50        ;
;  SRAM_DQ[9]  ; CLOCK_50   ; 3.866 ;      ; Rise       ; CLOCK_50        ;
;  SRAM_DQ[10] ; CLOCK_50   ; 3.753 ;      ; Rise       ; CLOCK_50        ;
;  SRAM_DQ[11] ; CLOCK_50   ; 3.753 ;      ; Rise       ; CLOCK_50        ;
;  SRAM_DQ[12] ; CLOCK_50   ; 3.747 ;      ; Rise       ; CLOCK_50        ;
;  SRAM_DQ[13] ; CLOCK_50   ; 3.747 ;      ; Rise       ; CLOCK_50        ;
;  SRAM_DQ[14] ; CLOCK_50   ; 3.729 ;      ; Rise       ; CLOCK_50        ;
;  SRAM_DQ[15] ; CLOCK_50   ; 3.734 ;      ; Rise       ; CLOCK_50        ;
+--------------+------------+-------+------+------------+-----------------+


+-------------------------------------------------------------------------+
; Minimum Output Enable Times                                             ;
+--------------+------------+-------+------+------------+-----------------+
; Data Port    ; Clock Port ; Rise  ; Fall ; Clock Edge ; Clock Reference ;
+--------------+------------+-------+------+------------+-----------------+
; SRAM_DQ[*]   ; CLOCK_50   ; 3.729 ;      ; Rise       ; CLOCK_50        ;
;  SRAM_DQ[0]  ; CLOCK_50   ; 3.991 ;      ; Rise       ; CLOCK_50        ;
;  SRAM_DQ[1]  ; CLOCK_50   ; 4.001 ;      ; Rise       ; CLOCK_50        ;
;  SRAM_DQ[2]  ; CLOCK_50   ; 3.991 ;      ; Rise       ; CLOCK_50        ;
;  SRAM_DQ[3]  ; CLOCK_50   ; 3.971 ;      ; Rise       ; CLOCK_50        ;
;  SRAM_DQ[4]  ; CLOCK_50   ; 3.831 ;      ; Rise       ; CLOCK_50        ;
;  SRAM_DQ[5]  ; CLOCK_50   ; 3.831 ;      ; Rise       ; CLOCK_50        ;
;  SRAM_DQ[6]  ; CLOCK_50   ; 3.831 ;      ; Rise       ; CLOCK_50        ;
;  SRAM_DQ[7]  ; CLOCK_50   ; 3.816 ;      ; Rise       ; CLOCK_50        ;
;  SRAM_DQ[8]  ; CLOCK_50   ; 3.866 ;      ; Rise       ; CLOCK_50        ;
;  SRAM_DQ[9]  ; CLOCK_50   ; 3.866 ;      ; Rise       ; CLOCK_50        ;
;  SRAM_DQ[10] ; CLOCK_50   ; 3.753 ;      ; Rise       ; CLOCK_50        ;
;  SRAM_DQ[11] ; CLOCK_50   ; 3.753 ;      ; Rise       ; CLOCK_50        ;
;  SRAM_DQ[12] ; CLOCK_50   ; 3.747 ;      ; Rise       ; CLOCK_50        ;
;  SRAM_DQ[13] ; CLOCK_50   ; 3.747 ;      ; Rise       ; CLOCK_50        ;
;  SRAM_DQ[14] ; CLOCK_50   ; 3.729 ;      ; Rise       ; CLOCK_50        ;
;  SRAM_DQ[15] ; CLOCK_50   ; 3.734 ;      ; Rise       ; CLOCK_50        ;
+--------------+------------+-------+------+------------+-----------------+


+----------------------------------------------------------------------------------+
; Output Disable Times                                                             ;
+--------------+------------+-----------+-----------+------------+-----------------+
; Data Port    ; Clock Port ; 0 to Hi-Z ; 1 to Hi-Z ; Clock Edge ; Clock Reference ;
+--------------+------------+-----------+-----------+------------+-----------------+
; SRAM_DQ[*]   ; CLOCK_50   ; 3.729     ;           ; Rise       ; CLOCK_50        ;
;  SRAM_DQ[0]  ; CLOCK_50   ; 3.991     ;           ; Rise       ; CLOCK_50        ;
;  SRAM_DQ[1]  ; CLOCK_50   ; 4.001     ;           ; Rise       ; CLOCK_50        ;
;  SRAM_DQ[2]  ; CLOCK_50   ; 3.991     ;           ; Rise       ; CLOCK_50        ;
;  SRAM_DQ[3]  ; CLOCK_50   ; 3.971     ;           ; Rise       ; CLOCK_50        ;
;  SRAM_DQ[4]  ; CLOCK_50   ; 3.831     ;           ; Rise       ; CLOCK_50        ;
;  SRAM_DQ[5]  ; CLOCK_50   ; 3.831     ;           ; Rise       ; CLOCK_50        ;
;  SRAM_DQ[6]  ; CLOCK_50   ; 3.831     ;           ; Rise       ; CLOCK_50        ;
;  SRAM_DQ[7]  ; CLOCK_50   ; 3.816     ;           ; Rise       ; CLOCK_50        ;
;  SRAM_DQ[8]  ; CLOCK_50   ; 3.866     ;           ; Rise       ; CLOCK_50        ;
;  SRAM_DQ[9]  ; CLOCK_50   ; 3.866     ;           ; Rise       ; CLOCK_50        ;
;  SRAM_DQ[10] ; CLOCK_50   ; 3.753     ;           ; Rise       ; CLOCK_50        ;
;  SRAM_DQ[11] ; CLOCK_50   ; 3.753     ;           ; Rise       ; CLOCK_50        ;
;  SRAM_DQ[12] ; CLOCK_50   ; 3.747     ;           ; Rise       ; CLOCK_50        ;
;  SRAM_DQ[13] ; CLOCK_50   ; 3.747     ;           ; Rise       ; CLOCK_50        ;
;  SRAM_DQ[14] ; CLOCK_50   ; 3.729     ;           ; Rise       ; CLOCK_50        ;
;  SRAM_DQ[15] ; CLOCK_50   ; 3.734     ;           ; Rise       ; CLOCK_50        ;
+--------------+------------+-----------+-----------+------------+-----------------+


+----------------------------------------------------------------------------------+
; Minimum Output Disable Times                                                     ;
+--------------+------------+-----------+-----------+------------+-----------------+
; Data Port    ; Clock Port ; 0 to Hi-Z ; 1 to Hi-Z ; Clock Edge ; Clock Reference ;
+--------------+------------+-----------+-----------+------------+-----------------+
; SRAM_DQ[*]   ; CLOCK_50   ; 3.729     ;           ; Rise       ; CLOCK_50        ;
;  SRAM_DQ[0]  ; CLOCK_50   ; 3.991     ;           ; Rise       ; CLOCK_50        ;
;  SRAM_DQ[1]  ; CLOCK_50   ; 4.001     ;           ; Rise       ; CLOCK_50        ;
;  SRAM_DQ[2]  ; CLOCK_50   ; 3.991     ;           ; Rise       ; CLOCK_50        ;
;  SRAM_DQ[3]  ; CLOCK_50   ; 3.971     ;           ; Rise       ; CLOCK_50        ;
;  SRAM_DQ[4]  ; CLOCK_50   ; 3.831     ;           ; Rise       ; CLOCK_50        ;
;  SRAM_DQ[5]  ; CLOCK_50   ; 3.831     ;           ; Rise       ; CLOCK_50        ;
;  SRAM_DQ[6]  ; CLOCK_50   ; 3.831     ;           ; Rise       ; CLOCK_50        ;
;  SRAM_DQ[7]  ; CLOCK_50   ; 3.816     ;           ; Rise       ; CLOCK_50        ;
;  SRAM_DQ[8]  ; CLOCK_50   ; 3.866     ;           ; Rise       ; CLOCK_50        ;
;  SRAM_DQ[9]  ; CLOCK_50   ; 3.866     ;           ; Rise       ; CLOCK_50        ;
;  SRAM_DQ[10] ; CLOCK_50   ; 3.753     ;           ; Rise       ; CLOCK_50        ;
;  SRAM_DQ[11] ; CLOCK_50   ; 3.753     ;           ; Rise       ; CLOCK_50        ;
;  SRAM_DQ[12] ; CLOCK_50   ; 3.747     ;           ; Rise       ; CLOCK_50        ;
;  SRAM_DQ[13] ; CLOCK_50   ; 3.747     ;           ; Rise       ; CLOCK_50        ;
;  SRAM_DQ[14] ; CLOCK_50   ; 3.729     ;           ; Rise       ; CLOCK_50        ;
;  SRAM_DQ[15] ; CLOCK_50   ; 3.734     ;           ; Rise       ; CLOCK_50        ;
+--------------+------------+-----------+-----------+------------+-----------------+


+--------------------------------------------------------------------------------------------------------------------------------+
; Multicorner Timing Analysis Summary                                                                                            ;
+------------------------------------------------------------------+----------+-------+----------+---------+---------------------+
; Clock                                                            ; Setup    ; Hold  ; Recovery ; Removal ; Minimum Pulse Width ;
+------------------------------------------------------------------+----------+-------+----------+---------+---------------------+
; Worst-case Slack                                                 ; -4.202   ; 0.170 ; -1.247   ; 1.104   ; -1.627              ;
;  CLOCK_50                                                        ; -4.202   ; 0.170 ; N/A      ; N/A     ; -1.627              ;
;  uart_controller:uart_ctrl_inst|baud_rate_gen:brg_inst|ov_tick   ; -2.130   ; 0.215 ; -1.247   ; 1.104   ; -0.500              ;
;  uart_controller:uart_ctrl_inst|baud_rate_gen:brg_inst|uart_tick ; -1.934   ; 0.215 ; N/A      ; N/A     ; -0.500              ;
; Design-wide TNS                                                  ; -490.36  ; 0.0   ; -11.223  ; 0.0     ; -363.762            ;
;  CLOCK_50                                                        ; -411.542 ; 0.000 ; N/A      ; N/A     ; -304.762            ;
;  uart_controller:uart_ctrl_inst|baud_rate_gen:brg_inst|ov_tick   ; -57.093  ; 0.000 ; -11.223  ; 0.000   ; -38.000             ;
;  uart_controller:uart_ctrl_inst|baud_rate_gen:brg_inst|uart_tick ; -21.725  ; 0.000 ; N/A      ; N/A     ; -21.000             ;
+------------------------------------------------------------------+----------+-------+----------+---------+---------------------+


+------------------------------------------------------------------------------------------------------------------------------------------------------------------------+
; Setup Times                                                                                                                                                            ;
+-----------+---------------------------------------------------------------+-------+-------+------------+---------------------------------------------------------------+
; Data Port ; Clock Port                                                    ; Rise  ; Fall  ; Clock Edge ; Clock Reference                                               ;
+-----------+---------------------------------------------------------------+-------+-------+------------+---------------------------------------------------------------+
; UART_RXD  ; uart_controller:uart_ctrl_inst|baud_rate_gen:brg_inst|ov_tick ; 7.177 ; 7.177 ; Rise       ; uart_controller:uart_ctrl_inst|baud_rate_gen:brg_inst|ov_tick ;
+-----------+---------------------------------------------------------------+-------+-------+------------+---------------------------------------------------------------+


+--------------------------------------------------------------------------------------------------------------------------------------------------------------------------+
; Hold Times                                                                                                                                                               ;
+-----------+---------------------------------------------------------------+--------+--------+------------+---------------------------------------------------------------+
; Data Port ; Clock Port                                                    ; Rise   ; Fall   ; Clock Edge ; Clock Reference                                               ;
+-----------+---------------------------------------------------------------+--------+--------+------------+---------------------------------------------------------------+
; UART_RXD  ; uart_controller:uart_ctrl_inst|baud_rate_gen:brg_inst|ov_tick ; -3.023 ; -3.023 ; Rise       ; uart_controller:uart_ctrl_inst|baud_rate_gen:brg_inst|ov_tick ;
+-----------+---------------------------------------------------------------+--------+--------+------------+---------------------------------------------------------------+


+---------------------------------------------------------------------------------------------------------------------------------------------------------------------------------+
; Clock to Output Times                                                                                                                                                           ;
+----------------+-----------------------------------------------------------------+-------+-------+------------+-----------------------------------------------------------------+
; Data Port      ; Clock Port                                                      ; Rise  ; Fall  ; Clock Edge ; Clock Reference                                                 ;
+----------------+-----------------------------------------------------------------+-------+-------+------------+-----------------------------------------------------------------+
; HEX0[*]        ; CLOCK_50                                                        ; 7.844 ; 7.844 ; Rise       ; CLOCK_50                                                        ;
;  HEX0[0]       ; CLOCK_50                                                        ; 7.844 ; 7.844 ; Rise       ; CLOCK_50                                                        ;
;  HEX0[1]       ; CLOCK_50                                                        ; 7.806 ; 7.806 ; Rise       ; CLOCK_50                                                        ;
;  HEX0[2]       ; CLOCK_50                                                        ; 7.817 ; 7.817 ; Rise       ; CLOCK_50                                                        ;
;  HEX0[3]       ; CLOCK_50                                                        ; 7.837 ; 7.837 ; Rise       ; CLOCK_50                                                        ;
;  HEX0[4]       ; CLOCK_50                                                        ; 7.810 ; 7.810 ; Rise       ; CLOCK_50                                                        ;
;  HEX0[5]       ; CLOCK_50                                                        ; 7.793 ; 7.793 ; Rise       ; CLOCK_50                                                        ;
;  HEX0[6]       ; CLOCK_50                                                        ; 7.826 ; 7.826 ; Rise       ; CLOCK_50                                                        ;
; HEX1[*]        ; CLOCK_50                                                        ; 9.711 ; 9.711 ; Rise       ; CLOCK_50                                                        ;
;  HEX1[0]       ; CLOCK_50                                                        ; 9.710 ; 9.710 ; Rise       ; CLOCK_50                                                        ;
;  HEX1[1]       ; CLOCK_50                                                        ; 9.711 ; 9.711 ; Rise       ; CLOCK_50                                                        ;
;  HEX1[2]       ; CLOCK_50                                                        ; 9.310 ; 9.310 ; Rise       ; CLOCK_50                                                        ;
;  HEX1[3]       ; CLOCK_50                                                        ; 9.261 ; 9.261 ; Rise       ; CLOCK_50                                                        ;
;  HEX1[4]       ; CLOCK_50                                                        ; 9.315 ; 9.315 ; Rise       ; CLOCK_50                                                        ;
;  HEX1[5]       ; CLOCK_50                                                        ; 9.544 ; 9.544 ; Rise       ; CLOCK_50                                                        ;
;  HEX1[6]       ; CLOCK_50                                                        ; 9.574 ; 9.574 ; Rise       ; CLOCK_50                                                        ;
; HEX2[*]        ; CLOCK_50                                                        ; 9.630 ; 9.630 ; Rise       ; CLOCK_50                                                        ;
;  HEX2[0]       ; CLOCK_50                                                        ; 9.488 ; 9.488 ; Rise       ; CLOCK_50                                                        ;
;  HEX2[1]       ; CLOCK_50                                                        ; 9.281 ; 9.281 ; Rise       ; CLOCK_50                                                        ;
;  HEX2[2]       ; CLOCK_50                                                        ; 9.364 ; 9.364 ; Rise       ; CLOCK_50                                                        ;
;  HEX2[3]       ; CLOCK_50                                                        ; 9.328 ; 9.328 ; Rise       ; CLOCK_50                                                        ;
;  HEX2[4]       ; CLOCK_50                                                        ; 9.517 ; 9.517 ; Rise       ; CLOCK_50                                                        ;
;  HEX2[5]       ; CLOCK_50                                                        ; 9.630 ; 9.630 ; Rise       ; CLOCK_50                                                        ;
;  HEX2[6]       ; CLOCK_50                                                        ; 9.577 ; 9.577 ; Rise       ; CLOCK_50                                                        ;
; LEDR[*]        ; CLOCK_50                                                        ; 9.176 ; 9.176 ; Rise       ; CLOCK_50                                                        ;
;  LEDR[9]       ; CLOCK_50                                                        ; 8.235 ; 8.235 ; Rise       ; CLOCK_50                                                        ;
;  LEDR[10]      ; CLOCK_50                                                        ; 7.568 ; 7.568 ; Rise       ; CLOCK_50                                                        ;
;  LEDR[11]      ; CLOCK_50                                                        ; 7.727 ; 7.727 ; Rise       ; CLOCK_50                                                        ;
;  LEDR[12]      ; CLOCK_50                                                        ; 7.464 ; 7.464 ; Rise       ; CLOCK_50                                                        ;
;  LEDR[13]      ; CLOCK_50                                                        ; 9.176 ; 9.176 ; Rise       ; CLOCK_50                                                        ;
;  LEDR[15]      ; CLOCK_50                                                        ; 6.646 ; 6.646 ; Rise       ; CLOCK_50                                                        ;
;  LEDR[16]      ; CLOCK_50                                                        ; 6.411 ; 6.411 ; Rise       ; CLOCK_50                                                        ;
;  LEDR[17]      ; CLOCK_50                                                        ; 8.249 ; 8.249 ; Rise       ; CLOCK_50                                                        ;
; SRAM_ADDR[*]   ; CLOCK_50                                                        ; 7.317 ; 7.317 ; Rise       ; CLOCK_50                                                        ;
;  SRAM_ADDR[0]  ; CLOCK_50                                                        ; 7.317 ; 7.317 ; Rise       ; CLOCK_50                                                        ;
;  SRAM_ADDR[1]  ; CLOCK_50                                                        ; 7.279 ; 7.279 ; Rise       ; CLOCK_50                                                        ;
;  SRAM_ADDR[2]  ; CLOCK_50                                                        ; 7.301 ; 7.301 ; Rise       ; CLOCK_50                                                        ;
;  SRAM_ADDR[3]  ; CLOCK_50                                                        ; 7.225 ; 7.225 ; Rise       ; CLOCK_50                                                        ;
;  SRAM_ADDR[4]  ; CLOCK_50                                                        ; 7.032 ; 7.032 ; Rise       ; CLOCK_50                                                        ;
;  SRAM_ADDR[5]  ; CLOCK_50                                                        ; 7.119 ; 7.119 ; Rise       ; CLOCK_50                                                        ;
;  SRAM_ADDR[6]  ; CLOCK_50                                                        ; 7.195 ; 7.195 ; Rise       ; CLOCK_50                                                        ;
;  SRAM_ADDR[7]  ; CLOCK_50                                                        ; 7.100 ; 7.100 ; Rise       ; CLOCK_50                                                        ;
;  SRAM_ADDR[8]  ; CLOCK_50                                                        ; 7.131 ; 7.131 ; Rise       ; CLOCK_50                                                        ;
;  SRAM_ADDR[9]  ; CLOCK_50                                                        ; 7.078 ; 7.078 ; Rise       ; CLOCK_50                                                        ;
;  SRAM_ADDR[10] ; CLOCK_50                                                        ; 7.150 ; 7.150 ; Rise       ; CLOCK_50                                                        ;
;  SRAM_ADDR[11] ; CLOCK_50                                                        ; 7.076 ; 7.076 ; Rise       ; CLOCK_50                                                        ;
;  SRAM_ADDR[12] ; CLOCK_50                                                        ; 6.849 ; 6.849 ; Rise       ; CLOCK_50                                                        ;
;  SRAM_ADDR[13] ; CLOCK_50                                                        ; 6.893 ; 6.893 ; Rise       ; CLOCK_50                                                        ;
;  SRAM_ADDR[14] ; CLOCK_50                                                        ; 6.825 ; 6.825 ; Rise       ; CLOCK_50                                                        ;
;  SRAM_ADDR[15] ; CLOCK_50                                                        ; 6.827 ; 6.827 ; Rise       ; CLOCK_50                                                        ;
;  SRAM_ADDR[16] ; CLOCK_50                                                        ; 6.854 ; 6.854 ; Rise       ; CLOCK_50                                                        ;
;  SRAM_ADDR[17] ; CLOCK_50                                                        ; 6.844 ; 6.844 ; Rise       ; CLOCK_50                                                        ;
; SRAM_DQ[*]     ; CLOCK_50                                                        ; 7.345 ; 7.345 ; Rise       ; CLOCK_50                                                        ;
;  SRAM_DQ[0]    ; CLOCK_50                                                        ; 6.898 ; 6.898 ; Rise       ; CLOCK_50                                                        ;
;  SRAM_DQ[1]    ; CLOCK_50                                                        ; 6.695 ; 6.695 ; Rise       ; CLOCK_50                                                        ;
;  SRAM_DQ[2]    ; CLOCK_50                                                        ; 6.704 ; 6.704 ; Rise       ; CLOCK_50                                                        ;
;  SRAM_DQ[3]    ; CLOCK_50                                                        ; 7.112 ; 7.112 ; Rise       ; CLOCK_50                                                        ;
;  SRAM_DQ[4]    ; CLOCK_50                                                        ; 7.068 ; 7.068 ; Rise       ; CLOCK_50                                                        ;
;  SRAM_DQ[5]    ; CLOCK_50                                                        ; 6.469 ; 6.469 ; Rise       ; CLOCK_50                                                        ;
;  SRAM_DQ[6]    ; CLOCK_50                                                        ; 6.466 ; 6.466 ; Rise       ; CLOCK_50                                                        ;
;  SRAM_DQ[7]    ; CLOCK_50                                                        ; 6.384 ; 6.384 ; Rise       ; CLOCK_50                                                        ;
;  SRAM_DQ[8]    ; CLOCK_50                                                        ; 7.129 ; 7.129 ; Rise       ; CLOCK_50                                                        ;
;  SRAM_DQ[9]    ; CLOCK_50                                                        ; 7.138 ; 7.138 ; Rise       ; CLOCK_50                                                        ;
;  SRAM_DQ[10]   ; CLOCK_50                                                        ; 7.163 ; 7.163 ; Rise       ; CLOCK_50                                                        ;
;  SRAM_DQ[11]   ; CLOCK_50                                                        ; 7.161 ; 7.161 ; Rise       ; CLOCK_50                                                        ;
;  SRAM_DQ[12]   ; CLOCK_50                                                        ; 7.345 ; 7.345 ; Rise       ; CLOCK_50                                                        ;
;  SRAM_DQ[13]   ; CLOCK_50                                                        ; 6.946 ; 6.946 ; Rise       ; CLOCK_50                                                        ;
;  SRAM_DQ[14]   ; CLOCK_50                                                        ; 6.868 ; 6.868 ; Rise       ; CLOCK_50                                                        ;
;  SRAM_DQ[15]   ; CLOCK_50                                                        ; 6.896 ; 6.896 ; Rise       ; CLOCK_50                                                        ;
; SRAM_WE_N      ; CLOCK_50                                                        ; 6.385 ; 6.385 ; Rise       ; CLOCK_50                                                        ;
; LEDR[*]        ; uart_controller:uart_ctrl_inst|baud_rate_gen:brg_inst|ov_tick   ; 8.177 ; 8.177 ; Rise       ; uart_controller:uart_ctrl_inst|baud_rate_gen:brg_inst|ov_tick   ;
;  LEDR[0]       ; uart_controller:uart_ctrl_inst|baud_rate_gen:brg_inst|ov_tick   ; 7.978 ; 7.978 ; Rise       ; uart_controller:uart_ctrl_inst|baud_rate_gen:brg_inst|ov_tick   ;
;  LEDR[1]       ; uart_controller:uart_ctrl_inst|baud_rate_gen:brg_inst|ov_tick   ; 7.841 ; 7.841 ; Rise       ; uart_controller:uart_ctrl_inst|baud_rate_gen:brg_inst|ov_tick   ;
;  LEDR[2]       ; uart_controller:uart_ctrl_inst|baud_rate_gen:brg_inst|ov_tick   ; 7.923 ; 7.923 ; Rise       ; uart_controller:uart_ctrl_inst|baud_rate_gen:brg_inst|ov_tick   ;
;  LEDR[3]       ; uart_controller:uart_ctrl_inst|baud_rate_gen:brg_inst|ov_tick   ; 7.945 ; 7.945 ; Rise       ; uart_controller:uart_ctrl_inst|baud_rate_gen:brg_inst|ov_tick   ;
;  LEDR[4]       ; uart_controller:uart_ctrl_inst|baud_rate_gen:brg_inst|ov_tick   ; 7.115 ; 7.115 ; Rise       ; uart_controller:uart_ctrl_inst|baud_rate_gen:brg_inst|ov_tick   ;
;  LEDR[5]       ; uart_controller:uart_ctrl_inst|baud_rate_gen:brg_inst|ov_tick   ; 8.177 ; 8.177 ; Rise       ; uart_controller:uart_ctrl_inst|baud_rate_gen:brg_inst|ov_tick   ;
;  LEDR[6]       ; uart_controller:uart_ctrl_inst|baud_rate_gen:brg_inst|ov_tick   ; 7.787 ; 7.787 ; Rise       ; uart_controller:uart_ctrl_inst|baud_rate_gen:brg_inst|ov_tick   ;
;  LEDR[7]       ; uart_controller:uart_ctrl_inst|baud_rate_gen:brg_inst|ov_tick   ; 8.094 ; 8.094 ; Rise       ; uart_controller:uart_ctrl_inst|baud_rate_gen:brg_inst|ov_tick   ;
;  LEDR[8]       ; uart_controller:uart_ctrl_inst|baud_rate_gen:brg_inst|ov_tick   ; 6.482 ; 6.482 ; Rise       ; uart_controller:uart_ctrl_inst|baud_rate_gen:brg_inst|ov_tick   ;
; rx_valid_led   ; uart_controller:uart_ctrl_inst|baud_rate_gen:brg_inst|ov_tick   ; 6.016 ; 6.016 ; Rise       ; uart_controller:uart_ctrl_inst|baud_rate_gen:brg_inst|ov_tick   ;
; state_led[*]   ; uart_controller:uart_ctrl_inst|baud_rate_gen:brg_inst|ov_tick   ; 8.204 ; 8.204 ; Rise       ; uart_controller:uart_ctrl_inst|baud_rate_gen:brg_inst|ov_tick   ;
;  state_led[0]  ; uart_controller:uart_ctrl_inst|baud_rate_gen:brg_inst|ov_tick   ; 8.204 ; 8.204 ; Rise       ; uart_controller:uart_ctrl_inst|baud_rate_gen:brg_inst|ov_tick   ;
;  state_led[1]  ; uart_controller:uart_ctrl_inst|baud_rate_gen:brg_inst|ov_tick   ; 6.910 ; 6.910 ; Rise       ; uart_controller:uart_ctrl_inst|baud_rate_gen:brg_inst|ov_tick   ;
; LEDR[*]        ; uart_controller:uart_ctrl_inst|baud_rate_gen:brg_inst|uart_tick ; 6.251 ; 6.251 ; Rise       ; uart_controller:uart_ctrl_inst|baud_rate_gen:brg_inst|uart_tick ;
;  LEDR[14]      ; uart_controller:uart_ctrl_inst|baud_rate_gen:brg_inst|uart_tick ; 6.251 ; 6.251 ; Rise       ; uart_controller:uart_ctrl_inst|baud_rate_gen:brg_inst|uart_tick ;
; UART_TXD       ; uart_controller:uart_ctrl_inst|baud_rate_gen:brg_inst|uart_tick ; 9.494 ; 9.494 ; Rise       ; uart_controller:uart_ctrl_inst|baud_rate_gen:brg_inst|uart_tick ;
; tx_busy_led    ; uart_controller:uart_ctrl_inst|baud_rate_gen:brg_inst|uart_tick ; 6.446 ; 6.446 ; Rise       ; uart_controller:uart_ctrl_inst|baud_rate_gen:brg_inst|uart_tick ;
+----------------+-----------------------------------------------------------------+-------+-------+------------+-----------------------------------------------------------------+


+---------------------------------------------------------------------------------------------------------------------------------------------------------------------------------+
; Minimum Clock to Output Times                                                                                                                                                   ;
+----------------+-----------------------------------------------------------------+-------+-------+------------+-----------------------------------------------------------------+
; Data Port      ; Clock Port                                                      ; Rise  ; Fall  ; Clock Edge ; Clock Reference                                                 ;
+----------------+-----------------------------------------------------------------+-------+-------+------------+-----------------------------------------------------------------+
; HEX0[*]        ; CLOCK_50                                                        ; 3.858 ; 3.858 ; Rise       ; CLOCK_50                                                        ;
;  HEX0[0]       ; CLOCK_50                                                        ; 3.891 ; 3.891 ; Rise       ; CLOCK_50                                                        ;
;  HEX0[1]       ; CLOCK_50                                                        ; 3.858 ; 3.858 ; Rise       ; CLOCK_50                                                        ;
;  HEX0[2]       ; CLOCK_50                                                        ; 3.869 ; 3.869 ; Rise       ; CLOCK_50                                                        ;
;  HEX0[3]       ; CLOCK_50                                                        ; 4.043 ; 4.043 ; Rise       ; CLOCK_50                                                        ;
;  HEX0[4]       ; CLOCK_50                                                        ; 4.046 ; 4.046 ; Rise       ; CLOCK_50                                                        ;
;  HEX0[5]       ; CLOCK_50                                                        ; 4.033 ; 4.033 ; Rise       ; CLOCK_50                                                        ;
;  HEX0[6]       ; CLOCK_50                                                        ; 4.032 ; 4.032 ; Rise       ; CLOCK_50                                                        ;
; HEX1[*]        ; CLOCK_50                                                        ; 4.562 ; 4.562 ; Rise       ; CLOCK_50                                                        ;
;  HEX1[0]       ; CLOCK_50                                                        ; 4.814 ; 4.814 ; Rise       ; CLOCK_50                                                        ;
;  HEX1[1]       ; CLOCK_50                                                        ; 4.814 ; 4.814 ; Rise       ; CLOCK_50                                                        ;
;  HEX1[2]       ; CLOCK_50                                                        ; 4.585 ; 4.585 ; Rise       ; CLOCK_50                                                        ;
;  HEX1[3]       ; CLOCK_50                                                        ; 4.562 ; 4.562 ; Rise       ; CLOCK_50                                                        ;
;  HEX1[4]       ; CLOCK_50                                                        ; 4.607 ; 4.607 ; Rise       ; CLOCK_50                                                        ;
;  HEX1[5]       ; CLOCK_50                                                        ; 4.697 ; 4.697 ; Rise       ; CLOCK_50                                                        ;
;  HEX1[6]       ; CLOCK_50                                                        ; 4.719 ; 4.719 ; Rise       ; CLOCK_50                                                        ;
; HEX2[*]        ; CLOCK_50                                                        ; 4.612 ; 4.612 ; Rise       ; CLOCK_50                                                        ;
;  HEX2[0]       ; CLOCK_50                                                        ; 4.719 ; 4.719 ; Rise       ; CLOCK_50                                                        ;
;  HEX2[1]       ; CLOCK_50                                                        ; 4.612 ; 4.612 ; Rise       ; CLOCK_50                                                        ;
;  HEX2[2]       ; CLOCK_50                                                        ; 4.682 ; 4.682 ; Rise       ; CLOCK_50                                                        ;
;  HEX2[3]       ; CLOCK_50                                                        ; 4.660 ; 4.660 ; Rise       ; CLOCK_50                                                        ;
;  HEX2[4]       ; CLOCK_50                                                        ; 4.740 ; 4.740 ; Rise       ; CLOCK_50                                                        ;
;  HEX2[5]       ; CLOCK_50                                                        ; 4.790 ; 4.790 ; Rise       ; CLOCK_50                                                        ;
;  HEX2[6]       ; CLOCK_50                                                        ; 4.755 ; 4.755 ; Rise       ; CLOCK_50                                                        ;
; LEDR[*]        ; CLOCK_50                                                        ; 3.685 ; 3.685 ; Rise       ; CLOCK_50                                                        ;
;  LEDR[9]       ; CLOCK_50                                                        ; 4.130 ; 4.130 ; Rise       ; CLOCK_50                                                        ;
;  LEDR[10]      ; CLOCK_50                                                        ; 3.868 ; 3.868 ; Rise       ; CLOCK_50                                                        ;
;  LEDR[11]      ; CLOCK_50                                                        ; 3.915 ; 3.915 ; Rise       ; CLOCK_50                                                        ;
;  LEDR[12]      ; CLOCK_50                                                        ; 4.016 ; 4.016 ; Rise       ; CLOCK_50                                                        ;
;  LEDR[13]      ; CLOCK_50                                                        ; 4.317 ; 4.317 ; Rise       ; CLOCK_50                                                        ;
;  LEDR[15]      ; CLOCK_50                                                        ; 3.785 ; 3.785 ; Rise       ; CLOCK_50                                                        ;
;  LEDR[16]      ; CLOCK_50                                                        ; 3.685 ; 3.685 ; Rise       ; CLOCK_50                                                        ;
;  LEDR[17]      ; CLOCK_50                                                        ; 4.032 ; 4.032 ; Rise       ; CLOCK_50                                                        ;
; SRAM_ADDR[*]   ; CLOCK_50                                                        ; 3.850 ; 3.850 ; Rise       ; CLOCK_50                                                        ;
;  SRAM_ADDR[0]  ; CLOCK_50                                                        ; 4.094 ; 4.094 ; Rise       ; CLOCK_50                                                        ;
;  SRAM_ADDR[1]  ; CLOCK_50                                                        ; 4.099 ; 4.099 ; Rise       ; CLOCK_50                                                        ;
;  SRAM_ADDR[2]  ; CLOCK_50                                                        ; 4.074 ; 4.074 ; Rise       ; CLOCK_50                                                        ;
;  SRAM_ADDR[3]  ; CLOCK_50                                                        ; 4.056 ; 4.056 ; Rise       ; CLOCK_50                                                        ;
;  SRAM_ADDR[4]  ; CLOCK_50                                                        ; 3.971 ; 3.971 ; Rise       ; CLOCK_50                                                        ;
;  SRAM_ADDR[5]  ; CLOCK_50                                                        ; 4.002 ; 4.002 ; Rise       ; CLOCK_50                                                        ;
;  SRAM_ADDR[6]  ; CLOCK_50                                                        ; 4.058 ; 4.058 ; Rise       ; CLOCK_50                                                        ;
;  SRAM_ADDR[7]  ; CLOCK_50                                                        ; 3.999 ; 3.999 ; Rise       ; CLOCK_50                                                        ;
;  SRAM_ADDR[8]  ; CLOCK_50                                                        ; 4.007 ; 4.007 ; Rise       ; CLOCK_50                                                        ;
;  SRAM_ADDR[9]  ; CLOCK_50                                                        ; 3.976 ; 3.976 ; Rise       ; CLOCK_50                                                        ;
;  SRAM_ADDR[10] ; CLOCK_50                                                        ; 4.018 ; 4.018 ; Rise       ; CLOCK_50                                                        ;
;  SRAM_ADDR[11] ; CLOCK_50                                                        ; 3.975 ; 3.975 ; Rise       ; CLOCK_50                                                        ;
;  SRAM_ADDR[12] ; CLOCK_50                                                        ; 3.871 ; 3.871 ; Rise       ; CLOCK_50                                                        ;
;  SRAM_ADDR[13] ; CLOCK_50                                                        ; 3.914 ; 3.914 ; Rise       ; CLOCK_50                                                        ;
;  SRAM_ADDR[14] ; CLOCK_50                                                        ; 3.850 ; 3.850 ; Rise       ; CLOCK_50                                                        ;
;  SRAM_ADDR[15] ; CLOCK_50                                                        ; 3.850 ; 3.850 ; Rise       ; CLOCK_50                                                        ;
;  SRAM_ADDR[16] ; CLOCK_50                                                        ; 3.877 ; 3.877 ; Rise       ; CLOCK_50                                                        ;
;  SRAM_ADDR[17] ; CLOCK_50                                                        ; 3.866 ; 3.866 ; Rise       ; CLOCK_50                                                        ;
; SRAM_DQ[*]     ; CLOCK_50                                                        ; 3.646 ; 3.646 ; Rise       ; CLOCK_50                                                        ;
;  SRAM_DQ[0]    ; CLOCK_50                                                        ; 3.906 ; 3.906 ; Rise       ; CLOCK_50                                                        ;
;  SRAM_DQ[1]    ; CLOCK_50                                                        ; 3.821 ; 3.821 ; Rise       ; CLOCK_50                                                        ;
;  SRAM_DQ[2]    ; CLOCK_50                                                        ; 3.826 ; 3.826 ; Rise       ; CLOCK_50                                                        ;
;  SRAM_DQ[3]    ; CLOCK_50                                                        ; 4.000 ; 4.000 ; Rise       ; CLOCK_50                                                        ;
;  SRAM_DQ[4]    ; CLOCK_50                                                        ; 3.964 ; 3.964 ; Rise       ; CLOCK_50                                                        ;
;  SRAM_DQ[5]    ; CLOCK_50                                                        ; 3.692 ; 3.692 ; Rise       ; CLOCK_50                                                        ;
;  SRAM_DQ[6]    ; CLOCK_50                                                        ; 3.692 ; 3.692 ; Rise       ; CLOCK_50                                                        ;
;  SRAM_DQ[7]    ; CLOCK_50                                                        ; 3.646 ; 3.646 ; Rise       ; CLOCK_50                                                        ;
;  SRAM_DQ[8]    ; CLOCK_50                                                        ; 4.021 ; 4.021 ; Rise       ; CLOCK_50                                                        ;
;  SRAM_DQ[9]    ; CLOCK_50                                                        ; 4.026 ; 4.026 ; Rise       ; CLOCK_50                                                        ;
;  SRAM_DQ[10]   ; CLOCK_50                                                        ; 4.039 ; 4.039 ; Rise       ; CLOCK_50                                                        ;
;  SRAM_DQ[11]   ; CLOCK_50                                                        ; 4.035 ; 4.035 ; Rise       ; CLOCK_50                                                        ;
;  SRAM_DQ[12]   ; CLOCK_50                                                        ; 4.103 ; 4.103 ; Rise       ; CLOCK_50                                                        ;
;  SRAM_DQ[13]   ; CLOCK_50                                                        ; 3.940 ; 3.940 ; Rise       ; CLOCK_50                                                        ;
;  SRAM_DQ[14]   ; CLOCK_50                                                        ; 3.888 ; 3.888 ; Rise       ; CLOCK_50                                                        ;
;  SRAM_DQ[15]   ; CLOCK_50                                                        ; 3.909 ; 3.909 ; Rise       ; CLOCK_50                                                        ;
; SRAM_WE_N      ; CLOCK_50                                                        ; 3.663 ; 3.663 ; Rise       ; CLOCK_50                                                        ;
; LEDR[*]        ; uart_controller:uart_ctrl_inst|baud_rate_gen:brg_inst|ov_tick   ; 3.616 ; 3.616 ; Rise       ; uart_controller:uart_ctrl_inst|baud_rate_gen:brg_inst|ov_tick   ;
;  LEDR[0]       ; uart_controller:uart_ctrl_inst|baud_rate_gen:brg_inst|ov_tick   ; 4.327 ; 4.327 ; Rise       ; uart_controller:uart_ctrl_inst|baud_rate_gen:brg_inst|ov_tick   ;
;  LEDR[1]       ; uart_controller:uart_ctrl_inst|baud_rate_gen:brg_inst|ov_tick   ; 4.269 ; 4.269 ; Rise       ; uart_controller:uart_ctrl_inst|baud_rate_gen:brg_inst|ov_tick   ;
;  LEDR[2]       ; uart_controller:uart_ctrl_inst|baud_rate_gen:brg_inst|ov_tick   ; 4.277 ; 4.277 ; Rise       ; uart_controller:uart_ctrl_inst|baud_rate_gen:brg_inst|ov_tick   ;
;  LEDR[3]       ; uart_controller:uart_ctrl_inst|baud_rate_gen:brg_inst|ov_tick   ; 4.295 ; 4.295 ; Rise       ; uart_controller:uart_ctrl_inst|baud_rate_gen:brg_inst|ov_tick   ;
;  LEDR[4]       ; uart_controller:uart_ctrl_inst|baud_rate_gen:brg_inst|ov_tick   ; 3.970 ; 3.970 ; Rise       ; uart_controller:uart_ctrl_inst|baud_rate_gen:brg_inst|ov_tick   ;
;  LEDR[5]       ; uart_controller:uart_ctrl_inst|baud_rate_gen:brg_inst|ov_tick   ; 4.506 ; 4.506 ; Rise       ; uart_controller:uart_ctrl_inst|baud_rate_gen:brg_inst|ov_tick   ;
;  LEDR[6]       ; uart_controller:uart_ctrl_inst|baud_rate_gen:brg_inst|ov_tick   ; 4.270 ; 4.270 ; Rise       ; uart_controller:uart_ctrl_inst|baud_rate_gen:brg_inst|ov_tick   ;
;  LEDR[7]       ; uart_controller:uart_ctrl_inst|baud_rate_gen:brg_inst|ov_tick   ; 4.515 ; 4.515 ; Rise       ; uart_controller:uart_ctrl_inst|baud_rate_gen:brg_inst|ov_tick   ;
;  LEDR[8]       ; uart_controller:uart_ctrl_inst|baud_rate_gen:brg_inst|ov_tick   ; 3.616 ; 3.616 ; Rise       ; uart_controller:uart_ctrl_inst|baud_rate_gen:brg_inst|ov_tick   ;
; rx_valid_led   ; uart_controller:uart_ctrl_inst|baud_rate_gen:brg_inst|ov_tick   ; 3.394 ; 3.394 ; Rise       ; uart_controller:uart_ctrl_inst|baud_rate_gen:brg_inst|ov_tick   ;
; state_led[*]   ; uart_controller:uart_ctrl_inst|baud_rate_gen:brg_inst|ov_tick   ; 3.764 ; 3.764 ; Rise       ; uart_controller:uart_ctrl_inst|baud_rate_gen:brg_inst|ov_tick   ;
;  state_led[0]  ; uart_controller:uart_ctrl_inst|baud_rate_gen:brg_inst|ov_tick   ; 4.327 ; 4.327 ; Rise       ; uart_controller:uart_ctrl_inst|baud_rate_gen:brg_inst|ov_tick   ;
;  state_led[1]  ; uart_controller:uart_ctrl_inst|baud_rate_gen:brg_inst|ov_tick   ; 3.764 ; 3.764 ; Rise       ; uart_controller:uart_ctrl_inst|baud_rate_gen:brg_inst|ov_tick   ;
; LEDR[*]        ; uart_controller:uart_ctrl_inst|baud_rate_gen:brg_inst|uart_tick ; 3.513 ; 3.513 ; Rise       ; uart_controller:uart_ctrl_inst|baud_rate_gen:brg_inst|uart_tick ;
;  LEDR[14]      ; uart_controller:uart_ctrl_inst|baud_rate_gen:brg_inst|uart_tick ; 3.513 ; 3.513 ; Rise       ; uart_controller:uart_ctrl_inst|baud_rate_gen:brg_inst|uart_tick ;
; UART_TXD       ; uart_controller:uart_ctrl_inst|baud_rate_gen:brg_inst|uart_tick ; 5.053 ; 5.053 ; Rise       ; uart_controller:uart_ctrl_inst|baud_rate_gen:brg_inst|uart_tick ;
; tx_busy_led    ; uart_controller:uart_ctrl_inst|baud_rate_gen:brg_inst|uart_tick ; 3.581 ; 3.581 ; Rise       ; uart_controller:uart_ctrl_inst|baud_rate_gen:brg_inst|uart_tick ;
+----------------+-----------------------------------------------------------------+-------+-------+------------+-----------------------------------------------------------------+


+-------------------------------------------------------------------------------------------------------------------------------------------------------------------------------+
; Setup Transfers                                                                                                                                                               ;
+-----------------------------------------------------------------+-----------------------------------------------------------------+----------+----------+----------+----------+
; From Clock                                                      ; To Clock                                                        ; RR Paths ; FR Paths ; RF Paths ; FF Paths ;
+-----------------------------------------------------------------+-----------------------------------------------------------------+----------+----------+----------+----------+
; CLOCK_50                                                        ; CLOCK_50                                                        ; 2972     ; 0        ; 0        ; 0        ;
; uart_controller:uart_ctrl_inst|baud_rate_gen:brg_inst|ov_tick   ; CLOCK_50                                                        ; 211      ; 0        ; 0        ; 0        ;
; uart_controller:uart_ctrl_inst|baud_rate_gen:brg_inst|uart_tick ; CLOCK_50                                                        ; 42       ; 0        ; 0        ; 0        ;
; CLOCK_50                                                        ; uart_controller:uart_ctrl_inst|baud_rate_gen:brg_inst|ov_tick   ; 29       ; 0        ; 0        ; 0        ;
; uart_controller:uart_ctrl_inst|baud_rate_gen:brg_inst|ov_tick   ; uart_controller:uart_ctrl_inst|baud_rate_gen:brg_inst|ov_tick   ; 301      ; 0        ; 0        ; 0        ;
; CLOCK_50                                                        ; uart_controller:uart_ctrl_inst|baud_rate_gen:brg_inst|uart_tick ; 6        ; 0        ; 0        ; 0        ;
; uart_controller:uart_ctrl_inst|baud_rate_gen:brg_inst|uart_tick ; uart_controller:uart_ctrl_inst|baud_rate_gen:brg_inst|uart_tick ; 122      ; 0        ; 0        ; 0        ;
+-----------------------------------------------------------------+-----------------------------------------------------------------+----------+----------+----------+----------+
Entries labeled "false path" only account for clock-to-clock false paths and not path-based false paths. As a result, actual path counts may be lower than reported.


+-------------------------------------------------------------------------------------------------------------------------------------------------------------------------------+
; Hold Transfers                                                                                                                                                                ;
+-----------------------------------------------------------------+-----------------------------------------------------------------+----------+----------+----------+----------+
; From Clock                                                      ; To Clock                                                        ; RR Paths ; FR Paths ; RF Paths ; FF Paths ;
+-----------------------------------------------------------------+-----------------------------------------------------------------+----------+----------+----------+----------+
; CLOCK_50                                                        ; CLOCK_50                                                        ; 2972     ; 0        ; 0        ; 0        ;
; uart_controller:uart_ctrl_inst|baud_rate_gen:brg_inst|ov_tick   ; CLOCK_50                                                        ; 211      ; 0        ; 0        ; 0        ;
; uart_controller:uart_ctrl_inst|baud_rate_gen:brg_inst|uart_tick ; CLOCK_50                                                        ; 42       ; 0        ; 0        ; 0        ;
; CLOCK_50                                                        ; uart_controller:uart_ctrl_inst|baud_rate_gen:brg_inst|ov_tick   ; 29       ; 0        ; 0        ; 0        ;
; uart_controller:uart_ctrl_inst|baud_rate_gen:brg_inst|ov_tick   ; uart_controller:uart_ctrl_inst|baud_rate_gen:brg_inst|ov_tick   ; 301      ; 0        ; 0        ; 0        ;
; CLOCK_50                                                        ; uart_controller:uart_ctrl_inst|baud_rate_gen:brg_inst|uart_tick ; 6        ; 0        ; 0        ; 0        ;
; uart_controller:uart_ctrl_inst|baud_rate_gen:brg_inst|uart_tick ; uart_controller:uart_ctrl_inst|baud_rate_gen:brg_inst|uart_tick ; 122      ; 0        ; 0        ; 0        ;
+-----------------------------------------------------------------+-----------------------------------------------------------------+----------+----------+----------+----------+
Entries labeled "false path" only account for clock-to-clock false paths and not path-based false paths. As a result, actual path counts may be lower than reported.


+------------------------------------------------------------------------------------------------------------------------+
; Recovery Transfers                                                                                                     ;
+------------+---------------------------------------------------------------+----------+----------+----------+----------+
; From Clock ; To Clock                                                      ; RR Paths ; FR Paths ; RF Paths ; FF Paths ;
+------------+---------------------------------------------------------------+----------+----------+----------+----------+
; CLOCK_50   ; uart_controller:uart_ctrl_inst|baud_rate_gen:brg_inst|ov_tick ; 9        ; 0        ; 0        ; 0        ;
+------------+---------------------------------------------------------------+----------+----------+----------+----------+
Entries labeled "false path" only account for clock-to-clock false paths and not path-based false paths. As a result, actual path counts may be lower than reported.


+------------------------------------------------------------------------------------------------------------------------+
; Removal Transfers                                                                                                      ;
+------------+---------------------------------------------------------------+----------+----------+----------+----------+
; From Clock ; To Clock                                                      ; RR Paths ; FR Paths ; RF Paths ; FF Paths ;
+------------+---------------------------------------------------------------+----------+----------+----------+----------+
; CLOCK_50   ; uart_controller:uart_ctrl_inst|baud_rate_gen:brg_inst|ov_tick ; 9        ; 0        ; 0        ; 0        ;
+------------+---------------------------------------------------------------+----------+----------+----------+----------+
Entries labeled "false path" only account for clock-to-clock false paths and not path-based false paths. As a result, actual path counts may be lower than reported.


---------------
; Report TCCS ;
---------------
No dedicated SERDES Transmitter circuitry present in device or used in design


---------------
; Report RSKM ;
---------------
No dedicated SERDES Receiver circuitry present in device or used in design


+------------------------------------------------+
; Unconstrained Paths                            ;
+---------------------------------+-------+------+
; Property                        ; Setup ; Hold ;
+---------------------------------+-------+------+
; Illegal Clocks                  ; 0     ; 0    ;
; Unconstrained Clocks            ; 0     ; 0    ;
; Unconstrained Input Ports       ; 2     ; 2    ;
; Unconstrained Input Port Paths  ; 166   ; 166  ;
; Unconstrained Output Ports      ; 79    ; 79   ;
; Unconstrained Output Port Paths ; 217   ; 217  ;
+---------------------------------+-------+------+


+------------------------------------+
; TimeQuest Timing Analyzer Messages ;
+------------------------------------+
Info: *******************************************************************
Info: Running Quartus II 64-Bit TimeQuest Timing Analyzer
    Info: Version 13.0.1 Build 232 06/12/2013 Service Pack 1 SJ Web Edition
    Info: Processing started: Fri May 22 09:19:06 2026
Info: Command: quartus_sta UART_SRAM -c UART_SRAM
Info: qsta_default_script.tcl version: #1
Warning (20028): Parallel compilation is not licensed and has been disabled
Info (21077): Low junction temperature is 0 degrees C
Info (21077): High junction temperature is 85 degrees C
Critical Warning (332012): Synopsys Design Constraints File file not found: 'UART_SRAM.sdc'. A Synopsys Design Constraints File is required by the TimeQuest Timing Analyzer to get proper timing constraints. Without it, the Compiler will not properly optimize the design.
Info (332142): No user constrained base clocks found in the design. Calling "derive_clocks -period 1.0"
Info (332105): Deriving Clocks
    Info (332105): create_clock -period 1.000 -name CLOCK_50 CLOCK_50
    Info (332105): create_clock -period 1.000 -name uart_controller:uart_ctrl_inst|baud_rate_gen:brg_inst|uart_tick uart_controller:uart_ctrl_inst|baud_rate_gen:brg_inst|uart_tick
    Info (332105): create_clock -period 1.000 -name uart_controller:uart_ctrl_inst|baud_rate_gen:brg_inst|ov_tick uart_controller:uart_ctrl_inst|baud_rate_gen:brg_inst|ov_tick
Info: Found TIMEQUEST_REPORT_SCRIPT_INCLUDE_DEFAULT_ANALYSIS = ON
Info: Analyzing Slow Model
Critical Warning (332148): Timing requirements not met
Info (332146): Worst-case setup slack is -4.202
    Info (332119):     Slack End Point TNS Clock 
    Info (332119): ========= ============= =====================
    Info (332119):    -4.202      -411.542 CLOCK_50 
    Info (332119):    -2.130       -57.093 uart_controller:uart_ctrl_inst|baud_rate_gen:brg_inst|ov_tick 
    Info (332119):    -1.934       -21.725 uart_controller:uart_ctrl_inst|baud_rate_gen:brg_inst|uart_tick 
Info (332146): Worst-case hold slack is 0.391
    Info (332119):     Slack End Point TNS Clock 
    Info (332119): ========= ============= =====================
    Info (332119):     0.391         0.000 CLOCK_50 
    Info (332119):     0.391         0.000 uart_controller:uart_ctrl_inst|baud_rate_gen:brg_inst|ov_tick 
    Info (332119):     0.391         0.000 uart_controller:uart_ctrl_inst|baud_rate_gen:brg_inst|uart_tick 
Info (332146): Worst-case recovery slack is -1.247
    Info (332119):     Slack End Point TNS Clock 
    Info (332119): ========= ============= =====================
    Info (332119):    -1.247       -11.223 uart_controller:uart_ctrl_inst|baud_rate_gen:brg_inst|ov_tick 
Info (332146): Worst-case removal slack is 2.017
    Info (332119):     Slack End Point TNS Clock 
    Info (332119): ========= ============= =====================
    Info (332119):     2.017         0.000 uart_controller:uart_ctrl_inst|baud_rate_gen:brg_inst|ov_tick 
Info (332146): Worst-case minimum pulse width slack is -1.627
    Info (332119):     Slack End Point TNS Clock 
    Info (332119): ========= ============= =====================
    Info (332119):    -1.627      -304.762 CLOCK_50 
    Info (332119):    -0.500       -38.000 uart_controller:uart_ctrl_inst|baud_rate_gen:brg_inst|ov_tick 
    Info (332119):    -0.500       -21.000 uart_controller:uart_ctrl_inst|baud_rate_gen:brg_inst|uart_tick 
Info (332001): The selected device family is not supported by the report_metastability command.
Info: Analyzing Fast Model
Critical Warning (332148): Timing requirements not met
Info (332146): Worst-case setup slack is -1.941
    Info (332119):     Slack End Point TNS Clock 
    Info (332119): ========= ============= =====================
    Info (332119):    -1.941      -104.301 CLOCK_50 
    Info (332119):    -0.474        -8.310 uart_controller:uart_ctrl_inst|baud_rate_gen:brg_inst|ov_tick 
    Info (332119):    -0.350        -1.303 uart_controller:uart_ctrl_inst|baud_rate_gen:brg_inst|uart_tick 
Info (332146): Worst-case hold slack is 0.170
    Info (332119):     Slack End Point TNS Clock 
    Info (332119): ========= ============= =====================
    Info (332119):     0.170         0.000 CLOCK_50 
    Info (332119):     0.215         0.000 uart_controller:uart_ctrl_inst|baud_rate_gen:brg_inst|ov_tick 
    Info (332119):     0.215         0.000 uart_controller:uart_ctrl_inst|baud_rate_gen:brg_inst|uart_tick 
Info (332146): Worst-case recovery slack is -0.224
    Info (332119):     Slack End Point TNS Clock 
    Info (332119): ========= ============= =====================
    Info (332119):    -0.224        -2.016 uart_controller:uart_ctrl_inst|baud_rate_gen:brg_inst|ov_tick 
Info (332146): Worst-case removal slack is 1.104
    Info (332119):     Slack End Point TNS Clock 
    Info (332119): ========= ============= =====================
    Info (332119):     1.104         0.000 uart_controller:uart_ctrl_inst|baud_rate_gen:brg_inst|ov_tick 
Info (332146): Worst-case minimum pulse width slack is -1.627
    Info (332119):     Slack End Point TNS Clock 
    Info (332119): ========= ============= =====================
    Info (332119):    -1.627      -304.762 CLOCK_50 
    Info (332119):    -0.500       -38.000 uart_controller:uart_ctrl_inst|baud_rate_gen:brg_inst|ov_tick 
    Info (332119):    -0.500       -21.000 uart_controller:uart_ctrl_inst|baud_rate_gen:brg_inst|uart_tick 
Info (332001): The selected device family is not supported by the report_metastability command.
Info (332102): Design is not fully constrained for setup requirements
Info (332102): Design is not fully constrained for hold requirements
Info: Quartus II 64-Bit TimeQuest Timing Analyzer was successful. 0 errors, 4 warnings
    Info: Peak virtual memory: 4563 megabytes
    Info: Processing ended: Fri May 22 09:19:07 2026
    Info: Elapsed time: 00:00:01
    Info: Total CPU time (on all processors): 00:00:01


