TimeQuest Timing Analyzer report for UART_SRAM
Fri May 22 11:47:53 2026
Quartus II 64-Bit Version 13.0.1 Build 232 06/12/2013 Service Pack 1 SJ Web Edition


---------------------
; Table of Contents ;
---------------------
  1. Legal Notice
  2. TimeQuest Timing Analyzer Summary
  3. Parallel Compilation
  4. SDC File List
  5. Clocks
  6. Slow Model Fmax Summary
  7. Slow Model Setup Summary
  8. Slow Model Hold Summary
  9. Slow Model Recovery Summary
 10. Slow Model Removal Summary
 11. Slow Model Minimum Pulse Width Summary
 12. Slow Model Setup: 'CLOCK_50'
 13. Slow Model Hold: 'CLOCK_50'
 14. Slow Model Minimum Pulse Width: 'CLOCK_50'
 15. Setup Times
 16. Hold Times
 17. Clock to Output Times
 18. Minimum Clock to Output Times
 19. Output Enable Times
 20. Minimum Output Enable Times
 21. Output Disable Times
 22. Minimum Output Disable Times
 23. Fast Model Setup Summary
 24. Fast Model Hold Summary
 25. Fast Model Recovery Summary
 26. Fast Model Removal Summary
 27. Fast Model Minimum Pulse Width Summary
 28. Fast Model Setup: 'CLOCK_50'
 29. Fast Model Hold: 'CLOCK_50'
 30. Fast Model Minimum Pulse Width: 'CLOCK_50'
 31. Setup Times
 32. Hold Times
 33. Clock to Output Times
 34. Minimum Clock to Output Times
 35. Output Enable Times
 36. Minimum Output Enable Times
 37. Output Disable Times
 38. Minimum Output Disable Times
 39. Multicorner Timing Analysis Summary
 40. Setup Times
 41. Hold Times
 42. Clock to Output Times
 43. Minimum Clock to Output Times
 44. Setup Transfers
 45. Hold Transfers
 46. Report TCCS
 47. Report RSKM
 48. Unconstrained Paths
 49. TimeQuest Timing Analyzer Messages



----------------
; Legal Notice ;
----------------
Copyright (C) 1991-2013 Altera Corporation
Your use of Altera Corporation's design tools, logic functions 
and other software and tools, and its AMPP partner logic 
functions, and any output files from any of the foregoing 
(including device programming or simulation files), and any 
associated documentation or information are expressly subject 
to the terms and conditions of the Altera Program License 
Subscription Agreement, Altera MegaCore Function License 
Agreement, or other applicable license agreement, including, 
without limitation, that your use is for the sole purpose of 
programming logic devices manufactured by Altera and sold by 
Altera or its authorized distributors.  Please refer to the 
applicable agreement for further details.



+----------------------------------------------------------------------------------------+
; TimeQuest Timing Analyzer Summary                                                      ;
+--------------------+-------------------------------------------------------------------+
; Quartus II Version ; Version 13.0.1 Build 232 06/12/2013 Service Pack 1 SJ Web Edition ;
; Revision Name      ; UART_SRAM                                                         ;
; Device Family      ; Cyclone II                                                        ;
; Device Name        ; EP2C35F672C6                                                      ;
; Timing Models      ; Final                                                             ;
; Delay Model        ; Combined                                                          ;
; Rise/Fall Delays   ; Unavailable                                                       ;
+--------------------+-------------------------------------------------------------------+


Parallel compilation was disabled, but you have multiple processors available. Enable parallel compilation to reduce compilation time.
+-------------------------------------+
; Parallel Compilation                ;
+----------------------------+--------+
; Processors                 ; Number ;
+----------------------------+--------+
; Number detected on machine ; 8      ;
; Maximum allowed            ; 1      ;
+----------------------------+--------+


+---------------------------------------------------+
; SDC File List                                     ;
+---------------+--------+--------------------------+
; SDC File Path ; Status ; Read at                  ;
+---------------+--------+--------------------------+
; UART_SRAM.sdc ; OK     ; Fri May 22 11:47:53 2026 ;
+---------------+--------+--------------------------+


+--------------------------------------------------------------------------------------------------------------------------------------------------------------------------------------+
; Clocks                                                                                                                                                                               ;
+------------+------+--------+-----------+-------+--------+------------+-----------+-------------+-------+--------+-----------+------------+----------+--------+--------+--------------+
; Clock Name ; Type ; Period ; Frequency ; Rise  ; Fall   ; Duty Cycle ; Divide by ; Multiply by ; Phase ; Offset ; Edge List ; Edge Shift ; Inverted ; Master ; Source ; Targets      ;
+------------+------+--------+-----------+-------+--------+------------+-----------+-------------+-------+--------+-----------+------------+----------+--------+--------+--------------+
; CLOCK_50   ; Base ; 20.000 ; 50.0 MHz  ; 0.000 ; 10.000 ;            ;           ;             ;       ;        ;           ;            ;          ;        ;        ; { CLOCK_50 } ;
+------------+------+--------+-----------+-------+--------+------------+-----------+-------------+-------+--------+-----------+------------+----------+--------+--------+--------------+


+--------------------------------------------------+
; Slow Model Fmax Summary                          ;
+------------+-----------------+------------+------+
; Fmax       ; Restricted Fmax ; Clock Name ; Note ;
+------------+-----------------+------------+------+
; 127.99 MHz ; 127.99 MHz      ; CLOCK_50   ;      ;
+------------+-----------------+------------+------+
This panel reports FMAX for every clock in the design, regardless of the user-specified clock periods.  FMAX is only computed for paths where the source and destination registers or ports are driven by the same clock.  Paths of different clocks, including generated clocks, are ignored.  For paths between a clock and its inversion, FMAX is computed as if the rising and falling edges are scaled along with FMAX, such that the duty cycle (in terms of a percentage) is maintained. Altera recommends that you always use clock constraints and other slack reports for sign-off analysis.


+-----------------------------------+
; Slow Model Setup Summary          ;
+----------+--------+---------------+
; Clock    ; Slack  ; End Point TNS ;
+----------+--------+---------------+
; CLOCK_50 ; 12.187 ; 0.000         ;
+----------+--------+---------------+


+----------------------------------+
; Slow Model Hold Summary          ;
+----------+-------+---------------+
; Clock    ; Slack ; End Point TNS ;
+----------+-------+---------------+
; CLOCK_50 ; 0.391 ; 0.000         ;
+----------+-------+---------------+


-------------------------------
; Slow Model Recovery Summary ;
-------------------------------
No paths to report.


------------------------------
; Slow Model Removal Summary ;
------------------------------
No paths to report.


+----------------------------------------+
; Slow Model Minimum Pulse Width Summary ;
+----------+-------+---------------------+
; Clock    ; Slack ; End Point TNS       ;
+----------+-------+---------------------+
; CLOCK_50 ; 7.873 ; 0.000               ;
+----------+-------+---------------------+


+--------------------------------------------------------------------------------------------------------------------------------------------------------------------------------------------------------------------------------------------------------+
; Slow Model Setup: 'CLOCK_50'                                                                                                                                                                                                                           ;
+--------+-----------------------------------------------------------------------------------------------------------------------+-------------------------------------------------+--------------+-------------+--------------+------------+------------+
; Slack  ; From Node                                                                                                             ; To Node                                         ; Launch Clock ; Latch Clock ; Relationship ; Clock Skew ; Data Delay ;
+--------+-----------------------------------------------------------------------------------------------------------------------+-------------------------------------------------+--------------+-------------+--------------+------------+------------+
; 12.187 ; uart_rx_packet_new:packet_inst|drain_cnt[15]                                                                          ; uart_rx_packet_new:packet_inst|state.ACK        ; CLOCK_50     ; CLOCK_50    ; 20.000       ; -0.002     ; 7.847      ;
; 12.188 ; uart_rx_packet_new:packet_inst|altsyncram:buffer_rtl_0|altsyncram_09c1:auto_generated|ram_block1a0~portb_address_reg0 ; sram_packet_writer:sram_writer_inst|data_low[0] ; CLOCK_50     ; CLOCK_50    ; 20.000       ; -0.085     ; 7.763      ;
; 12.188 ; uart_rx_packet_new:packet_inst|altsyncram:buffer_rtl_0|altsyncram_09c1:auto_generated|ram_block1a0~portb_address_reg1 ; sram_packet_writer:sram_writer_inst|data_low[0] ; CLOCK_50     ; CLOCK_50    ; 20.000       ; -0.085     ; 7.763      ;
; 12.188 ; uart_rx_packet_new:packet_inst|altsyncram:buffer_rtl_0|altsyncram_09c1:auto_generated|ram_block1a0~portb_address_reg2 ; sram_packet_writer:sram_writer_inst|data_low[0] ; CLOCK_50     ; CLOCK_50    ; 20.000       ; -0.085     ; 7.763      ;
; 12.188 ; uart_rx_packet_new:packet_inst|altsyncram:buffer_rtl_0|altsyncram_09c1:auto_generated|ram_block1a0~portb_address_reg3 ; sram_packet_writer:sram_writer_inst|data_low[0] ; CLOCK_50     ; CLOCK_50    ; 20.000       ; -0.085     ; 7.763      ;
; 12.188 ; uart_rx_packet_new:packet_inst|altsyncram:buffer_rtl_0|altsyncram_09c1:auto_generated|ram_block1a0~portb_address_reg4 ; sram_packet_writer:sram_writer_inst|data_low[0] ; CLOCK_50     ; CLOCK_50    ; 20.000       ; -0.085     ; 7.763      ;
; 12.188 ; uart_rx_packet_new:packet_inst|altsyncram:buffer_rtl_0|altsyncram_09c1:auto_generated|ram_block1a0~portb_address_reg5 ; sram_packet_writer:sram_writer_inst|data_low[0] ; CLOCK_50     ; CLOCK_50    ; 20.000       ; -0.085     ; 7.763      ;
; 12.188 ; uart_rx_packet_new:packet_inst|altsyncram:buffer_rtl_0|altsyncram_09c1:auto_generated|ram_block1a0~portb_address_reg6 ; sram_packet_writer:sram_writer_inst|data_low[0] ; CLOCK_50     ; CLOCK_50    ; 20.000       ; -0.085     ; 7.763      ;
; 12.188 ; uart_rx_packet_new:packet_inst|altsyncram:buffer_rtl_0|altsyncram_09c1:auto_generated|ram_block1a0~portb_address_reg7 ; sram_packet_writer:sram_writer_inst|data_low[0] ; CLOCK_50     ; CLOCK_50    ; 20.000       ; -0.085     ; 7.763      ;
; 12.270 ; uart_rx_packet_new:packet_inst|drain_cnt[15]                                                                          ; uart_rx_packet_new:packet_inst|state.CLEAR_DATA ; CLOCK_50     ; CLOCK_50    ; 20.000       ; -0.003     ; 7.763      ;
; 12.273 ; uart_rx_packet_new:packet_inst|drain_cnt[15]                                                                          ; uart_rx_packet_new:packet_inst|state.WAIT_SEND  ; CLOCK_50     ; CLOCK_50    ; 20.000       ; -0.003     ; 7.760      ;
; 12.275 ; uart_rx_packet_new:packet_inst|drain_cnt[15]                                                                          ; uart_rx_packet_new:packet_inst|state.CLEAR_CRC  ; CLOCK_50     ; CLOCK_50    ; 20.000       ; -0.003     ; 7.758      ;
; 12.281 ; uart_rx_packet_new:packet_inst|drain_cnt[18]                                                                          ; uart_rx_packet_new:packet_inst|state.ACK        ; CLOCK_50     ; CLOCK_50    ; 20.000       ; 0.029      ; 7.784      ;
; 12.337 ; uart_rx_packet_new:packet_inst|drain_cnt[15]                                                                          ; uart_rx_packet_new:packet_inst|state.RECOVERY   ; CLOCK_50     ; CLOCK_50    ; 20.000       ; -0.002     ; 7.697      ;
; 12.364 ; uart_rx_packet_new:packet_inst|drain_cnt[18]                                                                          ; uart_rx_packet_new:packet_inst|state.CLEAR_DATA ; CLOCK_50     ; CLOCK_50    ; 20.000       ; 0.028      ; 7.700      ;
; 12.367 ; uart_rx_packet_new:packet_inst|drain_cnt[18]                                                                          ; uart_rx_packet_new:packet_inst|state.WAIT_SEND  ; CLOCK_50     ; CLOCK_50    ; 20.000       ; 0.028      ; 7.697      ;
; 12.369 ; uart_rx_packet_new:packet_inst|drain_cnt[18]                                                                          ; uart_rx_packet_new:packet_inst|state.CLEAR_CRC  ; CLOCK_50     ; CLOCK_50    ; 20.000       ; 0.028      ; 7.695      ;
; 12.431 ; uart_rx_packet_new:packet_inst|drain_cnt[18]                                                                          ; uart_rx_packet_new:packet_inst|state.RECOVERY   ; CLOCK_50     ; CLOCK_50    ; 20.000       ; 0.029      ; 7.634      ;
; 12.601 ; uart_rx_packet_new:packet_inst|drain_cnt[8]                                                                           ; uart_rx_packet_new:packet_inst|state.ACK        ; CLOCK_50     ; CLOCK_50    ; 20.000       ; 0.029      ; 7.464      ;
; 12.656 ; uart_rx_packet_new:packet_inst|drain_cnt[9]                                                                           ; uart_rx_packet_new:packet_inst|state.ACK        ; CLOCK_50     ; CLOCK_50    ; 20.000       ; 0.000      ; 7.380      ;
; 12.684 ; uart_rx_packet_new:packet_inst|drain_cnt[8]                                                                           ; uart_rx_packet_new:packet_inst|state.CLEAR_DATA ; CLOCK_50     ; CLOCK_50    ; 20.000       ; 0.028      ; 7.380      ;
; 12.687 ; uart_rx_packet_new:packet_inst|drain_cnt[8]                                                                           ; uart_rx_packet_new:packet_inst|state.WAIT_SEND  ; CLOCK_50     ; CLOCK_50    ; 20.000       ; 0.028      ; 7.377      ;
; 12.689 ; uart_rx_packet_new:packet_inst|drain_cnt[8]                                                                           ; uart_rx_packet_new:packet_inst|state.CLEAR_CRC  ; CLOCK_50     ; CLOCK_50    ; 20.000       ; 0.028      ; 7.375      ;
; 12.719 ; uart_rx_packet_new:packet_inst|altsyncram:buffer_rtl_0|altsyncram_09c1:auto_generated|ram_block1a0~portb_address_reg0 ; sram_packet_writer:sram_writer_inst|w_data[8]   ; CLOCK_50     ; CLOCK_50    ; 20.000       ; -0.085     ; 7.232      ;
; 12.719 ; uart_rx_packet_new:packet_inst|altsyncram:buffer_rtl_0|altsyncram_09c1:auto_generated|ram_block1a0~portb_address_reg1 ; sram_packet_writer:sram_writer_inst|w_data[8]   ; CLOCK_50     ; CLOCK_50    ; 20.000       ; -0.085     ; 7.232      ;
; 12.719 ; uart_rx_packet_new:packet_inst|altsyncram:buffer_rtl_0|altsyncram_09c1:auto_generated|ram_block1a0~portb_address_reg2 ; sram_packet_writer:sram_writer_inst|w_data[8]   ; CLOCK_50     ; CLOCK_50    ; 20.000       ; -0.085     ; 7.232      ;
; 12.719 ; uart_rx_packet_new:packet_inst|altsyncram:buffer_rtl_0|altsyncram_09c1:auto_generated|ram_block1a0~portb_address_reg3 ; sram_packet_writer:sram_writer_inst|w_data[8]   ; CLOCK_50     ; CLOCK_50    ; 20.000       ; -0.085     ; 7.232      ;
; 12.719 ; uart_rx_packet_new:packet_inst|altsyncram:buffer_rtl_0|altsyncram_09c1:auto_generated|ram_block1a0~portb_address_reg4 ; sram_packet_writer:sram_writer_inst|w_data[8]   ; CLOCK_50     ; CLOCK_50    ; 20.000       ; -0.085     ; 7.232      ;
; 12.719 ; uart_rx_packet_new:packet_inst|altsyncram:buffer_rtl_0|altsyncram_09c1:auto_generated|ram_block1a0~portb_address_reg5 ; sram_packet_writer:sram_writer_inst|w_data[8]   ; CLOCK_50     ; CLOCK_50    ; 20.000       ; -0.085     ; 7.232      ;
; 12.719 ; uart_rx_packet_new:packet_inst|altsyncram:buffer_rtl_0|altsyncram_09c1:auto_generated|ram_block1a0~portb_address_reg6 ; sram_packet_writer:sram_writer_inst|w_data[8]   ; CLOCK_50     ; CLOCK_50    ; 20.000       ; -0.085     ; 7.232      ;
; 12.719 ; uart_rx_packet_new:packet_inst|altsyncram:buffer_rtl_0|altsyncram_09c1:auto_generated|ram_block1a0~portb_address_reg7 ; sram_packet_writer:sram_writer_inst|w_data[8]   ; CLOCK_50     ; CLOCK_50    ; 20.000       ; -0.085     ; 7.232      ;
; 12.739 ; uart_rx_packet_new:packet_inst|drain_cnt[9]                                                                           ; uart_rx_packet_new:packet_inst|state.CLEAR_DATA ; CLOCK_50     ; CLOCK_50    ; 20.000       ; -0.001     ; 7.296      ;
; 12.742 ; uart_rx_packet_new:packet_inst|drain_cnt[9]                                                                           ; uart_rx_packet_new:packet_inst|state.WAIT_SEND  ; CLOCK_50     ; CLOCK_50    ; 20.000       ; -0.001     ; 7.293      ;
; 12.744 ; uart_rx_packet_new:packet_inst|drain_cnt[9]                                                                           ; uart_rx_packet_new:packet_inst|state.CLEAR_CRC  ; CLOCK_50     ; CLOCK_50    ; 20.000       ; -0.001     ; 7.291      ;
; 12.751 ; uart_rx_packet_new:packet_inst|drain_cnt[8]                                                                           ; uart_rx_packet_new:packet_inst|state.RECOVERY   ; CLOCK_50     ; CLOCK_50    ; 20.000       ; 0.029      ; 7.314      ;
; 12.806 ; uart_rx_packet_new:packet_inst|drain_cnt[9]                                                                           ; uart_rx_packet_new:packet_inst|state.RECOVERY   ; CLOCK_50     ; CLOCK_50    ; 20.000       ; 0.000      ; 7.230      ;
; 12.859 ; uart_rx_packet_new:packet_inst|drain_cnt[19]                                                                          ; uart_rx_packet_new:packet_inst|state.ACK        ; CLOCK_50     ; CLOCK_50    ; 20.000       ; -0.002     ; 7.175      ;
; 12.864 ; uart_rx_packet_new:packet_inst|drain_cnt[7]                                                                           ; uart_rx_packet_new:packet_inst|state.ACK        ; CLOCK_50     ; CLOCK_50    ; 20.000       ; 0.000      ; 7.172      ;
; 12.888 ; uart_rx_packet_new:packet_inst|timeout_cnt[14]                                                                        ; uart_rx_packet_new:packet_inst|state.CLEAR_DATA ; CLOCK_50     ; CLOCK_50    ; 20.000       ; 0.026      ; 7.174      ;
; 12.891 ; uart_rx_packet_new:packet_inst|timeout_cnt[14]                                                                        ; uart_rx_packet_new:packet_inst|state.WAIT_SEND  ; CLOCK_50     ; CLOCK_50    ; 20.000       ; 0.026      ; 7.171      ;
; 12.893 ; uart_rx_packet_new:packet_inst|timeout_cnt[14]                                                                        ; uart_rx_packet_new:packet_inst|state.CLEAR_CRC  ; CLOCK_50     ; CLOCK_50    ; 20.000       ; 0.026      ; 7.169      ;
; 12.924 ; uart_rx_packet_new:packet_inst|drain_cnt[11]                                                                          ; uart_rx_packet_new:packet_inst|state.ACK        ; CLOCK_50     ; CLOCK_50    ; 20.000       ; 0.000      ; 7.112      ;
; 12.942 ; uart_rx_packet_new:packet_inst|drain_cnt[19]                                                                          ; uart_rx_packet_new:packet_inst|state.CLEAR_DATA ; CLOCK_50     ; CLOCK_50    ; 20.000       ; -0.003     ; 7.091      ;
; 12.945 ; uart_rx_packet_new:packet_inst|drain_cnt[19]                                                                          ; uart_rx_packet_new:packet_inst|state.WAIT_SEND  ; CLOCK_50     ; CLOCK_50    ; 20.000       ; -0.003     ; 7.088      ;
; 12.947 ; uart_rx_packet_new:packet_inst|drain_cnt[19]                                                                          ; uart_rx_packet_new:packet_inst|state.CLEAR_CRC  ; CLOCK_50     ; CLOCK_50    ; 20.000       ; -0.003     ; 7.086      ;
; 12.947 ; uart_rx_packet_new:packet_inst|drain_cnt[7]                                                                           ; uart_rx_packet_new:packet_inst|state.CLEAR_DATA ; CLOCK_50     ; CLOCK_50    ; 20.000       ; -0.001     ; 7.088      ;
; 12.950 ; uart_rx_packet_new:packet_inst|drain_cnt[7]                                                                           ; uart_rx_packet_new:packet_inst|state.WAIT_SEND  ; CLOCK_50     ; CLOCK_50    ; 20.000       ; -0.001     ; 7.085      ;
; 12.952 ; uart_rx_packet_new:packet_inst|drain_cnt[7]                                                                           ; uart_rx_packet_new:packet_inst|state.CLEAR_CRC  ; CLOCK_50     ; CLOCK_50    ; 20.000       ; -0.001     ; 7.083      ;
; 13.007 ; uart_rx_packet_new:packet_inst|drain_cnt[11]                                                                          ; uart_rx_packet_new:packet_inst|state.CLEAR_DATA ; CLOCK_50     ; CLOCK_50    ; 20.000       ; -0.001     ; 7.028      ;
; 13.009 ; uart_rx_packet_new:packet_inst|drain_cnt[19]                                                                          ; uart_rx_packet_new:packet_inst|state.RECOVERY   ; CLOCK_50     ; CLOCK_50    ; 20.000       ; -0.002     ; 7.025      ;
; 13.010 ; uart_rx_packet_new:packet_inst|drain_cnt[11]                                                                          ; uart_rx_packet_new:packet_inst|state.WAIT_SEND  ; CLOCK_50     ; CLOCK_50    ; 20.000       ; -0.001     ; 7.025      ;
; 13.012 ; uart_rx_packet_new:packet_inst|drain_cnt[11]                                                                          ; uart_rx_packet_new:packet_inst|state.CLEAR_CRC  ; CLOCK_50     ; CLOCK_50    ; 20.000       ; -0.001     ; 7.023      ;
; 13.014 ; uart_rx_packet_new:packet_inst|drain_cnt[7]                                                                           ; uart_rx_packet_new:packet_inst|state.RECOVERY   ; CLOCK_50     ; CLOCK_50    ; 20.000       ; 0.000      ; 7.022      ;
; 13.018 ; uart_rx_packet_new:packet_inst|drain_cnt[12]                                                                          ; uart_rx_packet_new:packet_inst|state.ACK        ; CLOCK_50     ; CLOCK_50    ; 20.000       ; 0.000      ; 7.018      ;
; 13.025 ; uart_rx_packet_new:packet_inst|drain_cnt[14]                                                                          ; uart_rx_packet_new:packet_inst|state.ACK        ; CLOCK_50     ; CLOCK_50    ; 20.000       ; 0.029      ; 7.040      ;
; 13.074 ; uart_rx_packet_new:packet_inst|drain_cnt[11]                                                                          ; uart_rx_packet_new:packet_inst|state.RECOVERY   ; CLOCK_50     ; CLOCK_50    ; 20.000       ; 0.000      ; 6.962      ;
; 13.101 ; uart_rx_packet_new:packet_inst|drain_cnt[12]                                                                          ; uart_rx_packet_new:packet_inst|state.CLEAR_DATA ; CLOCK_50     ; CLOCK_50    ; 20.000       ; -0.001     ; 6.934      ;
; 13.104 ; uart_rx_packet_new:packet_inst|drain_cnt[12]                                                                          ; uart_rx_packet_new:packet_inst|state.WAIT_SEND  ; CLOCK_50     ; CLOCK_50    ; 20.000       ; -0.001     ; 6.931      ;
; 13.106 ; uart_rx_packet_new:packet_inst|drain_cnt[12]                                                                          ; uart_rx_packet_new:packet_inst|state.CLEAR_CRC  ; CLOCK_50     ; CLOCK_50    ; 20.000       ; -0.001     ; 6.929      ;
; 13.108 ; uart_rx_packet_new:packet_inst|drain_cnt[14]                                                                          ; uart_rx_packet_new:packet_inst|state.CLEAR_DATA ; CLOCK_50     ; CLOCK_50    ; 20.000       ; 0.028      ; 6.956      ;
; 13.111 ; uart_rx_packet_new:packet_inst|drain_cnt[14]                                                                          ; uart_rx_packet_new:packet_inst|state.WAIT_SEND  ; CLOCK_50     ; CLOCK_50    ; 20.000       ; 0.028      ; 6.953      ;
; 13.113 ; uart_rx_packet_new:packet_inst|drain_cnt[14]                                                                          ; uart_rx_packet_new:packet_inst|state.CLEAR_CRC  ; CLOCK_50     ; CLOCK_50    ; 20.000       ; 0.028      ; 6.951      ;
; 13.135 ; uart_rx_packet_new:packet_inst|drain_cnt[6]                                                                           ; uart_rx_packet_new:packet_inst|state.ACK        ; CLOCK_50     ; CLOCK_50    ; 20.000       ; 0.000      ; 6.901      ;
; 13.158 ; uart_rx_packet_new:packet_inst|drain_cnt[13]                                                                          ; uart_rx_packet_new:packet_inst|state.ACK        ; CLOCK_50     ; CLOCK_50    ; 20.000       ; 0.000      ; 6.878      ;
; 13.168 ; uart_rx_packet_new:packet_inst|drain_cnt[12]                                                                          ; uart_rx_packet_new:packet_inst|state.RECOVERY   ; CLOCK_50     ; CLOCK_50    ; 20.000       ; 0.000      ; 6.868      ;
; 13.175 ; uart_rx_packet_new:packet_inst|drain_cnt[14]                                                                          ; uart_rx_packet_new:packet_inst|state.RECOVERY   ; CLOCK_50     ; CLOCK_50    ; 20.000       ; 0.029      ; 6.890      ;
; 13.198 ; uart_rx_packet_new:packet_inst|drain_cnt[15]                                                                          ; uart_rx_packet_new:packet_inst|state.CLEAR_IDLE ; CLOCK_50     ; CLOCK_50    ; 20.000       ; -0.002     ; 6.836      ;
; 13.215 ; uart_rx_packet_new:packet_inst|altsyncram:buffer_rtl_0|altsyncram_09c1:auto_generated|ram_block1a0~portb_address_reg0 ; sram_packet_writer:sram_writer_inst|w_data[15]  ; CLOCK_50     ; CLOCK_50    ; 20.000       ; -0.089     ; 6.732      ;
; 13.215 ; uart_rx_packet_new:packet_inst|altsyncram:buffer_rtl_0|altsyncram_09c1:auto_generated|ram_block1a0~portb_address_reg1 ; sram_packet_writer:sram_writer_inst|w_data[15]  ; CLOCK_50     ; CLOCK_50    ; 20.000       ; -0.089     ; 6.732      ;
; 13.215 ; uart_rx_packet_new:packet_inst|altsyncram:buffer_rtl_0|altsyncram_09c1:auto_generated|ram_block1a0~portb_address_reg2 ; sram_packet_writer:sram_writer_inst|w_data[15]  ; CLOCK_50     ; CLOCK_50    ; 20.000       ; -0.089     ; 6.732      ;
; 13.215 ; uart_rx_packet_new:packet_inst|altsyncram:buffer_rtl_0|altsyncram_09c1:auto_generated|ram_block1a0~portb_address_reg3 ; sram_packet_writer:sram_writer_inst|w_data[15]  ; CLOCK_50     ; CLOCK_50    ; 20.000       ; -0.089     ; 6.732      ;
; 13.215 ; uart_rx_packet_new:packet_inst|altsyncram:buffer_rtl_0|altsyncram_09c1:auto_generated|ram_block1a0~portb_address_reg4 ; sram_packet_writer:sram_writer_inst|w_data[15]  ; CLOCK_50     ; CLOCK_50    ; 20.000       ; -0.089     ; 6.732      ;
; 13.215 ; uart_rx_packet_new:packet_inst|altsyncram:buffer_rtl_0|altsyncram_09c1:auto_generated|ram_block1a0~portb_address_reg5 ; sram_packet_writer:sram_writer_inst|w_data[15]  ; CLOCK_50     ; CLOCK_50    ; 20.000       ; -0.089     ; 6.732      ;
; 13.215 ; uart_rx_packet_new:packet_inst|altsyncram:buffer_rtl_0|altsyncram_09c1:auto_generated|ram_block1a0~portb_address_reg6 ; sram_packet_writer:sram_writer_inst|w_data[15]  ; CLOCK_50     ; CLOCK_50    ; 20.000       ; -0.089     ; 6.732      ;
; 13.215 ; uart_rx_packet_new:packet_inst|altsyncram:buffer_rtl_0|altsyncram_09c1:auto_generated|ram_block1a0~portb_address_reg7 ; sram_packet_writer:sram_writer_inst|w_data[15]  ; CLOCK_50     ; CLOCK_50    ; 20.000       ; -0.089     ; 6.732      ;
; 13.218 ; uart_rx_packet_new:packet_inst|drain_cnt[6]                                                                           ; uart_rx_packet_new:packet_inst|state.CLEAR_DATA ; CLOCK_50     ; CLOCK_50    ; 20.000       ; -0.001     ; 6.817      ;
; 13.221 ; uart_rx_packet_new:packet_inst|drain_cnt[6]                                                                           ; uart_rx_packet_new:packet_inst|state.WAIT_SEND  ; CLOCK_50     ; CLOCK_50    ; 20.000       ; -0.001     ; 6.814      ;
; 13.223 ; uart_rx_packet_new:packet_inst|drain_cnt[6]                                                                           ; uart_rx_packet_new:packet_inst|state.CLEAR_CRC  ; CLOCK_50     ; CLOCK_50    ; 20.000       ; -0.001     ; 6.812      ;
; 13.241 ; uart_rx_packet_new:packet_inst|drain_cnt[13]                                                                          ; uart_rx_packet_new:packet_inst|state.CLEAR_DATA ; CLOCK_50     ; CLOCK_50    ; 20.000       ; -0.001     ; 6.794      ;
; 13.244 ; uart_rx_packet_new:packet_inst|drain_cnt[13]                                                                          ; uart_rx_packet_new:packet_inst|state.WAIT_SEND  ; CLOCK_50     ; CLOCK_50    ; 20.000       ; -0.001     ; 6.791      ;
; 13.246 ; uart_rx_packet_new:packet_inst|drain_cnt[13]                                                                          ; uart_rx_packet_new:packet_inst|state.CLEAR_CRC  ; CLOCK_50     ; CLOCK_50    ; 20.000       ; -0.001     ; 6.789      ;
; 13.250 ; uart_rx_packet_new:packet_inst|drain_cnt[10]                                                                          ; uart_rx_packet_new:packet_inst|state.ACK        ; CLOCK_50     ; CLOCK_50    ; 20.000       ; -0.002     ; 6.784      ;
; 13.251 ; uart_rx_packet_new:packet_inst|timeout_cnt[13]                                                                        ; uart_rx_packet_new:packet_inst|state.CLEAR_DATA ; CLOCK_50     ; CLOCK_50    ; 20.000       ; 0.026      ; 6.811      ;
; 13.254 ; uart_rx_packet_new:packet_inst|timeout_cnt[13]                                                                        ; uart_rx_packet_new:packet_inst|state.WAIT_SEND  ; CLOCK_50     ; CLOCK_50    ; 20.000       ; 0.026      ; 6.808      ;
; 13.256 ; uart_rx_packet_new:packet_inst|timeout_cnt[13]                                                                        ; uart_rx_packet_new:packet_inst|state.CLEAR_CRC  ; CLOCK_50     ; CLOCK_50    ; 20.000       ; 0.026      ; 6.806      ;
; 13.263 ; uart_rx_packet_new:packet_inst|timeout_cnt[7]                                                                         ; uart_rx_packet_new:packet_inst|state.CLEAR_DATA ; CLOCK_50     ; CLOCK_50    ; 20.000       ; 0.026      ; 6.799      ;
; 13.266 ; uart_rx_packet_new:packet_inst|timeout_cnt[7]                                                                         ; uart_rx_packet_new:packet_inst|state.WAIT_SEND  ; CLOCK_50     ; CLOCK_50    ; 20.000       ; 0.026      ; 6.796      ;
; 13.268 ; uart_rx_packet_new:packet_inst|timeout_cnt[7]                                                                         ; uart_rx_packet_new:packet_inst|state.CLEAR_CRC  ; CLOCK_50     ; CLOCK_50    ; 20.000       ; 0.026      ; 6.794      ;
; 13.285 ; uart_rx_packet_new:packet_inst|drain_cnt[6]                                                                           ; uart_rx_packet_new:packet_inst|state.RECOVERY   ; CLOCK_50     ; CLOCK_50    ; 20.000       ; 0.000      ; 6.751      ;
; 13.292 ; uart_rx_packet_new:packet_inst|drain_cnt[18]                                                                          ; uart_rx_packet_new:packet_inst|state.CLEAR_IDLE ; CLOCK_50     ; CLOCK_50    ; 20.000       ; 0.029      ; 6.773      ;
; 13.302 ; uart_rx_packet_new:packet_inst|timeout_cnt[15]                                                                        ; uart_rx_packet_new:packet_inst|state.CLEAR_DATA ; CLOCK_50     ; CLOCK_50    ; 20.000       ; 0.026      ; 6.760      ;
; 13.305 ; uart_rx_packet_new:packet_inst|timeout_cnt[15]                                                                        ; uart_rx_packet_new:packet_inst|state.WAIT_SEND  ; CLOCK_50     ; CLOCK_50    ; 20.000       ; 0.026      ; 6.757      ;
; 13.307 ; uart_rx_packet_new:packet_inst|timeout_cnt[15]                                                                        ; uart_rx_packet_new:packet_inst|state.CLEAR_CRC  ; CLOCK_50     ; CLOCK_50    ; 20.000       ; 0.026      ; 6.755      ;
; 13.308 ; uart_rx_packet_new:packet_inst|drain_cnt[13]                                                                          ; uart_rx_packet_new:packet_inst|state.RECOVERY   ; CLOCK_50     ; CLOCK_50    ; 20.000       ; 0.000      ; 6.728      ;
; 13.333 ; uart_rx_packet_new:packet_inst|drain_cnt[10]                                                                          ; uart_rx_packet_new:packet_inst|state.CLEAR_DATA ; CLOCK_50     ; CLOCK_50    ; 20.000       ; -0.003     ; 6.700      ;
; 13.336 ; uart_rx_packet_new:packet_inst|drain_cnt[10]                                                                          ; uart_rx_packet_new:packet_inst|state.WAIT_SEND  ; CLOCK_50     ; CLOCK_50    ; 20.000       ; -0.003     ; 6.697      ;
; 13.338 ; uart_rx_packet_new:packet_inst|drain_cnt[10]                                                                          ; uart_rx_packet_new:packet_inst|state.CLEAR_CRC  ; CLOCK_50     ; CLOCK_50    ; 20.000       ; -0.003     ; 6.695      ;
; 13.346 ; uart_rx_packet_new:packet_inst|timeout_cnt[14]                                                                        ; uart_rx_packet_new:packet_inst|state.ACK        ; CLOCK_50     ; CLOCK_50    ; 20.000       ; 0.027      ; 6.717      ;
; 13.390 ; uart_rx_packet_new:packet_inst|timeout_cnt[18]                                                                        ; uart_rx_packet_new:packet_inst|state.CLEAR_DATA ; CLOCK_50     ; CLOCK_50    ; 20.000       ; 0.026      ; 6.672      ;
; 13.393 ; uart_rx_packet_new:packet_inst|timeout_cnt[18]                                                                        ; uart_rx_packet_new:packet_inst|state.WAIT_SEND  ; CLOCK_50     ; CLOCK_50    ; 20.000       ; 0.026      ; 6.669      ;
+--------+-----------------------------------------------------------------------------------------------------------------------+-------------------------------------------------+--------------+-------------+--------------+------------+------------+


+-----------------------------------------------------------------------------------------------------------------------------------------------------------------------------------------------------------------------------+
; Slow Model Hold: 'CLOCK_50'                                                                                                                                                                                                 ;
+-------+-----------------------------------------------------------------------+-----------------------------------------------------------------------+--------------+-------------+--------------+------------+------------+
; Slack ; From Node                                                             ; To Node                                                               ; Launch Clock ; Latch Clock ; Relationship ; Clock Skew ; Data Delay ;
+-------+-----------------------------------------------------------------------+-----------------------------------------------------------------------+--------------+-------------+--------------+------------+------------+
; 0.391 ; sram_packet_writer:sram_writer_inst|packet_cnt[0]                     ; sram_packet_writer:sram_writer_inst|packet_cnt[0]                     ; CLOCK_50     ; CLOCK_50    ; 0.000        ; 0.000      ; 0.657      ;
; 0.391 ; sram_packet_writer:sram_writer_inst|current_state.FINISH              ; sram_packet_writer:sram_writer_inst|current_state.FINISH              ; CLOCK_50     ; CLOCK_50    ; 0.000        ; 0.000      ; 0.657      ;
; 0.391 ; uart_controller:uart_ctrl_inst|baud_rate_gen:brg_inst|ov_counter[1]   ; uart_controller:uart_ctrl_inst|baud_rate_gen:brg_inst|ov_counter[1]   ; CLOCK_50     ; CLOCK_50    ; 0.000        ; 0.000      ; 0.657      ;
; 0.391 ; uart_controller:uart_ctrl_inst|baud_rate_gen:brg_inst|uart_counter[0] ; uart_controller:uart_ctrl_inst|baud_rate_gen:brg_inst|uart_counter[0] ; CLOCK_50     ; CLOCK_50    ; 0.000        ; 0.000      ; 0.657      ;
; 0.391 ; uart_controller:uart_ctrl_inst|baud_rate_gen:brg_inst|uart_counter[1] ; uart_controller:uart_ctrl_inst|baud_rate_gen:brg_inst|uart_counter[1] ; CLOCK_50     ; CLOCK_50    ; 0.000        ; 0.000      ; 0.657      ;
; 0.391 ; uart_controller:uart_ctrl_inst|baud_rate_gen:brg_inst|uart_counter[2] ; uart_controller:uart_ctrl_inst|baud_rate_gen:brg_inst|uart_counter[2] ; CLOCK_50     ; CLOCK_50    ; 0.000        ; 0.000      ; 0.657      ;
; 0.391 ; uart_controller:uart_ctrl_inst|uart_rx:rx_inst|tick_cnt[0]            ; uart_controller:uart_ctrl_inst|uart_rx:rx_inst|tick_cnt[0]            ; CLOCK_50     ; CLOCK_50    ; 0.000        ; 0.000      ; 0.657      ;
; 0.391 ; uart_controller:uart_ctrl_inst|uart_rx:rx_inst|tick_cnt[1]            ; uart_controller:uart_ctrl_inst|uart_rx:rx_inst|tick_cnt[1]            ; CLOCK_50     ; CLOCK_50    ; 0.000        ; 0.000      ; 0.657      ;
; 0.391 ; uart_controller:uart_ctrl_inst|uart_rx:rx_inst|bit_cnt[0]             ; uart_controller:uart_ctrl_inst|uart_rx:rx_inst|bit_cnt[0]             ; CLOCK_50     ; CLOCK_50    ; 0.000        ; 0.000      ; 0.657      ;
; 0.391 ; uart_controller:uart_ctrl_inst|uart_rx:rx_inst|bit_cnt[1]             ; uart_controller:uart_ctrl_inst|uart_rx:rx_inst|bit_cnt[1]             ; CLOCK_50     ; CLOCK_50    ; 0.000        ; 0.000      ; 0.657      ;
; 0.391 ; uart_controller:uart_ctrl_inst|uart_rx:rx_inst|bit_cnt[2]             ; uart_controller:uart_ctrl_inst|uart_rx:rx_inst|bit_cnt[2]             ; CLOCK_50     ; CLOCK_50    ; 0.000        ; 0.000      ; 0.657      ;
; 0.391 ; uart_controller:uart_ctrl_inst|uart_rx:rx_inst|samples[0]             ; uart_controller:uart_ctrl_inst|uart_rx:rx_inst|samples[0]             ; CLOCK_50     ; CLOCK_50    ; 0.000        ; 0.000      ; 0.657      ;
; 0.391 ; uart_controller:uart_ctrl_inst|uart_rx:rx_inst|samples[2]             ; uart_controller:uart_ctrl_inst|uart_rx:rx_inst|samples[2]             ; CLOCK_50     ; CLOCK_50    ; 0.000        ; 0.000      ; 0.657      ;
; 0.391 ; uart_controller:uart_ctrl_inst|uart_rx:rx_inst|samples[1]             ; uart_controller:uart_ctrl_inst|uart_rx:rx_inst|samples[1]             ; CLOCK_50     ; CLOCK_50    ; 0.000        ; 0.000      ; 0.657      ;
; 0.391 ; uart_rx_packet_new:packet_inst|nack_response                          ; uart_rx_packet_new:packet_inst|nack_response                          ; CLOCK_50     ; CLOCK_50    ; 0.000        ; 0.000      ; 0.657      ;
; 0.391 ; uart_rx_packet_new:packet_inst|state.DRAIN_RX                         ; uart_rx_packet_new:packet_inst|state.DRAIN_RX                         ; CLOCK_50     ; CLOCK_50    ; 0.000        ; 0.000      ; 0.657      ;
; 0.391 ; uart_rx_packet_new:packet_inst|drain_cnt[0]                           ; uart_rx_packet_new:packet_inst|drain_cnt[0]                           ; CLOCK_50     ; CLOCK_50    ; 0.000        ; 0.000      ; 0.657      ;
; 0.391 ; uart_rx_packet_new:packet_inst|drain_cnt[1]                           ; uart_rx_packet_new:packet_inst|drain_cnt[1]                           ; CLOCK_50     ; CLOCK_50    ; 0.000        ; 0.000      ; 0.657      ;
; 0.391 ; uart_rx_packet_new:packet_inst|drain_cnt[2]                           ; uart_rx_packet_new:packet_inst|drain_cnt[2]                           ; CLOCK_50     ; CLOCK_50    ; 0.000        ; 0.000      ; 0.657      ;
; 0.391 ; uart_rx_packet_new:packet_inst|drain_cnt[3]                           ; uart_rx_packet_new:packet_inst|drain_cnt[3]                           ; CLOCK_50     ; CLOCK_50    ; 0.000        ; 0.000      ; 0.657      ;
; 0.391 ; uart_rx_packet_new:packet_inst|drain_cnt[4]                           ; uart_rx_packet_new:packet_inst|drain_cnt[4]                           ; CLOCK_50     ; CLOCK_50    ; 0.000        ; 0.000      ; 0.657      ;
; 0.391 ; uart_rx_packet_new:packet_inst|drain_cnt[5]                           ; uart_rx_packet_new:packet_inst|drain_cnt[5]                           ; CLOCK_50     ; CLOCK_50    ; 0.000        ; 0.000      ; 0.657      ;
; 0.391 ; uart_rx_packet_new:packet_inst|drain_cnt[6]                           ; uart_rx_packet_new:packet_inst|drain_cnt[6]                           ; CLOCK_50     ; CLOCK_50    ; 0.000        ; 0.000      ; 0.657      ;
; 0.391 ; uart_rx_packet_new:packet_inst|drain_cnt[7]                           ; uart_rx_packet_new:packet_inst|drain_cnt[7]                           ; CLOCK_50     ; CLOCK_50    ; 0.000        ; 0.000      ; 0.657      ;
; 0.391 ; uart_rx_packet_new:packet_inst|drain_cnt[8]                           ; uart_rx_packet_new:packet_inst|drain_cnt[8]                           ; CLOCK_50     ; CLOCK_50    ; 0.000        ; 0.000      ; 0.657      ;
; 0.391 ; uart_rx_packet_new:packet_inst|drain_cnt[9]                           ; uart_rx_packet_new:packet_inst|drain_cnt[9]                           ; CLOCK_50     ; CLOCK_50    ; 0.000        ; 0.000      ; 0.657      ;
; 0.391 ; uart_rx_packet_new:packet_inst|drain_cnt[10]                          ; uart_rx_packet_new:packet_inst|drain_cnt[10]                          ; CLOCK_50     ; CLOCK_50    ; 0.000        ; 0.000      ; 0.657      ;
; 0.391 ; uart_rx_packet_new:packet_inst|drain_cnt[11]                          ; uart_rx_packet_new:packet_inst|drain_cnt[11]                          ; CLOCK_50     ; CLOCK_50    ; 0.000        ; 0.000      ; 0.657      ;
; 0.391 ; uart_rx_packet_new:packet_inst|drain_cnt[12]                          ; uart_rx_packet_new:packet_inst|drain_cnt[12]                          ; CLOCK_50     ; CLOCK_50    ; 0.000        ; 0.000      ; 0.657      ;
; 0.391 ; uart_rx_packet_new:packet_inst|drain_cnt[13]                          ; uart_rx_packet_new:packet_inst|drain_cnt[13]                          ; CLOCK_50     ; CLOCK_50    ; 0.000        ; 0.000      ; 0.657      ;
; 0.391 ; uart_rx_packet_new:packet_inst|drain_cnt[14]                          ; uart_rx_packet_new:packet_inst|drain_cnt[14]                          ; CLOCK_50     ; CLOCK_50    ; 0.000        ; 0.000      ; 0.657      ;
; 0.391 ; uart_rx_packet_new:packet_inst|drain_cnt[15]                          ; uart_rx_packet_new:packet_inst|drain_cnt[15]                          ; CLOCK_50     ; CLOCK_50    ; 0.000        ; 0.000      ; 0.657      ;
; 0.391 ; uart_rx_packet_new:packet_inst|drain_cnt[16]                          ; uart_rx_packet_new:packet_inst|drain_cnt[16]                          ; CLOCK_50     ; CLOCK_50    ; 0.000        ; 0.000      ; 0.657      ;
; 0.391 ; uart_rx_packet_new:packet_inst|drain_cnt[17]                          ; uart_rx_packet_new:packet_inst|drain_cnt[17]                          ; CLOCK_50     ; CLOCK_50    ; 0.000        ; 0.000      ; 0.657      ;
; 0.391 ; uart_rx_packet_new:packet_inst|drain_cnt[18]                          ; uart_rx_packet_new:packet_inst|drain_cnt[18]                          ; CLOCK_50     ; CLOCK_50    ; 0.000        ; 0.000      ; 0.657      ;
; 0.391 ; uart_rx_packet_new:packet_inst|drain_cnt[19]                          ; uart_rx_packet_new:packet_inst|drain_cnt[19]                          ; CLOCK_50     ; CLOCK_50    ; 0.000        ; 0.000      ; 0.657      ;
; 0.391 ; uart_rx_packet_new:packet_inst|drain_cnt[20]                          ; uart_rx_packet_new:packet_inst|drain_cnt[20]                          ; CLOCK_50     ; CLOCK_50    ; 0.000        ; 0.000      ; 0.657      ;
; 0.391 ; uart_rx_packet_new:packet_inst|drain_cnt[21]                          ; uart_rx_packet_new:packet_inst|drain_cnt[21]                          ; CLOCK_50     ; CLOCK_50    ; 0.000        ; 0.000      ; 0.657      ;
; 0.391 ; uart_rx_packet_new:packet_inst|drain_cnt[22]                          ; uart_rx_packet_new:packet_inst|drain_cnt[22]                          ; CLOCK_50     ; CLOCK_50    ; 0.000        ; 0.000      ; 0.657      ;
; 0.391 ; uart_rx_packet_new:packet_inst|drain_cnt[23]                          ; uart_rx_packet_new:packet_inst|drain_cnt[23]                          ; CLOCK_50     ; CLOCK_50    ; 0.000        ; 0.000      ; 0.657      ;
; 0.391 ; uart_rx_packet_new:packet_inst|drain_cnt[24]                          ; uart_rx_packet_new:packet_inst|drain_cnt[24]                          ; CLOCK_50     ; CLOCK_50    ; 0.000        ; 0.000      ; 0.657      ;
; 0.391 ; uart_rx_packet_new:packet_inst|drain_cnt[25]                          ; uart_rx_packet_new:packet_inst|drain_cnt[25]                          ; CLOCK_50     ; CLOCK_50    ; 0.000        ; 0.000      ; 0.657      ;
; 0.391 ; uart_rx_packet_new:packet_inst|drain_cnt[26]                          ; uart_rx_packet_new:packet_inst|drain_cnt[26]                          ; CLOCK_50     ; CLOCK_50    ; 0.000        ; 0.000      ; 0.657      ;
; 0.391 ; uart_rx_packet_new:packet_inst|drain_cnt[27]                          ; uart_rx_packet_new:packet_inst|drain_cnt[27]                          ; CLOCK_50     ; CLOCK_50    ; 0.000        ; 0.000      ; 0.657      ;
; 0.391 ; uart_rx_packet_new:packet_inst|drain_cnt[28]                          ; uart_rx_packet_new:packet_inst|drain_cnt[28]                          ; CLOCK_50     ; CLOCK_50    ; 0.000        ; 0.000      ; 0.657      ;
; 0.391 ; uart_rx_packet_new:packet_inst|drain_cnt[29]                          ; uart_rx_packet_new:packet_inst|drain_cnt[29]                          ; CLOCK_50     ; CLOCK_50    ; 0.000        ; 0.000      ; 0.657      ;
; 0.391 ; uart_rx_packet_new:packet_inst|drain_cnt[30]                          ; uart_rx_packet_new:packet_inst|drain_cnt[30]                          ; CLOCK_50     ; CLOCK_50    ; 0.000        ; 0.000      ; 0.657      ;
; 0.391 ; uart_rx_packet_new:packet_inst|state.IDLE                             ; uart_rx_packet_new:packet_inst|state.IDLE                             ; CLOCK_50     ; CLOCK_50    ; 0.000        ; 0.000      ; 0.657      ;
; 0.391 ; uart_rx_packet_new:packet_inst|state.CLEAR_DATA                       ; uart_rx_packet_new:packet_inst|state.CLEAR_DATA                       ; CLOCK_50     ; CLOCK_50    ; 0.000        ; 0.000      ; 0.657      ;
; 0.391 ; uart_rx_packet_new:packet_inst|state.CLEAR_CRC                        ; uart_rx_packet_new:packet_inst|state.CLEAR_CRC                        ; CLOCK_50     ; CLOCK_50    ; 0.000        ; 0.000      ; 0.657      ;
; 0.391 ; uart_rx_packet_new:packet_inst|state.REC_CRC8                         ; uart_rx_packet_new:packet_inst|state.REC_CRC8                         ; CLOCK_50     ; CLOCK_50    ; 0.000        ; 0.000      ; 0.657      ;
; 0.391 ; uart_rx_packet_new:packet_inst|byte_cnt[0]                            ; uart_rx_packet_new:packet_inst|byte_cnt[0]                            ; CLOCK_50     ; CLOCK_50    ; 0.000        ; 0.000      ; 0.657      ;
; 0.391 ; uart_rx_packet_new:packet_inst|byte_cnt[1]                            ; uart_rx_packet_new:packet_inst|byte_cnt[1]                            ; CLOCK_50     ; CLOCK_50    ; 0.000        ; 0.000      ; 0.657      ;
; 0.391 ; uart_rx_packet_new:packet_inst|byte_cnt[2]                            ; uart_rx_packet_new:packet_inst|byte_cnt[2]                            ; CLOCK_50     ; CLOCK_50    ; 0.000        ; 0.000      ; 0.657      ;
; 0.391 ; uart_rx_packet_new:packet_inst|byte_cnt[3]                            ; uart_rx_packet_new:packet_inst|byte_cnt[3]                            ; CLOCK_50     ; CLOCK_50    ; 0.000        ; 0.000      ; 0.657      ;
; 0.391 ; uart_rx_packet_new:packet_inst|byte_cnt[4]                            ; uart_rx_packet_new:packet_inst|byte_cnt[4]                            ; CLOCK_50     ; CLOCK_50    ; 0.000        ; 0.000      ; 0.657      ;
; 0.391 ; uart_rx_packet_new:packet_inst|byte_cnt[5]                            ; uart_rx_packet_new:packet_inst|byte_cnt[5]                            ; CLOCK_50     ; CLOCK_50    ; 0.000        ; 0.000      ; 0.657      ;
; 0.391 ; uart_rx_packet_new:packet_inst|byte_cnt[6]                            ; uart_rx_packet_new:packet_inst|byte_cnt[6]                            ; CLOCK_50     ; CLOCK_50    ; 0.000        ; 0.000      ; 0.657      ;
; 0.391 ; uart_rx_packet_new:packet_inst|byte_cnt[7]                            ; uart_rx_packet_new:packet_inst|byte_cnt[7]                            ; CLOCK_50     ; CLOCK_50    ; 0.000        ; 0.000      ; 0.657      ;
; 0.391 ; uart_rx_packet_new:packet_inst|state.WAIT_SEND                        ; uart_rx_packet_new:packet_inst|state.WAIT_SEND                        ; CLOCK_50     ; CLOCK_50    ; 0.000        ; 0.000      ; 0.657      ;
; 0.391 ; uart_rx_packet_new:packet_inst|crc[6]                                 ; uart_rx_packet_new:packet_inst|crc[6]                                 ; CLOCK_50     ; CLOCK_50    ; 0.000        ; 0.000      ; 0.657      ;
; 0.391 ; uart_rx_packet_new:packet_inst|crc[7]                                 ; uart_rx_packet_new:packet_inst|crc[7]                                 ; CLOCK_50     ; CLOCK_50    ; 0.000        ; 0.000      ; 0.657      ;
; 0.391 ; uart_rx_packet_new:packet_inst|crc[1]                                 ; uart_rx_packet_new:packet_inst|crc[1]                                 ; CLOCK_50     ; CLOCK_50    ; 0.000        ; 0.000      ; 0.657      ;
; 0.391 ; uart_rx_packet_new:packet_inst|crc[2]                                 ; uart_rx_packet_new:packet_inst|crc[2]                                 ; CLOCK_50     ; CLOCK_50    ; 0.000        ; 0.000      ; 0.657      ;
; 0.391 ; uart_rx_packet_new:packet_inst|crc[3]                                 ; uart_rx_packet_new:packet_inst|crc[3]                                 ; CLOCK_50     ; CLOCK_50    ; 0.000        ; 0.000      ; 0.657      ;
; 0.391 ; uart_rx_packet_new:packet_inst|crc[4]                                 ; uart_rx_packet_new:packet_inst|crc[4]                                 ; CLOCK_50     ; CLOCK_50    ; 0.000        ; 0.000      ; 0.657      ;
; 0.391 ; uart_controller:uart_ctrl_inst|uart_tx:tx_inst|bit_cnt[0]             ; uart_controller:uart_ctrl_inst|uart_tx:tx_inst|bit_cnt[0]             ; CLOCK_50     ; CLOCK_50    ; 0.000        ; 0.000      ; 0.657      ;
; 0.391 ; uart_controller:uart_ctrl_inst|uart_tx:tx_inst|bit_cnt[1]             ; uart_controller:uart_ctrl_inst|uart_tx:tx_inst|bit_cnt[1]             ; CLOCK_50     ; CLOCK_50    ; 0.000        ; 0.000      ; 0.657      ;
; 0.391 ; uart_controller:uart_ctrl_inst|uart_tx:tx_inst|bit_cnt[2]             ; uart_controller:uart_ctrl_inst|uart_tx:tx_inst|bit_cnt[2]             ; CLOCK_50     ; CLOCK_50    ; 0.000        ; 0.000      ; 0.657      ;
; 0.391 ; uart_controller:uart_ctrl_inst|uart_rx:rx_inst|rx_valid               ; uart_controller:uart_ctrl_inst|uart_rx:rx_inst|rx_valid               ; CLOCK_50     ; CLOCK_50    ; 0.000        ; 0.000      ; 0.657      ;
; 0.391 ; uart_rx_packet_new:packet_inst|state.DATA                             ; uart_rx_packet_new:packet_inst|state.DATA                             ; CLOCK_50     ; CLOCK_50    ; 0.000        ; 0.000      ; 0.657      ;
; 0.391 ; uart_rx_packet_new:packet_inst|state.ACK                              ; uart_rx_packet_new:packet_inst|state.ACK                              ; CLOCK_50     ; CLOCK_50    ; 0.000        ; 0.000      ; 0.657      ;
; 0.391 ; sram_packet_writer:sram_writer_inst|current_state.IDLE                ; sram_packet_writer:sram_writer_inst|current_state.IDLE                ; CLOCK_50     ; CLOCK_50    ; 0.000        ; 0.000      ; 0.657      ;
; 0.391 ; packet_cnt[0]                                                         ; packet_cnt[0]                                                         ; CLOCK_50     ; CLOCK_50    ; 0.000        ; 0.000      ; 0.657      ;
; 0.391 ; uart_controller:uart_ctrl_inst|uart_tx:tx_inst|tx_reg[4]              ; uart_controller:uart_ctrl_inst|uart_tx:tx_inst|tx_reg[4]              ; CLOCK_50     ; CLOCK_50    ; 0.000        ; 0.000      ; 0.657      ;
; 0.391 ; uart_controller:uart_ctrl_inst|uart_tx:tx_inst|tx_reg[3]              ; uart_controller:uart_ctrl_inst|uart_tx:tx_inst|tx_reg[3]              ; CLOCK_50     ; CLOCK_50    ; 0.000        ; 0.000      ; 0.657      ;
; 0.391 ; uart_rx_packet_new:packet_inst|tx_data[2]                             ; uart_rx_packet_new:packet_inst|tx_data[2]                             ; CLOCK_50     ; CLOCK_50    ; 0.000        ; 0.000      ; 0.657      ;
; 0.391 ; uart_rx_packet_new:packet_inst|header_seen                            ; uart_rx_packet_new:packet_inst|header_seen                            ; CLOCK_50     ; CLOCK_50    ; 0.000        ; 0.000      ; 0.657      ;
; 0.391 ; uart_rx_packet_new:packet_inst|timeout_seen                           ; uart_rx_packet_new:packet_inst|timeout_seen                           ; CLOCK_50     ; CLOCK_50    ; 0.000        ; 0.000      ; 0.657      ;
; 0.391 ; uart_rx_packet_new:packet_inst|crc_error_seen                         ; uart_rx_packet_new:packet_inst|crc_error_seen                         ; CLOCK_50     ; CLOCK_50    ; 0.000        ; 0.000      ; 0.657      ;
; 0.391 ; uart_rx_packet_new:packet_inst|crc_byte_seen                          ; uart_rx_packet_new:packet_inst|crc_byte_seen                          ; CLOCK_50     ; CLOCK_50    ; 0.000        ; 0.000      ; 0.657      ;
; 0.391 ; uart_rx_packet_new:packet_inst|ack_seen                               ; uart_rx_packet_new:packet_inst|ack_seen                               ; CLOCK_50     ; CLOCK_50    ; 0.000        ; 0.000      ; 0.657      ;
; 0.391 ; uart_rx_packet_new:packet_inst|nack_seen                              ; uart_rx_packet_new:packet_inst|nack_seen                              ; CLOCK_50     ; CLOCK_50    ; 0.000        ; 0.000      ; 0.657      ;
; 0.516 ; sram_packet_writer:sram_writer_inst|data_low[3]                       ; sram_packet_writer:sram_writer_inst|w_data[3]                         ; CLOCK_50     ; CLOCK_50    ; 0.000        ; 0.000      ; 0.782      ;
; 0.521 ; sram_packet_writer:sram_writer_inst|data_low[1]                       ; sram_packet_writer:sram_writer_inst|w_data[1]                         ; CLOCK_50     ; CLOCK_50    ; 0.000        ; 0.000      ; 0.787      ;
; 0.521 ; sram_packet_writer:sram_writer_inst|data_low[4]                       ; sram_packet_writer:sram_writer_inst|w_data[4]                         ; CLOCK_50     ; CLOCK_50    ; 0.000        ; 0.000      ; 0.787      ;
; 0.522 ; uart_controller:uart_ctrl_inst|uart_rx:rx_inst|rx_reg[1]              ; uart_controller:uart_ctrl_inst|uart_rx:rx_inst|rx_reg[0]              ; CLOCK_50     ; CLOCK_50    ; 0.000        ; 0.000      ; 0.788      ;
; 0.523 ; sram_packet_writer:sram_writer_inst|data_low[6]                       ; sram_packet_writer:sram_writer_inst|w_data[6]                         ; CLOCK_50     ; CLOCK_50    ; 0.000        ; 0.000      ; 0.789      ;
; 0.524 ; sram_packet_writer:sram_writer_inst|data_low[2]                       ; sram_packet_writer:sram_writer_inst|w_data[2]                         ; CLOCK_50     ; CLOCK_50    ; 0.000        ; 0.000      ; 0.790      ;
; 0.525 ; uart_controller:uart_ctrl_inst|uart_rx:rx_inst|rx_reg[6]              ; uart_controller:uart_ctrl_inst|uart_rx:rx_inst|rx_reg[5]              ; CLOCK_50     ; CLOCK_50    ; 0.000        ; 0.000      ; 0.791      ;
; 0.526 ; uart_controller:uart_ctrl_inst|uart_rx:rx_inst|rx_reg[4]              ; uart_controller:uart_ctrl_inst|uart_rx:rx_inst|rx_reg[3]              ; CLOCK_50     ; CLOCK_50    ; 0.000        ; 0.000      ; 0.792      ;
; 0.527 ; uart_controller:uart_ctrl_inst|uart_rx:rx_inst|rx_reg[5]              ; uart_controller:uart_ctrl_inst|uart_rx:rx_inst|rx_reg[4]              ; CLOCK_50     ; CLOCK_50    ; 0.000        ; 0.000      ; 0.793      ;
; 0.530 ; uart_controller:uart_ctrl_inst|uart_rx:rx_inst|state.STOP             ; uart_controller:uart_ctrl_inst|uart_rx:rx_inst|state.IDLE             ; CLOCK_50     ; CLOCK_50    ; 0.000        ; 0.000      ; 0.796      ;
; 0.531 ; uart_rx_packet_new:packet_inst|timeout_cnt[31]                        ; uart_rx_packet_new:packet_inst|timeout_cnt[31]                        ; CLOCK_50     ; CLOCK_50    ; 0.000        ; 0.000      ; 0.797      ;
; 0.533 ; uart_controller:uart_ctrl_inst|uart_tx:tx_inst|bit_cnt[0]             ; uart_controller:uart_ctrl_inst|uart_tx:tx_inst|state.STOP             ; CLOCK_50     ; CLOCK_50    ; 0.000        ; 0.000      ; 0.799      ;
; 0.536 ; sram_packet_writer:sram_writer_inst|packet_cnt[9]                     ; sram_packet_writer:sram_writer_inst|packet_cnt[9]                     ; CLOCK_50     ; CLOCK_50    ; 0.000        ; 0.000      ; 0.802      ;
; 0.546 ; uart_controller:uart_ctrl_inst|uart_rx:rx_inst|valid_timeout_cnt[7]   ; uart_controller:uart_ctrl_inst|uart_rx:rx_inst|valid_timeout_cnt[7]   ; CLOCK_50     ; CLOCK_50    ; 0.000        ; 0.000      ; 0.812      ;
; 0.546 ; sram_packet_writer:sram_writer_inst|word_index[2]                     ; sram_packet_writer:sram_writer_inst|addr_latch[2]                     ; CLOCK_50     ; CLOCK_50    ; 0.000        ; 0.000      ; 0.812      ;
; 0.547 ; uart_controller:uart_ctrl_inst|uart_tx:tx_inst|state.START            ; uart_controller:uart_ctrl_inst|uart_tx:tx_inst|tx_reg[4]              ; CLOCK_50     ; CLOCK_50    ; 0.000        ; 0.000      ; 0.813      ;
; 0.550 ; uart_controller:uart_ctrl_inst|uart_rx:rx_inst|state.IDLE             ; uart_controller:uart_ctrl_inst|uart_rx:rx_inst|state.START            ; CLOCK_50     ; CLOCK_50    ; 0.000        ; 0.000      ; 0.816      ;
+-------+-----------------------------------------------------------------------+-----------------------------------------------------------------------+--------------+-------------+--------------+------------+------------+


+----------------------------------------------------------------------------------------------------------------------------------------------------------------------------------------------------------+
; Slow Model Minimum Pulse Width: 'CLOCK_50'                                                                                                                                                               ;
+-------+--------------+----------------+------------------+----------+------------+-----------------------------------------------------------------------------------------------------------------------+
; Slack ; Actual Width ; Required Width ; Type             ; Clock    ; Clock Edge ; Target                                                                                                                ;
+-------+--------------+----------------+------------------+----------+------------+-----------------------------------------------------------------------------------------------------------------------+
; 7.873 ; 10.000       ; 2.127          ; High Pulse Width ; CLOCK_50 ; Rise       ; uart_rx_packet_new:packet_inst|altsyncram:buffer_rtl_0|altsyncram_09c1:auto_generated|ram_block1a0~porta_address_reg0 ;
; 7.873 ; 10.000       ; 2.127          ; Low Pulse Width  ; CLOCK_50 ; Rise       ; uart_rx_packet_new:packet_inst|altsyncram:buffer_rtl_0|altsyncram_09c1:auto_generated|ram_block1a0~porta_address_reg0 ;
; 7.873 ; 10.000       ; 2.127          ; High Pulse Width ; CLOCK_50 ; Rise       ; uart_rx_packet_new:packet_inst|altsyncram:buffer_rtl_0|altsyncram_09c1:auto_generated|ram_block1a0~porta_address_reg1 ;
; 7.873 ; 10.000       ; 2.127          ; Low Pulse Width  ; CLOCK_50 ; Rise       ; uart_rx_packet_new:packet_inst|altsyncram:buffer_rtl_0|altsyncram_09c1:auto_generated|ram_block1a0~porta_address_reg1 ;
; 7.873 ; 10.000       ; 2.127          ; High Pulse Width ; CLOCK_50 ; Rise       ; uart_rx_packet_new:packet_inst|altsyncram:buffer_rtl_0|altsyncram_09c1:auto_generated|ram_block1a0~porta_address_reg2 ;
; 7.873 ; 10.000       ; 2.127          ; Low Pulse Width  ; CLOCK_50 ; Rise       ; uart_rx_packet_new:packet_inst|altsyncram:buffer_rtl_0|altsyncram_09c1:auto_generated|ram_block1a0~porta_address_reg2 ;
; 7.873 ; 10.000       ; 2.127          ; High Pulse Width ; CLOCK_50 ; Rise       ; uart_rx_packet_new:packet_inst|altsyncram:buffer_rtl_0|altsyncram_09c1:auto_generated|ram_block1a0~porta_address_reg3 ;
; 7.873 ; 10.000       ; 2.127          ; Low Pulse Width  ; CLOCK_50 ; Rise       ; uart_rx_packet_new:packet_inst|altsyncram:buffer_rtl_0|altsyncram_09c1:auto_generated|ram_block1a0~porta_address_reg3 ;
; 7.873 ; 10.000       ; 2.127          ; High Pulse Width ; CLOCK_50 ; Rise       ; uart_rx_packet_new:packet_inst|altsyncram:buffer_rtl_0|altsyncram_09c1:auto_generated|ram_block1a0~porta_address_reg4 ;
; 7.873 ; 10.000       ; 2.127          ; Low Pulse Width  ; CLOCK_50 ; Rise       ; uart_rx_packet_new:packet_inst|altsyncram:buffer_rtl_0|altsyncram_09c1:auto_generated|ram_block1a0~porta_address_reg4 ;
; 7.873 ; 10.000       ; 2.127          ; High Pulse Width ; CLOCK_50 ; Rise       ; uart_rx_packet_new:packet_inst|altsyncram:buffer_rtl_0|altsyncram_09c1:auto_generated|ram_block1a0~porta_address_reg5 ;
; 7.873 ; 10.000       ; 2.127          ; Low Pulse Width  ; CLOCK_50 ; Rise       ; uart_rx_packet_new:packet_inst|altsyncram:buffer_rtl_0|altsyncram_09c1:auto_generated|ram_block1a0~porta_address_reg5 ;
; 7.873 ; 10.000       ; 2.127          ; High Pulse Width ; CLOCK_50 ; Rise       ; uart_rx_packet_new:packet_inst|altsyncram:buffer_rtl_0|altsyncram_09c1:auto_generated|ram_block1a0~porta_address_reg6 ;
; 7.873 ; 10.000       ; 2.127          ; Low Pulse Width  ; CLOCK_50 ; Rise       ; uart_rx_packet_new:packet_inst|altsyncram:buffer_rtl_0|altsyncram_09c1:auto_generated|ram_block1a0~porta_address_reg6 ;
; 7.873 ; 10.000       ; 2.127          ; High Pulse Width ; CLOCK_50 ; Rise       ; uart_rx_packet_new:packet_inst|altsyncram:buffer_rtl_0|altsyncram_09c1:auto_generated|ram_block1a0~porta_address_reg7 ;
; 7.873 ; 10.000       ; 2.127          ; Low Pulse Width  ; CLOCK_50 ; Rise       ; uart_rx_packet_new:packet_inst|altsyncram:buffer_rtl_0|altsyncram_09c1:auto_generated|ram_block1a0~porta_address_reg7 ;
; 7.873 ; 10.000       ; 2.127          ; High Pulse Width ; CLOCK_50 ; Rise       ; uart_rx_packet_new:packet_inst|altsyncram:buffer_rtl_0|altsyncram_09c1:auto_generated|ram_block1a0~porta_datain_reg0  ;
; 7.873 ; 10.000       ; 2.127          ; Low Pulse Width  ; CLOCK_50 ; Rise       ; uart_rx_packet_new:packet_inst|altsyncram:buffer_rtl_0|altsyncram_09c1:auto_generated|ram_block1a0~porta_datain_reg0  ;
; 7.873 ; 10.000       ; 2.127          ; High Pulse Width ; CLOCK_50 ; Rise       ; uart_rx_packet_new:packet_inst|altsyncram:buffer_rtl_0|altsyncram_09c1:auto_generated|ram_block1a0~porta_datain_reg1  ;
; 7.873 ; 10.000       ; 2.127          ; Low Pulse Width  ; CLOCK_50 ; Rise       ; uart_rx_packet_new:packet_inst|altsyncram:buffer_rtl_0|altsyncram_09c1:auto_generated|ram_block1a0~porta_datain_reg1  ;
; 7.873 ; 10.000       ; 2.127          ; High Pulse Width ; CLOCK_50 ; Rise       ; uart_rx_packet_new:packet_inst|altsyncram:buffer_rtl_0|altsyncram_09c1:auto_generated|ram_block1a0~porta_datain_reg2  ;
; 7.873 ; 10.000       ; 2.127          ; Low Pulse Width  ; CLOCK_50 ; Rise       ; uart_rx_packet_new:packet_inst|altsyncram:buffer_rtl_0|altsyncram_09c1:auto_generated|ram_block1a0~porta_datain_reg2  ;
; 7.873 ; 10.000       ; 2.127          ; High Pulse Width ; CLOCK_50 ; Rise       ; uart_rx_packet_new:packet_inst|altsyncram:buffer_rtl_0|altsyncram_09c1:auto_generated|ram_block1a0~porta_datain_reg3  ;
; 7.873 ; 10.000       ; 2.127          ; Low Pulse Width  ; CLOCK_50 ; Rise       ; uart_rx_packet_new:packet_inst|altsyncram:buffer_rtl_0|altsyncram_09c1:auto_generated|ram_block1a0~porta_datain_reg3  ;
; 7.873 ; 10.000       ; 2.127          ; High Pulse Width ; CLOCK_50 ; Rise       ; uart_rx_packet_new:packet_inst|altsyncram:buffer_rtl_0|altsyncram_09c1:auto_generated|ram_block1a0~porta_datain_reg4  ;
; 7.873 ; 10.000       ; 2.127          ; Low Pulse Width  ; CLOCK_50 ; Rise       ; uart_rx_packet_new:packet_inst|altsyncram:buffer_rtl_0|altsyncram_09c1:auto_generated|ram_block1a0~porta_datain_reg4  ;
; 7.873 ; 10.000       ; 2.127          ; High Pulse Width ; CLOCK_50 ; Rise       ; uart_rx_packet_new:packet_inst|altsyncram:buffer_rtl_0|altsyncram_09c1:auto_generated|ram_block1a0~porta_datain_reg5  ;
; 7.873 ; 10.000       ; 2.127          ; Low Pulse Width  ; CLOCK_50 ; Rise       ; uart_rx_packet_new:packet_inst|altsyncram:buffer_rtl_0|altsyncram_09c1:auto_generated|ram_block1a0~porta_datain_reg5  ;
; 7.873 ; 10.000       ; 2.127          ; High Pulse Width ; CLOCK_50 ; Rise       ; uart_rx_packet_new:packet_inst|altsyncram:buffer_rtl_0|altsyncram_09c1:auto_generated|ram_block1a0~porta_datain_reg6  ;
; 7.873 ; 10.000       ; 2.127          ; Low Pulse Width  ; CLOCK_50 ; Rise       ; uart_rx_packet_new:packet_inst|altsyncram:buffer_rtl_0|altsyncram_09c1:auto_generated|ram_block1a0~porta_datain_reg6  ;
; 7.873 ; 10.000       ; 2.127          ; High Pulse Width ; CLOCK_50 ; Rise       ; uart_rx_packet_new:packet_inst|altsyncram:buffer_rtl_0|altsyncram_09c1:auto_generated|ram_block1a0~porta_datain_reg7  ;
; 7.873 ; 10.000       ; 2.127          ; Low Pulse Width  ; CLOCK_50 ; Rise       ; uart_rx_packet_new:packet_inst|altsyncram:buffer_rtl_0|altsyncram_09c1:auto_generated|ram_block1a0~porta_datain_reg7  ;
; 7.873 ; 10.000       ; 2.127          ; High Pulse Width ; CLOCK_50 ; Rise       ; uart_rx_packet_new:packet_inst|altsyncram:buffer_rtl_0|altsyncram_09c1:auto_generated|ram_block1a0~porta_memory_reg0  ;
; 7.873 ; 10.000       ; 2.127          ; Low Pulse Width  ; CLOCK_50 ; Rise       ; uart_rx_packet_new:packet_inst|altsyncram:buffer_rtl_0|altsyncram_09c1:auto_generated|ram_block1a0~porta_memory_reg0  ;
; 7.873 ; 10.000       ; 2.127          ; High Pulse Width ; CLOCK_50 ; Rise       ; uart_rx_packet_new:packet_inst|altsyncram:buffer_rtl_0|altsyncram_09c1:auto_generated|ram_block1a0~porta_we_reg       ;
; 7.873 ; 10.000       ; 2.127          ; Low Pulse Width  ; CLOCK_50 ; Rise       ; uart_rx_packet_new:packet_inst|altsyncram:buffer_rtl_0|altsyncram_09c1:auto_generated|ram_block1a0~porta_we_reg       ;
; 7.873 ; 10.000       ; 2.127          ; High Pulse Width ; CLOCK_50 ; Rise       ; uart_rx_packet_new:packet_inst|altsyncram:buffer_rtl_0|altsyncram_09c1:auto_generated|ram_block1a0~portb_address_reg0 ;
; 7.873 ; 10.000       ; 2.127          ; Low Pulse Width  ; CLOCK_50 ; Rise       ; uart_rx_packet_new:packet_inst|altsyncram:buffer_rtl_0|altsyncram_09c1:auto_generated|ram_block1a0~portb_address_reg0 ;
; 7.873 ; 10.000       ; 2.127          ; High Pulse Width ; CLOCK_50 ; Rise       ; uart_rx_packet_new:packet_inst|altsyncram:buffer_rtl_0|altsyncram_09c1:auto_generated|ram_block1a0~portb_address_reg1 ;
; 7.873 ; 10.000       ; 2.127          ; Low Pulse Width  ; CLOCK_50 ; Rise       ; uart_rx_packet_new:packet_inst|altsyncram:buffer_rtl_0|altsyncram_09c1:auto_generated|ram_block1a0~portb_address_reg1 ;
; 7.873 ; 10.000       ; 2.127          ; High Pulse Width ; CLOCK_50 ; Rise       ; uart_rx_packet_new:packet_inst|altsyncram:buffer_rtl_0|altsyncram_09c1:auto_generated|ram_block1a0~portb_address_reg2 ;
; 7.873 ; 10.000       ; 2.127          ; Low Pulse Width  ; CLOCK_50 ; Rise       ; uart_rx_packet_new:packet_inst|altsyncram:buffer_rtl_0|altsyncram_09c1:auto_generated|ram_block1a0~portb_address_reg2 ;
; 7.873 ; 10.000       ; 2.127          ; High Pulse Width ; CLOCK_50 ; Rise       ; uart_rx_packet_new:packet_inst|altsyncram:buffer_rtl_0|altsyncram_09c1:auto_generated|ram_block1a0~portb_address_reg3 ;
; 7.873 ; 10.000       ; 2.127          ; Low Pulse Width  ; CLOCK_50 ; Rise       ; uart_rx_packet_new:packet_inst|altsyncram:buffer_rtl_0|altsyncram_09c1:auto_generated|ram_block1a0~portb_address_reg3 ;
; 7.873 ; 10.000       ; 2.127          ; High Pulse Width ; CLOCK_50 ; Rise       ; uart_rx_packet_new:packet_inst|altsyncram:buffer_rtl_0|altsyncram_09c1:auto_generated|ram_block1a0~portb_address_reg4 ;
; 7.873 ; 10.000       ; 2.127          ; Low Pulse Width  ; CLOCK_50 ; Rise       ; uart_rx_packet_new:packet_inst|altsyncram:buffer_rtl_0|altsyncram_09c1:auto_generated|ram_block1a0~portb_address_reg4 ;
; 7.873 ; 10.000       ; 2.127          ; High Pulse Width ; CLOCK_50 ; Rise       ; uart_rx_packet_new:packet_inst|altsyncram:buffer_rtl_0|altsyncram_09c1:auto_generated|ram_block1a0~portb_address_reg5 ;
; 7.873 ; 10.000       ; 2.127          ; Low Pulse Width  ; CLOCK_50 ; Rise       ; uart_rx_packet_new:packet_inst|altsyncram:buffer_rtl_0|altsyncram_09c1:auto_generated|ram_block1a0~portb_address_reg5 ;
; 7.873 ; 10.000       ; 2.127          ; High Pulse Width ; CLOCK_50 ; Rise       ; uart_rx_packet_new:packet_inst|altsyncram:buffer_rtl_0|altsyncram_09c1:auto_generated|ram_block1a0~portb_address_reg6 ;
; 7.873 ; 10.000       ; 2.127          ; Low Pulse Width  ; CLOCK_50 ; Rise       ; uart_rx_packet_new:packet_inst|altsyncram:buffer_rtl_0|altsyncram_09c1:auto_generated|ram_block1a0~portb_address_reg6 ;
; 7.873 ; 10.000       ; 2.127          ; High Pulse Width ; CLOCK_50 ; Rise       ; uart_rx_packet_new:packet_inst|altsyncram:buffer_rtl_0|altsyncram_09c1:auto_generated|ram_block1a0~portb_address_reg7 ;
; 7.873 ; 10.000       ; 2.127          ; Low Pulse Width  ; CLOCK_50 ; Rise       ; uart_rx_packet_new:packet_inst|altsyncram:buffer_rtl_0|altsyncram_09c1:auto_generated|ram_block1a0~portb_address_reg7 ;
; 7.873 ; 10.000       ; 2.127          ; High Pulse Width ; CLOCK_50 ; Rise       ; uart_rx_packet_new:packet_inst|altsyncram:buffer_rtl_0|altsyncram_09c1:auto_generated|ram_block1a1~porta_memory_reg0  ;
; 7.873 ; 10.000       ; 2.127          ; Low Pulse Width  ; CLOCK_50 ; Rise       ; uart_rx_packet_new:packet_inst|altsyncram:buffer_rtl_0|altsyncram_09c1:auto_generated|ram_block1a1~porta_memory_reg0  ;
; 7.873 ; 10.000       ; 2.127          ; High Pulse Width ; CLOCK_50 ; Rise       ; uart_rx_packet_new:packet_inst|altsyncram:buffer_rtl_0|altsyncram_09c1:auto_generated|ram_block1a2~porta_memory_reg0  ;
; 7.873 ; 10.000       ; 2.127          ; Low Pulse Width  ; CLOCK_50 ; Rise       ; uart_rx_packet_new:packet_inst|altsyncram:buffer_rtl_0|altsyncram_09c1:auto_generated|ram_block1a2~porta_memory_reg0  ;
; 7.873 ; 10.000       ; 2.127          ; High Pulse Width ; CLOCK_50 ; Rise       ; uart_rx_packet_new:packet_inst|altsyncram:buffer_rtl_0|altsyncram_09c1:auto_generated|ram_block1a3~porta_memory_reg0  ;
; 7.873 ; 10.000       ; 2.127          ; Low Pulse Width  ; CLOCK_50 ; Rise       ; uart_rx_packet_new:packet_inst|altsyncram:buffer_rtl_0|altsyncram_09c1:auto_generated|ram_block1a3~porta_memory_reg0  ;
; 7.873 ; 10.000       ; 2.127          ; High Pulse Width ; CLOCK_50 ; Rise       ; uart_rx_packet_new:packet_inst|altsyncram:buffer_rtl_0|altsyncram_09c1:auto_generated|ram_block1a4~porta_memory_reg0  ;
; 7.873 ; 10.000       ; 2.127          ; Low Pulse Width  ; CLOCK_50 ; Rise       ; uart_rx_packet_new:packet_inst|altsyncram:buffer_rtl_0|altsyncram_09c1:auto_generated|ram_block1a4~porta_memory_reg0  ;
; 7.873 ; 10.000       ; 2.127          ; High Pulse Width ; CLOCK_50 ; Rise       ; uart_rx_packet_new:packet_inst|altsyncram:buffer_rtl_0|altsyncram_09c1:auto_generated|ram_block1a5~porta_memory_reg0  ;
; 7.873 ; 10.000       ; 2.127          ; Low Pulse Width  ; CLOCK_50 ; Rise       ; uart_rx_packet_new:packet_inst|altsyncram:buffer_rtl_0|altsyncram_09c1:auto_generated|ram_block1a5~porta_memory_reg0  ;
; 7.873 ; 10.000       ; 2.127          ; High Pulse Width ; CLOCK_50 ; Rise       ; uart_rx_packet_new:packet_inst|altsyncram:buffer_rtl_0|altsyncram_09c1:auto_generated|ram_block1a6~porta_memory_reg0  ;
; 7.873 ; 10.000       ; 2.127          ; Low Pulse Width  ; CLOCK_50 ; Rise       ; uart_rx_packet_new:packet_inst|altsyncram:buffer_rtl_0|altsyncram_09c1:auto_generated|ram_block1a6~porta_memory_reg0  ;
; 7.873 ; 10.000       ; 2.127          ; High Pulse Width ; CLOCK_50 ; Rise       ; uart_rx_packet_new:packet_inst|altsyncram:buffer_rtl_0|altsyncram_09c1:auto_generated|ram_block1a7~porta_memory_reg0  ;
; 7.873 ; 10.000       ; 2.127          ; Low Pulse Width  ; CLOCK_50 ; Rise       ; uart_rx_packet_new:packet_inst|altsyncram:buffer_rtl_0|altsyncram_09c1:auto_generated|ram_block1a7~porta_memory_reg0  ;
; 9.000 ; 10.000       ; 1.000          ; High Pulse Width ; CLOCK_50 ; Rise       ; packet_cnt[0]                                                                                                         ;
; 9.000 ; 10.000       ; 1.000          ; Low Pulse Width  ; CLOCK_50 ; Rise       ; packet_cnt[0]                                                                                                         ;
; 9.000 ; 10.000       ; 1.000          ; High Pulse Width ; CLOCK_50 ; Rise       ; packet_cnt[10]                                                                                                        ;
; 9.000 ; 10.000       ; 1.000          ; Low Pulse Width  ; CLOCK_50 ; Rise       ; packet_cnt[10]                                                                                                        ;
; 9.000 ; 10.000       ; 1.000          ; High Pulse Width ; CLOCK_50 ; Rise       ; packet_cnt[11]                                                                                                        ;
; 9.000 ; 10.000       ; 1.000          ; Low Pulse Width  ; CLOCK_50 ; Rise       ; packet_cnt[11]                                                                                                        ;
; 9.000 ; 10.000       ; 1.000          ; High Pulse Width ; CLOCK_50 ; Rise       ; packet_cnt[1]                                                                                                         ;
; 9.000 ; 10.000       ; 1.000          ; Low Pulse Width  ; CLOCK_50 ; Rise       ; packet_cnt[1]                                                                                                         ;
; 9.000 ; 10.000       ; 1.000          ; High Pulse Width ; CLOCK_50 ; Rise       ; packet_cnt[2]                                                                                                         ;
; 9.000 ; 10.000       ; 1.000          ; Low Pulse Width  ; CLOCK_50 ; Rise       ; packet_cnt[2]                                                                                                         ;
; 9.000 ; 10.000       ; 1.000          ; High Pulse Width ; CLOCK_50 ; Rise       ; packet_cnt[3]                                                                                                         ;
; 9.000 ; 10.000       ; 1.000          ; Low Pulse Width  ; CLOCK_50 ; Rise       ; packet_cnt[3]                                                                                                         ;
; 9.000 ; 10.000       ; 1.000          ; High Pulse Width ; CLOCK_50 ; Rise       ; packet_cnt[4]                                                                                                         ;
; 9.000 ; 10.000       ; 1.000          ; Low Pulse Width  ; CLOCK_50 ; Rise       ; packet_cnt[4]                                                                                                         ;
; 9.000 ; 10.000       ; 1.000          ; High Pulse Width ; CLOCK_50 ; Rise       ; packet_cnt[5]                                                                                                         ;
; 9.000 ; 10.000       ; 1.000          ; Low Pulse Width  ; CLOCK_50 ; Rise       ; packet_cnt[5]                                                                                                         ;
; 9.000 ; 10.000       ; 1.000          ; High Pulse Width ; CLOCK_50 ; Rise       ; packet_cnt[6]                                                                                                         ;
; 9.000 ; 10.000       ; 1.000          ; Low Pulse Width  ; CLOCK_50 ; Rise       ; packet_cnt[6]                                                                                                         ;
; 9.000 ; 10.000       ; 1.000          ; High Pulse Width ; CLOCK_50 ; Rise       ; packet_cnt[7]                                                                                                         ;
; 9.000 ; 10.000       ; 1.000          ; Low Pulse Width  ; CLOCK_50 ; Rise       ; packet_cnt[7]                                                                                                         ;
; 9.000 ; 10.000       ; 1.000          ; High Pulse Width ; CLOCK_50 ; Rise       ; packet_cnt[8]                                                                                                         ;
; 9.000 ; 10.000       ; 1.000          ; Low Pulse Width  ; CLOCK_50 ; Rise       ; packet_cnt[8]                                                                                                         ;
; 9.000 ; 10.000       ; 1.000          ; High Pulse Width ; CLOCK_50 ; Rise       ; packet_cnt[9]                                                                                                         ;
; 9.000 ; 10.000       ; 1.000          ; Low Pulse Width  ; CLOCK_50 ; Rise       ; packet_cnt[9]                                                                                                         ;
; 9.000 ; 10.000       ; 1.000          ; High Pulse Width ; CLOCK_50 ; Rise       ; packet_valid_d                                                                                                        ;
; 9.000 ; 10.000       ; 1.000          ; Low Pulse Width  ; CLOCK_50 ; Rise       ; packet_valid_d                                                                                                        ;
; 9.000 ; 10.000       ; 1.000          ; High Pulse Width ; CLOCK_50 ; Rise       ; sram_packet_writer:sram_writer_inst|addr_latch[0]                                                                     ;
; 9.000 ; 10.000       ; 1.000          ; Low Pulse Width  ; CLOCK_50 ; Rise       ; sram_packet_writer:sram_writer_inst|addr_latch[0]                                                                     ;
; 9.000 ; 10.000       ; 1.000          ; High Pulse Width ; CLOCK_50 ; Rise       ; sram_packet_writer:sram_writer_inst|addr_latch[10]                                                                    ;
; 9.000 ; 10.000       ; 1.000          ; Low Pulse Width  ; CLOCK_50 ; Rise       ; sram_packet_writer:sram_writer_inst|addr_latch[10]                                                                    ;
; 9.000 ; 10.000       ; 1.000          ; High Pulse Width ; CLOCK_50 ; Rise       ; sram_packet_writer:sram_writer_inst|addr_latch[11]                                                                    ;
; 9.000 ; 10.000       ; 1.000          ; Low Pulse Width  ; CLOCK_50 ; Rise       ; sram_packet_writer:sram_writer_inst|addr_latch[11]                                                                    ;
; 9.000 ; 10.000       ; 1.000          ; High Pulse Width ; CLOCK_50 ; Rise       ; sram_packet_writer:sram_writer_inst|addr_latch[12]                                                                    ;
; 9.000 ; 10.000       ; 1.000          ; Low Pulse Width  ; CLOCK_50 ; Rise       ; sram_packet_writer:sram_writer_inst|addr_latch[12]                                                                    ;
+-------+--------------+----------------+------------------+----------+------------+-----------------------------------------------------------------------------------------------------------------------+


+-----------------------------------------------------------------------+
; Setup Times                                                           ;
+-----------+------------+-------+-------+------------+-----------------+
; Data Port ; Clock Port ; Rise  ; Fall  ; Clock Edge ; Clock Reference ;
+-----------+------------+-------+-------+------------+-----------------+
; KEY[*]    ; CLOCK_50   ; 6.354 ; 6.354 ; Rise       ; CLOCK_50        ;
;  KEY[1]   ; CLOCK_50   ; 6.354 ; 6.354 ; Rise       ; CLOCK_50        ;
; UART_RXD  ; CLOCK_50   ; 4.483 ; 4.483 ; Rise       ; CLOCK_50        ;
+-----------+------------+-------+-------+------------+-----------------+


+-------------------------------------------------------------------------+
; Hold Times                                                              ;
+-----------+------------+--------+--------+------------+-----------------+
; Data Port ; Clock Port ; Rise   ; Fall   ; Clock Edge ; Clock Reference ;
+-----------+------------+--------+--------+------------+-----------------+
; KEY[*]    ; CLOCK_50   ; -4.117 ; -4.117 ; Rise       ; CLOCK_50        ;
;  KEY[1]   ; CLOCK_50   ; -4.117 ; -4.117 ; Rise       ; CLOCK_50        ;
; UART_RXD  ; CLOCK_50   ; -4.253 ; -4.253 ; Rise       ; CLOCK_50        ;
+-----------+------------+--------+--------+------------+-----------------+


+------------------------------------------------------------------------------+
; Clock to Output Times                                                        ;
+----------------+------------+--------+--------+------------+-----------------+
; Data Port      ; Clock Port ; Rise   ; Fall   ; Clock Edge ; Clock Reference ;
+----------------+------------+--------+--------+------------+-----------------+
; HEX0[*]        ; CLOCK_50   ; 9.092  ; 9.092  ; Rise       ; CLOCK_50        ;
;  HEX0[0]       ; CLOCK_50   ; 9.092  ; 9.092  ; Rise       ; CLOCK_50        ;
;  HEX0[1]       ; CLOCK_50   ; 9.068  ; 9.068  ; Rise       ; CLOCK_50        ;
;  HEX0[2]       ; CLOCK_50   ; 9.061  ; 9.061  ; Rise       ; CLOCK_50        ;
;  HEX0[3]       ; CLOCK_50   ; 8.836  ; 8.836  ; Rise       ; CLOCK_50        ;
;  HEX0[4]       ; CLOCK_50   ; 8.843  ; 8.843  ; Rise       ; CLOCK_50        ;
;  HEX0[5]       ; CLOCK_50   ; 8.832  ; 8.832  ; Rise       ; CLOCK_50        ;
;  HEX0[6]       ; CLOCK_50   ; 8.823  ; 8.823  ; Rise       ; CLOCK_50        ;
; HEX1[*]        ; CLOCK_50   ; 7.433  ; 7.433  ; Rise       ; CLOCK_50        ;
;  HEX1[0]       ; CLOCK_50   ; 7.398  ; 7.398  ; Rise       ; CLOCK_50        ;
;  HEX1[1]       ; CLOCK_50   ; 7.433  ; 7.433  ; Rise       ; CLOCK_50        ;
;  HEX1[2]       ; CLOCK_50   ; 6.983  ; 6.983  ; Rise       ; CLOCK_50        ;
;  HEX1[3]       ; CLOCK_50   ; 6.989  ; 6.989  ; Rise       ; CLOCK_50        ;
;  HEX1[4]       ; CLOCK_50   ; 6.935  ; 6.935  ; Rise       ; CLOCK_50        ;
;  HEX1[5]       ; CLOCK_50   ; 7.240  ; 7.240  ; Rise       ; CLOCK_50        ;
;  HEX1[6]       ; CLOCK_50   ; 7.292  ; 7.292  ; Rise       ; CLOCK_50        ;
; HEX2[*]        ; CLOCK_50   ; 7.627  ; 7.627  ; Rise       ; CLOCK_50        ;
;  HEX2[0]       ; CLOCK_50   ; 7.490  ; 7.490  ; Rise       ; CLOCK_50        ;
;  HEX2[1]       ; CLOCK_50   ; 7.326  ; 7.326  ; Rise       ; CLOCK_50        ;
;  HEX2[2]       ; CLOCK_50   ; 7.337  ; 7.337  ; Rise       ; CLOCK_50        ;
;  HEX2[3]       ; CLOCK_50   ; 7.330  ; 7.330  ; Rise       ; CLOCK_50        ;
;  HEX2[4]       ; CLOCK_50   ; 7.523  ; 7.523  ; Rise       ; CLOCK_50        ;
;  HEX2[5]       ; CLOCK_50   ; 7.606  ; 7.606  ; Rise       ; CLOCK_50        ;
;  HEX2[6]       ; CLOCK_50   ; 7.627  ; 7.627  ; Rise       ; CLOCK_50        ;
; HEX6[*]        ; CLOCK_50   ; 9.508  ; 9.508  ; Rise       ; CLOCK_50        ;
;  HEX6[0]       ; CLOCK_50   ; 8.528  ; 8.528  ; Rise       ; CLOCK_50        ;
;  HEX6[1]       ; CLOCK_50   ; 8.515  ; 8.515  ; Rise       ; CLOCK_50        ;
;  HEX6[2]       ; CLOCK_50   ; 8.523  ; 8.523  ; Rise       ; CLOCK_50        ;
;  HEX6[3]       ; CLOCK_50   ; 9.508  ; 9.508  ; Rise       ; CLOCK_50        ;
;  HEX6[4]       ; CLOCK_50   ; 9.112  ; 9.112  ; Rise       ; CLOCK_50        ;
;  HEX6[5]       ; CLOCK_50   ; 9.017  ; 9.017  ; Rise       ; CLOCK_50        ;
;  HEX6[6]       ; CLOCK_50   ; 8.840  ; 8.840  ; Rise       ; CLOCK_50        ;
; HEX7[*]        ; CLOCK_50   ; 9.329  ; 9.329  ; Rise       ; CLOCK_50        ;
;  HEX7[0]       ; CLOCK_50   ; 8.492  ; 8.492  ; Rise       ; CLOCK_50        ;
;  HEX7[1]       ; CLOCK_50   ; 9.009  ; 9.009  ; Rise       ; CLOCK_50        ;
;  HEX7[2]       ; CLOCK_50   ; 8.689  ; 8.689  ; Rise       ; CLOCK_50        ;
;  HEX7[3]       ; CLOCK_50   ; 8.935  ; 8.935  ; Rise       ; CLOCK_50        ;
;  HEX7[4]       ; CLOCK_50   ; 9.171  ; 9.171  ; Rise       ; CLOCK_50        ;
;  HEX7[5]       ; CLOCK_50   ; 9.113  ; 9.113  ; Rise       ; CLOCK_50        ;
;  HEX7[6]       ; CLOCK_50   ; 9.329  ; 9.329  ; Rise       ; CLOCK_50        ;
; LEDG[*]        ; CLOCK_50   ; 9.720  ; 9.720  ; Rise       ; CLOCK_50        ;
;  LEDG[0]       ; CLOCK_50   ; 9.194  ; 9.194  ; Rise       ; CLOCK_50        ;
;  LEDG[1]       ; CLOCK_50   ; 8.909  ; 8.909  ; Rise       ; CLOCK_50        ;
;  LEDG[2]       ; CLOCK_50   ; 9.151  ; 9.151  ; Rise       ; CLOCK_50        ;
;  LEDG[3]       ; CLOCK_50   ; 9.720  ; 9.720  ; Rise       ; CLOCK_50        ;
;  LEDG[4]       ; CLOCK_50   ; 9.333  ; 9.333  ; Rise       ; CLOCK_50        ;
;  LEDG[5]       ; CLOCK_50   ; 9.233  ; 9.233  ; Rise       ; CLOCK_50        ;
;  LEDG[6]       ; CLOCK_50   ; 9.188  ; 9.188  ; Rise       ; CLOCK_50        ;
;  LEDG[7]       ; CLOCK_50   ; 9.314  ; 9.314  ; Rise       ; CLOCK_50        ;
; LEDR[*]        ; CLOCK_50   ; 10.705 ; 10.705 ; Rise       ; CLOCK_50        ;
;  LEDR[0]       ; CLOCK_50   ; 8.472  ; 8.472  ; Rise       ; CLOCK_50        ;
;  LEDR[1]       ; CLOCK_50   ; 8.921  ; 8.921  ; Rise       ; CLOCK_50        ;
;  LEDR[2]       ; CLOCK_50   ; 8.625  ; 8.625  ; Rise       ; CLOCK_50        ;
;  LEDR[3]       ; CLOCK_50   ; 8.786  ; 8.786  ; Rise       ; CLOCK_50        ;
;  LEDR[4]       ; CLOCK_50   ; 8.776  ; 8.776  ; Rise       ; CLOCK_50        ;
;  LEDR[5]       ; CLOCK_50   ; 8.700  ; 8.700  ; Rise       ; CLOCK_50        ;
;  LEDR[6]       ; CLOCK_50   ; 9.154  ; 9.154  ; Rise       ; CLOCK_50        ;
;  LEDR[7]       ; CLOCK_50   ; 9.440  ; 9.440  ; Rise       ; CLOCK_50        ;
;  LEDR[8]       ; CLOCK_50   ; 8.916  ; 8.916  ; Rise       ; CLOCK_50        ;
;  LEDR[9]       ; CLOCK_50   ; 9.703  ; 9.703  ; Rise       ; CLOCK_50        ;
;  LEDR[10]      ; CLOCK_50   ; 9.530  ; 9.530  ; Rise       ; CLOCK_50        ;
;  LEDR[11]      ; CLOCK_50   ; 9.258  ; 9.258  ; Rise       ; CLOCK_50        ;
;  LEDR[12]      ; CLOCK_50   ; 9.033  ; 9.033  ; Rise       ; CLOCK_50        ;
;  LEDR[13]      ; CLOCK_50   ; 10.705 ; 10.705 ; Rise       ; CLOCK_50        ;
;  LEDR[14]      ; CLOCK_50   ; 8.287  ; 8.287  ; Rise       ; CLOCK_50        ;
;  LEDR[15]      ; CLOCK_50   ; 7.586  ; 7.586  ; Rise       ; CLOCK_50        ;
;  LEDR[16]      ; CLOCK_50   ; 8.280  ; 8.280  ; Rise       ; CLOCK_50        ;
;  LEDR[17]      ; CLOCK_50   ; 9.735  ; 9.735  ; Rise       ; CLOCK_50        ;
; SRAM_ADDR[*]   ; CLOCK_50   ; 7.542  ; 7.542  ; Rise       ; CLOCK_50        ;
;  SRAM_ADDR[0]  ; CLOCK_50   ; 6.889  ; 6.889  ; Rise       ; CLOCK_50        ;
;  SRAM_ADDR[1]  ; CLOCK_50   ; 6.902  ; 6.902  ; Rise       ; CLOCK_50        ;
;  SRAM_ADDR[2]  ; CLOCK_50   ; 6.864  ; 6.864  ; Rise       ; CLOCK_50        ;
;  SRAM_ADDR[3]  ; CLOCK_50   ; 6.861  ; 6.861  ; Rise       ; CLOCK_50        ;
;  SRAM_ADDR[4]  ; CLOCK_50   ; 7.443  ; 7.443  ; Rise       ; CLOCK_50        ;
;  SRAM_ADDR[5]  ; CLOCK_50   ; 6.651  ; 6.651  ; Rise       ; CLOCK_50        ;
;  SRAM_ADDR[6]  ; CLOCK_50   ; 7.542  ; 7.542  ; Rise       ; CLOCK_50        ;
;  SRAM_ADDR[7]  ; CLOCK_50   ; 6.664  ; 6.664  ; Rise       ; CLOCK_50        ;
;  SRAM_ADDR[8]  ; CLOCK_50   ; 6.630  ; 6.630  ; Rise       ; CLOCK_50        ;
;  SRAM_ADDR[9]  ; CLOCK_50   ; 6.640  ; 6.640  ; Rise       ; CLOCK_50        ;
;  SRAM_ADDR[10] ; CLOCK_50   ; 6.632  ; 6.632  ; Rise       ; CLOCK_50        ;
;  SRAM_ADDR[11] ; CLOCK_50   ; 6.640  ; 6.640  ; Rise       ; CLOCK_50        ;
;  SRAM_ADDR[12] ; CLOCK_50   ; 6.414  ; 6.414  ; Rise       ; CLOCK_50        ;
;  SRAM_ADDR[13] ; CLOCK_50   ; 6.474  ; 6.474  ; Rise       ; CLOCK_50        ;
;  SRAM_ADDR[14] ; CLOCK_50   ; 6.397  ; 6.397  ; Rise       ; CLOCK_50        ;
;  SRAM_ADDR[15] ; CLOCK_50   ; 6.392  ; 6.392  ; Rise       ; CLOCK_50        ;
;  SRAM_ADDR[16] ; CLOCK_50   ; 6.444  ; 6.444  ; Rise       ; CLOCK_50        ;
;  SRAM_ADDR[17] ; CLOCK_50   ; 6.635  ; 6.635  ; Rise       ; CLOCK_50        ;
; SRAM_DQ[*]     ; CLOCK_50   ; 7.650  ; 7.650  ; Rise       ; CLOCK_50        ;
;  SRAM_DQ[0]    ; CLOCK_50   ; 7.650  ; 7.650  ; Rise       ; CLOCK_50        ;
;  SRAM_DQ[1]    ; CLOCK_50   ; 7.649  ; 7.649  ; Rise       ; CLOCK_50        ;
;  SRAM_DQ[2]    ; CLOCK_50   ; 7.029  ; 7.029  ; Rise       ; CLOCK_50        ;
;  SRAM_DQ[3]    ; CLOCK_50   ; 7.649  ; 7.649  ; Rise       ; CLOCK_50        ;
;  SRAM_DQ[4]    ; CLOCK_50   ; 7.415  ; 7.415  ; Rise       ; CLOCK_50        ;
;  SRAM_DQ[5]    ; CLOCK_50   ; 6.697  ; 6.697  ; Rise       ; CLOCK_50        ;
;  SRAM_DQ[6]    ; CLOCK_50   ; 6.682  ; 6.682  ; Rise       ; CLOCK_50        ;
;  SRAM_DQ[7]    ; CLOCK_50   ; 6.959  ; 6.959  ; Rise       ; CLOCK_50        ;
;  SRAM_DQ[8]    ; CLOCK_50   ; 7.628  ; 7.628  ; Rise       ; CLOCK_50        ;
;  SRAM_DQ[9]    ; CLOCK_50   ; 7.572  ; 7.572  ; Rise       ; CLOCK_50        ;
;  SRAM_DQ[10]   ; CLOCK_50   ; 7.178  ; 7.178  ; Rise       ; CLOCK_50        ;
;  SRAM_DQ[11]   ; CLOCK_50   ; 7.600  ; 7.600  ; Rise       ; CLOCK_50        ;
;  SRAM_DQ[12]   ; CLOCK_50   ; 7.610  ; 7.610  ; Rise       ; CLOCK_50        ;
;  SRAM_DQ[13]   ; CLOCK_50   ; 7.192  ; 7.192  ; Rise       ; CLOCK_50        ;
;  SRAM_DQ[14]   ; CLOCK_50   ; 7.155  ; 7.155  ; Rise       ; CLOCK_50        ;
;  SRAM_DQ[15]   ; CLOCK_50   ; 7.189  ; 7.189  ; Rise       ; CLOCK_50        ;
; SRAM_WE_N      ; CLOCK_50   ; 8.008  ; 8.008  ; Rise       ; CLOCK_50        ;
; UART_TXD       ; CLOCK_50   ; 8.481  ; 8.481  ; Rise       ; CLOCK_50        ;
; rx_valid_led   ; CLOCK_50   ; 8.721  ; 8.721  ; Rise       ; CLOCK_50        ;
; state_led[*]   ; CLOCK_50   ; 8.320  ; 8.320  ; Rise       ; CLOCK_50        ;
;  state_led[0]  ; CLOCK_50   ; 8.320  ; 8.320  ; Rise       ; CLOCK_50        ;
;  state_led[1]  ; CLOCK_50   ; 8.184  ; 8.184  ; Rise       ; CLOCK_50        ;
; tx_busy_led    ; CLOCK_50   ; 7.682  ; 7.682  ; Rise       ; CLOCK_50        ;
+----------------+------------+--------+--------+------------+-----------------+


+----------------------------------------------------------------------------+
; Minimum Clock to Output Times                                              ;
+----------------+------------+-------+-------+------------+-----------------+
; Data Port      ; Clock Port ; Rise  ; Fall  ; Clock Edge ; Clock Reference ;
+----------------+------------+-------+-------+------------+-----------------+
; HEX0[*]        ; CLOCK_50   ; 8.496 ; 8.496 ; Rise       ; CLOCK_50        ;
;  HEX0[0]       ; CLOCK_50   ; 8.765 ; 8.765 ; Rise       ; CLOCK_50        ;
;  HEX0[1]       ; CLOCK_50   ; 8.740 ; 8.740 ; Rise       ; CLOCK_50        ;
;  HEX0[2]       ; CLOCK_50   ; 8.737 ; 8.737 ; Rise       ; CLOCK_50        ;
;  HEX0[3]       ; CLOCK_50   ; 8.509 ; 8.509 ; Rise       ; CLOCK_50        ;
;  HEX0[4]       ; CLOCK_50   ; 8.515 ; 8.515 ; Rise       ; CLOCK_50        ;
;  HEX0[5]       ; CLOCK_50   ; 8.503 ; 8.503 ; Rise       ; CLOCK_50        ;
;  HEX0[6]       ; CLOCK_50   ; 8.496 ; 8.496 ; Rise       ; CLOCK_50        ;
; HEX1[*]        ; CLOCK_50   ; 6.495 ; 6.495 ; Rise       ; CLOCK_50        ;
;  HEX1[0]       ; CLOCK_50   ; 6.961 ; 6.961 ; Rise       ; CLOCK_50        ;
;  HEX1[1]       ; CLOCK_50   ; 6.963 ; 6.963 ; Rise       ; CLOCK_50        ;
;  HEX1[2]       ; CLOCK_50   ; 6.516 ; 6.516 ; Rise       ; CLOCK_50        ;
;  HEX1[3]       ; CLOCK_50   ; 6.519 ; 6.519 ; Rise       ; CLOCK_50        ;
;  HEX1[4]       ; CLOCK_50   ; 6.495 ; 6.495 ; Rise       ; CLOCK_50        ;
;  HEX1[5]       ; CLOCK_50   ; 6.963 ; 6.963 ; Rise       ; CLOCK_50        ;
;  HEX1[6]       ; CLOCK_50   ; 6.989 ; 6.989 ; Rise       ; CLOCK_50        ;
; HEX2[*]        ; CLOCK_50   ; 7.016 ; 7.016 ; Rise       ; CLOCK_50        ;
;  HEX2[0]       ; CLOCK_50   ; 7.181 ; 7.181 ; Rise       ; CLOCK_50        ;
;  HEX2[1]       ; CLOCK_50   ; 7.016 ; 7.016 ; Rise       ; CLOCK_50        ;
;  HEX2[2]       ; CLOCK_50   ; 7.055 ; 7.055 ; Rise       ; CLOCK_50        ;
;  HEX2[3]       ; CLOCK_50   ; 7.021 ; 7.021 ; Rise       ; CLOCK_50        ;
;  HEX2[4]       ; CLOCK_50   ; 7.210 ; 7.210 ; Rise       ; CLOCK_50        ;
;  HEX2[5]       ; CLOCK_50   ; 7.318 ; 7.318 ; Rise       ; CLOCK_50        ;
;  HEX2[6]       ; CLOCK_50   ; 7.317 ; 7.317 ; Rise       ; CLOCK_50        ;
; HEX6[*]        ; CLOCK_50   ; 7.682 ; 7.682 ; Rise       ; CLOCK_50        ;
;  HEX6[0]       ; CLOCK_50   ; 7.695 ; 7.695 ; Rise       ; CLOCK_50        ;
;  HEX6[1]       ; CLOCK_50   ; 7.682 ; 7.682 ; Rise       ; CLOCK_50        ;
;  HEX6[2]       ; CLOCK_50   ; 7.688 ; 7.688 ; Rise       ; CLOCK_50        ;
;  HEX6[3]       ; CLOCK_50   ; 8.675 ; 8.675 ; Rise       ; CLOCK_50        ;
;  HEX6[4]       ; CLOCK_50   ; 8.272 ; 8.272 ; Rise       ; CLOCK_50        ;
;  HEX6[5]       ; CLOCK_50   ; 8.181 ; 8.181 ; Rise       ; CLOCK_50        ;
;  HEX6[6]       ; CLOCK_50   ; 8.005 ; 8.005 ; Rise       ; CLOCK_50        ;
; HEX7[*]        ; CLOCK_50   ; 7.947 ; 7.947 ; Rise       ; CLOCK_50        ;
;  HEX7[0]       ; CLOCK_50   ; 7.947 ; 7.947 ; Rise       ; CLOCK_50        ;
;  HEX7[1]       ; CLOCK_50   ; 8.441 ; 8.441 ; Rise       ; CLOCK_50        ;
;  HEX7[2]       ; CLOCK_50   ; 8.118 ; 8.118 ; Rise       ; CLOCK_50        ;
;  HEX7[3]       ; CLOCK_50   ; 8.364 ; 8.364 ; Rise       ; CLOCK_50        ;
;  HEX7[4]       ; CLOCK_50   ; 8.609 ; 8.609 ; Rise       ; CLOCK_50        ;
;  HEX7[5]       ; CLOCK_50   ; 8.541 ; 8.541 ; Rise       ; CLOCK_50        ;
;  HEX7[6]       ; CLOCK_50   ; 8.768 ; 8.768 ; Rise       ; CLOCK_50        ;
; LEDG[*]        ; CLOCK_50   ; 8.909 ; 8.909 ; Rise       ; CLOCK_50        ;
;  LEDG[0]       ; CLOCK_50   ; 9.194 ; 9.194 ; Rise       ; CLOCK_50        ;
;  LEDG[1]       ; CLOCK_50   ; 8.909 ; 8.909 ; Rise       ; CLOCK_50        ;
;  LEDG[2]       ; CLOCK_50   ; 9.151 ; 9.151 ; Rise       ; CLOCK_50        ;
;  LEDG[3]       ; CLOCK_50   ; 9.720 ; 9.720 ; Rise       ; CLOCK_50        ;
;  LEDG[4]       ; CLOCK_50   ; 9.333 ; 9.333 ; Rise       ; CLOCK_50        ;
;  LEDG[5]       ; CLOCK_50   ; 9.233 ; 9.233 ; Rise       ; CLOCK_50        ;
;  LEDG[6]       ; CLOCK_50   ; 9.188 ; 9.188 ; Rise       ; CLOCK_50        ;
;  LEDG[7]       ; CLOCK_50   ; 9.314 ; 9.314 ; Rise       ; CLOCK_50        ;
; LEDR[*]        ; CLOCK_50   ; 7.586 ; 7.586 ; Rise       ; CLOCK_50        ;
;  LEDR[0]       ; CLOCK_50   ; 8.472 ; 8.472 ; Rise       ; CLOCK_50        ;
;  LEDR[1]       ; CLOCK_50   ; 8.921 ; 8.921 ; Rise       ; CLOCK_50        ;
;  LEDR[2]       ; CLOCK_50   ; 8.625 ; 8.625 ; Rise       ; CLOCK_50        ;
;  LEDR[3]       ; CLOCK_50   ; 8.786 ; 8.786 ; Rise       ; CLOCK_50        ;
;  LEDR[4]       ; CLOCK_50   ; 8.776 ; 8.776 ; Rise       ; CLOCK_50        ;
;  LEDR[5]       ; CLOCK_50   ; 8.700 ; 8.700 ; Rise       ; CLOCK_50        ;
;  LEDR[6]       ; CLOCK_50   ; 9.154 ; 9.154 ; Rise       ; CLOCK_50        ;
;  LEDR[7]       ; CLOCK_50   ; 9.440 ; 9.440 ; Rise       ; CLOCK_50        ;
;  LEDR[8]       ; CLOCK_50   ; 8.916 ; 8.916 ; Rise       ; CLOCK_50        ;
;  LEDR[9]       ; CLOCK_50   ; 9.043 ; 9.043 ; Rise       ; CLOCK_50        ;
;  LEDR[10]      ; CLOCK_50   ; 8.725 ; 8.725 ; Rise       ; CLOCK_50        ;
;  LEDR[11]      ; CLOCK_50   ; 8.929 ; 8.929 ; Rise       ; CLOCK_50        ;
;  LEDR[12]      ; CLOCK_50   ; 8.518 ; 8.518 ; Rise       ; CLOCK_50        ;
;  LEDR[13]      ; CLOCK_50   ; 8.865 ; 8.865 ; Rise       ; CLOCK_50        ;
;  LEDR[14]      ; CLOCK_50   ; 8.287 ; 8.287 ; Rise       ; CLOCK_50        ;
;  LEDR[15]      ; CLOCK_50   ; 7.586 ; 7.586 ; Rise       ; CLOCK_50        ;
;  LEDR[16]      ; CLOCK_50   ; 8.280 ; 8.280 ; Rise       ; CLOCK_50        ;
;  LEDR[17]      ; CLOCK_50   ; 8.456 ; 8.456 ; Rise       ; CLOCK_50        ;
; SRAM_ADDR[*]   ; CLOCK_50   ; 6.392 ; 6.392 ; Rise       ; CLOCK_50        ;
;  SRAM_ADDR[0]  ; CLOCK_50   ; 6.889 ; 6.889 ; Rise       ; CLOCK_50        ;
;  SRAM_ADDR[1]  ; CLOCK_50   ; 6.902 ; 6.902 ; Rise       ; CLOCK_50        ;
;  SRAM_ADDR[2]  ; CLOCK_50   ; 6.864 ; 6.864 ; Rise       ; CLOCK_50        ;
;  SRAM_ADDR[3]  ; CLOCK_50   ; 6.861 ; 6.861 ; Rise       ; CLOCK_50        ;
;  SRAM_ADDR[4]  ; CLOCK_50   ; 7.443 ; 7.443 ; Rise       ; CLOCK_50        ;
;  SRAM_ADDR[5]  ; CLOCK_50   ; 6.651 ; 6.651 ; Rise       ; CLOCK_50        ;
;  SRAM_ADDR[6]  ; CLOCK_50   ; 7.542 ; 7.542 ; Rise       ; CLOCK_50        ;
;  SRAM_ADDR[7]  ; CLOCK_50   ; 6.664 ; 6.664 ; Rise       ; CLOCK_50        ;
;  SRAM_ADDR[8]  ; CLOCK_50   ; 6.630 ; 6.630 ; Rise       ; CLOCK_50        ;
;  SRAM_ADDR[9]  ; CLOCK_50   ; 6.640 ; 6.640 ; Rise       ; CLOCK_50        ;
;  SRAM_ADDR[10] ; CLOCK_50   ; 6.632 ; 6.632 ; Rise       ; CLOCK_50        ;
;  SRAM_ADDR[11] ; CLOCK_50   ; 6.640 ; 6.640 ; Rise       ; CLOCK_50        ;
;  SRAM_ADDR[12] ; CLOCK_50   ; 6.414 ; 6.414 ; Rise       ; CLOCK_50        ;
;  SRAM_ADDR[13] ; CLOCK_50   ; 6.474 ; 6.474 ; Rise       ; CLOCK_50        ;
;  SRAM_ADDR[14] ; CLOCK_50   ; 6.397 ; 6.397 ; Rise       ; CLOCK_50        ;
;  SRAM_ADDR[15] ; CLOCK_50   ; 6.392 ; 6.392 ; Rise       ; CLOCK_50        ;
;  SRAM_ADDR[16] ; CLOCK_50   ; 6.444 ; 6.444 ; Rise       ; CLOCK_50        ;
;  SRAM_ADDR[17] ; CLOCK_50   ; 6.635 ; 6.635 ; Rise       ; CLOCK_50        ;
; SRAM_DQ[*]     ; CLOCK_50   ; 6.682 ; 6.682 ; Rise       ; CLOCK_50        ;
;  SRAM_DQ[0]    ; CLOCK_50   ; 7.650 ; 7.650 ; Rise       ; CLOCK_50        ;
;  SRAM_DQ[1]    ; CLOCK_50   ; 7.649 ; 7.649 ; Rise       ; CLOCK_50        ;
;  SRAM_DQ[2]    ; CLOCK_50   ; 7.029 ; 7.029 ; Rise       ; CLOCK_50        ;
;  SRAM_DQ[3]    ; CLOCK_50   ; 7.649 ; 7.649 ; Rise       ; CLOCK_50        ;
;  SRAM_DQ[4]    ; CLOCK_50   ; 7.415 ; 7.415 ; Rise       ; CLOCK_50        ;
;  SRAM_DQ[5]    ; CLOCK_50   ; 6.697 ; 6.697 ; Rise       ; CLOCK_50        ;
;  SRAM_DQ[6]    ; CLOCK_50   ; 6.682 ; 6.682 ; Rise       ; CLOCK_50        ;
;  SRAM_DQ[7]    ; CLOCK_50   ; 6.959 ; 6.959 ; Rise       ; CLOCK_50        ;
;  SRAM_DQ[8]    ; CLOCK_50   ; 7.628 ; 7.628 ; Rise       ; CLOCK_50        ;
;  SRAM_DQ[9]    ; CLOCK_50   ; 7.572 ; 7.572 ; Rise       ; CLOCK_50        ;
;  SRAM_DQ[10]   ; CLOCK_50   ; 7.178 ; 7.178 ; Rise       ; CLOCK_50        ;
;  SRAM_DQ[11]   ; CLOCK_50   ; 7.600 ; 7.600 ; Rise       ; CLOCK_50        ;
;  SRAM_DQ[12]   ; CLOCK_50   ; 7.610 ; 7.610 ; Rise       ; CLOCK_50        ;
;  SRAM_DQ[13]   ; CLOCK_50   ; 7.192 ; 7.192 ; Rise       ; CLOCK_50        ;
;  SRAM_DQ[14]   ; CLOCK_50   ; 7.155 ; 7.155 ; Rise       ; CLOCK_50        ;
;  SRAM_DQ[15]   ; CLOCK_50   ; 7.189 ; 7.189 ; Rise       ; CLOCK_50        ;
; SRAM_WE_N      ; CLOCK_50   ; 8.008 ; 8.008 ; Rise       ; CLOCK_50        ;
; UART_TXD       ; CLOCK_50   ; 8.481 ; 8.481 ; Rise       ; CLOCK_50        ;
; rx_valid_led   ; CLOCK_50   ; 8.721 ; 8.721 ; Rise       ; CLOCK_50        ;
; state_led[*]   ; CLOCK_50   ; 8.094 ; 8.094 ; Rise       ; CLOCK_50        ;
;  state_led[0]  ; CLOCK_50   ; 8.160 ; 8.160 ; Rise       ; CLOCK_50        ;
;  state_led[1]  ; CLOCK_50   ; 8.094 ; 8.094 ; Rise       ; CLOCK_50        ;
; tx_busy_led    ; CLOCK_50   ; 7.682 ; 7.682 ; Rise       ; CLOCK_50        ;
+----------------+------------+-------+-------+------------+-----------------+


+-------------------------------------------------------------------------+
; Output Enable Times                                                     ;
+--------------+------------+-------+------+------------+-----------------+
; Data Port    ; Clock Port ; Rise  ; Fall ; Clock Edge ; Clock Reference ;
+--------------+------------+-------+------+------------+-----------------+
; SRAM_DQ[*]   ; CLOCK_50   ; 7.295 ;      ; Rise       ; CLOCK_50        ;
;  SRAM_DQ[0]  ; CLOCK_50   ; 7.879 ;      ; Rise       ; CLOCK_50        ;
;  SRAM_DQ[1]  ; CLOCK_50   ; 7.889 ;      ; Rise       ; CLOCK_50        ;
;  SRAM_DQ[2]  ; CLOCK_50   ; 7.853 ;      ; Rise       ; CLOCK_50        ;
;  SRAM_DQ[3]  ; CLOCK_50   ; 7.833 ;      ; Rise       ; CLOCK_50        ;
;  SRAM_DQ[4]  ; CLOCK_50   ; 7.791 ;      ; Rise       ; CLOCK_50        ;
;  SRAM_DQ[5]  ; CLOCK_50   ; 7.527 ;      ; Rise       ; CLOCK_50        ;
;  SRAM_DQ[6]  ; CLOCK_50   ; 7.527 ;      ; Rise       ; CLOCK_50        ;
;  SRAM_DQ[7]  ; CLOCK_50   ; 7.521 ;      ; Rise       ; CLOCK_50        ;
;  SRAM_DQ[8]  ; CLOCK_50   ; 7.571 ;      ; Rise       ; CLOCK_50        ;
;  SRAM_DQ[9]  ; CLOCK_50   ; 7.571 ;      ; Rise       ; CLOCK_50        ;
;  SRAM_DQ[10] ; CLOCK_50   ; 7.305 ;      ; Rise       ; CLOCK_50        ;
;  SRAM_DQ[11] ; CLOCK_50   ; 7.305 ;      ; Rise       ; CLOCK_50        ;
;  SRAM_DQ[12] ; CLOCK_50   ; 7.295 ;      ; Rise       ; CLOCK_50        ;
;  SRAM_DQ[13] ; CLOCK_50   ; 7.295 ;      ; Rise       ; CLOCK_50        ;
;  SRAM_DQ[14] ; CLOCK_50   ; 7.747 ;      ; Rise       ; CLOCK_50        ;
;  SRAM_DQ[15] ; CLOCK_50   ; 7.747 ;      ; Rise       ; CLOCK_50        ;
+--------------+------------+-------+------+------------+-----------------+


+-------------------------------------------------------------------------+
; Minimum Output Enable Times                                             ;
+--------------+------------+-------+------+------------+-----------------+
; Data Port    ; Clock Port ; Rise  ; Fall ; Clock Edge ; Clock Reference ;
+--------------+------------+-------+------+------------+-----------------+
; SRAM_DQ[*]   ; CLOCK_50   ; 7.295 ;      ; Rise       ; CLOCK_50        ;
;  SRAM_DQ[0]  ; CLOCK_50   ; 7.879 ;      ; Rise       ; CLOCK_50        ;
;  SRAM_DQ[1]  ; CLOCK_50   ; 7.889 ;      ; Rise       ; CLOCK_50        ;
;  SRAM_DQ[2]  ; CLOCK_50   ; 7.853 ;      ; Rise       ; CLOCK_50        ;
;  SRAM_DQ[3]  ; CLOCK_50   ; 7.833 ;      ; Rise       ; CLOCK_50        ;
;  SRAM_DQ[4]  ; CLOCK_50   ; 7.791 ;      ; Rise       ; CLOCK_50        ;
;  SRAM_DQ[5]  ; CLOCK_50   ; 7.527 ;      ; Rise       ; CLOCK_50        ;
;  SRAM_DQ[6]  ; CLOCK_50   ; 7.527 ;      ; Rise       ; CLOCK_50        ;
;  SRAM_DQ[7]  ; CLOCK_50   ; 7.521 ;      ; Rise       ; CLOCK_50        ;
;  SRAM_DQ[8]  ; CLOCK_50   ; 7.571 ;      ; Rise       ; CLOCK_50        ;
;  SRAM_DQ[9]  ; CLOCK_50   ; 7.571 ;      ; Rise       ; CLOCK_50        ;
;  SRAM_DQ[10] ; CLOCK_50   ; 7.305 ;      ; Rise       ; CLOCK_50        ;
;  SRAM_DQ[11] ; CLOCK_50   ; 7.305 ;      ; Rise       ; CLOCK_50        ;
;  SRAM_DQ[12] ; CLOCK_50   ; 7.295 ;      ; Rise       ; CLOCK_50        ;
;  SRAM_DQ[13] ; CLOCK_50   ; 7.295 ;      ; Rise       ; CLOCK_50        ;
;  SRAM_DQ[14] ; CLOCK_50   ; 7.747 ;      ; Rise       ; CLOCK_50        ;
;  SRAM_DQ[15] ; CLOCK_50   ; 7.747 ;      ; Rise       ; CLOCK_50        ;
+--------------+------------+-------+------+------------+-----------------+


+----------------------------------------------------------------------------------+
; Output Disable Times                                                             ;
+--------------+------------+-----------+-----------+------------+-----------------+
; Data Port    ; Clock Port ; 0 to Hi-Z ; 1 to Hi-Z ; Clock Edge ; Clock Reference ;
+--------------+------------+-----------+-----------+------------+-----------------+
; SRAM_DQ[*]   ; CLOCK_50   ; 7.295     ;           ; Rise       ; CLOCK_50        ;
;  SRAM_DQ[0]  ; CLOCK_50   ; 7.879     ;           ; Rise       ; CLOCK_50        ;
;  SRAM_DQ[1]  ; CLOCK_50   ; 7.889     ;           ; Rise       ; CLOCK_50        ;
;  SRAM_DQ[2]  ; CLOCK_50   ; 7.853     ;           ; Rise       ; CLOCK_50        ;
;  SRAM_DQ[3]  ; CLOCK_50   ; 7.833     ;           ; Rise       ; CLOCK_50        ;
;  SRAM_DQ[4]  ; CLOCK_50   ; 7.791     ;           ; Rise       ; CLOCK_50        ;
;  SRAM_DQ[5]  ; CLOCK_50   ; 7.527     ;           ; Rise       ; CLOCK_50        ;
;  SRAM_DQ[6]  ; CLOCK_50   ; 7.527     ;           ; Rise       ; CLOCK_50        ;
;  SRAM_DQ[7]  ; CLOCK_50   ; 7.521     ;           ; Rise       ; CLOCK_50        ;
;  SRAM_DQ[8]  ; CLOCK_50   ; 7.571     ;           ; Rise       ; CLOCK_50        ;
;  SRAM_DQ[9]  ; CLOCK_50   ; 7.571     ;           ; Rise       ; CLOCK_50        ;
;  SRAM_DQ[10] ; CLOCK_50   ; 7.305     ;           ; Rise       ; CLOCK_50        ;
;  SRAM_DQ[11] ; CLOCK_50   ; 7.305     ;           ; Rise       ; CLOCK_50        ;
;  SRAM_DQ[12] ; CLOCK_50   ; 7.295     ;           ; Rise       ; CLOCK_50        ;
;  SRAM_DQ[13] ; CLOCK_50   ; 7.295     ;           ; Rise       ; CLOCK_50        ;
;  SRAM_DQ[14] ; CLOCK_50   ; 7.747     ;           ; Rise       ; CLOCK_50        ;
;  SRAM_DQ[15] ; CLOCK_50   ; 7.747     ;           ; Rise       ; CLOCK_50        ;
+--------------+------------+-----------+-----------+------------+-----------------+


+----------------------------------------------------------------------------------+
; Minimum Output Disable Times                                                     ;
+--------------+------------+-----------+-----------+------------+-----------------+
; Data Port    ; Clock Port ; 0 to Hi-Z ; 1 to Hi-Z ; Clock Edge ; Clock Reference ;
+--------------+------------+-----------+-----------+------------+-----------------+
; SRAM_DQ[*]   ; CLOCK_50   ; 7.295     ;           ; Rise       ; CLOCK_50        ;
;  SRAM_DQ[0]  ; CLOCK_50   ; 7.879     ;           ; Rise       ; CLOCK_50        ;
;  SRAM_DQ[1]  ; CLOCK_50   ; 7.889     ;           ; Rise       ; CLOCK_50        ;
;  SRAM_DQ[2]  ; CLOCK_50   ; 7.853     ;           ; Rise       ; CLOCK_50        ;
;  SRAM_DQ[3]  ; CLOCK_50   ; 7.833     ;           ; Rise       ; CLOCK_50        ;
;  SRAM_DQ[4]  ; CLOCK_50   ; 7.791     ;           ; Rise       ; CLOCK_50        ;
;  SRAM_DQ[5]  ; CLOCK_50   ; 7.527     ;           ; Rise       ; CLOCK_50        ;
;  SRAM_DQ[6]  ; CLOCK_50   ; 7.527     ;           ; Rise       ; CLOCK_50        ;
;  SRAM_DQ[7]  ; CLOCK_50   ; 7.521     ;           ; Rise       ; CLOCK_50        ;
;  SRAM_DQ[8]  ; CLOCK_50   ; 7.571     ;           ; Rise       ; CLOCK_50        ;
;  SRAM_DQ[9]  ; CLOCK_50   ; 7.571     ;           ; Rise       ; CLOCK_50        ;
;  SRAM_DQ[10] ; CLOCK_50   ; 7.305     ;           ; Rise       ; CLOCK_50        ;
;  SRAM_DQ[11] ; CLOCK_50   ; 7.305     ;           ; Rise       ; CLOCK_50        ;
;  SRAM_DQ[12] ; CLOCK_50   ; 7.295     ;           ; Rise       ; CLOCK_50        ;
;  SRAM_DQ[13] ; CLOCK_50   ; 7.295     ;           ; Rise       ; CLOCK_50        ;
;  SRAM_DQ[14] ; CLOCK_50   ; 7.747     ;           ; Rise       ; CLOCK_50        ;
;  SRAM_DQ[15] ; CLOCK_50   ; 7.747     ;           ; Rise       ; CLOCK_50        ;
+--------------+------------+-----------+-----------+------------+-----------------+


+-----------------------------------+
; Fast Model Setup Summary          ;
+----------+--------+---------------+
; Clock    ; Slack  ; End Point TNS ;
+----------+--------+---------------+
; CLOCK_50 ; 15.832 ; 0.000         ;
+----------+--------+---------------+


+----------------------------------+
; Fast Model Hold Summary          ;
+----------+-------+---------------+
; Clock    ; Slack ; End Point TNS ;
+----------+-------+---------------+
; CLOCK_50 ; 0.215 ; 0.000         ;
+----------+-------+---------------+


-------------------------------
; Fast Model Recovery Summary ;
-------------------------------
No paths to report.


------------------------------
; Fast Model Removal Summary ;
------------------------------
No paths to report.


+----------------------------------------+
; Fast Model Minimum Pulse Width Summary ;
+----------+-------+---------------------+
; Clock    ; Slack ; End Point TNS       ;
+----------+-------+---------------------+
; CLOCK_50 ; 7.873 ; 0.000               ;
+----------+-------+---------------------+


+--------------------------------------------------------------------------------------------------------------------------------------------------------------------------------------------------------------------------------------------------------+
; Fast Model Setup: 'CLOCK_50'                                                                                                                                                                                                                           ;
+--------+-----------------------------------------------------------------------------------------------------------------------+-------------------------------------------------+--------------+-------------+--------------+------------+------------+
; Slack  ; From Node                                                                                                             ; To Node                                         ; Launch Clock ; Latch Clock ; Relationship ; Clock Skew ; Data Delay ;
+--------+-----------------------------------------------------------------------------------------------------------------------+-------------------------------------------------+--------------+-------------+--------------+------------+------------+
; 15.832 ; uart_rx_packet_new:packet_inst|altsyncram:buffer_rtl_0|altsyncram_09c1:auto_generated|ram_block1a0~portb_address_reg0 ; sram_packet_writer:sram_writer_inst|data_low[0] ; CLOCK_50     ; CLOCK_50    ; 20.000       ; -0.066     ; 4.134      ;
; 15.832 ; uart_rx_packet_new:packet_inst|altsyncram:buffer_rtl_0|altsyncram_09c1:auto_generated|ram_block1a0~portb_address_reg1 ; sram_packet_writer:sram_writer_inst|data_low[0] ; CLOCK_50     ; CLOCK_50    ; 20.000       ; -0.066     ; 4.134      ;
; 15.832 ; uart_rx_packet_new:packet_inst|altsyncram:buffer_rtl_0|altsyncram_09c1:auto_generated|ram_block1a0~portb_address_reg2 ; sram_packet_writer:sram_writer_inst|data_low[0] ; CLOCK_50     ; CLOCK_50    ; 20.000       ; -0.066     ; 4.134      ;
; 15.832 ; uart_rx_packet_new:packet_inst|altsyncram:buffer_rtl_0|altsyncram_09c1:auto_generated|ram_block1a0~portb_address_reg3 ; sram_packet_writer:sram_writer_inst|data_low[0] ; CLOCK_50     ; CLOCK_50    ; 20.000       ; -0.066     ; 4.134      ;
; 15.832 ; uart_rx_packet_new:packet_inst|altsyncram:buffer_rtl_0|altsyncram_09c1:auto_generated|ram_block1a0~portb_address_reg4 ; sram_packet_writer:sram_writer_inst|data_low[0] ; CLOCK_50     ; CLOCK_50    ; 20.000       ; -0.066     ; 4.134      ;
; 15.832 ; uart_rx_packet_new:packet_inst|altsyncram:buffer_rtl_0|altsyncram_09c1:auto_generated|ram_block1a0~portb_address_reg5 ; sram_packet_writer:sram_writer_inst|data_low[0] ; CLOCK_50     ; CLOCK_50    ; 20.000       ; -0.066     ; 4.134      ;
; 15.832 ; uart_rx_packet_new:packet_inst|altsyncram:buffer_rtl_0|altsyncram_09c1:auto_generated|ram_block1a0~portb_address_reg6 ; sram_packet_writer:sram_writer_inst|data_low[0] ; CLOCK_50     ; CLOCK_50    ; 20.000       ; -0.066     ; 4.134      ;
; 15.832 ; uart_rx_packet_new:packet_inst|altsyncram:buffer_rtl_0|altsyncram_09c1:auto_generated|ram_block1a0~portb_address_reg7 ; sram_packet_writer:sram_writer_inst|data_low[0] ; CLOCK_50     ; CLOCK_50    ; 20.000       ; -0.066     ; 4.134      ;
; 16.080 ; uart_rx_packet_new:packet_inst|altsyncram:buffer_rtl_0|altsyncram_09c1:auto_generated|ram_block1a0~portb_address_reg0 ; sram_packet_writer:sram_writer_inst|w_data[8]   ; CLOCK_50     ; CLOCK_50    ; 20.000       ; -0.066     ; 3.886      ;
; 16.080 ; uart_rx_packet_new:packet_inst|altsyncram:buffer_rtl_0|altsyncram_09c1:auto_generated|ram_block1a0~portb_address_reg1 ; sram_packet_writer:sram_writer_inst|w_data[8]   ; CLOCK_50     ; CLOCK_50    ; 20.000       ; -0.066     ; 3.886      ;
; 16.080 ; uart_rx_packet_new:packet_inst|altsyncram:buffer_rtl_0|altsyncram_09c1:auto_generated|ram_block1a0~portb_address_reg2 ; sram_packet_writer:sram_writer_inst|w_data[8]   ; CLOCK_50     ; CLOCK_50    ; 20.000       ; -0.066     ; 3.886      ;
; 16.080 ; uart_rx_packet_new:packet_inst|altsyncram:buffer_rtl_0|altsyncram_09c1:auto_generated|ram_block1a0~portb_address_reg3 ; sram_packet_writer:sram_writer_inst|w_data[8]   ; CLOCK_50     ; CLOCK_50    ; 20.000       ; -0.066     ; 3.886      ;
; 16.080 ; uart_rx_packet_new:packet_inst|altsyncram:buffer_rtl_0|altsyncram_09c1:auto_generated|ram_block1a0~portb_address_reg4 ; sram_packet_writer:sram_writer_inst|w_data[8]   ; CLOCK_50     ; CLOCK_50    ; 20.000       ; -0.066     ; 3.886      ;
; 16.080 ; uart_rx_packet_new:packet_inst|altsyncram:buffer_rtl_0|altsyncram_09c1:auto_generated|ram_block1a0~portb_address_reg5 ; sram_packet_writer:sram_writer_inst|w_data[8]   ; CLOCK_50     ; CLOCK_50    ; 20.000       ; -0.066     ; 3.886      ;
; 16.080 ; uart_rx_packet_new:packet_inst|altsyncram:buffer_rtl_0|altsyncram_09c1:auto_generated|ram_block1a0~portb_address_reg6 ; sram_packet_writer:sram_writer_inst|w_data[8]   ; CLOCK_50     ; CLOCK_50    ; 20.000       ; -0.066     ; 3.886      ;
; 16.080 ; uart_rx_packet_new:packet_inst|altsyncram:buffer_rtl_0|altsyncram_09c1:auto_generated|ram_block1a0~portb_address_reg7 ; sram_packet_writer:sram_writer_inst|w_data[8]   ; CLOCK_50     ; CLOCK_50    ; 20.000       ; -0.066     ; 3.886      ;
; 16.362 ; uart_rx_packet_new:packet_inst|altsyncram:buffer_rtl_0|altsyncram_09c1:auto_generated|ram_block1a0~portb_address_reg0 ; sram_packet_writer:sram_writer_inst|w_data[15]  ; CLOCK_50     ; CLOCK_50    ; 20.000       ; -0.070     ; 3.600      ;
; 16.362 ; uart_rx_packet_new:packet_inst|altsyncram:buffer_rtl_0|altsyncram_09c1:auto_generated|ram_block1a0~portb_address_reg1 ; sram_packet_writer:sram_writer_inst|w_data[15]  ; CLOCK_50     ; CLOCK_50    ; 20.000       ; -0.070     ; 3.600      ;
; 16.362 ; uart_rx_packet_new:packet_inst|altsyncram:buffer_rtl_0|altsyncram_09c1:auto_generated|ram_block1a0~portb_address_reg2 ; sram_packet_writer:sram_writer_inst|w_data[15]  ; CLOCK_50     ; CLOCK_50    ; 20.000       ; -0.070     ; 3.600      ;
; 16.362 ; uart_rx_packet_new:packet_inst|altsyncram:buffer_rtl_0|altsyncram_09c1:auto_generated|ram_block1a0~portb_address_reg3 ; sram_packet_writer:sram_writer_inst|w_data[15]  ; CLOCK_50     ; CLOCK_50    ; 20.000       ; -0.070     ; 3.600      ;
; 16.362 ; uart_rx_packet_new:packet_inst|altsyncram:buffer_rtl_0|altsyncram_09c1:auto_generated|ram_block1a0~portb_address_reg4 ; sram_packet_writer:sram_writer_inst|w_data[15]  ; CLOCK_50     ; CLOCK_50    ; 20.000       ; -0.070     ; 3.600      ;
; 16.362 ; uart_rx_packet_new:packet_inst|altsyncram:buffer_rtl_0|altsyncram_09c1:auto_generated|ram_block1a0~portb_address_reg5 ; sram_packet_writer:sram_writer_inst|w_data[15]  ; CLOCK_50     ; CLOCK_50    ; 20.000       ; -0.070     ; 3.600      ;
; 16.362 ; uart_rx_packet_new:packet_inst|altsyncram:buffer_rtl_0|altsyncram_09c1:auto_generated|ram_block1a0~portb_address_reg6 ; sram_packet_writer:sram_writer_inst|w_data[15]  ; CLOCK_50     ; CLOCK_50    ; 20.000       ; -0.070     ; 3.600      ;
; 16.362 ; uart_rx_packet_new:packet_inst|altsyncram:buffer_rtl_0|altsyncram_09c1:auto_generated|ram_block1a0~portb_address_reg7 ; sram_packet_writer:sram_writer_inst|w_data[15]  ; CLOCK_50     ; CLOCK_50    ; 20.000       ; -0.070     ; 3.600      ;
; 16.547 ; uart_rx_packet_new:packet_inst|drain_cnt[15]                                                                          ; uart_rx_packet_new:packet_inst|state.CLEAR_DATA ; CLOCK_50     ; CLOCK_50    ; 20.000       ; -0.001     ; 3.484      ;
; 16.549 ; uart_rx_packet_new:packet_inst|drain_cnt[15]                                                                          ; uart_rx_packet_new:packet_inst|state.WAIT_SEND  ; CLOCK_50     ; CLOCK_50    ; 20.000       ; -0.001     ; 3.482      ;
; 16.551 ; uart_rx_packet_new:packet_inst|drain_cnt[15]                                                                          ; uart_rx_packet_new:packet_inst|state.ACK        ; CLOCK_50     ; CLOCK_50    ; 20.000       ; -0.001     ; 3.480      ;
; 16.552 ; uart_rx_packet_new:packet_inst|drain_cnt[15]                                                                          ; uart_rx_packet_new:packet_inst|state.CLEAR_CRC  ; CLOCK_50     ; CLOCK_50    ; 20.000       ; -0.001     ; 3.479      ;
; 16.600 ; uart_rx_packet_new:packet_inst|drain_cnt[15]                                                                          ; uart_rx_packet_new:packet_inst|state.RECOVERY   ; CLOCK_50     ; CLOCK_50    ; 20.000       ; -0.001     ; 3.431      ;
; 16.624 ; uart_rx_packet_new:packet_inst|drain_cnt[18]                                                                          ; uart_rx_packet_new:packet_inst|state.CLEAR_DATA ; CLOCK_50     ; CLOCK_50    ; 20.000       ; 0.025      ; 3.433      ;
; 16.626 ; uart_rx_packet_new:packet_inst|drain_cnt[18]                                                                          ; uart_rx_packet_new:packet_inst|state.WAIT_SEND  ; CLOCK_50     ; CLOCK_50    ; 20.000       ; 0.025      ; 3.431      ;
; 16.628 ; uart_rx_packet_new:packet_inst|drain_cnt[18]                                                                          ; uart_rx_packet_new:packet_inst|state.ACK        ; CLOCK_50     ; CLOCK_50    ; 20.000       ; 0.025      ; 3.429      ;
; 16.629 ; uart_rx_packet_new:packet_inst|drain_cnt[18]                                                                          ; uart_rx_packet_new:packet_inst|state.CLEAR_CRC  ; CLOCK_50     ; CLOCK_50    ; 20.000       ; 0.025      ; 3.428      ;
; 16.677 ; uart_rx_packet_new:packet_inst|drain_cnt[18]                                                                          ; uart_rx_packet_new:packet_inst|state.RECOVERY   ; CLOCK_50     ; CLOCK_50    ; 20.000       ; 0.025      ; 3.380      ;
; 16.742 ; uart_rx_packet_new:packet_inst|altsyncram:buffer_rtl_0|altsyncram_09c1:auto_generated|ram_block1a0~portb_address_reg0 ; sram_packet_writer:sram_writer_inst|data_low[6] ; CLOCK_50     ; CLOCK_50    ; 20.000       ; -0.070     ; 3.220      ;
; 16.742 ; uart_rx_packet_new:packet_inst|altsyncram:buffer_rtl_0|altsyncram_09c1:auto_generated|ram_block1a0~portb_address_reg1 ; sram_packet_writer:sram_writer_inst|data_low[6] ; CLOCK_50     ; CLOCK_50    ; 20.000       ; -0.070     ; 3.220      ;
; 16.742 ; uart_rx_packet_new:packet_inst|altsyncram:buffer_rtl_0|altsyncram_09c1:auto_generated|ram_block1a0~portb_address_reg2 ; sram_packet_writer:sram_writer_inst|data_low[6] ; CLOCK_50     ; CLOCK_50    ; 20.000       ; -0.070     ; 3.220      ;
; 16.742 ; uart_rx_packet_new:packet_inst|altsyncram:buffer_rtl_0|altsyncram_09c1:auto_generated|ram_block1a0~portb_address_reg3 ; sram_packet_writer:sram_writer_inst|data_low[6] ; CLOCK_50     ; CLOCK_50    ; 20.000       ; -0.070     ; 3.220      ;
; 16.742 ; uart_rx_packet_new:packet_inst|altsyncram:buffer_rtl_0|altsyncram_09c1:auto_generated|ram_block1a0~portb_address_reg4 ; sram_packet_writer:sram_writer_inst|data_low[6] ; CLOCK_50     ; CLOCK_50    ; 20.000       ; -0.070     ; 3.220      ;
; 16.742 ; uart_rx_packet_new:packet_inst|altsyncram:buffer_rtl_0|altsyncram_09c1:auto_generated|ram_block1a0~portb_address_reg5 ; sram_packet_writer:sram_writer_inst|data_low[6] ; CLOCK_50     ; CLOCK_50    ; 20.000       ; -0.070     ; 3.220      ;
; 16.742 ; uart_rx_packet_new:packet_inst|altsyncram:buffer_rtl_0|altsyncram_09c1:auto_generated|ram_block1a0~portb_address_reg6 ; sram_packet_writer:sram_writer_inst|data_low[6] ; CLOCK_50     ; CLOCK_50    ; 20.000       ; -0.070     ; 3.220      ;
; 16.742 ; uart_rx_packet_new:packet_inst|altsyncram:buffer_rtl_0|altsyncram_09c1:auto_generated|ram_block1a0~portb_address_reg7 ; sram_packet_writer:sram_writer_inst|data_low[6] ; CLOCK_50     ; CLOCK_50    ; 20.000       ; -0.070     ; 3.220      ;
; 16.748 ; uart_rx_packet_new:packet_inst|altsyncram:buffer_rtl_0|altsyncram_09c1:auto_generated|ram_block1a0~portb_address_reg0 ; sram_packet_writer:sram_writer_inst|data_low[2] ; CLOCK_50     ; CLOCK_50    ; 20.000       ; -0.070     ; 3.214      ;
; 16.748 ; uart_rx_packet_new:packet_inst|altsyncram:buffer_rtl_0|altsyncram_09c1:auto_generated|ram_block1a0~portb_address_reg1 ; sram_packet_writer:sram_writer_inst|data_low[2] ; CLOCK_50     ; CLOCK_50    ; 20.000       ; -0.070     ; 3.214      ;
; 16.748 ; uart_rx_packet_new:packet_inst|altsyncram:buffer_rtl_0|altsyncram_09c1:auto_generated|ram_block1a0~portb_address_reg2 ; sram_packet_writer:sram_writer_inst|data_low[2] ; CLOCK_50     ; CLOCK_50    ; 20.000       ; -0.070     ; 3.214      ;
; 16.748 ; uart_rx_packet_new:packet_inst|altsyncram:buffer_rtl_0|altsyncram_09c1:auto_generated|ram_block1a0~portb_address_reg3 ; sram_packet_writer:sram_writer_inst|data_low[2] ; CLOCK_50     ; CLOCK_50    ; 20.000       ; -0.070     ; 3.214      ;
; 16.748 ; uart_rx_packet_new:packet_inst|altsyncram:buffer_rtl_0|altsyncram_09c1:auto_generated|ram_block1a0~portb_address_reg4 ; sram_packet_writer:sram_writer_inst|data_low[2] ; CLOCK_50     ; CLOCK_50    ; 20.000       ; -0.070     ; 3.214      ;
; 16.748 ; uart_rx_packet_new:packet_inst|altsyncram:buffer_rtl_0|altsyncram_09c1:auto_generated|ram_block1a0~portb_address_reg5 ; sram_packet_writer:sram_writer_inst|data_low[2] ; CLOCK_50     ; CLOCK_50    ; 20.000       ; -0.070     ; 3.214      ;
; 16.748 ; uart_rx_packet_new:packet_inst|altsyncram:buffer_rtl_0|altsyncram_09c1:auto_generated|ram_block1a0~portb_address_reg6 ; sram_packet_writer:sram_writer_inst|data_low[2] ; CLOCK_50     ; CLOCK_50    ; 20.000       ; -0.070     ; 3.214      ;
; 16.748 ; uart_rx_packet_new:packet_inst|altsyncram:buffer_rtl_0|altsyncram_09c1:auto_generated|ram_block1a0~portb_address_reg7 ; sram_packet_writer:sram_writer_inst|data_low[2] ; CLOCK_50     ; CLOCK_50    ; 20.000       ; -0.070     ; 3.214      ;
; 16.757 ; uart_rx_packet_new:packet_inst|altsyncram:buffer_rtl_0|altsyncram_09c1:auto_generated|ram_block1a0~portb_address_reg0 ; sram_packet_writer:sram_writer_inst|w_data[13]  ; CLOCK_50     ; CLOCK_50    ; 20.000       ; -0.070     ; 3.205      ;
; 16.757 ; uart_rx_packet_new:packet_inst|altsyncram:buffer_rtl_0|altsyncram_09c1:auto_generated|ram_block1a0~portb_address_reg1 ; sram_packet_writer:sram_writer_inst|w_data[13]  ; CLOCK_50     ; CLOCK_50    ; 20.000       ; -0.070     ; 3.205      ;
; 16.757 ; uart_rx_packet_new:packet_inst|altsyncram:buffer_rtl_0|altsyncram_09c1:auto_generated|ram_block1a0~portb_address_reg2 ; sram_packet_writer:sram_writer_inst|w_data[13]  ; CLOCK_50     ; CLOCK_50    ; 20.000       ; -0.070     ; 3.205      ;
; 16.757 ; uart_rx_packet_new:packet_inst|altsyncram:buffer_rtl_0|altsyncram_09c1:auto_generated|ram_block1a0~portb_address_reg3 ; sram_packet_writer:sram_writer_inst|w_data[13]  ; CLOCK_50     ; CLOCK_50    ; 20.000       ; -0.070     ; 3.205      ;
; 16.757 ; uart_rx_packet_new:packet_inst|altsyncram:buffer_rtl_0|altsyncram_09c1:auto_generated|ram_block1a0~portb_address_reg4 ; sram_packet_writer:sram_writer_inst|w_data[13]  ; CLOCK_50     ; CLOCK_50    ; 20.000       ; -0.070     ; 3.205      ;
; 16.757 ; uart_rx_packet_new:packet_inst|altsyncram:buffer_rtl_0|altsyncram_09c1:auto_generated|ram_block1a0~portb_address_reg5 ; sram_packet_writer:sram_writer_inst|w_data[13]  ; CLOCK_50     ; CLOCK_50    ; 20.000       ; -0.070     ; 3.205      ;
; 16.757 ; uart_rx_packet_new:packet_inst|altsyncram:buffer_rtl_0|altsyncram_09c1:auto_generated|ram_block1a0~portb_address_reg6 ; sram_packet_writer:sram_writer_inst|w_data[13]  ; CLOCK_50     ; CLOCK_50    ; 20.000       ; -0.070     ; 3.205      ;
; 16.757 ; uart_rx_packet_new:packet_inst|altsyncram:buffer_rtl_0|altsyncram_09c1:auto_generated|ram_block1a0~portb_address_reg7 ; sram_packet_writer:sram_writer_inst|w_data[13]  ; CLOCK_50     ; CLOCK_50    ; 20.000       ; -0.070     ; 3.205      ;
; 16.770 ; uart_rx_packet_new:packet_inst|drain_cnt[8]                                                                           ; uart_rx_packet_new:packet_inst|state.CLEAR_DATA ; CLOCK_50     ; CLOCK_50    ; 20.000       ; 0.025      ; 3.287      ;
; 16.772 ; uart_rx_packet_new:packet_inst|drain_cnt[8]                                                                           ; uart_rx_packet_new:packet_inst|state.WAIT_SEND  ; CLOCK_50     ; CLOCK_50    ; 20.000       ; 0.025      ; 3.285      ;
; 16.774 ; uart_rx_packet_new:packet_inst|drain_cnt[8]                                                                           ; uart_rx_packet_new:packet_inst|state.ACK        ; CLOCK_50     ; CLOCK_50    ; 20.000       ; 0.025      ; 3.283      ;
; 16.775 ; uart_rx_packet_new:packet_inst|drain_cnt[8]                                                                           ; uart_rx_packet_new:packet_inst|state.CLEAR_CRC  ; CLOCK_50     ; CLOCK_50    ; 20.000       ; 0.025      ; 3.282      ;
; 16.788 ; uart_rx_packet_new:packet_inst|drain_cnt[9]                                                                           ; uart_rx_packet_new:packet_inst|state.CLEAR_DATA ; CLOCK_50     ; CLOCK_50    ; 20.000       ; 0.001      ; 3.245      ;
; 16.790 ; uart_rx_packet_new:packet_inst|drain_cnt[9]                                                                           ; uart_rx_packet_new:packet_inst|state.WAIT_SEND  ; CLOCK_50     ; CLOCK_50    ; 20.000       ; 0.001      ; 3.243      ;
; 16.792 ; uart_rx_packet_new:packet_inst|drain_cnt[9]                                                                           ; uart_rx_packet_new:packet_inst|state.ACK        ; CLOCK_50     ; CLOCK_50    ; 20.000       ; 0.001      ; 3.241      ;
; 16.793 ; uart_rx_packet_new:packet_inst|drain_cnt[9]                                                                           ; uart_rx_packet_new:packet_inst|state.CLEAR_CRC  ; CLOCK_50     ; CLOCK_50    ; 20.000       ; 0.001      ; 3.240      ;
; 16.820 ; uart_rx_packet_new:packet_inst|altsyncram:buffer_rtl_0|altsyncram_09c1:auto_generated|ram_block1a0~portb_address_reg0 ; sram_packet_writer:sram_writer_inst|data_low[7] ; CLOCK_50     ; CLOCK_50    ; 20.000       ; -0.070     ; 3.142      ;
; 16.820 ; uart_rx_packet_new:packet_inst|altsyncram:buffer_rtl_0|altsyncram_09c1:auto_generated|ram_block1a0~portb_address_reg1 ; sram_packet_writer:sram_writer_inst|data_low[7] ; CLOCK_50     ; CLOCK_50    ; 20.000       ; -0.070     ; 3.142      ;
; 16.820 ; uart_rx_packet_new:packet_inst|altsyncram:buffer_rtl_0|altsyncram_09c1:auto_generated|ram_block1a0~portb_address_reg2 ; sram_packet_writer:sram_writer_inst|data_low[7] ; CLOCK_50     ; CLOCK_50    ; 20.000       ; -0.070     ; 3.142      ;
; 16.820 ; uart_rx_packet_new:packet_inst|altsyncram:buffer_rtl_0|altsyncram_09c1:auto_generated|ram_block1a0~portb_address_reg3 ; sram_packet_writer:sram_writer_inst|data_low[7] ; CLOCK_50     ; CLOCK_50    ; 20.000       ; -0.070     ; 3.142      ;
; 16.820 ; uart_rx_packet_new:packet_inst|altsyncram:buffer_rtl_0|altsyncram_09c1:auto_generated|ram_block1a0~portb_address_reg4 ; sram_packet_writer:sram_writer_inst|data_low[7] ; CLOCK_50     ; CLOCK_50    ; 20.000       ; -0.070     ; 3.142      ;
; 16.820 ; uart_rx_packet_new:packet_inst|altsyncram:buffer_rtl_0|altsyncram_09c1:auto_generated|ram_block1a0~portb_address_reg5 ; sram_packet_writer:sram_writer_inst|data_low[7] ; CLOCK_50     ; CLOCK_50    ; 20.000       ; -0.070     ; 3.142      ;
; 16.820 ; uart_rx_packet_new:packet_inst|altsyncram:buffer_rtl_0|altsyncram_09c1:auto_generated|ram_block1a0~portb_address_reg6 ; sram_packet_writer:sram_writer_inst|data_low[7] ; CLOCK_50     ; CLOCK_50    ; 20.000       ; -0.070     ; 3.142      ;
; 16.820 ; uart_rx_packet_new:packet_inst|altsyncram:buffer_rtl_0|altsyncram_09c1:auto_generated|ram_block1a0~portb_address_reg7 ; sram_packet_writer:sram_writer_inst|data_low[7] ; CLOCK_50     ; CLOCK_50    ; 20.000       ; -0.070     ; 3.142      ;
; 16.823 ; uart_rx_packet_new:packet_inst|drain_cnt[8]                                                                           ; uart_rx_packet_new:packet_inst|state.RECOVERY   ; CLOCK_50     ; CLOCK_50    ; 20.000       ; 0.025      ; 3.234      ;
; 16.834 ; uart_rx_packet_new:packet_inst|timeout_cnt[14]                                                                        ; uart_rx_packet_new:packet_inst|state.CLEAR_DATA ; CLOCK_50     ; CLOCK_50    ; 20.000       ; 0.023      ; 3.221      ;
; 16.836 ; uart_rx_packet_new:packet_inst|timeout_cnt[14]                                                                        ; uart_rx_packet_new:packet_inst|state.WAIT_SEND  ; CLOCK_50     ; CLOCK_50    ; 20.000       ; 0.023      ; 3.219      ;
; 16.839 ; uart_rx_packet_new:packet_inst|timeout_cnt[14]                                                                        ; uart_rx_packet_new:packet_inst|state.CLEAR_CRC  ; CLOCK_50     ; CLOCK_50    ; 20.000       ; 0.023      ; 3.216      ;
; 16.841 ; uart_rx_packet_new:packet_inst|drain_cnt[9]                                                                           ; uart_rx_packet_new:packet_inst|state.RECOVERY   ; CLOCK_50     ; CLOCK_50    ; 20.000       ; 0.001      ; 3.192      ;
; 16.869 ; uart_rx_packet_new:packet_inst|drain_cnt[11]                                                                          ; uart_rx_packet_new:packet_inst|state.CLEAR_DATA ; CLOCK_50     ; CLOCK_50    ; 20.000       ; 0.001      ; 3.164      ;
; 16.870 ; uart_rx_packet_new:packet_inst|drain_cnt[19]                                                                          ; uart_rx_packet_new:packet_inst|state.CLEAR_DATA ; CLOCK_50     ; CLOCK_50    ; 20.000       ; -0.001     ; 3.161      ;
; 16.871 ; uart_rx_packet_new:packet_inst|drain_cnt[11]                                                                          ; uart_rx_packet_new:packet_inst|state.WAIT_SEND  ; CLOCK_50     ; CLOCK_50    ; 20.000       ; 0.001      ; 3.162      ;
; 16.872 ; uart_rx_packet_new:packet_inst|drain_cnt[19]                                                                          ; uart_rx_packet_new:packet_inst|state.WAIT_SEND  ; CLOCK_50     ; CLOCK_50    ; 20.000       ; -0.001     ; 3.159      ;
; 16.873 ; uart_rx_packet_new:packet_inst|drain_cnt[11]                                                                          ; uart_rx_packet_new:packet_inst|state.ACK        ; CLOCK_50     ; CLOCK_50    ; 20.000       ; 0.001      ; 3.160      ;
; 16.874 ; uart_rx_packet_new:packet_inst|drain_cnt[11]                                                                          ; uart_rx_packet_new:packet_inst|state.CLEAR_CRC  ; CLOCK_50     ; CLOCK_50    ; 20.000       ; 0.001      ; 3.159      ;
; 16.874 ; uart_rx_packet_new:packet_inst|drain_cnt[19]                                                                          ; uart_rx_packet_new:packet_inst|state.ACK        ; CLOCK_50     ; CLOCK_50    ; 20.000       ; -0.001     ; 3.157      ;
; 16.874 ; uart_rx_packet_new:packet_inst|drain_cnt[7]                                                                           ; uart_rx_packet_new:packet_inst|state.CLEAR_DATA ; CLOCK_50     ; CLOCK_50    ; 20.000       ; 0.001      ; 3.159      ;
; 16.875 ; uart_rx_packet_new:packet_inst|drain_cnt[19]                                                                          ; uart_rx_packet_new:packet_inst|state.CLEAR_CRC  ; CLOCK_50     ; CLOCK_50    ; 20.000       ; -0.001     ; 3.156      ;
; 16.876 ; uart_rx_packet_new:packet_inst|drain_cnt[7]                                                                           ; uart_rx_packet_new:packet_inst|state.WAIT_SEND  ; CLOCK_50     ; CLOCK_50    ; 20.000       ; 0.001      ; 3.157      ;
; 16.878 ; uart_rx_packet_new:packet_inst|drain_cnt[7]                                                                           ; uart_rx_packet_new:packet_inst|state.ACK        ; CLOCK_50     ; CLOCK_50    ; 20.000       ; 0.001      ; 3.155      ;
; 16.879 ; uart_rx_packet_new:packet_inst|altsyncram:buffer_rtl_0|altsyncram_09c1:auto_generated|ram_block1a0~portb_address_reg0 ; sram_packet_writer:sram_writer_inst|data_low[1] ; CLOCK_50     ; CLOCK_50    ; 20.000       ; -0.066     ; 3.087      ;
; 16.879 ; uart_rx_packet_new:packet_inst|drain_cnt[7]                                                                           ; uart_rx_packet_new:packet_inst|state.CLEAR_CRC  ; CLOCK_50     ; CLOCK_50    ; 20.000       ; 0.001      ; 3.154      ;
; 16.879 ; uart_rx_packet_new:packet_inst|altsyncram:buffer_rtl_0|altsyncram_09c1:auto_generated|ram_block1a0~portb_address_reg1 ; sram_packet_writer:sram_writer_inst|data_low[1] ; CLOCK_50     ; CLOCK_50    ; 20.000       ; -0.066     ; 3.087      ;
; 16.879 ; uart_rx_packet_new:packet_inst|altsyncram:buffer_rtl_0|altsyncram_09c1:auto_generated|ram_block1a0~portb_address_reg2 ; sram_packet_writer:sram_writer_inst|data_low[1] ; CLOCK_50     ; CLOCK_50    ; 20.000       ; -0.066     ; 3.087      ;
; 16.879 ; uart_rx_packet_new:packet_inst|altsyncram:buffer_rtl_0|altsyncram_09c1:auto_generated|ram_block1a0~portb_address_reg3 ; sram_packet_writer:sram_writer_inst|data_low[1] ; CLOCK_50     ; CLOCK_50    ; 20.000       ; -0.066     ; 3.087      ;
; 16.879 ; uart_rx_packet_new:packet_inst|altsyncram:buffer_rtl_0|altsyncram_09c1:auto_generated|ram_block1a0~portb_address_reg4 ; sram_packet_writer:sram_writer_inst|data_low[1] ; CLOCK_50     ; CLOCK_50    ; 20.000       ; -0.066     ; 3.087      ;
; 16.879 ; uart_rx_packet_new:packet_inst|altsyncram:buffer_rtl_0|altsyncram_09c1:auto_generated|ram_block1a0~portb_address_reg5 ; sram_packet_writer:sram_writer_inst|data_low[1] ; CLOCK_50     ; CLOCK_50    ; 20.000       ; -0.066     ; 3.087      ;
; 16.879 ; uart_rx_packet_new:packet_inst|altsyncram:buffer_rtl_0|altsyncram_09c1:auto_generated|ram_block1a0~portb_address_reg6 ; sram_packet_writer:sram_writer_inst|data_low[1] ; CLOCK_50     ; CLOCK_50    ; 20.000       ; -0.066     ; 3.087      ;
; 16.879 ; uart_rx_packet_new:packet_inst|altsyncram:buffer_rtl_0|altsyncram_09c1:auto_generated|ram_block1a0~portb_address_reg7 ; sram_packet_writer:sram_writer_inst|data_low[1] ; CLOCK_50     ; CLOCK_50    ; 20.000       ; -0.066     ; 3.087      ;
; 16.892 ; uart_rx_packet_new:packet_inst|altsyncram:buffer_rtl_0|altsyncram_09c1:auto_generated|ram_block1a0~portb_address_reg0 ; sram_packet_writer:sram_writer_inst|w_data[11]  ; CLOCK_50     ; CLOCK_50    ; 20.000       ; -0.066     ; 3.074      ;
+--------+-----------------------------------------------------------------------------------------------------------------------+-------------------------------------------------+--------------+-------------+--------------+------------+------------+


+-----------------------------------------------------------------------------------------------------------------------------------------------------------------------------------------------------------------------------+
; Fast Model Hold: 'CLOCK_50'                                                                                                                                                                                                 ;
+-------+-----------------------------------------------------------------------+-----------------------------------------------------------------------+--------------+-------------+--------------+------------+------------+
; Slack ; From Node                                                             ; To Node                                                               ; Launch Clock ; Latch Clock ; Relationship ; Clock Skew ; Data Delay ;
+-------+-----------------------------------------------------------------------+-----------------------------------------------------------------------+--------------+-------------+--------------+------------+------------+
; 0.215 ; sram_packet_writer:sram_writer_inst|packet_cnt[0]                     ; sram_packet_writer:sram_writer_inst|packet_cnt[0]                     ; CLOCK_50     ; CLOCK_50    ; 0.000        ; 0.000      ; 0.367      ;
; 0.215 ; sram_packet_writer:sram_writer_inst|current_state.FINISH              ; sram_packet_writer:sram_writer_inst|current_state.FINISH              ; CLOCK_50     ; CLOCK_50    ; 0.000        ; 0.000      ; 0.367      ;
; 0.215 ; uart_controller:uart_ctrl_inst|baud_rate_gen:brg_inst|ov_counter[1]   ; uart_controller:uart_ctrl_inst|baud_rate_gen:brg_inst|ov_counter[1]   ; CLOCK_50     ; CLOCK_50    ; 0.000        ; 0.000      ; 0.367      ;
; 0.215 ; uart_controller:uart_ctrl_inst|baud_rate_gen:brg_inst|uart_counter[0] ; uart_controller:uart_ctrl_inst|baud_rate_gen:brg_inst|uart_counter[0] ; CLOCK_50     ; CLOCK_50    ; 0.000        ; 0.000      ; 0.367      ;
; 0.215 ; uart_controller:uart_ctrl_inst|baud_rate_gen:brg_inst|uart_counter[1] ; uart_controller:uart_ctrl_inst|baud_rate_gen:brg_inst|uart_counter[1] ; CLOCK_50     ; CLOCK_50    ; 0.000        ; 0.000      ; 0.367      ;
; 0.215 ; uart_controller:uart_ctrl_inst|baud_rate_gen:brg_inst|uart_counter[2] ; uart_controller:uart_ctrl_inst|baud_rate_gen:brg_inst|uart_counter[2] ; CLOCK_50     ; CLOCK_50    ; 0.000        ; 0.000      ; 0.367      ;
; 0.215 ; uart_controller:uart_ctrl_inst|uart_rx:rx_inst|tick_cnt[0]            ; uart_controller:uart_ctrl_inst|uart_rx:rx_inst|tick_cnt[0]            ; CLOCK_50     ; CLOCK_50    ; 0.000        ; 0.000      ; 0.367      ;
; 0.215 ; uart_controller:uart_ctrl_inst|uart_rx:rx_inst|tick_cnt[1]            ; uart_controller:uart_ctrl_inst|uart_rx:rx_inst|tick_cnt[1]            ; CLOCK_50     ; CLOCK_50    ; 0.000        ; 0.000      ; 0.367      ;
; 0.215 ; uart_controller:uart_ctrl_inst|uart_rx:rx_inst|bit_cnt[0]             ; uart_controller:uart_ctrl_inst|uart_rx:rx_inst|bit_cnt[0]             ; CLOCK_50     ; CLOCK_50    ; 0.000        ; 0.000      ; 0.367      ;
; 0.215 ; uart_controller:uart_ctrl_inst|uart_rx:rx_inst|bit_cnt[1]             ; uart_controller:uart_ctrl_inst|uart_rx:rx_inst|bit_cnt[1]             ; CLOCK_50     ; CLOCK_50    ; 0.000        ; 0.000      ; 0.367      ;
; 0.215 ; uart_controller:uart_ctrl_inst|uart_rx:rx_inst|bit_cnt[2]             ; uart_controller:uart_ctrl_inst|uart_rx:rx_inst|bit_cnt[2]             ; CLOCK_50     ; CLOCK_50    ; 0.000        ; 0.000      ; 0.367      ;
; 0.215 ; uart_controller:uart_ctrl_inst|uart_rx:rx_inst|samples[0]             ; uart_controller:uart_ctrl_inst|uart_rx:rx_inst|samples[0]             ; CLOCK_50     ; CLOCK_50    ; 0.000        ; 0.000      ; 0.367      ;
; 0.215 ; uart_controller:uart_ctrl_inst|uart_rx:rx_inst|samples[2]             ; uart_controller:uart_ctrl_inst|uart_rx:rx_inst|samples[2]             ; CLOCK_50     ; CLOCK_50    ; 0.000        ; 0.000      ; 0.367      ;
; 0.215 ; uart_controller:uart_ctrl_inst|uart_rx:rx_inst|samples[1]             ; uart_controller:uart_ctrl_inst|uart_rx:rx_inst|samples[1]             ; CLOCK_50     ; CLOCK_50    ; 0.000        ; 0.000      ; 0.367      ;
; 0.215 ; uart_rx_packet_new:packet_inst|nack_response                          ; uart_rx_packet_new:packet_inst|nack_response                          ; CLOCK_50     ; CLOCK_50    ; 0.000        ; 0.000      ; 0.367      ;
; 0.215 ; uart_rx_packet_new:packet_inst|state.DRAIN_RX                         ; uart_rx_packet_new:packet_inst|state.DRAIN_RX                         ; CLOCK_50     ; CLOCK_50    ; 0.000        ; 0.000      ; 0.367      ;
; 0.215 ; uart_rx_packet_new:packet_inst|drain_cnt[0]                           ; uart_rx_packet_new:packet_inst|drain_cnt[0]                           ; CLOCK_50     ; CLOCK_50    ; 0.000        ; 0.000      ; 0.367      ;
; 0.215 ; uart_rx_packet_new:packet_inst|drain_cnt[1]                           ; uart_rx_packet_new:packet_inst|drain_cnt[1]                           ; CLOCK_50     ; CLOCK_50    ; 0.000        ; 0.000      ; 0.367      ;
; 0.215 ; uart_rx_packet_new:packet_inst|drain_cnt[2]                           ; uart_rx_packet_new:packet_inst|drain_cnt[2]                           ; CLOCK_50     ; CLOCK_50    ; 0.000        ; 0.000      ; 0.367      ;
; 0.215 ; uart_rx_packet_new:packet_inst|drain_cnt[3]                           ; uart_rx_packet_new:packet_inst|drain_cnt[3]                           ; CLOCK_50     ; CLOCK_50    ; 0.000        ; 0.000      ; 0.367      ;
; 0.215 ; uart_rx_packet_new:packet_inst|drain_cnt[4]                           ; uart_rx_packet_new:packet_inst|drain_cnt[4]                           ; CLOCK_50     ; CLOCK_50    ; 0.000        ; 0.000      ; 0.367      ;
; 0.215 ; uart_rx_packet_new:packet_inst|drain_cnt[5]                           ; uart_rx_packet_new:packet_inst|drain_cnt[5]                           ; CLOCK_50     ; CLOCK_50    ; 0.000        ; 0.000      ; 0.367      ;
; 0.215 ; uart_rx_packet_new:packet_inst|drain_cnt[6]                           ; uart_rx_packet_new:packet_inst|drain_cnt[6]                           ; CLOCK_50     ; CLOCK_50    ; 0.000        ; 0.000      ; 0.367      ;
; 0.215 ; uart_rx_packet_new:packet_inst|drain_cnt[7]                           ; uart_rx_packet_new:packet_inst|drain_cnt[7]                           ; CLOCK_50     ; CLOCK_50    ; 0.000        ; 0.000      ; 0.367      ;
; 0.215 ; uart_rx_packet_new:packet_inst|drain_cnt[8]                           ; uart_rx_packet_new:packet_inst|drain_cnt[8]                           ; CLOCK_50     ; CLOCK_50    ; 0.000        ; 0.000      ; 0.367      ;
; 0.215 ; uart_rx_packet_new:packet_inst|drain_cnt[9]                           ; uart_rx_packet_new:packet_inst|drain_cnt[9]                           ; CLOCK_50     ; CLOCK_50    ; 0.000        ; 0.000      ; 0.367      ;
; 0.215 ; uart_rx_packet_new:packet_inst|drain_cnt[10]                          ; uart_rx_packet_new:packet_inst|drain_cnt[10]                          ; CLOCK_50     ; CLOCK_50    ; 0.000        ; 0.000      ; 0.367      ;
; 0.215 ; uart_rx_packet_new:packet_inst|drain_cnt[11]                          ; uart_rx_packet_new:packet_inst|drain_cnt[11]                          ; CLOCK_50     ; CLOCK_50    ; 0.000        ; 0.000      ; 0.367      ;
; 0.215 ; uart_rx_packet_new:packet_inst|drain_cnt[12]                          ; uart_rx_packet_new:packet_inst|drain_cnt[12]                          ; CLOCK_50     ; CLOCK_50    ; 0.000        ; 0.000      ; 0.367      ;
; 0.215 ; uart_rx_packet_new:packet_inst|drain_cnt[13]                          ; uart_rx_packet_new:packet_inst|drain_cnt[13]                          ; CLOCK_50     ; CLOCK_50    ; 0.000        ; 0.000      ; 0.367      ;
; 0.215 ; uart_rx_packet_new:packet_inst|drain_cnt[14]                          ; uart_rx_packet_new:packet_inst|drain_cnt[14]                          ; CLOCK_50     ; CLOCK_50    ; 0.000        ; 0.000      ; 0.367      ;
; 0.215 ; uart_rx_packet_new:packet_inst|drain_cnt[15]                          ; uart_rx_packet_new:packet_inst|drain_cnt[15]                          ; CLOCK_50     ; CLOCK_50    ; 0.000        ; 0.000      ; 0.367      ;
; 0.215 ; uart_rx_packet_new:packet_inst|drain_cnt[16]                          ; uart_rx_packet_new:packet_inst|drain_cnt[16]                          ; CLOCK_50     ; CLOCK_50    ; 0.000        ; 0.000      ; 0.367      ;
; 0.215 ; uart_rx_packet_new:packet_inst|drain_cnt[17]                          ; uart_rx_packet_new:packet_inst|drain_cnt[17]                          ; CLOCK_50     ; CLOCK_50    ; 0.000        ; 0.000      ; 0.367      ;
; 0.215 ; uart_rx_packet_new:packet_inst|drain_cnt[18]                          ; uart_rx_packet_new:packet_inst|drain_cnt[18]                          ; CLOCK_50     ; CLOCK_50    ; 0.000        ; 0.000      ; 0.367      ;
; 0.215 ; uart_rx_packet_new:packet_inst|drain_cnt[19]                          ; uart_rx_packet_new:packet_inst|drain_cnt[19]                          ; CLOCK_50     ; CLOCK_50    ; 0.000        ; 0.000      ; 0.367      ;
; 0.215 ; uart_rx_packet_new:packet_inst|drain_cnt[20]                          ; uart_rx_packet_new:packet_inst|drain_cnt[20]                          ; CLOCK_50     ; CLOCK_50    ; 0.000        ; 0.000      ; 0.367      ;
; 0.215 ; uart_rx_packet_new:packet_inst|drain_cnt[21]                          ; uart_rx_packet_new:packet_inst|drain_cnt[21]                          ; CLOCK_50     ; CLOCK_50    ; 0.000        ; 0.000      ; 0.367      ;
; 0.215 ; uart_rx_packet_new:packet_inst|drain_cnt[22]                          ; uart_rx_packet_new:packet_inst|drain_cnt[22]                          ; CLOCK_50     ; CLOCK_50    ; 0.000        ; 0.000      ; 0.367      ;
; 0.215 ; uart_rx_packet_new:packet_inst|drain_cnt[23]                          ; uart_rx_packet_new:packet_inst|drain_cnt[23]                          ; CLOCK_50     ; CLOCK_50    ; 0.000        ; 0.000      ; 0.367      ;
; 0.215 ; uart_rx_packet_new:packet_inst|drain_cnt[24]                          ; uart_rx_packet_new:packet_inst|drain_cnt[24]                          ; CLOCK_50     ; CLOCK_50    ; 0.000        ; 0.000      ; 0.367      ;
; 0.215 ; uart_rx_packet_new:packet_inst|drain_cnt[25]                          ; uart_rx_packet_new:packet_inst|drain_cnt[25]                          ; CLOCK_50     ; CLOCK_50    ; 0.000        ; 0.000      ; 0.367      ;
; 0.215 ; uart_rx_packet_new:packet_inst|drain_cnt[26]                          ; uart_rx_packet_new:packet_inst|drain_cnt[26]                          ; CLOCK_50     ; CLOCK_50    ; 0.000        ; 0.000      ; 0.367      ;
; 0.215 ; uart_rx_packet_new:packet_inst|drain_cnt[27]                          ; uart_rx_packet_new:packet_inst|drain_cnt[27]                          ; CLOCK_50     ; CLOCK_50    ; 0.000        ; 0.000      ; 0.367      ;
; 0.215 ; uart_rx_packet_new:packet_inst|drain_cnt[28]                          ; uart_rx_packet_new:packet_inst|drain_cnt[28]                          ; CLOCK_50     ; CLOCK_50    ; 0.000        ; 0.000      ; 0.367      ;
; 0.215 ; uart_rx_packet_new:packet_inst|drain_cnt[29]                          ; uart_rx_packet_new:packet_inst|drain_cnt[29]                          ; CLOCK_50     ; CLOCK_50    ; 0.000        ; 0.000      ; 0.367      ;
; 0.215 ; uart_rx_packet_new:packet_inst|drain_cnt[30]                          ; uart_rx_packet_new:packet_inst|drain_cnt[30]                          ; CLOCK_50     ; CLOCK_50    ; 0.000        ; 0.000      ; 0.367      ;
; 0.215 ; uart_rx_packet_new:packet_inst|state.IDLE                             ; uart_rx_packet_new:packet_inst|state.IDLE                             ; CLOCK_50     ; CLOCK_50    ; 0.000        ; 0.000      ; 0.367      ;
; 0.215 ; uart_rx_packet_new:packet_inst|state.CLEAR_DATA                       ; uart_rx_packet_new:packet_inst|state.CLEAR_DATA                       ; CLOCK_50     ; CLOCK_50    ; 0.000        ; 0.000      ; 0.367      ;
; 0.215 ; uart_rx_packet_new:packet_inst|state.CLEAR_CRC                        ; uart_rx_packet_new:packet_inst|state.CLEAR_CRC                        ; CLOCK_50     ; CLOCK_50    ; 0.000        ; 0.000      ; 0.367      ;
; 0.215 ; uart_rx_packet_new:packet_inst|state.REC_CRC8                         ; uart_rx_packet_new:packet_inst|state.REC_CRC8                         ; CLOCK_50     ; CLOCK_50    ; 0.000        ; 0.000      ; 0.367      ;
; 0.215 ; uart_rx_packet_new:packet_inst|byte_cnt[0]                            ; uart_rx_packet_new:packet_inst|byte_cnt[0]                            ; CLOCK_50     ; CLOCK_50    ; 0.000        ; 0.000      ; 0.367      ;
; 0.215 ; uart_rx_packet_new:packet_inst|byte_cnt[1]                            ; uart_rx_packet_new:packet_inst|byte_cnt[1]                            ; CLOCK_50     ; CLOCK_50    ; 0.000        ; 0.000      ; 0.367      ;
; 0.215 ; uart_rx_packet_new:packet_inst|byte_cnt[2]                            ; uart_rx_packet_new:packet_inst|byte_cnt[2]                            ; CLOCK_50     ; CLOCK_50    ; 0.000        ; 0.000      ; 0.367      ;
; 0.215 ; uart_rx_packet_new:packet_inst|byte_cnt[3]                            ; uart_rx_packet_new:packet_inst|byte_cnt[3]                            ; CLOCK_50     ; CLOCK_50    ; 0.000        ; 0.000      ; 0.367      ;
; 0.215 ; uart_rx_packet_new:packet_inst|byte_cnt[4]                            ; uart_rx_packet_new:packet_inst|byte_cnt[4]                            ; CLOCK_50     ; CLOCK_50    ; 0.000        ; 0.000      ; 0.367      ;
; 0.215 ; uart_rx_packet_new:packet_inst|byte_cnt[5]                            ; uart_rx_packet_new:packet_inst|byte_cnt[5]                            ; CLOCK_50     ; CLOCK_50    ; 0.000        ; 0.000      ; 0.367      ;
; 0.215 ; uart_rx_packet_new:packet_inst|byte_cnt[6]                            ; uart_rx_packet_new:packet_inst|byte_cnt[6]                            ; CLOCK_50     ; CLOCK_50    ; 0.000        ; 0.000      ; 0.367      ;
; 0.215 ; uart_rx_packet_new:packet_inst|byte_cnt[7]                            ; uart_rx_packet_new:packet_inst|byte_cnt[7]                            ; CLOCK_50     ; CLOCK_50    ; 0.000        ; 0.000      ; 0.367      ;
; 0.215 ; uart_rx_packet_new:packet_inst|state.WAIT_SEND                        ; uart_rx_packet_new:packet_inst|state.WAIT_SEND                        ; CLOCK_50     ; CLOCK_50    ; 0.000        ; 0.000      ; 0.367      ;
; 0.215 ; uart_rx_packet_new:packet_inst|crc[6]                                 ; uart_rx_packet_new:packet_inst|crc[6]                                 ; CLOCK_50     ; CLOCK_50    ; 0.000        ; 0.000      ; 0.367      ;
; 0.215 ; uart_rx_packet_new:packet_inst|crc[7]                                 ; uart_rx_packet_new:packet_inst|crc[7]                                 ; CLOCK_50     ; CLOCK_50    ; 0.000        ; 0.000      ; 0.367      ;
; 0.215 ; uart_rx_packet_new:packet_inst|crc[1]                                 ; uart_rx_packet_new:packet_inst|crc[1]                                 ; CLOCK_50     ; CLOCK_50    ; 0.000        ; 0.000      ; 0.367      ;
; 0.215 ; uart_rx_packet_new:packet_inst|crc[2]                                 ; uart_rx_packet_new:packet_inst|crc[2]                                 ; CLOCK_50     ; CLOCK_50    ; 0.000        ; 0.000      ; 0.367      ;
; 0.215 ; uart_rx_packet_new:packet_inst|crc[3]                                 ; uart_rx_packet_new:packet_inst|crc[3]                                 ; CLOCK_50     ; CLOCK_50    ; 0.000        ; 0.000      ; 0.367      ;
; 0.215 ; uart_rx_packet_new:packet_inst|crc[4]                                 ; uart_rx_packet_new:packet_inst|crc[4]                                 ; CLOCK_50     ; CLOCK_50    ; 0.000        ; 0.000      ; 0.367      ;
; 0.215 ; uart_controller:uart_ctrl_inst|uart_tx:tx_inst|bit_cnt[0]             ; uart_controller:uart_ctrl_inst|uart_tx:tx_inst|bit_cnt[0]             ; CLOCK_50     ; CLOCK_50    ; 0.000        ; 0.000      ; 0.367      ;
; 0.215 ; uart_controller:uart_ctrl_inst|uart_tx:tx_inst|bit_cnt[1]             ; uart_controller:uart_ctrl_inst|uart_tx:tx_inst|bit_cnt[1]             ; CLOCK_50     ; CLOCK_50    ; 0.000        ; 0.000      ; 0.367      ;
; 0.215 ; uart_controller:uart_ctrl_inst|uart_tx:tx_inst|bit_cnt[2]             ; uart_controller:uart_ctrl_inst|uart_tx:tx_inst|bit_cnt[2]             ; CLOCK_50     ; CLOCK_50    ; 0.000        ; 0.000      ; 0.367      ;
; 0.215 ; uart_controller:uart_ctrl_inst|uart_rx:rx_inst|rx_valid               ; uart_controller:uart_ctrl_inst|uart_rx:rx_inst|rx_valid               ; CLOCK_50     ; CLOCK_50    ; 0.000        ; 0.000      ; 0.367      ;
; 0.215 ; uart_rx_packet_new:packet_inst|state.DATA                             ; uart_rx_packet_new:packet_inst|state.DATA                             ; CLOCK_50     ; CLOCK_50    ; 0.000        ; 0.000      ; 0.367      ;
; 0.215 ; uart_rx_packet_new:packet_inst|state.ACK                              ; uart_rx_packet_new:packet_inst|state.ACK                              ; CLOCK_50     ; CLOCK_50    ; 0.000        ; 0.000      ; 0.367      ;
; 0.215 ; sram_packet_writer:sram_writer_inst|current_state.IDLE                ; sram_packet_writer:sram_writer_inst|current_state.IDLE                ; CLOCK_50     ; CLOCK_50    ; 0.000        ; 0.000      ; 0.367      ;
; 0.215 ; packet_cnt[0]                                                         ; packet_cnt[0]                                                         ; CLOCK_50     ; CLOCK_50    ; 0.000        ; 0.000      ; 0.367      ;
; 0.215 ; uart_controller:uart_ctrl_inst|uart_tx:tx_inst|tx_reg[4]              ; uart_controller:uart_ctrl_inst|uart_tx:tx_inst|tx_reg[4]              ; CLOCK_50     ; CLOCK_50    ; 0.000        ; 0.000      ; 0.367      ;
; 0.215 ; uart_controller:uart_ctrl_inst|uart_tx:tx_inst|tx_reg[3]              ; uart_controller:uart_ctrl_inst|uart_tx:tx_inst|tx_reg[3]              ; CLOCK_50     ; CLOCK_50    ; 0.000        ; 0.000      ; 0.367      ;
; 0.215 ; uart_rx_packet_new:packet_inst|tx_data[2]                             ; uart_rx_packet_new:packet_inst|tx_data[2]                             ; CLOCK_50     ; CLOCK_50    ; 0.000        ; 0.000      ; 0.367      ;
; 0.215 ; uart_rx_packet_new:packet_inst|header_seen                            ; uart_rx_packet_new:packet_inst|header_seen                            ; CLOCK_50     ; CLOCK_50    ; 0.000        ; 0.000      ; 0.367      ;
; 0.215 ; uart_rx_packet_new:packet_inst|timeout_seen                           ; uart_rx_packet_new:packet_inst|timeout_seen                           ; CLOCK_50     ; CLOCK_50    ; 0.000        ; 0.000      ; 0.367      ;
; 0.215 ; uart_rx_packet_new:packet_inst|crc_error_seen                         ; uart_rx_packet_new:packet_inst|crc_error_seen                         ; CLOCK_50     ; CLOCK_50    ; 0.000        ; 0.000      ; 0.367      ;
; 0.215 ; uart_rx_packet_new:packet_inst|crc_byte_seen                          ; uart_rx_packet_new:packet_inst|crc_byte_seen                          ; CLOCK_50     ; CLOCK_50    ; 0.000        ; 0.000      ; 0.367      ;
; 0.215 ; uart_rx_packet_new:packet_inst|ack_seen                               ; uart_rx_packet_new:packet_inst|ack_seen                               ; CLOCK_50     ; CLOCK_50    ; 0.000        ; 0.000      ; 0.367      ;
; 0.215 ; uart_rx_packet_new:packet_inst|nack_seen                              ; uart_rx_packet_new:packet_inst|nack_seen                              ; CLOCK_50     ; CLOCK_50    ; 0.000        ; 0.000      ; 0.367      ;
; 0.237 ; sram_packet_writer:sram_writer_inst|data_low[3]                       ; sram_packet_writer:sram_writer_inst|w_data[3]                         ; CLOCK_50     ; CLOCK_50    ; 0.000        ; 0.000      ; 0.389      ;
; 0.238 ; uart_controller:uart_ctrl_inst|uart_rx:rx_inst|rx_reg[1]              ; uart_controller:uart_ctrl_inst|uart_rx:rx_inst|rx_reg[0]              ; CLOCK_50     ; CLOCK_50    ; 0.000        ; 0.000      ; 0.390      ;
; 0.241 ; uart_controller:uart_ctrl_inst|uart_rx:rx_inst|rx_reg[6]              ; uart_controller:uart_ctrl_inst|uart_rx:rx_inst|rx_reg[5]              ; CLOCK_50     ; CLOCK_50    ; 0.000        ; 0.000      ; 0.393      ;
; 0.241 ; sram_packet_writer:sram_writer_inst|data_low[1]                       ; sram_packet_writer:sram_writer_inst|w_data[1]                         ; CLOCK_50     ; CLOCK_50    ; 0.000        ; 0.000      ; 0.393      ;
; 0.241 ; sram_packet_writer:sram_writer_inst|data_low[4]                       ; sram_packet_writer:sram_writer_inst|w_data[4]                         ; CLOCK_50     ; CLOCK_50    ; 0.000        ; 0.000      ; 0.393      ;
; 0.242 ; uart_controller:uart_ctrl_inst|uart_rx:rx_inst|rx_reg[5]              ; uart_controller:uart_ctrl_inst|uart_rx:rx_inst|rx_reg[4]              ; CLOCK_50     ; CLOCK_50    ; 0.000        ; 0.000      ; 0.394      ;
; 0.242 ; uart_controller:uart_ctrl_inst|uart_rx:rx_inst|rx_reg[4]              ; uart_controller:uart_ctrl_inst|uart_rx:rx_inst|rx_reg[3]              ; CLOCK_50     ; CLOCK_50    ; 0.000        ; 0.000      ; 0.394      ;
; 0.242 ; sram_packet_writer:sram_writer_inst|data_low[6]                       ; sram_packet_writer:sram_writer_inst|w_data[6]                         ; CLOCK_50     ; CLOCK_50    ; 0.000        ; 0.000      ; 0.394      ;
; 0.243 ; uart_rx_packet_new:packet_inst|timeout_cnt[31]                        ; uart_rx_packet_new:packet_inst|timeout_cnt[31]                        ; CLOCK_50     ; CLOCK_50    ; 0.000        ; 0.000      ; 0.395      ;
; 0.243 ; sram_packet_writer:sram_writer_inst|data_low[2]                       ; sram_packet_writer:sram_writer_inst|w_data[2]                         ; CLOCK_50     ; CLOCK_50    ; 0.000        ; 0.000      ; 0.395      ;
; 0.246 ; sram_packet_writer:sram_writer_inst|packet_cnt[9]                     ; sram_packet_writer:sram_writer_inst|packet_cnt[9]                     ; CLOCK_50     ; CLOCK_50    ; 0.000        ; 0.000      ; 0.398      ;
; 0.249 ; uart_controller:uart_ctrl_inst|uart_tx:tx_inst|bit_cnt[0]             ; uart_controller:uart_ctrl_inst|uart_tx:tx_inst|state.STOP             ; CLOCK_50     ; CLOCK_50    ; 0.000        ; 0.000      ; 0.401      ;
; 0.253 ; uart_controller:uart_ctrl_inst|uart_tx:tx_inst|state.START            ; uart_controller:uart_ctrl_inst|uart_tx:tx_inst|tx_reg[4]              ; CLOCK_50     ; CLOCK_50    ; 0.000        ; 0.000      ; 0.405      ;
; 0.254 ; uart_controller:uart_ctrl_inst|uart_rx:rx_inst|valid_timeout_cnt[7]   ; uart_controller:uart_ctrl_inst|uart_rx:rx_inst|valid_timeout_cnt[7]   ; CLOCK_50     ; CLOCK_50    ; 0.000        ; 0.000      ; 0.406      ;
; 0.254 ; uart_controller:uart_ctrl_inst|uart_rx:rx_inst|data_out[6]            ; uart_rx_packet_new:packet_inst|crc[6]                                 ; CLOCK_50     ; CLOCK_50    ; 0.000        ; 0.000      ; 0.406      ;
; 0.255 ; sram_packet_writer:sram_writer_inst|word_index[2]                     ; sram_packet_writer:sram_writer_inst|addr_latch[2]                     ; CLOCK_50     ; CLOCK_50    ; 0.000        ; 0.000      ; 0.407      ;
; 0.258 ; uart_rx_packet_new:packet_inst|state.NACK                             ; uart_rx_packet_new:packet_inst|tx_data[0]                             ; CLOCK_50     ; CLOCK_50    ; 0.000        ; 0.000      ; 0.410      ;
+-------+-----------------------------------------------------------------------+-----------------------------------------------------------------------+--------------+-------------+--------------+------------+------------+


+----------------------------------------------------------------------------------------------------------------------------------------------------------------------------------------------------------+
; Fast Model Minimum Pulse Width: 'CLOCK_50'                                                                                                                                                               ;
+-------+--------------+----------------+------------------+----------+------------+-----------------------------------------------------------------------------------------------------------------------+
; Slack ; Actual Width ; Required Width ; Type             ; Clock    ; Clock Edge ; Target                                                                                                                ;
+-------+--------------+----------------+------------------+----------+------------+-----------------------------------------------------------------------------------------------------------------------+
; 7.873 ; 10.000       ; 2.127          ; High Pulse Width ; CLOCK_50 ; Rise       ; uart_rx_packet_new:packet_inst|altsyncram:buffer_rtl_0|altsyncram_09c1:auto_generated|ram_block1a0~porta_address_reg0 ;
; 7.873 ; 10.000       ; 2.127          ; Low Pulse Width  ; CLOCK_50 ; Rise       ; uart_rx_packet_new:packet_inst|altsyncram:buffer_rtl_0|altsyncram_09c1:auto_generated|ram_block1a0~porta_address_reg0 ;
; 7.873 ; 10.000       ; 2.127          ; High Pulse Width ; CLOCK_50 ; Rise       ; uart_rx_packet_new:packet_inst|altsyncram:buffer_rtl_0|altsyncram_09c1:auto_generated|ram_block1a0~porta_address_reg1 ;
; 7.873 ; 10.000       ; 2.127          ; Low Pulse Width  ; CLOCK_50 ; Rise       ; uart_rx_packet_new:packet_inst|altsyncram:buffer_rtl_0|altsyncram_09c1:auto_generated|ram_block1a0~porta_address_reg1 ;
; 7.873 ; 10.000       ; 2.127          ; High Pulse Width ; CLOCK_50 ; Rise       ; uart_rx_packet_new:packet_inst|altsyncram:buffer_rtl_0|altsyncram_09c1:auto_generated|ram_block1a0~porta_address_reg2 ;
; 7.873 ; 10.000       ; 2.127          ; Low Pulse Width  ; CLOCK_50 ; Rise       ; uart_rx_packet_new:packet_inst|altsyncram:buffer_rtl_0|altsyncram_09c1:auto_generated|ram_block1a0~porta_address_reg2 ;
; 7.873 ; 10.000       ; 2.127          ; High Pulse Width ; CLOCK_50 ; Rise       ; uart_rx_packet_new:packet_inst|altsyncram:buffer_rtl_0|altsyncram_09c1:auto_generated|ram_block1a0~porta_address_reg3 ;
; 7.873 ; 10.000       ; 2.127          ; Low Pulse Width  ; CLOCK_50 ; Rise       ; uart_rx_packet_new:packet_inst|altsyncram:buffer_rtl_0|altsyncram_09c1:auto_generated|ram_block1a0~porta_address_reg3 ;
; 7.873 ; 10.000       ; 2.127          ; High Pulse Width ; CLOCK_50 ; Rise       ; uart_rx_packet_new:packet_inst|altsyncram:buffer_rtl_0|altsyncram_09c1:auto_generated|ram_block1a0~porta_address_reg4 ;
; 7.873 ; 10.000       ; 2.127          ; Low Pulse Width  ; CLOCK_50 ; Rise       ; uart_rx_packet_new:packet_inst|altsyncram:buffer_rtl_0|altsyncram_09c1:auto_generated|ram_block1a0~porta_address_reg4 ;
; 7.873 ; 10.000       ; 2.127          ; High Pulse Width ; CLOCK_50 ; Rise       ; uart_rx_packet_new:packet_inst|altsyncram:buffer_rtl_0|altsyncram_09c1:auto_generated|ram_block1a0~porta_address_reg5 ;
; 7.873 ; 10.000       ; 2.127          ; Low Pulse Width  ; CLOCK_50 ; Rise       ; uart_rx_packet_new:packet_inst|altsyncram:buffer_rtl_0|altsyncram_09c1:auto_generated|ram_block1a0~porta_address_reg5 ;
; 7.873 ; 10.000       ; 2.127          ; High Pulse Width ; CLOCK_50 ; Rise       ; uart_rx_packet_new:packet_inst|altsyncram:buffer_rtl_0|altsyncram_09c1:auto_generated|ram_block1a0~porta_address_reg6 ;
; 7.873 ; 10.000       ; 2.127          ; Low Pulse Width  ; CLOCK_50 ; Rise       ; uart_rx_packet_new:packet_inst|altsyncram:buffer_rtl_0|altsyncram_09c1:auto_generated|ram_block1a0~porta_address_reg6 ;
; 7.873 ; 10.000       ; 2.127          ; High Pulse Width ; CLOCK_50 ; Rise       ; uart_rx_packet_new:packet_inst|altsyncram:buffer_rtl_0|altsyncram_09c1:auto_generated|ram_block1a0~porta_address_reg7 ;
; 7.873 ; 10.000       ; 2.127          ; Low Pulse Width  ; CLOCK_50 ; Rise       ; uart_rx_packet_new:packet_inst|altsyncram:buffer_rtl_0|altsyncram_09c1:auto_generated|ram_block1a0~porta_address_reg7 ;
; 7.873 ; 10.000       ; 2.127          ; High Pulse Width ; CLOCK_50 ; Rise       ; uart_rx_packet_new:packet_inst|altsyncram:buffer_rtl_0|altsyncram_09c1:auto_generated|ram_block1a0~porta_datain_reg0  ;
; 7.873 ; 10.000       ; 2.127          ; Low Pulse Width  ; CLOCK_50 ; Rise       ; uart_rx_packet_new:packet_inst|altsyncram:buffer_rtl_0|altsyncram_09c1:auto_generated|ram_block1a0~porta_datain_reg0  ;
; 7.873 ; 10.000       ; 2.127          ; High Pulse Width ; CLOCK_50 ; Rise       ; uart_rx_packet_new:packet_inst|altsyncram:buffer_rtl_0|altsyncram_09c1:auto_generated|ram_block1a0~porta_datain_reg1  ;
; 7.873 ; 10.000       ; 2.127          ; Low Pulse Width  ; CLOCK_50 ; Rise       ; uart_rx_packet_new:packet_inst|altsyncram:buffer_rtl_0|altsyncram_09c1:auto_generated|ram_block1a0~porta_datain_reg1  ;
; 7.873 ; 10.000       ; 2.127          ; High Pulse Width ; CLOCK_50 ; Rise       ; uart_rx_packet_new:packet_inst|altsyncram:buffer_rtl_0|altsyncram_09c1:auto_generated|ram_block1a0~porta_datain_reg2  ;
; 7.873 ; 10.000       ; 2.127          ; Low Pulse Width  ; CLOCK_50 ; Rise       ; uart_rx_packet_new:packet_inst|altsyncram:buffer_rtl_0|altsyncram_09c1:auto_generated|ram_block1a0~porta_datain_reg2  ;
; 7.873 ; 10.000       ; 2.127          ; High Pulse Width ; CLOCK_50 ; Rise       ; uart_rx_packet_new:packet_inst|altsyncram:buffer_rtl_0|altsyncram_09c1:auto_generated|ram_block1a0~porta_datain_reg3  ;
; 7.873 ; 10.000       ; 2.127          ; Low Pulse Width  ; CLOCK_50 ; Rise       ; uart_rx_packet_new:packet_inst|altsyncram:buffer_rtl_0|altsyncram_09c1:auto_generated|ram_block1a0~porta_datain_reg3  ;
; 7.873 ; 10.000       ; 2.127          ; High Pulse Width ; CLOCK_50 ; Rise       ; uart_rx_packet_new:packet_inst|altsyncram:buffer_rtl_0|altsyncram_09c1:auto_generated|ram_block1a0~porta_datain_reg4  ;
; 7.873 ; 10.000       ; 2.127          ; Low Pulse Width  ; CLOCK_50 ; Rise       ; uart_rx_packet_new:packet_inst|altsyncram:buffer_rtl_0|altsyncram_09c1:auto_generated|ram_block1a0~porta_datain_reg4  ;
; 7.873 ; 10.000       ; 2.127          ; High Pulse Width ; CLOCK_50 ; Rise       ; uart_rx_packet_new:packet_inst|altsyncram:buffer_rtl_0|altsyncram_09c1:auto_generated|ram_block1a0~porta_datain_reg5  ;
; 7.873 ; 10.000       ; 2.127          ; Low Pulse Width  ; CLOCK_50 ; Rise       ; uart_rx_packet_new:packet_inst|altsyncram:buffer_rtl_0|altsyncram_09c1:auto_generated|ram_block1a0~porta_datain_reg5  ;
; 7.873 ; 10.000       ; 2.127          ; High Pulse Width ; CLOCK_50 ; Rise       ; uart_rx_packet_new:packet_inst|altsyncram:buffer_rtl_0|altsyncram_09c1:auto_generated|ram_block1a0~porta_datain_reg6  ;
; 7.873 ; 10.000       ; 2.127          ; Low Pulse Width  ; CLOCK_50 ; Rise       ; uart_rx_packet_new:packet_inst|altsyncram:buffer_rtl_0|altsyncram_09c1:auto_generated|ram_block1a0~porta_datain_reg6  ;
; 7.873 ; 10.000       ; 2.127          ; High Pulse Width ; CLOCK_50 ; Rise       ; uart_rx_packet_new:packet_inst|altsyncram:buffer_rtl_0|altsyncram_09c1:auto_generated|ram_block1a0~porta_datain_reg7  ;
; 7.873 ; 10.000       ; 2.127          ; Low Pulse Width  ; CLOCK_50 ; Rise       ; uart_rx_packet_new:packet_inst|altsyncram:buffer_rtl_0|altsyncram_09c1:auto_generated|ram_block1a0~porta_datain_reg7  ;
; 7.873 ; 10.000       ; 2.127          ; High Pulse Width ; CLOCK_50 ; Rise       ; uart_rx_packet_new:packet_inst|altsyncram:buffer_rtl_0|altsyncram_09c1:auto_generated|ram_block1a0~porta_memory_reg0  ;
; 7.873 ; 10.000       ; 2.127          ; Low Pulse Width  ; CLOCK_50 ; Rise       ; uart_rx_packet_new:packet_inst|altsyncram:buffer_rtl_0|altsyncram_09c1:auto_generated|ram_block1a0~porta_memory_reg0  ;
; 7.873 ; 10.000       ; 2.127          ; High Pulse Width ; CLOCK_50 ; Rise       ; uart_rx_packet_new:packet_inst|altsyncram:buffer_rtl_0|altsyncram_09c1:auto_generated|ram_block1a0~porta_we_reg       ;
; 7.873 ; 10.000       ; 2.127          ; Low Pulse Width  ; CLOCK_50 ; Rise       ; uart_rx_packet_new:packet_inst|altsyncram:buffer_rtl_0|altsyncram_09c1:auto_generated|ram_block1a0~porta_we_reg       ;
; 7.873 ; 10.000       ; 2.127          ; High Pulse Width ; CLOCK_50 ; Rise       ; uart_rx_packet_new:packet_inst|altsyncram:buffer_rtl_0|altsyncram_09c1:auto_generated|ram_block1a0~portb_address_reg0 ;
; 7.873 ; 10.000       ; 2.127          ; Low Pulse Width  ; CLOCK_50 ; Rise       ; uart_rx_packet_new:packet_inst|altsyncram:buffer_rtl_0|altsyncram_09c1:auto_generated|ram_block1a0~portb_address_reg0 ;
; 7.873 ; 10.000       ; 2.127          ; High Pulse Width ; CLOCK_50 ; Rise       ; uart_rx_packet_new:packet_inst|altsyncram:buffer_rtl_0|altsyncram_09c1:auto_generated|ram_block1a0~portb_address_reg1 ;
; 7.873 ; 10.000       ; 2.127          ; Low Pulse Width  ; CLOCK_50 ; Rise       ; uart_rx_packet_new:packet_inst|altsyncram:buffer_rtl_0|altsyncram_09c1:auto_generated|ram_block1a0~portb_address_reg1 ;
; 7.873 ; 10.000       ; 2.127          ; High Pulse Width ; CLOCK_50 ; Rise       ; uart_rx_packet_new:packet_inst|altsyncram:buffer_rtl_0|altsyncram_09c1:auto_generated|ram_block1a0~portb_address_reg2 ;
; 7.873 ; 10.000       ; 2.127          ; Low Pulse Width  ; CLOCK_50 ; Rise       ; uart_rx_packet_new:packet_inst|altsyncram:buffer_rtl_0|altsyncram_09c1:auto_generated|ram_block1a0~portb_address_reg2 ;
; 7.873 ; 10.000       ; 2.127          ; High Pulse Width ; CLOCK_50 ; Rise       ; uart_rx_packet_new:packet_inst|altsyncram:buffer_rtl_0|altsyncram_09c1:auto_generated|ram_block1a0~portb_address_reg3 ;
; 7.873 ; 10.000       ; 2.127          ; Low Pulse Width  ; CLOCK_50 ; Rise       ; uart_rx_packet_new:packet_inst|altsyncram:buffer_rtl_0|altsyncram_09c1:auto_generated|ram_block1a0~portb_address_reg3 ;
; 7.873 ; 10.000       ; 2.127          ; High Pulse Width ; CLOCK_50 ; Rise       ; uart_rx_packet_new:packet_inst|altsyncram:buffer_rtl_0|altsyncram_09c1:auto_generated|ram_block1a0~portb_address_reg4 ;
; 7.873 ; 10.000       ; 2.127          ; Low Pulse Width  ; CLOCK_50 ; Rise       ; uart_rx_packet_new:packet_inst|altsyncram:buffer_rtl_0|altsyncram_09c1:auto_generated|ram_block1a0~portb_address_reg4 ;
; 7.873 ; 10.000       ; 2.127          ; High Pulse Width ; CLOCK_50 ; Rise       ; uart_rx_packet_new:packet_inst|altsyncram:buffer_rtl_0|altsyncram_09c1:auto_generated|ram_block1a0~portb_address_reg5 ;
; 7.873 ; 10.000       ; 2.127          ; Low Pulse Width  ; CLOCK_50 ; Rise       ; uart_rx_packet_new:packet_inst|altsyncram:buffer_rtl_0|altsyncram_09c1:auto_generated|ram_block1a0~portb_address_reg5 ;
; 7.873 ; 10.000       ; 2.127          ; High Pulse Width ; CLOCK_50 ; Rise       ; uart_rx_packet_new:packet_inst|altsyncram:buffer_rtl_0|altsyncram_09c1:auto_generated|ram_block1a0~portb_address_reg6 ;
; 7.873 ; 10.000       ; 2.127          ; Low Pulse Width  ; CLOCK_50 ; Rise       ; uart_rx_packet_new:packet_inst|altsyncram:buffer_rtl_0|altsyncram_09c1:auto_generated|ram_block1a0~portb_address_reg6 ;
; 7.873 ; 10.000       ; 2.127          ; High Pulse Width ; CLOCK_50 ; Rise       ; uart_rx_packet_new:packet_inst|altsyncram:buffer_rtl_0|altsyncram_09c1:auto_generated|ram_block1a0~portb_address_reg7 ;
; 7.873 ; 10.000       ; 2.127          ; Low Pulse Width  ; CLOCK_50 ; Rise       ; uart_rx_packet_new:packet_inst|altsyncram:buffer_rtl_0|altsyncram_09c1:auto_generated|ram_block1a0~portb_address_reg7 ;
; 7.873 ; 10.000       ; 2.127          ; High Pulse Width ; CLOCK_50 ; Rise       ; uart_rx_packet_new:packet_inst|altsyncram:buffer_rtl_0|altsyncram_09c1:auto_generated|ram_block1a1~porta_memory_reg0  ;
; 7.873 ; 10.000       ; 2.127          ; Low Pulse Width  ; CLOCK_50 ; Rise       ; uart_rx_packet_new:packet_inst|altsyncram:buffer_rtl_0|altsyncram_09c1:auto_generated|ram_block1a1~porta_memory_reg0  ;
; 7.873 ; 10.000       ; 2.127          ; High Pulse Width ; CLOCK_50 ; Rise       ; uart_rx_packet_new:packet_inst|altsyncram:buffer_rtl_0|altsyncram_09c1:auto_generated|ram_block1a2~porta_memory_reg0  ;
; 7.873 ; 10.000       ; 2.127          ; Low Pulse Width  ; CLOCK_50 ; Rise       ; uart_rx_packet_new:packet_inst|altsyncram:buffer_rtl_0|altsyncram_09c1:auto_generated|ram_block1a2~porta_memory_reg0  ;
; 7.873 ; 10.000       ; 2.127          ; High Pulse Width ; CLOCK_50 ; Rise       ; uart_rx_packet_new:packet_inst|altsyncram:buffer_rtl_0|altsyncram_09c1:auto_generated|ram_block1a3~porta_memory_reg0  ;
; 7.873 ; 10.000       ; 2.127          ; Low Pulse Width  ; CLOCK_50 ; Rise       ; uart_rx_packet_new:packet_inst|altsyncram:buffer_rtl_0|altsyncram_09c1:auto_generated|ram_block1a3~porta_memory_reg0  ;
; 7.873 ; 10.000       ; 2.127          ; High Pulse Width ; CLOCK_50 ; Rise       ; uart_rx_packet_new:packet_inst|altsyncram:buffer_rtl_0|altsyncram_09c1:auto_generated|ram_block1a4~porta_memory_reg0  ;
; 7.873 ; 10.000       ; 2.127          ; Low Pulse Width  ; CLOCK_50 ; Rise       ; uart_rx_packet_new:packet_inst|altsyncram:buffer_rtl_0|altsyncram_09c1:auto_generated|ram_block1a4~porta_memory_reg0  ;
; 7.873 ; 10.000       ; 2.127          ; High Pulse Width ; CLOCK_50 ; Rise       ; uart_rx_packet_new:packet_inst|altsyncram:buffer_rtl_0|altsyncram_09c1:auto_generated|ram_block1a5~porta_memory_reg0  ;
; 7.873 ; 10.000       ; 2.127          ; Low Pulse Width  ; CLOCK_50 ; Rise       ; uart_rx_packet_new:packet_inst|altsyncram:buffer_rtl_0|altsyncram_09c1:auto_generated|ram_block1a5~porta_memory_reg0  ;
; 7.873 ; 10.000       ; 2.127          ; High Pulse Width ; CLOCK_50 ; Rise       ; uart_rx_packet_new:packet_inst|altsyncram:buffer_rtl_0|altsyncram_09c1:auto_generated|ram_block1a6~porta_memory_reg0  ;
; 7.873 ; 10.000       ; 2.127          ; Low Pulse Width  ; CLOCK_50 ; Rise       ; uart_rx_packet_new:packet_inst|altsyncram:buffer_rtl_0|altsyncram_09c1:auto_generated|ram_block1a6~porta_memory_reg0  ;
; 7.873 ; 10.000       ; 2.127          ; High Pulse Width ; CLOCK_50 ; Rise       ; uart_rx_packet_new:packet_inst|altsyncram:buffer_rtl_0|altsyncram_09c1:auto_generated|ram_block1a7~porta_memory_reg0  ;
; 7.873 ; 10.000       ; 2.127          ; Low Pulse Width  ; CLOCK_50 ; Rise       ; uart_rx_packet_new:packet_inst|altsyncram:buffer_rtl_0|altsyncram_09c1:auto_generated|ram_block1a7~porta_memory_reg0  ;
; 9.000 ; 10.000       ; 1.000          ; High Pulse Width ; CLOCK_50 ; Rise       ; packet_cnt[0]                                                                                                         ;
; 9.000 ; 10.000       ; 1.000          ; Low Pulse Width  ; CLOCK_50 ; Rise       ; packet_cnt[0]                                                                                                         ;
; 9.000 ; 10.000       ; 1.000          ; High Pulse Width ; CLOCK_50 ; Rise       ; packet_cnt[10]                                                                                                        ;
; 9.000 ; 10.000       ; 1.000          ; Low Pulse Width  ; CLOCK_50 ; Rise       ; packet_cnt[10]                                                                                                        ;
; 9.000 ; 10.000       ; 1.000          ; High Pulse Width ; CLOCK_50 ; Rise       ; packet_cnt[11]                                                                                                        ;
; 9.000 ; 10.000       ; 1.000          ; Low Pulse Width  ; CLOCK_50 ; Rise       ; packet_cnt[11]                                                                                                        ;
; 9.000 ; 10.000       ; 1.000          ; High Pulse Width ; CLOCK_50 ; Rise       ; packet_cnt[1]                                                                                                         ;
; 9.000 ; 10.000       ; 1.000          ; Low Pulse Width  ; CLOCK_50 ; Rise       ; packet_cnt[1]                                                                                                         ;
; 9.000 ; 10.000       ; 1.000          ; High Pulse Width ; CLOCK_50 ; Rise       ; packet_cnt[2]                                                                                                         ;
; 9.000 ; 10.000       ; 1.000          ; Low Pulse Width  ; CLOCK_50 ; Rise       ; packet_cnt[2]                                                                                                         ;
; 9.000 ; 10.000       ; 1.000          ; High Pulse Width ; CLOCK_50 ; Rise       ; packet_cnt[3]                                                                                                         ;
; 9.000 ; 10.000       ; 1.000          ; Low Pulse Width  ; CLOCK_50 ; Rise       ; packet_cnt[3]                                                                                                         ;
; 9.000 ; 10.000       ; 1.000          ; High Pulse Width ; CLOCK_50 ; Rise       ; packet_cnt[4]                                                                                                         ;
; 9.000 ; 10.000       ; 1.000          ; Low Pulse Width  ; CLOCK_50 ; Rise       ; packet_cnt[4]                                                                                                         ;
; 9.000 ; 10.000       ; 1.000          ; High Pulse Width ; CLOCK_50 ; Rise       ; packet_cnt[5]                                                                                                         ;
; 9.000 ; 10.000       ; 1.000          ; Low Pulse Width  ; CLOCK_50 ; Rise       ; packet_cnt[5]                                                                                                         ;
; 9.000 ; 10.000       ; 1.000          ; High Pulse Width ; CLOCK_50 ; Rise       ; packet_cnt[6]                                                                                                         ;
; 9.000 ; 10.000       ; 1.000          ; Low Pulse Width  ; CLOCK_50 ; Rise       ; packet_cnt[6]                                                                                                         ;
; 9.000 ; 10.000       ; 1.000          ; High Pulse Width ; CLOCK_50 ; Rise       ; packet_cnt[7]                                                                                                         ;
; 9.000 ; 10.000       ; 1.000          ; Low Pulse Width  ; CLOCK_50 ; Rise       ; packet_cnt[7]                                                                                                         ;
; 9.000 ; 10.000       ; 1.000          ; High Pulse Width ; CLOCK_50 ; Rise       ; packet_cnt[8]                                                                                                         ;
; 9.000 ; 10.000       ; 1.000          ; Low Pulse Width  ; CLOCK_50 ; Rise       ; packet_cnt[8]                                                                                                         ;
; 9.000 ; 10.000       ; 1.000          ; High Pulse Width ; CLOCK_50 ; Rise       ; packet_cnt[9]                                                                                                         ;
; 9.000 ; 10.000       ; 1.000          ; Low Pulse Width  ; CLOCK_50 ; Rise       ; packet_cnt[9]                                                                                                         ;
; 9.000 ; 10.000       ; 1.000          ; High Pulse Width ; CLOCK_50 ; Rise       ; packet_valid_d                                                                                                        ;
; 9.000 ; 10.000       ; 1.000          ; Low Pulse Width  ; CLOCK_50 ; Rise       ; packet_valid_d                                                                                                        ;
; 9.000 ; 10.000       ; 1.000          ; High Pulse Width ; CLOCK_50 ; Rise       ; sram_packet_writer:sram_writer_inst|addr_latch[0]                                                                     ;
; 9.000 ; 10.000       ; 1.000          ; Low Pulse Width  ; CLOCK_50 ; Rise       ; sram_packet_writer:sram_writer_inst|addr_latch[0]                                                                     ;
; 9.000 ; 10.000       ; 1.000          ; High Pulse Width ; CLOCK_50 ; Rise       ; sram_packet_writer:sram_writer_inst|addr_latch[10]                                                                    ;
; 9.000 ; 10.000       ; 1.000          ; Low Pulse Width  ; CLOCK_50 ; Rise       ; sram_packet_writer:sram_writer_inst|addr_latch[10]                                                                    ;
; 9.000 ; 10.000       ; 1.000          ; High Pulse Width ; CLOCK_50 ; Rise       ; sram_packet_writer:sram_writer_inst|addr_latch[11]                                                                    ;
; 9.000 ; 10.000       ; 1.000          ; Low Pulse Width  ; CLOCK_50 ; Rise       ; sram_packet_writer:sram_writer_inst|addr_latch[11]                                                                    ;
; 9.000 ; 10.000       ; 1.000          ; High Pulse Width ; CLOCK_50 ; Rise       ; sram_packet_writer:sram_writer_inst|addr_latch[12]                                                                    ;
; 9.000 ; 10.000       ; 1.000          ; Low Pulse Width  ; CLOCK_50 ; Rise       ; sram_packet_writer:sram_writer_inst|addr_latch[12]                                                                    ;
+-------+--------------+----------------+------------------+----------+------------+-----------------------------------------------------------------------------------------------------------------------+


+-----------------------------------------------------------------------+
; Setup Times                                                           ;
+-----------+------------+-------+-------+------------+-----------------+
; Data Port ; Clock Port ; Rise  ; Fall  ; Clock Edge ; Clock Reference ;
+-----------+------------+-------+-------+------------+-----------------+
; KEY[*]    ; CLOCK_50   ; 3.354 ; 3.354 ; Rise       ; CLOCK_50        ;
;  KEY[1]   ; CLOCK_50   ; 3.354 ; 3.354 ; Rise       ; CLOCK_50        ;
; UART_RXD  ; CLOCK_50   ; 2.495 ; 2.495 ; Rise       ; CLOCK_50        ;
+-----------+------------+-------+-------+------------+-----------------+


+-------------------------------------------------------------------------+
; Hold Times                                                              ;
+-----------+------------+--------+--------+------------+-----------------+
; Data Port ; Clock Port ; Rise   ; Fall   ; Clock Edge ; Clock Reference ;
+-----------+------------+--------+--------+------------+-----------------+
; KEY[*]    ; CLOCK_50   ; -2.259 ; -2.259 ; Rise       ; CLOCK_50        ;
;  KEY[1]   ; CLOCK_50   ; -2.259 ; -2.259 ; Rise       ; CLOCK_50        ;
; UART_RXD  ; CLOCK_50   ; -2.375 ; -2.375 ; Rise       ; CLOCK_50        ;
+-----------+------------+--------+--------+------------+-----------------+


+----------------------------------------------------------------------------+
; Clock to Output Times                                                      ;
+----------------+------------+-------+-------+------------+-----------------+
; Data Port      ; Clock Port ; Rise  ; Fall  ; Clock Edge ; Clock Reference ;
+----------------+------------+-------+-------+------------+-----------------+
; HEX0[*]        ; CLOCK_50   ; 4.925 ; 4.925 ; Rise       ; CLOCK_50        ;
;  HEX0[0]       ; CLOCK_50   ; 4.925 ; 4.925 ; Rise       ; CLOCK_50        ;
;  HEX0[1]       ; CLOCK_50   ; 4.899 ; 4.899 ; Rise       ; CLOCK_50        ;
;  HEX0[2]       ; CLOCK_50   ; 4.897 ; 4.897 ; Rise       ; CLOCK_50        ;
;  HEX0[3]       ; CLOCK_50   ; 4.796 ; 4.796 ; Rise       ; CLOCK_50        ;
;  HEX0[4]       ; CLOCK_50   ; 4.806 ; 4.806 ; Rise       ; CLOCK_50        ;
;  HEX0[5]       ; CLOCK_50   ; 4.795 ; 4.795 ; Rise       ; CLOCK_50        ;
;  HEX0[6]       ; CLOCK_50   ; 4.793 ; 4.793 ; Rise       ; CLOCK_50        ;
; HEX1[*]        ; CLOCK_50   ; 4.120 ; 4.120 ; Rise       ; CLOCK_50        ;
;  HEX1[0]       ; CLOCK_50   ; 4.119 ; 4.119 ; Rise       ; CLOCK_50        ;
;  HEX1[1]       ; CLOCK_50   ; 4.120 ; 4.120 ; Rise       ; CLOCK_50        ;
;  HEX1[2]       ; CLOCK_50   ; 3.868 ; 3.868 ; Rise       ; CLOCK_50        ;
;  HEX1[3]       ; CLOCK_50   ; 3.865 ; 3.865 ; Rise       ; CLOCK_50        ;
;  HEX1[4]       ; CLOCK_50   ; 3.861 ; 3.861 ; Rise       ; CLOCK_50        ;
;  HEX1[5]       ; CLOCK_50   ; 3.981 ; 3.981 ; Rise       ; CLOCK_50        ;
;  HEX1[6]       ; CLOCK_50   ; 4.006 ; 4.006 ; Rise       ; CLOCK_50        ;
; HEX2[*]        ; CLOCK_50   ; 4.167 ; 4.167 ; Rise       ; CLOCK_50        ;
;  HEX2[0]       ; CLOCK_50   ; 4.097 ; 4.097 ; Rise       ; CLOCK_50        ;
;  HEX2[1]       ; CLOCK_50   ; 4.017 ; 4.017 ; Rise       ; CLOCK_50        ;
;  HEX2[2]       ; CLOCK_50   ; 4.063 ; 4.063 ; Rise       ; CLOCK_50        ;
;  HEX2[3]       ; CLOCK_50   ; 4.041 ; 4.041 ; Rise       ; CLOCK_50        ;
;  HEX2[4]       ; CLOCK_50   ; 4.116 ; 4.116 ; Rise       ; CLOCK_50        ;
;  HEX2[5]       ; CLOCK_50   ; 4.167 ; 4.167 ; Rise       ; CLOCK_50        ;
;  HEX2[6]       ; CLOCK_50   ; 4.162 ; 4.162 ; Rise       ; CLOCK_50        ;
; HEX6[*]        ; CLOCK_50   ; 5.186 ; 5.186 ; Rise       ; CLOCK_50        ;
;  HEX6[0]       ; CLOCK_50   ; 4.571 ; 4.571 ; Rise       ; CLOCK_50        ;
;  HEX6[1]       ; CLOCK_50   ; 4.561 ; 4.561 ; Rise       ; CLOCK_50        ;
;  HEX6[2]       ; CLOCK_50   ; 4.566 ; 4.566 ; Rise       ; CLOCK_50        ;
;  HEX6[3]       ; CLOCK_50   ; 5.186 ; 5.186 ; Rise       ; CLOCK_50        ;
;  HEX6[4]       ; CLOCK_50   ; 4.855 ; 4.855 ; Rise       ; CLOCK_50        ;
;  HEX6[5]       ; CLOCK_50   ; 4.810 ; 4.810 ; Rise       ; CLOCK_50        ;
;  HEX6[6]       ; CLOCK_50   ; 4.736 ; 4.736 ; Rise       ; CLOCK_50        ;
; HEX7[*]        ; CLOCK_50   ; 5.034 ; 5.034 ; Rise       ; CLOCK_50        ;
;  HEX7[0]       ; CLOCK_50   ; 4.652 ; 4.652 ; Rise       ; CLOCK_50        ;
;  HEX7[1]       ; CLOCK_50   ; 4.836 ; 4.836 ; Rise       ; CLOCK_50        ;
;  HEX7[2]       ; CLOCK_50   ; 4.712 ; 4.712 ; Rise       ; CLOCK_50        ;
;  HEX7[3]       ; CLOCK_50   ; 4.826 ; 4.826 ; Rise       ; CLOCK_50        ;
;  HEX7[4]       ; CLOCK_50   ; 4.885 ; 4.885 ; Rise       ; CLOCK_50        ;
;  HEX7[5]       ; CLOCK_50   ; 4.889 ; 4.889 ; Rise       ; CLOCK_50        ;
;  HEX7[6]       ; CLOCK_50   ; 5.034 ; 5.034 ; Rise       ; CLOCK_50        ;
; LEDG[*]        ; CLOCK_50   ; 5.336 ; 5.336 ; Rise       ; CLOCK_50        ;
;  LEDG[0]       ; CLOCK_50   ; 4.999 ; 4.999 ; Rise       ; CLOCK_50        ;
;  LEDG[1]       ; CLOCK_50   ; 4.906 ; 4.906 ; Rise       ; CLOCK_50        ;
;  LEDG[2]       ; CLOCK_50   ; 4.964 ; 4.964 ; Rise       ; CLOCK_50        ;
;  LEDG[3]       ; CLOCK_50   ; 5.336 ; 5.336 ; Rise       ; CLOCK_50        ;
;  LEDG[4]       ; CLOCK_50   ; 5.061 ; 5.061 ; Rise       ; CLOCK_50        ;
;  LEDG[5]       ; CLOCK_50   ; 4.998 ; 4.998 ; Rise       ; CLOCK_50        ;
;  LEDG[6]       ; CLOCK_50   ; 4.994 ; 4.994 ; Rise       ; CLOCK_50        ;
;  LEDG[7]       ; CLOCK_50   ; 5.019 ; 5.019 ; Rise       ; CLOCK_50        ;
; LEDR[*]        ; CLOCK_50   ; 5.632 ; 5.632 ; Rise       ; CLOCK_50        ;
;  LEDR[0]       ; CLOCK_50   ; 4.719 ; 4.719 ; Rise       ; CLOCK_50        ;
;  LEDR[1]       ; CLOCK_50   ; 4.898 ; 4.898 ; Rise       ; CLOCK_50        ;
;  LEDR[2]       ; CLOCK_50   ; 4.788 ; 4.788 ; Rise       ; CLOCK_50        ;
;  LEDR[3]       ; CLOCK_50   ; 4.878 ; 4.878 ; Rise       ; CLOCK_50        ;
;  LEDR[4]       ; CLOCK_50   ; 4.824 ; 4.824 ; Rise       ; CLOCK_50        ;
;  LEDR[5]       ; CLOCK_50   ; 4.799 ; 4.799 ; Rise       ; CLOCK_50        ;
;  LEDR[6]       ; CLOCK_50   ; 4.971 ; 4.971 ; Rise       ; CLOCK_50        ;
;  LEDR[7]       ; CLOCK_50   ; 5.077 ; 5.077 ; Rise       ; CLOCK_50        ;
;  LEDR[8]       ; CLOCK_50   ; 4.868 ; 4.868 ; Rise       ; CLOCK_50        ;
;  LEDR[9]       ; CLOCK_50   ; 5.146 ; 5.146 ; Rise       ; CLOCK_50        ;
;  LEDR[10]      ; CLOCK_50   ; 5.093 ; 5.093 ; Rise       ; CLOCK_50        ;
;  LEDR[11]      ; CLOCK_50   ; 4.990 ; 4.990 ; Rise       ; CLOCK_50        ;
;  LEDR[12]      ; CLOCK_50   ; 4.875 ; 4.875 ; Rise       ; CLOCK_50        ;
;  LEDR[13]      ; CLOCK_50   ; 5.632 ; 5.632 ; Rise       ; CLOCK_50        ;
;  LEDR[14]      ; CLOCK_50   ; 4.585 ; 4.585 ; Rise       ; CLOCK_50        ;
;  LEDR[15]      ; CLOCK_50   ; 4.242 ; 4.242 ; Rise       ; CLOCK_50        ;
;  LEDR[16]      ; CLOCK_50   ; 4.551 ; 4.551 ; Rise       ; CLOCK_50        ;
;  LEDR[17]      ; CLOCK_50   ; 5.229 ; 5.229 ; Rise       ; CLOCK_50        ;
; SRAM_ADDR[*]   ; CLOCK_50   ; 4.234 ; 4.234 ; Rise       ; CLOCK_50        ;
;  SRAM_ADDR[0]  ; CLOCK_50   ; 3.910 ; 3.910 ; Rise       ; CLOCK_50        ;
;  SRAM_ADDR[1]  ; CLOCK_50   ; 3.914 ; 3.914 ; Rise       ; CLOCK_50        ;
;  SRAM_ADDR[2]  ; CLOCK_50   ; 3.887 ; 3.887 ; Rise       ; CLOCK_50        ;
;  SRAM_ADDR[3]  ; CLOCK_50   ; 3.884 ; 3.884 ; Rise       ; CLOCK_50        ;
;  SRAM_ADDR[4]  ; CLOCK_50   ; 4.160 ; 4.160 ; Rise       ; CLOCK_50        ;
;  SRAM_ADDR[5]  ; CLOCK_50   ; 3.791 ; 3.791 ; Rise       ; CLOCK_50        ;
;  SRAM_ADDR[6]  ; CLOCK_50   ; 4.234 ; 4.234 ; Rise       ; CLOCK_50        ;
;  SRAM_ADDR[7]  ; CLOCK_50   ; 3.809 ; 3.809 ; Rise       ; CLOCK_50        ;
;  SRAM_ADDR[8]  ; CLOCK_50   ; 3.776 ; 3.776 ; Rise       ; CLOCK_50        ;
;  SRAM_ADDR[9]  ; CLOCK_50   ; 3.787 ; 3.787 ; Rise       ; CLOCK_50        ;
;  SRAM_ADDR[10] ; CLOCK_50   ; 3.777 ; 3.777 ; Rise       ; CLOCK_50        ;
;  SRAM_ADDR[11] ; CLOCK_50   ; 3.787 ; 3.787 ; Rise       ; CLOCK_50        ;
;  SRAM_ADDR[12] ; CLOCK_50   ; 3.680 ; 3.680 ; Rise       ; CLOCK_50        ;
;  SRAM_ADDR[13] ; CLOCK_50   ; 3.730 ; 3.730 ; Rise       ; CLOCK_50        ;
;  SRAM_ADDR[14] ; CLOCK_50   ; 3.662 ; 3.662 ; Rise       ; CLOCK_50        ;
;  SRAM_ADDR[15] ; CLOCK_50   ; 3.660 ; 3.660 ; Rise       ; CLOCK_50        ;
;  SRAM_ADDR[16] ; CLOCK_50   ; 3.703 ; 3.703 ; Rise       ; CLOCK_50        ;
;  SRAM_ADDR[17] ; CLOCK_50   ; 3.776 ; 3.776 ; Rise       ; CLOCK_50        ;
; SRAM_DQ[*]     ; CLOCK_50   ; 4.281 ; 4.281 ; Rise       ; CLOCK_50        ;
;  SRAM_DQ[0]    ; CLOCK_50   ; 4.274 ; 4.274 ; Rise       ; CLOCK_50        ;
;  SRAM_DQ[1]    ; CLOCK_50   ; 4.281 ; 4.281 ; Rise       ; CLOCK_50        ;
;  SRAM_DQ[2]    ; CLOCK_50   ; 3.983 ; 3.983 ; Rise       ; CLOCK_50        ;
;  SRAM_DQ[3]    ; CLOCK_50   ; 4.266 ; 4.266 ; Rise       ; CLOCK_50        ;
;  SRAM_DQ[4]    ; CLOCK_50   ; 4.144 ; 4.144 ; Rise       ; CLOCK_50        ;
;  SRAM_DQ[5]    ; CLOCK_50   ; 3.803 ; 3.803 ; Rise       ; CLOCK_50        ;
;  SRAM_DQ[6]    ; CLOCK_50   ; 3.794 ; 3.794 ; Rise       ; CLOCK_50        ;
;  SRAM_DQ[7]    ; CLOCK_50   ; 3.923 ; 3.923 ; Rise       ; CLOCK_50        ;
;  SRAM_DQ[8]    ; CLOCK_50   ; 4.267 ; 4.267 ; Rise       ; CLOCK_50        ;
;  SRAM_DQ[9]    ; CLOCK_50   ; 4.238 ; 4.238 ; Rise       ; CLOCK_50        ;
;  SRAM_DQ[10]   ; CLOCK_50   ; 4.035 ; 4.035 ; Rise       ; CLOCK_50        ;
;  SRAM_DQ[11]   ; CLOCK_50   ; 4.254 ; 4.254 ; Rise       ; CLOCK_50        ;
;  SRAM_DQ[12]   ; CLOCK_50   ; 4.257 ; 4.257 ; Rise       ; CLOCK_50        ;
;  SRAM_DQ[13]   ; CLOCK_50   ; 4.040 ; 4.040 ; Rise       ; CLOCK_50        ;
;  SRAM_DQ[14]   ; CLOCK_50   ; 4.016 ; 4.016 ; Rise       ; CLOCK_50        ;
;  SRAM_DQ[15]   ; CLOCK_50   ; 4.035 ; 4.035 ; Rise       ; CLOCK_50        ;
; SRAM_WE_N      ; CLOCK_50   ; 4.412 ; 4.412 ; Rise       ; CLOCK_50        ;
; UART_TXD       ; CLOCK_50   ; 4.661 ; 4.661 ; Rise       ; CLOCK_50        ;
; rx_valid_led   ; CLOCK_50   ; 4.813 ; 4.813 ; Rise       ; CLOCK_50        ;
; state_led[*]   ; CLOCK_50   ; 4.569 ; 4.569 ; Rise       ; CLOCK_50        ;
;  state_led[0]  ; CLOCK_50   ; 4.569 ; 4.569 ; Rise       ; CLOCK_50        ;
;  state_led[1]  ; CLOCK_50   ; 4.504 ; 4.504 ; Rise       ; CLOCK_50        ;
; tx_busy_led    ; CLOCK_50   ; 4.291 ; 4.291 ; Rise       ; CLOCK_50        ;
+----------------+------------+-------+-------+------------+-----------------+


+----------------------------------------------------------------------------+
; Minimum Clock to Output Times                                              ;
+----------------+------------+-------+-------+------------+-----------------+
; Data Port      ; Clock Port ; Rise  ; Fall  ; Clock Edge ; Clock Reference ;
+----------------+------------+-------+-------+------------+-----------------+
; HEX0[*]        ; CLOCK_50   ; 4.663 ; 4.663 ; Rise       ; CLOCK_50        ;
;  HEX0[0]       ; CLOCK_50   ; 4.794 ; 4.794 ; Rise       ; CLOCK_50        ;
;  HEX0[1]       ; CLOCK_50   ; 4.768 ; 4.768 ; Rise       ; CLOCK_50        ;
;  HEX0[2]       ; CLOCK_50   ; 4.768 ; 4.768 ; Rise       ; CLOCK_50        ;
;  HEX0[3]       ; CLOCK_50   ; 4.667 ; 4.667 ; Rise       ; CLOCK_50        ;
;  HEX0[4]       ; CLOCK_50   ; 4.677 ; 4.677 ; Rise       ; CLOCK_50        ;
;  HEX0[5]       ; CLOCK_50   ; 4.664 ; 4.664 ; Rise       ; CLOCK_50        ;
;  HEX0[6]       ; CLOCK_50   ; 4.663 ; 4.663 ; Rise       ; CLOCK_50        ;
; HEX1[*]        ; CLOCK_50   ; 3.654 ; 3.654 ; Rise       ; CLOCK_50        ;
;  HEX1[0]       ; CLOCK_50   ; 3.912 ; 3.912 ; Rise       ; CLOCK_50        ;
;  HEX1[1]       ; CLOCK_50   ; 3.912 ; 3.912 ; Rise       ; CLOCK_50        ;
;  HEX1[2]       ; CLOCK_50   ; 3.656 ; 3.656 ; Rise       ; CLOCK_50        ;
;  HEX1[3]       ; CLOCK_50   ; 3.658 ; 3.658 ; Rise       ; CLOCK_50        ;
;  HEX1[4]       ; CLOCK_50   ; 3.654 ; 3.654 ; Rise       ; CLOCK_50        ;
;  HEX1[5]       ; CLOCK_50   ; 3.854 ; 3.854 ; Rise       ; CLOCK_50        ;
;  HEX1[6]       ; CLOCK_50   ; 3.880 ; 3.880 ; Rise       ; CLOCK_50        ;
; HEX2[*]        ; CLOCK_50   ; 3.891 ; 3.891 ; Rise       ; CLOCK_50        ;
;  HEX2[0]       ; CLOCK_50   ; 3.970 ; 3.970 ; Rise       ; CLOCK_50        ;
;  HEX2[1]       ; CLOCK_50   ; 3.891 ; 3.891 ; Rise       ; CLOCK_50        ;
;  HEX2[2]       ; CLOCK_50   ; 3.929 ; 3.929 ; Rise       ; CLOCK_50        ;
;  HEX2[3]       ; CLOCK_50   ; 3.914 ; 3.914 ; Rise       ; CLOCK_50        ;
;  HEX2[4]       ; CLOCK_50   ; 3.987 ; 3.987 ; Rise       ; CLOCK_50        ;
;  HEX2[5]       ; CLOCK_50   ; 4.038 ; 4.038 ; Rise       ; CLOCK_50        ;
;  HEX2[6]       ; CLOCK_50   ; 4.036 ; 4.036 ; Rise       ; CLOCK_50        ;
; HEX6[*]        ; CLOCK_50   ; 4.189 ; 4.189 ; Rise       ; CLOCK_50        ;
;  HEX6[0]       ; CLOCK_50   ; 4.197 ; 4.197 ; Rise       ; CLOCK_50        ;
;  HEX6[1]       ; CLOCK_50   ; 4.189 ; 4.189 ; Rise       ; CLOCK_50        ;
;  HEX6[2]       ; CLOCK_50   ; 4.194 ; 4.194 ; Rise       ; CLOCK_50        ;
;  HEX6[3]       ; CLOCK_50   ; 4.814 ; 4.814 ; Rise       ; CLOCK_50        ;
;  HEX6[4]       ; CLOCK_50   ; 4.475 ; 4.475 ; Rise       ; CLOCK_50        ;
;  HEX6[5]       ; CLOCK_50   ; 4.434 ; 4.434 ; Rise       ; CLOCK_50        ;
;  HEX6[6]       ; CLOCK_50   ; 4.362 ; 4.362 ; Rise       ; CLOCK_50        ;
; HEX7[*]        ; CLOCK_50   ; 4.390 ; 4.390 ; Rise       ; CLOCK_50        ;
;  HEX7[0]       ; CLOCK_50   ; 4.390 ; 4.390 ; Rise       ; CLOCK_50        ;
;  HEX7[1]       ; CLOCK_50   ; 4.576 ; 4.576 ; Rise       ; CLOCK_50        ;
;  HEX7[2]       ; CLOCK_50   ; 4.448 ; 4.448 ; Rise       ; CLOCK_50        ;
;  HEX7[3]       ; CLOCK_50   ; 4.556 ; 4.556 ; Rise       ; CLOCK_50        ;
;  HEX7[4]       ; CLOCK_50   ; 4.632 ; 4.632 ; Rise       ; CLOCK_50        ;
;  HEX7[5]       ; CLOCK_50   ; 4.625 ; 4.625 ; Rise       ; CLOCK_50        ;
;  HEX7[6]       ; CLOCK_50   ; 4.782 ; 4.782 ; Rise       ; CLOCK_50        ;
; LEDG[*]        ; CLOCK_50   ; 4.906 ; 4.906 ; Rise       ; CLOCK_50        ;
;  LEDG[0]       ; CLOCK_50   ; 4.999 ; 4.999 ; Rise       ; CLOCK_50        ;
;  LEDG[1]       ; CLOCK_50   ; 4.906 ; 4.906 ; Rise       ; CLOCK_50        ;
;  LEDG[2]       ; CLOCK_50   ; 4.964 ; 4.964 ; Rise       ; CLOCK_50        ;
;  LEDG[3]       ; CLOCK_50   ; 5.336 ; 5.336 ; Rise       ; CLOCK_50        ;
;  LEDG[4]       ; CLOCK_50   ; 5.061 ; 5.061 ; Rise       ; CLOCK_50        ;
;  LEDG[5]       ; CLOCK_50   ; 4.998 ; 4.998 ; Rise       ; CLOCK_50        ;
;  LEDG[6]       ; CLOCK_50   ; 4.994 ; 4.994 ; Rise       ; CLOCK_50        ;
;  LEDG[7]       ; CLOCK_50   ; 5.019 ; 5.019 ; Rise       ; CLOCK_50        ;
; LEDR[*]        ; CLOCK_50   ; 4.242 ; 4.242 ; Rise       ; CLOCK_50        ;
;  LEDR[0]       ; CLOCK_50   ; 4.719 ; 4.719 ; Rise       ; CLOCK_50        ;
;  LEDR[1]       ; CLOCK_50   ; 4.898 ; 4.898 ; Rise       ; CLOCK_50        ;
;  LEDR[2]       ; CLOCK_50   ; 4.788 ; 4.788 ; Rise       ; CLOCK_50        ;
;  LEDR[3]       ; CLOCK_50   ; 4.878 ; 4.878 ; Rise       ; CLOCK_50        ;
;  LEDR[4]       ; CLOCK_50   ; 4.824 ; 4.824 ; Rise       ; CLOCK_50        ;
;  LEDR[5]       ; CLOCK_50   ; 4.799 ; 4.799 ; Rise       ; CLOCK_50        ;
;  LEDR[6]       ; CLOCK_50   ; 4.971 ; 4.971 ; Rise       ; CLOCK_50        ;
;  LEDR[7]       ; CLOCK_50   ; 5.077 ; 5.077 ; Rise       ; CLOCK_50        ;
;  LEDR[8]       ; CLOCK_50   ; 4.868 ; 4.868 ; Rise       ; CLOCK_50        ;
;  LEDR[9]       ; CLOCK_50   ; 4.887 ; 4.887 ; Rise       ; CLOCK_50        ;
;  LEDR[10]      ; CLOCK_50   ; 4.739 ; 4.739 ; Rise       ; CLOCK_50        ;
;  LEDR[11]      ; CLOCK_50   ; 4.853 ; 4.853 ; Rise       ; CLOCK_50        ;
;  LEDR[12]      ; CLOCK_50   ; 4.654 ; 4.654 ; Rise       ; CLOCK_50        ;
;  LEDR[13]      ; CLOCK_50   ; 4.789 ; 4.789 ; Rise       ; CLOCK_50        ;
;  LEDR[14]      ; CLOCK_50   ; 4.585 ; 4.585 ; Rise       ; CLOCK_50        ;
;  LEDR[15]      ; CLOCK_50   ; 4.242 ; 4.242 ; Rise       ; CLOCK_50        ;
;  LEDR[16]      ; CLOCK_50   ; 4.551 ; 4.551 ; Rise       ; CLOCK_50        ;
;  LEDR[17]      ; CLOCK_50   ; 4.677 ; 4.677 ; Rise       ; CLOCK_50        ;
; SRAM_ADDR[*]   ; CLOCK_50   ; 3.660 ; 3.660 ; Rise       ; CLOCK_50        ;
;  SRAM_ADDR[0]  ; CLOCK_50   ; 3.910 ; 3.910 ; Rise       ; CLOCK_50        ;
;  SRAM_ADDR[1]  ; CLOCK_50   ; 3.914 ; 3.914 ; Rise       ; CLOCK_50        ;
;  SRAM_ADDR[2]  ; CLOCK_50   ; 3.887 ; 3.887 ; Rise       ; CLOCK_50        ;
;  SRAM_ADDR[3]  ; CLOCK_50   ; 3.884 ; 3.884 ; Rise       ; CLOCK_50        ;
;  SRAM_ADDR[4]  ; CLOCK_50   ; 4.160 ; 4.160 ; Rise       ; CLOCK_50        ;
;  SRAM_ADDR[5]  ; CLOCK_50   ; 3.791 ; 3.791 ; Rise       ; CLOCK_50        ;
;  SRAM_ADDR[6]  ; CLOCK_50   ; 4.234 ; 4.234 ; Rise       ; CLOCK_50        ;
;  SRAM_ADDR[7]  ; CLOCK_50   ; 3.809 ; 3.809 ; Rise       ; CLOCK_50        ;
;  SRAM_ADDR[8]  ; CLOCK_50   ; 3.776 ; 3.776 ; Rise       ; CLOCK_50        ;
;  SRAM_ADDR[9]  ; CLOCK_50   ; 3.787 ; 3.787 ; Rise       ; CLOCK_50        ;
;  SRAM_ADDR[10] ; CLOCK_50   ; 3.777 ; 3.777 ; Rise       ; CLOCK_50        ;
;  SRAM_ADDR[11] ; CLOCK_50   ; 3.787 ; 3.787 ; Rise       ; CLOCK_50        ;
;  SRAM_ADDR[12] ; CLOCK_50   ; 3.680 ; 3.680 ; Rise       ; CLOCK_50        ;
;  SRAM_ADDR[13] ; CLOCK_50   ; 3.730 ; 3.730 ; Rise       ; CLOCK_50        ;
;  SRAM_ADDR[14] ; CLOCK_50   ; 3.662 ; 3.662 ; Rise       ; CLOCK_50        ;
;  SRAM_ADDR[15] ; CLOCK_50   ; 3.660 ; 3.660 ; Rise       ; CLOCK_50        ;
;  SRAM_ADDR[16] ; CLOCK_50   ; 3.703 ; 3.703 ; Rise       ; CLOCK_50        ;
;  SRAM_ADDR[17] ; CLOCK_50   ; 3.776 ; 3.776 ; Rise       ; CLOCK_50        ;
; SRAM_DQ[*]     ; CLOCK_50   ; 3.794 ; 3.794 ; Rise       ; CLOCK_50        ;
;  SRAM_DQ[0]    ; CLOCK_50   ; 4.274 ; 4.274 ; Rise       ; CLOCK_50        ;
;  SRAM_DQ[1]    ; CLOCK_50   ; 4.281 ; 4.281 ; Rise       ; CLOCK_50        ;
;  SRAM_DQ[2]    ; CLOCK_50   ; 3.983 ; 3.983 ; Rise       ; CLOCK_50        ;
;  SRAM_DQ[3]    ; CLOCK_50   ; 4.266 ; 4.266 ; Rise       ; CLOCK_50        ;
;  SRAM_DQ[4]    ; CLOCK_50   ; 4.144 ; 4.144 ; Rise       ; CLOCK_50        ;
;  SRAM_DQ[5]    ; CLOCK_50   ; 3.803 ; 3.803 ; Rise       ; CLOCK_50        ;
;  SRAM_DQ[6]    ; CLOCK_50   ; 3.794 ; 3.794 ; Rise       ; CLOCK_50        ;
;  SRAM_DQ[7]    ; CLOCK_50   ; 3.923 ; 3.923 ; Rise       ; CLOCK_50        ;
;  SRAM_DQ[8]    ; CLOCK_50   ; 4.267 ; 4.267 ; Rise       ; CLOCK_50        ;
;  SRAM_DQ[9]    ; CLOCK_50   ; 4.238 ; 4.238 ; Rise       ; CLOCK_50        ;
;  SRAM_DQ[10]   ; CLOCK_50   ; 4.035 ; 4.035 ; Rise       ; CLOCK_50        ;
;  SRAM_DQ[11]   ; CLOCK_50   ; 4.254 ; 4.254 ; Rise       ; CLOCK_50        ;
;  SRAM_DQ[12]   ; CLOCK_50   ; 4.257 ; 4.257 ; Rise       ; CLOCK_50        ;
;  SRAM_DQ[13]   ; CLOCK_50   ; 4.040 ; 4.040 ; Rise       ; CLOCK_50        ;
;  SRAM_DQ[14]   ; CLOCK_50   ; 4.016 ; 4.016 ; Rise       ; CLOCK_50        ;
;  SRAM_DQ[15]   ; CLOCK_50   ; 4.035 ; 4.035 ; Rise       ; CLOCK_50        ;
; SRAM_WE_N      ; CLOCK_50   ; 4.412 ; 4.412 ; Rise       ; CLOCK_50        ;
; UART_TXD       ; CLOCK_50   ; 4.661 ; 4.661 ; Rise       ; CLOCK_50        ;
; rx_valid_led   ; CLOCK_50   ; 4.813 ; 4.813 ; Rise       ; CLOCK_50        ;
; state_led[*]   ; CLOCK_50   ; 4.475 ; 4.475 ; Rise       ; CLOCK_50        ;
;  state_led[0]  ; CLOCK_50   ; 4.510 ; 4.510 ; Rise       ; CLOCK_50        ;
;  state_led[1]  ; CLOCK_50   ; 4.475 ; 4.475 ; Rise       ; CLOCK_50        ;
; tx_busy_led    ; CLOCK_50   ; 4.291 ; 4.291 ; Rise       ; CLOCK_50        ;
+----------------+------------+-------+-------+------------+-----------------+


+-------------------------------------------------------------------------+
; Output Enable Times                                                     ;
+--------------+------------+-------+------+------------+-----------------+
; Data Port    ; Clock Port ; Rise  ; Fall ; Clock Edge ; Clock Reference ;
+--------------+------------+-------+------+------------+-----------------+
; SRAM_DQ[*]   ; CLOCK_50   ; 4.088 ;      ; Rise       ; CLOCK_50        ;
;  SRAM_DQ[0]  ; CLOCK_50   ; 4.377 ;      ; Rise       ; CLOCK_50        ;
;  SRAM_DQ[1]  ; CLOCK_50   ; 4.387 ;      ; Rise       ; CLOCK_50        ;
;  SRAM_DQ[2]  ; CLOCK_50   ; 4.360 ;      ; Rise       ; CLOCK_50        ;
;  SRAM_DQ[3]  ; CLOCK_50   ; 4.340 ;      ; Rise       ; CLOCK_50        ;
;  SRAM_DQ[4]  ; CLOCK_50   ; 4.301 ;      ; Rise       ; CLOCK_50        ;
;  SRAM_DQ[5]  ; CLOCK_50   ; 4.178 ;      ; Rise       ; CLOCK_50        ;
;  SRAM_DQ[6]  ; CLOCK_50   ; 4.178 ;      ; Rise       ; CLOCK_50        ;
;  SRAM_DQ[7]  ; CLOCK_50   ; 4.170 ;      ; Rise       ; CLOCK_50        ;
;  SRAM_DQ[8]  ; CLOCK_50   ; 4.220 ;      ; Rise       ; CLOCK_50        ;
;  SRAM_DQ[9]  ; CLOCK_50   ; 4.220 ;      ; Rise       ; CLOCK_50        ;
;  SRAM_DQ[10] ; CLOCK_50   ; 4.098 ;      ; Rise       ; CLOCK_50        ;
;  SRAM_DQ[11] ; CLOCK_50   ; 4.098 ;      ; Rise       ; CLOCK_50        ;
;  SRAM_DQ[12] ; CLOCK_50   ; 4.088 ;      ; Rise       ; CLOCK_50        ;
;  SRAM_DQ[13] ; CLOCK_50   ; 4.088 ;      ; Rise       ; CLOCK_50        ;
;  SRAM_DQ[14] ; CLOCK_50   ; 4.277 ;      ; Rise       ; CLOCK_50        ;
;  SRAM_DQ[15] ; CLOCK_50   ; 4.277 ;      ; Rise       ; CLOCK_50        ;
+--------------+------------+-------+------+------------+-----------------+


+-------------------------------------------------------------------------+
; Minimum Output Enable Times                                             ;
+--------------+------------+-------+------+------------+-----------------+
; Data Port    ; Clock Port ; Rise  ; Fall ; Clock Edge ; Clock Reference ;
+--------------+------------+-------+------+------------+-----------------+
; SRAM_DQ[*]   ; CLOCK_50   ; 4.088 ;      ; Rise       ; CLOCK_50        ;
;  SRAM_DQ[0]  ; CLOCK_50   ; 4.377 ;      ; Rise       ; CLOCK_50        ;
;  SRAM_DQ[1]  ; CLOCK_50   ; 4.387 ;      ; Rise       ; CLOCK_50        ;
;  SRAM_DQ[2]  ; CLOCK_50   ; 4.360 ;      ; Rise       ; CLOCK_50        ;
;  SRAM_DQ[3]  ; CLOCK_50   ; 4.340 ;      ; Rise       ; CLOCK_50        ;
;  SRAM_DQ[4]  ; CLOCK_50   ; 4.301 ;      ; Rise       ; CLOCK_50        ;
;  SRAM_DQ[5]  ; CLOCK_50   ; 4.178 ;      ; Rise       ; CLOCK_50        ;
;  SRAM_DQ[6]  ; CLOCK_50   ; 4.178 ;      ; Rise       ; CLOCK_50        ;
;  SRAM_DQ[7]  ; CLOCK_50   ; 4.170 ;      ; Rise       ; CLOCK_50        ;
;  SRAM_DQ[8]  ; CLOCK_50   ; 4.220 ;      ; Rise       ; CLOCK_50        ;
;  SRAM_DQ[9]  ; CLOCK_50   ; 4.220 ;      ; Rise       ; CLOCK_50        ;
;  SRAM_DQ[10] ; CLOCK_50   ; 4.098 ;      ; Rise       ; CLOCK_50        ;
;  SRAM_DQ[11] ; CLOCK_50   ; 4.098 ;      ; Rise       ; CLOCK_50        ;
;  SRAM_DQ[12] ; CLOCK_50   ; 4.088 ;      ; Rise       ; CLOCK_50        ;
;  SRAM_DQ[13] ; CLOCK_50   ; 4.088 ;      ; Rise       ; CLOCK_50        ;
;  SRAM_DQ[14] ; CLOCK_50   ; 4.277 ;      ; Rise       ; CLOCK_50        ;
;  SRAM_DQ[15] ; CLOCK_50   ; 4.277 ;      ; Rise       ; CLOCK_50        ;
+--------------+------------+-------+------+------------+-----------------+


+----------------------------------------------------------------------------------+
; Output Disable Times                                                             ;
+--------------+------------+-----------+-----------+------------+-----------------+
; Data Port    ; Clock Port ; 0 to Hi-Z ; 1 to Hi-Z ; Clock Edge ; Clock Reference ;
+--------------+------------+-----------+-----------+------------+-----------------+
; SRAM_DQ[*]   ; CLOCK_50   ; 4.088     ;           ; Rise       ; CLOCK_50        ;
;  SRAM_DQ[0]  ; CLOCK_50   ; 4.377     ;           ; Rise       ; CLOCK_50        ;
;  SRAM_DQ[1]  ; CLOCK_50   ; 4.387     ;           ; Rise       ; CLOCK_50        ;
;  SRAM_DQ[2]  ; CLOCK_50   ; 4.360     ;           ; Rise       ; CLOCK_50        ;
;  SRAM_DQ[3]  ; CLOCK_50   ; 4.340     ;           ; Rise       ; CLOCK_50        ;
;  SRAM_DQ[4]  ; CLOCK_50   ; 4.301     ;           ; Rise       ; CLOCK_50        ;
;  SRAM_DQ[5]  ; CLOCK_50   ; 4.178     ;           ; Rise       ; CLOCK_50        ;
;  SRAM_DQ[6]  ; CLOCK_50   ; 4.178     ;           ; Rise       ; CLOCK_50        ;
;  SRAM_DQ[7]  ; CLOCK_50   ; 4.170     ;           ; Rise       ; CLOCK_50        ;
;  SRAM_DQ[8]  ; CLOCK_50   ; 4.220     ;           ; Rise       ; CLOCK_50        ;
;  SRAM_DQ[9]  ; CLOCK_50   ; 4.220     ;           ; Rise       ; CLOCK_50        ;
;  SRAM_DQ[10] ; CLOCK_50   ; 4.098     ;           ; Rise       ; CLOCK_50        ;
;  SRAM_DQ[11] ; CLOCK_50   ; 4.098     ;           ; Rise       ; CLOCK_50        ;
;  SRAM_DQ[12] ; CLOCK_50   ; 4.088     ;           ; Rise       ; CLOCK_50        ;
;  SRAM_DQ[13] ; CLOCK_50   ; 4.088     ;           ; Rise       ; CLOCK_50        ;
;  SRAM_DQ[14] ; CLOCK_50   ; 4.277     ;           ; Rise       ; CLOCK_50        ;
;  SRAM_DQ[15] ; CLOCK_50   ; 4.277     ;           ; Rise       ; CLOCK_50        ;
+--------------+------------+-----------+-----------+------------+-----------------+


+----------------------------------------------------------------------------------+
; Minimum Output Disable Times                                                     ;
+--------------+------------+-----------+-----------+------------+-----------------+
; Data Port    ; Clock Port ; 0 to Hi-Z ; 1 to Hi-Z ; Clock Edge ; Clock Reference ;
+--------------+------------+-----------+-----------+------------+-----------------+
; SRAM_DQ[*]   ; CLOCK_50   ; 4.088     ;           ; Rise       ; CLOCK_50        ;
;  SRAM_DQ[0]  ; CLOCK_50   ; 4.377     ;           ; Rise       ; CLOCK_50        ;
;  SRAM_DQ[1]  ; CLOCK_50   ; 4.387     ;           ; Rise       ; CLOCK_50        ;
;  SRAM_DQ[2]  ; CLOCK_50   ; 4.360     ;           ; Rise       ; CLOCK_50        ;
;  SRAM_DQ[3]  ; CLOCK_50   ; 4.340     ;           ; Rise       ; CLOCK_50        ;
;  SRAM_DQ[4]  ; CLOCK_50   ; 4.301     ;           ; Rise       ; CLOCK_50        ;
;  SRAM_DQ[5]  ; CLOCK_50   ; 4.178     ;           ; Rise       ; CLOCK_50        ;
;  SRAM_DQ[6]  ; CLOCK_50   ; 4.178     ;           ; Rise       ; CLOCK_50        ;
;  SRAM_DQ[7]  ; CLOCK_50   ; 4.170     ;           ; Rise       ; CLOCK_50        ;
;  SRAM_DQ[8]  ; CLOCK_50   ; 4.220     ;           ; Rise       ; CLOCK_50        ;
;  SRAM_DQ[9]  ; CLOCK_50   ; 4.220     ;           ; Rise       ; CLOCK_50        ;
;  SRAM_DQ[10] ; CLOCK_50   ; 4.098     ;           ; Rise       ; CLOCK_50        ;
;  SRAM_DQ[11] ; CLOCK_50   ; 4.098     ;           ; Rise       ; CLOCK_50        ;
;  SRAM_DQ[12] ; CLOCK_50   ; 4.088     ;           ; Rise       ; CLOCK_50        ;
;  SRAM_DQ[13] ; CLOCK_50   ; 4.088     ;           ; Rise       ; CLOCK_50        ;
;  SRAM_DQ[14] ; CLOCK_50   ; 4.277     ;           ; Rise       ; CLOCK_50        ;
;  SRAM_DQ[15] ; CLOCK_50   ; 4.277     ;           ; Rise       ; CLOCK_50        ;
+--------------+------------+-----------+-----------+------------+-----------------+


+------------------------------------------------------------------------------+
; Multicorner Timing Analysis Summary                                          ;
+------------------+--------+-------+----------+---------+---------------------+
; Clock            ; Setup  ; Hold  ; Recovery ; Removal ; Minimum Pulse Width ;
+------------------+--------+-------+----------+---------+---------------------+
; Worst-case Slack ; 12.187 ; 0.215 ; N/A      ; N/A     ; 7.873               ;
;  CLOCK_50        ; 12.187 ; 0.215 ; N/A      ; N/A     ; 7.873               ;
; Design-wide TNS  ; 0.0    ; 0.0   ; 0.0      ; 0.0     ; 0.0                 ;
;  CLOCK_50        ; 0.000  ; 0.000 ; N/A      ; N/A     ; 0.000               ;
+------------------+--------+-------+----------+---------+---------------------+


+-----------------------------------------------------------------------+
; Setup Times                                                           ;
+-----------+------------+-------+-------+------------+-----------------+
; Data Port ; Clock Port ; Rise  ; Fall  ; Clock Edge ; Clock Reference ;
+-----------+------------+-------+-------+------------+-----------------+
; KEY[*]    ; CLOCK_50   ; 6.354 ; 6.354 ; Rise       ; CLOCK_50        ;
;  KEY[1]   ; CLOCK_50   ; 6.354 ; 6.354 ; Rise       ; CLOCK_50        ;
; UART_RXD  ; CLOCK_50   ; 4.483 ; 4.483 ; Rise       ; CLOCK_50        ;
+-----------+------------+-------+-------+------------+-----------------+


+-------------------------------------------------------------------------+
; Hold Times                                                              ;
+-----------+------------+--------+--------+------------+-----------------+
; Data Port ; Clock Port ; Rise   ; Fall   ; Clock Edge ; Clock Reference ;
+-----------+------------+--------+--------+------------+-----------------+
; KEY[*]    ; CLOCK_50   ; -2.259 ; -2.259 ; Rise       ; CLOCK_50        ;
;  KEY[1]   ; CLOCK_50   ; -2.259 ; -2.259 ; Rise       ; CLOCK_50        ;
; UART_RXD  ; CLOCK_50   ; -2.375 ; -2.375 ; Rise       ; CLOCK_50        ;
+-----------+------------+--------+--------+------------+-----------------+


+------------------------------------------------------------------------------+
; Clock to Output Times                                                        ;
+----------------+------------+--------+--------+------------+-----------------+
; Data Port      ; Clock Port ; Rise   ; Fall   ; Clock Edge ; Clock Reference ;
+----------------+------------+--------+--------+------------+-----------------+
; HEX0[*]        ; CLOCK_50   ; 9.092  ; 9.092  ; Rise       ; CLOCK_50        ;
;  HEX0[0]       ; CLOCK_50   ; 9.092  ; 9.092  ; Rise       ; CLOCK_50        ;
;  HEX0[1]       ; CLOCK_50   ; 9.068  ; 9.068  ; Rise       ; CLOCK_50        ;
;  HEX0[2]       ; CLOCK_50   ; 9.061  ; 9.061  ; Rise       ; CLOCK_50        ;
;  HEX0[3]       ; CLOCK_50   ; 8.836  ; 8.836  ; Rise       ; CLOCK_50        ;
;  HEX0[4]       ; CLOCK_50   ; 8.843  ; 8.843  ; Rise       ; CLOCK_50        ;
;  HEX0[5]       ; CLOCK_50   ; 8.832  ; 8.832  ; Rise       ; CLOCK_50        ;
;  HEX0[6]       ; CLOCK_50   ; 8.823  ; 8.823  ; Rise       ; CLOCK_50        ;
; HEX1[*]        ; CLOCK_50   ; 7.433  ; 7.433  ; Rise       ; CLOCK_50        ;
;  HEX1[0]       ; CLOCK_50   ; 7.398  ; 7.398  ; Rise       ; CLOCK_50        ;
;  HEX1[1]       ; CLOCK_50   ; 7.433  ; 7.433  ; Rise       ; CLOCK_50        ;
;  HEX1[2]       ; CLOCK_50   ; 6.983  ; 6.983  ; Rise       ; CLOCK_50        ;
;  HEX1[3]       ; CLOCK_50   ; 6.989  ; 6.989  ; Rise       ; CLOCK_50        ;
;  HEX1[4]       ; CLOCK_50   ; 6.935  ; 6.935  ; Rise       ; CLOCK_50        ;
;  HEX1[5]       ; CLOCK_50   ; 7.240  ; 7.240  ; Rise       ; CLOCK_50        ;
;  HEX1[6]       ; CLOCK_50   ; 7.292  ; 7.292  ; Rise       ; CLOCK_50        ;
; HEX2[*]        ; CLOCK_50   ; 7.627  ; 7.627  ; Rise       ; CLOCK_50        ;
;  HEX2[0]       ; CLOCK_50   ; 7.490  ; 7.490  ; Rise       ; CLOCK_50        ;
;  HEX2[1]       ; CLOCK_50   ; 7.326  ; 7.326  ; Rise       ; CLOCK_50        ;
;  HEX2[2]       ; CLOCK_50   ; 7.337  ; 7.337  ; Rise       ; CLOCK_50        ;
;  HEX2[3]       ; CLOCK_50   ; 7.330  ; 7.330  ; Rise       ; CLOCK_50        ;
;  HEX2[4]       ; CLOCK_50   ; 7.523  ; 7.523  ; Rise       ; CLOCK_50        ;
;  HEX2[5]       ; CLOCK_50   ; 7.606  ; 7.606  ; Rise       ; CLOCK_50        ;
;  HEX2[6]       ; CLOCK_50   ; 7.627  ; 7.627  ; Rise       ; CLOCK_50        ;
; HEX6[*]        ; CLOCK_50   ; 9.508  ; 9.508  ; Rise       ; CLOCK_50        ;
;  HEX6[0]       ; CLOCK_50   ; 8.528  ; 8.528  ; Rise       ; CLOCK_50        ;
;  HEX6[1]       ; CLOCK_50   ; 8.515  ; 8.515  ; Rise       ; CLOCK_50        ;
;  HEX6[2]       ; CLOCK_50   ; 8.523  ; 8.523  ; Rise       ; CLOCK_50        ;
;  HEX6[3]       ; CLOCK_50   ; 9.508  ; 9.508  ; Rise       ; CLOCK_50        ;
;  HEX6[4]       ; CLOCK_50   ; 9.112  ; 9.112  ; Rise       ; CLOCK_50        ;
;  HEX6[5]       ; CLOCK_50   ; 9.017  ; 9.017  ; Rise       ; CLOCK_50        ;
;  HEX6[6]       ; CLOCK_50   ; 8.840  ; 8.840  ; Rise       ; CLOCK_50        ;
; HEX7[*]        ; CLOCK_50   ; 9.329  ; 9.329  ; Rise       ; CLOCK_50        ;
;  HEX7[0]       ; CLOCK_50   ; 8.492  ; 8.492  ; Rise       ; CLOCK_50        ;
;  HEX7[1]       ; CLOCK_50   ; 9.009  ; 9.009  ; Rise       ; CLOCK_50        ;
;  HEX7[2]       ; CLOCK_50   ; 8.689  ; 8.689  ; Rise       ; CLOCK_50        ;
;  HEX7[3]       ; CLOCK_50   ; 8.935  ; 8.935  ; Rise       ; CLOCK_50        ;
;  HEX7[4]       ; CLOCK_50   ; 9.171  ; 9.171  ; Rise       ; CLOCK_50        ;
;  HEX7[5]       ; CLOCK_50   ; 9.113  ; 9.113  ; Rise       ; CLOCK_50        ;
;  HEX7[6]       ; CLOCK_50   ; 9.329  ; 9.329  ; Rise       ; CLOCK_50        ;
; LEDG[*]        ; CLOCK_50   ; 9.720  ; 9.720  ; Rise       ; CLOCK_50        ;
;  LEDG[0]       ; CLOCK_50   ; 9.194  ; 9.194  ; Rise       ; CLOCK_50        ;
;  LEDG[1]       ; CLOCK_50   ; 8.909  ; 8.909  ; Rise       ; CLOCK_50        ;
;  LEDG[2]       ; CLOCK_50   ; 9.151  ; 9.151  ; Rise       ; CLOCK_50        ;
;  LEDG[3]       ; CLOCK_50   ; 9.720  ; 9.720  ; Rise       ; CLOCK_50        ;
;  LEDG[4]       ; CLOCK_50   ; 9.333  ; 9.333  ; Rise       ; CLOCK_50        ;
;  LEDG[5]       ; CLOCK_50   ; 9.233  ; 9.233  ; Rise       ; CLOCK_50        ;
;  LEDG[6]       ; CLOCK_50   ; 9.188  ; 9.188  ; Rise       ; CLOCK_50        ;
;  LEDG[7]       ; CLOCK_50   ; 9.314  ; 9.314  ; Rise       ; CLOCK_50        ;
; LEDR[*]        ; CLOCK_50   ; 10.705 ; 10.705 ; Rise       ; CLOCK_50        ;
;  LEDR[0]       ; CLOCK_50   ; 8.472  ; 8.472  ; Rise       ; CLOCK_50        ;
;  LEDR[1]       ; CLOCK_50   ; 8.921  ; 8.921  ; Rise       ; CLOCK_50        ;
;  LEDR[2]       ; CLOCK_50   ; 8.625  ; 8.625  ; Rise       ; CLOCK_50        ;
;  LEDR[3]       ; CLOCK_50   ; 8.786  ; 8.786  ; Rise       ; CLOCK_50        ;
;  LEDR[4]       ; CLOCK_50   ; 8.776  ; 8.776  ; Rise       ; CLOCK_50        ;
;  LEDR[5]       ; CLOCK_50   ; 8.700  ; 8.700  ; Rise       ; CLOCK_50        ;
;  LEDR[6]       ; CLOCK_50   ; 9.154  ; 9.154  ; Rise       ; CLOCK_50        ;
;  LEDR[7]       ; CLOCK_50   ; 9.440  ; 9.440  ; Rise       ; CLOCK_50        ;
;  LEDR[8]       ; CLOCK_50   ; 8.916  ; 8.916  ; Rise       ; CLOCK_50        ;
;  LEDR[9]       ; CLOCK_50   ; 9.703  ; 9.703  ; Rise       ; CLOCK_50        ;
;  LEDR[10]      ; CLOCK_50   ; 9.530  ; 9.530  ; Rise       ; CLOCK_50        ;
;  LEDR[11]      ; CLOCK_50   ; 9.258  ; 9.258  ; Rise       ; CLOCK_50        ;
;  LEDR[12]      ; CLOCK_50   ; 9.033  ; 9.033  ; Rise       ; CLOCK_50        ;
;  LEDR[13]      ; CLOCK_50   ; 10.705 ; 10.705 ; Rise       ; CLOCK_50        ;
;  LEDR[14]      ; CLOCK_50   ; 8.287  ; 8.287  ; Rise       ; CLOCK_50        ;
;  LEDR[15]      ; CLOCK_50   ; 7.586  ; 7.586  ; Rise       ; CLOCK_50        ;
;  LEDR[16]      ; CLOCK_50   ; 8.280  ; 8.280  ; Rise       ; CLOCK_50        ;
;  LEDR[17]      ; CLOCK_50   ; 9.735  ; 9.735  ; Rise       ; CLOCK_50        ;
; SRAM_ADDR[*]   ; CLOCK_50   ; 7.542  ; 7.542  ; Rise       ; CLOCK_50        ;
;  SRAM_ADDR[0]  ; CLOCK_50   ; 6.889  ; 6.889  ; Rise       ; CLOCK_50        ;
;  SRAM_ADDR[1]  ; CLOCK_50   ; 6.902  ; 6.902  ; Rise       ; CLOCK_50        ;
;  SRAM_ADDR[2]  ; CLOCK_50   ; 6.864  ; 6.864  ; Rise       ; CLOCK_50        ;
;  SRAM_ADDR[3]  ; CLOCK_50   ; 6.861  ; 6.861  ; Rise       ; CLOCK_50        ;
;  SRAM_ADDR[4]  ; CLOCK_50   ; 7.443  ; 7.443  ; Rise       ; CLOCK_50        ;
;  SRAM_ADDR[5]  ; CLOCK_50   ; 6.651  ; 6.651  ; Rise       ; CLOCK_50        ;
;  SRAM_ADDR[6]  ; CLOCK_50   ; 7.542  ; 7.542  ; Rise       ; CLOCK_50        ;
;  SRAM_ADDR[7]  ; CLOCK_50   ; 6.664  ; 6.664  ; Rise       ; CLOCK_50        ;
;  SRAM_ADDR[8]  ; CLOCK_50   ; 6.630  ; 6.630  ; Rise       ; CLOCK_50        ;
;  SRAM_ADDR[9]  ; CLOCK_50   ; 6.640  ; 6.640  ; Rise       ; CLOCK_50        ;
;  SRAM_ADDR[10] ; CLOCK_50   ; 6.632  ; 6.632  ; Rise       ; CLOCK_50        ;
;  SRAM_ADDR[11] ; CLOCK_50   ; 6.640  ; 6.640  ; Rise       ; CLOCK_50        ;
;  SRAM_ADDR[12] ; CLOCK_50   ; 6.414  ; 6.414  ; Rise       ; CLOCK_50        ;
;  SRAM_ADDR[13] ; CLOCK_50   ; 6.474  ; 6.474  ; Rise       ; CLOCK_50        ;
;  SRAM_ADDR[14] ; CLOCK_50   ; 6.397  ; 6.397  ; Rise       ; CLOCK_50        ;
;  SRAM_ADDR[15] ; CLOCK_50   ; 6.392  ; 6.392  ; Rise       ; CLOCK_50        ;
;  SRAM_ADDR[16] ; CLOCK_50   ; 6.444  ; 6.444  ; Rise       ; CLOCK_50        ;
;  SRAM_ADDR[17] ; CLOCK_50   ; 6.635  ; 6.635  ; Rise       ; CLOCK_50        ;
; SRAM_DQ[*]     ; CLOCK_50   ; 7.650  ; 7.650  ; Rise       ; CLOCK_50        ;
;  SRAM_DQ[0]    ; CLOCK_50   ; 7.650  ; 7.650  ; Rise       ; CLOCK_50        ;
;  SRAM_DQ[1]    ; CLOCK_50   ; 7.649  ; 7.649  ; Rise       ; CLOCK_50        ;
;  SRAM_DQ[2]    ; CLOCK_50   ; 7.029  ; 7.029  ; Rise       ; CLOCK_50        ;
;  SRAM_DQ[3]    ; CLOCK_50   ; 7.649  ; 7.649  ; Rise       ; CLOCK_50        ;
;  SRAM_DQ[4]    ; CLOCK_50   ; 7.415  ; 7.415  ; Rise       ; CLOCK_50        ;
;  SRAM_DQ[5]    ; CLOCK_50   ; 6.697  ; 6.697  ; Rise       ; CLOCK_50        ;
;  SRAM_DQ[6]    ; CLOCK_50   ; 6.682  ; 6.682  ; Rise       ; CLOCK_50        ;
;  SRAM_DQ[7]    ; CLOCK_50   ; 6.959  ; 6.959  ; Rise       ; CLOCK_50        ;
;  SRAM_DQ[8]    ; CLOCK_50   ; 7.628  ; 7.628  ; Rise       ; CLOCK_50        ;
;  SRAM_DQ[9]    ; CLOCK_50   ; 7.572  ; 7.572  ; Rise       ; CLOCK_50        ;
;  SRAM_DQ[10]   ; CLOCK_50   ; 7.178  ; 7.178  ; Rise       ; CLOCK_50        ;
;  SRAM_DQ[11]   ; CLOCK_50   ; 7.600  ; 7.600  ; Rise       ; CLOCK_50        ;
;  SRAM_DQ[12]   ; CLOCK_50   ; 7.610  ; 7.610  ; Rise       ; CLOCK_50        ;
;  SRAM_DQ[13]   ; CLOCK_50   ; 7.192  ; 7.192  ; Rise       ; CLOCK_50        ;
;  SRAM_DQ[14]   ; CLOCK_50   ; 7.155  ; 7.155  ; Rise       ; CLOCK_50        ;
;  SRAM_DQ[15]   ; CLOCK_50   ; 7.189  ; 7.189  ; Rise       ; CLOCK_50        ;
; SRAM_WE_N      ; CLOCK_50   ; 8.008  ; 8.008  ; Rise       ; CLOCK_50        ;
; UART_TXD       ; CLOCK_50   ; 8.481  ; 8.481  ; Rise       ; CLOCK_50        ;
; rx_valid_led   ; CLOCK_50   ; 8.721  ; 8.721  ; Rise       ; CLOCK_50        ;
; state_led[*]   ; CLOCK_50   ; 8.320  ; 8.320  ; Rise       ; CLOCK_50        ;
;  state_led[0]  ; CLOCK_50   ; 8.320  ; 8.320  ; Rise       ; CLOCK_50        ;
;  state_led[1]  ; CLOCK_50   ; 8.184  ; 8.184  ; Rise       ; CLOCK_50        ;
; tx_busy_led    ; CLOCK_50   ; 7.682  ; 7.682  ; Rise       ; CLOCK_50        ;
+----------------+------------+--------+--------+------------+-----------------+


+----------------------------------------------------------------------------+
; Minimum Clock to Output Times                                              ;
+----------------+------------+-------+-------+------------+-----------------+
; Data Port      ; Clock Port ; Rise  ; Fall  ; Clock Edge ; Clock Reference ;
+----------------+------------+-------+-------+------------+-----------------+
; HEX0[*]        ; CLOCK_50   ; 4.663 ; 4.663 ; Rise       ; CLOCK_50        ;
;  HEX0[0]       ; CLOCK_50   ; 4.794 ; 4.794 ; Rise       ; CLOCK_50        ;
;  HEX0[1]       ; CLOCK_50   ; 4.768 ; 4.768 ; Rise       ; CLOCK_50        ;
;  HEX0[2]       ; CLOCK_50   ; 4.768 ; 4.768 ; Rise       ; CLOCK_50        ;
;  HEX0[3]       ; CLOCK_50   ; 4.667 ; 4.667 ; Rise       ; CLOCK_50        ;
;  HEX0[4]       ; CLOCK_50   ; 4.677 ; 4.677 ; Rise       ; CLOCK_50        ;
;  HEX0[5]       ; CLOCK_50   ; 4.664 ; 4.664 ; Rise       ; CLOCK_50        ;
;  HEX0[6]       ; CLOCK_50   ; 4.663 ; 4.663 ; Rise       ; CLOCK_50        ;
; HEX1[*]        ; CLOCK_50   ; 3.654 ; 3.654 ; Rise       ; CLOCK_50        ;
;  HEX1[0]       ; CLOCK_50   ; 3.912 ; 3.912 ; Rise       ; CLOCK_50        ;
;  HEX1[1]       ; CLOCK_50   ; 3.912 ; 3.912 ; Rise       ; CLOCK_50        ;
;  HEX1[2]       ; CLOCK_50   ; 3.656 ; 3.656 ; Rise       ; CLOCK_50        ;
;  HEX1[3]       ; CLOCK_50   ; 3.658 ; 3.658 ; Rise       ; CLOCK_50        ;
;  HEX1[4]       ; CLOCK_50   ; 3.654 ; 3.654 ; Rise       ; CLOCK_50        ;
;  HEX1[5]       ; CLOCK_50   ; 3.854 ; 3.854 ; Rise       ; CLOCK_50        ;
;  HEX1[6]       ; CLOCK_50   ; 3.880 ; 3.880 ; Rise       ; CLOCK_50        ;
; HEX2[*]        ; CLOCK_50   ; 3.891 ; 3.891 ; Rise       ; CLOCK_50        ;
;  HEX2[0]       ; CLOCK_50   ; 3.970 ; 3.970 ; Rise       ; CLOCK_50        ;
;  HEX2[1]       ; CLOCK_50   ; 3.891 ; 3.891 ; Rise       ; CLOCK_50        ;
;  HEX2[2]       ; CLOCK_50   ; 3.929 ; 3.929 ; Rise       ; CLOCK_50        ;
;  HEX2[3]       ; CLOCK_50   ; 3.914 ; 3.914 ; Rise       ; CLOCK_50        ;
;  HEX2[4]       ; CLOCK_50   ; 3.987 ; 3.987 ; Rise       ; CLOCK_50        ;
;  HEX2[5]       ; CLOCK_50   ; 4.038 ; 4.038 ; Rise       ; CLOCK_50        ;
;  HEX2[6]       ; CLOCK_50   ; 4.036 ; 4.036 ; Rise       ; CLOCK_50        ;
; HEX6[*]        ; CLOCK_50   ; 4.189 ; 4.189 ; Rise       ; CLOCK_50        ;
;  HEX6[0]       ; CLOCK_50   ; 4.197 ; 4.197 ; Rise       ; CLOCK_50        ;
;  HEX6[1]       ; CLOCK_50   ; 4.189 ; 4.189 ; Rise       ; CLOCK_50        ;
;  HEX6[2]       ; CLOCK_50   ; 4.194 ; 4.194 ; Rise       ; CLOCK_50        ;
;  HEX6[3]       ; CLOCK_50   ; 4.814 ; 4.814 ; Rise       ; CLOCK_50        ;
;  HEX6[4]       ; CLOCK_50   ; 4.475 ; 4.475 ; Rise       ; CLOCK_50        ;
;  HEX6[5]       ; CLOCK_50   ; 4.434 ; 4.434 ; Rise       ; CLOCK_50        ;
;  HEX6[6]       ; CLOCK_50   ; 4.362 ; 4.362 ; Rise       ; CLOCK_50        ;
; HEX7[*]        ; CLOCK_50   ; 4.390 ; 4.390 ; Rise       ; CLOCK_50        ;
;  HEX7[0]       ; CLOCK_50   ; 4.390 ; 4.390 ; Rise       ; CLOCK_50        ;
;  HEX7[1]       ; CLOCK_50   ; 4.576 ; 4.576 ; Rise       ; CLOCK_50        ;
;  HEX7[2]       ; CLOCK_50   ; 4.448 ; 4.448 ; Rise       ; CLOCK_50        ;
;  HEX7[3]       ; CLOCK_50   ; 4.556 ; 4.556 ; Rise       ; CLOCK_50        ;
;  HEX7[4]       ; CLOCK_50   ; 4.632 ; 4.632 ; Rise       ; CLOCK_50        ;
;  HEX7[5]       ; CLOCK_50   ; 4.625 ; 4.625 ; Rise       ; CLOCK_50        ;
;  HEX7[6]       ; CLOCK_50   ; 4.782 ; 4.782 ; Rise       ; CLOCK_50        ;
; LEDG[*]        ; CLOCK_50   ; 4.906 ; 4.906 ; Rise       ; CLOCK_50        ;
;  LEDG[0]       ; CLOCK_50   ; 4.999 ; 4.999 ; Rise       ; CLOCK_50        ;
;  LEDG[1]       ; CLOCK_50   ; 4.906 ; 4.906 ; Rise       ; CLOCK_50        ;
;  LEDG[2]       ; CLOCK_50   ; 4.964 ; 4.964 ; Rise       ; CLOCK_50        ;
;  LEDG[3]       ; CLOCK_50   ; 5.336 ; 5.336 ; Rise       ; CLOCK_50        ;
;  LEDG[4]       ; CLOCK_50   ; 5.061 ; 5.061 ; Rise       ; CLOCK_50        ;
;  LEDG[5]       ; CLOCK_50   ; 4.998 ; 4.998 ; Rise       ; CLOCK_50        ;
;  LEDG[6]       ; CLOCK_50   ; 4.994 ; 4.994 ; Rise       ; CLOCK_50        ;
;  LEDG[7]       ; CLOCK_50   ; 5.019 ; 5.019 ; Rise       ; CLOCK_50        ;
; LEDR[*]        ; CLOCK_50   ; 4.242 ; 4.242 ; Rise       ; CLOCK_50        ;
;  LEDR[0]       ; CLOCK_50   ; 4.719 ; 4.719 ; Rise       ; CLOCK_50        ;
;  LEDR[1]       ; CLOCK_50   ; 4.898 ; 4.898 ; Rise       ; CLOCK_50        ;
;  LEDR[2]       ; CLOCK_50   ; 4.788 ; 4.788 ; Rise       ; CLOCK_50        ;
;  LEDR[3]       ; CLOCK_50   ; 4.878 ; 4.878 ; Rise       ; CLOCK_50        ;
;  LEDR[4]       ; CLOCK_50   ; 4.824 ; 4.824 ; Rise       ; CLOCK_50        ;
;  LEDR[5]       ; CLOCK_50   ; 4.799 ; 4.799 ; Rise       ; CLOCK_50        ;
;  LEDR[6]       ; CLOCK_50   ; 4.971 ; 4.971 ; Rise       ; CLOCK_50        ;
;  LEDR[7]       ; CLOCK_50   ; 5.077 ; 5.077 ; Rise       ; CLOCK_50        ;
;  LEDR[8]       ; CLOCK_50   ; 4.868 ; 4.868 ; Rise       ; CLOCK_50        ;
;  LEDR[9]       ; CLOCK_50   ; 4.887 ; 4.887 ; Rise       ; CLOCK_50        ;
;  LEDR[10]      ; CLOCK_50   ; 4.739 ; 4.739 ; Rise       ; CLOCK_50        ;
;  LEDR[11]      ; CLOCK_50   ; 4.853 ; 4.853 ; Rise       ; CLOCK_50        ;
;  LEDR[12]      ; CLOCK_50   ; 4.654 ; 4.654 ; Rise       ; CLOCK_50        ;
;  LEDR[13]      ; CLOCK_50   ; 4.789 ; 4.789 ; Rise       ; CLOCK_50        ;
;  LEDR[14]      ; CLOCK_50   ; 4.585 ; 4.585 ; Rise       ; CLOCK_50        ;
;  LEDR[15]      ; CLOCK_50   ; 4.242 ; 4.242 ; Rise       ; CLOCK_50        ;
;  LEDR[16]      ; CLOCK_50   ; 4.551 ; 4.551 ; Rise       ; CLOCK_50        ;
;  LEDR[17]      ; CLOCK_50   ; 4.677 ; 4.677 ; Rise       ; CLOCK_50        ;
; SRAM_ADDR[*]   ; CLOCK_50   ; 3.660 ; 3.660 ; Rise       ; CLOCK_50        ;
;  SRAM_ADDR[0]  ; CLOCK_50   ; 3.910 ; 3.910 ; Rise       ; CLOCK_50        ;
;  SRAM_ADDR[1]  ; CLOCK_50   ; 3.914 ; 3.914 ; Rise       ; CLOCK_50        ;
;  SRAM_ADDR[2]  ; CLOCK_50   ; 3.887 ; 3.887 ; Rise       ; CLOCK_50        ;
;  SRAM_ADDR[3]  ; CLOCK_50   ; 3.884 ; 3.884 ; Rise       ; CLOCK_50        ;
;  SRAM_ADDR[4]  ; CLOCK_50   ; 4.160 ; 4.160 ; Rise       ; CLOCK_50        ;
;  SRAM_ADDR[5]  ; CLOCK_50   ; 3.791 ; 3.791 ; Rise       ; CLOCK_50        ;
;  SRAM_ADDR[6]  ; CLOCK_50   ; 4.234 ; 4.234 ; Rise       ; CLOCK_50        ;
;  SRAM_ADDR[7]  ; CLOCK_50   ; 3.809 ; 3.809 ; Rise       ; CLOCK_50        ;
;  SRAM_ADDR[8]  ; CLOCK_50   ; 3.776 ; 3.776 ; Rise       ; CLOCK_50        ;
;  SRAM_ADDR[9]  ; CLOCK_50   ; 3.787 ; 3.787 ; Rise       ; CLOCK_50        ;
;  SRAM_ADDR[10] ; CLOCK_50   ; 3.777 ; 3.777 ; Rise       ; CLOCK_50        ;
;  SRAM_ADDR[11] ; CLOCK_50   ; 3.787 ; 3.787 ; Rise       ; CLOCK_50        ;
;  SRAM_ADDR[12] ; CLOCK_50   ; 3.680 ; 3.680 ; Rise       ; CLOCK_50        ;
;  SRAM_ADDR[13] ; CLOCK_50   ; 3.730 ; 3.730 ; Rise       ; CLOCK_50        ;
;  SRAM_ADDR[14] ; CLOCK_50   ; 3.662 ; 3.662 ; Rise       ; CLOCK_50        ;
;  SRAM_ADDR[15] ; CLOCK_50   ; 3.660 ; 3.660 ; Rise       ; CLOCK_50        ;
;  SRAM_ADDR[16] ; CLOCK_50   ; 3.703 ; 3.703 ; Rise       ; CLOCK_50        ;
;  SRAM_ADDR[17] ; CLOCK_50   ; 3.776 ; 3.776 ; Rise       ; CLOCK_50        ;
; SRAM_DQ[*]     ; CLOCK_50   ; 3.794 ; 3.794 ; Rise       ; CLOCK_50        ;
;  SRAM_DQ[0]    ; CLOCK_50   ; 4.274 ; 4.274 ; Rise       ; CLOCK_50        ;
;  SRAM_DQ[1]    ; CLOCK_50   ; 4.281 ; 4.281 ; Rise       ; CLOCK_50        ;
;  SRAM_DQ[2]    ; CLOCK_50   ; 3.983 ; 3.983 ; Rise       ; CLOCK_50        ;
;  SRAM_DQ[3]    ; CLOCK_50   ; 4.266 ; 4.266 ; Rise       ; CLOCK_50        ;
;  SRAM_DQ[4]    ; CLOCK_50   ; 4.144 ; 4.144 ; Rise       ; CLOCK_50        ;
;  SRAM_DQ[5]    ; CLOCK_50   ; 3.803 ; 3.803 ; Rise       ; CLOCK_50        ;
;  SRAM_DQ[6]    ; CLOCK_50   ; 3.794 ; 3.794 ; Rise       ; CLOCK_50        ;
;  SRAM_DQ[7]    ; CLOCK_50   ; 3.923 ; 3.923 ; Rise       ; CLOCK_50        ;
;  SRAM_DQ[8]    ; CLOCK_50   ; 4.267 ; 4.267 ; Rise       ; CLOCK_50        ;
;  SRAM_DQ[9]    ; CLOCK_50   ; 4.238 ; 4.238 ; Rise       ; CLOCK_50        ;
;  SRAM_DQ[10]   ; CLOCK_50   ; 4.035 ; 4.035 ; Rise       ; CLOCK_50        ;
;  SRAM_DQ[11]   ; CLOCK_50   ; 4.254 ; 4.254 ; Rise       ; CLOCK_50        ;
;  SRAM_DQ[12]   ; CLOCK_50   ; 4.257 ; 4.257 ; Rise       ; CLOCK_50        ;
;  SRAM_DQ[13]   ; CLOCK_50   ; 4.040 ; 4.040 ; Rise       ; CLOCK_50        ;
;  SRAM_DQ[14]   ; CLOCK_50   ; 4.016 ; 4.016 ; Rise       ; CLOCK_50        ;
;  SRAM_DQ[15]   ; CLOCK_50   ; 4.035 ; 4.035 ; Rise       ; CLOCK_50        ;
; SRAM_WE_N      ; CLOCK_50   ; 4.412 ; 4.412 ; Rise       ; CLOCK_50        ;
; UART_TXD       ; CLOCK_50   ; 4.661 ; 4.661 ; Rise       ; CLOCK_50        ;
; rx_valid_led   ; CLOCK_50   ; 4.813 ; 4.813 ; Rise       ; CLOCK_50        ;
; state_led[*]   ; CLOCK_50   ; 4.475 ; 4.475 ; Rise       ; CLOCK_50        ;
;  state_led[0]  ; CLOCK_50   ; 4.510 ; 4.510 ; Rise       ; CLOCK_50        ;
;  state_led[1]  ; CLOCK_50   ; 4.475 ; 4.475 ; Rise       ; CLOCK_50        ;
; tx_busy_led    ; CLOCK_50   ; 4.291 ; 4.291 ; Rise       ; CLOCK_50        ;
+----------------+------------+-------+-------+------------+-----------------+


+-------------------------------------------------------------------+
; Setup Transfers                                                   ;
+------------+----------+----------+----------+----------+----------+
; From Clock ; To Clock ; RR Paths ; FR Paths ; RF Paths ; FF Paths ;
+------------+----------+----------+----------+----------+----------+
; CLOCK_50   ; CLOCK_50 ; 8134     ; 0        ; 0        ; 0        ;
+------------+----------+----------+----------+----------+----------+
Entries labeled "false path" only account for clock-to-clock false paths and not path-based false paths. As a result, actual path counts may be lower than reported.


+-------------------------------------------------------------------+
; Hold Transfers                                                    ;
+------------+----------+----------+----------+----------+----------+
; From Clock ; To Clock ; RR Paths ; FR Paths ; RF Paths ; FF Paths ;
+------------+----------+----------+----------+----------+----------+
; CLOCK_50   ; CLOCK_50 ; 8134     ; 0        ; 0        ; 0        ;
+------------+----------+----------+----------+----------+----------+
Entries labeled "false path" only account for clock-to-clock false paths and not path-based false paths. As a result, actual path counts may be lower than reported.


---------------
; Report TCCS ;
---------------
No dedicated SERDES Transmitter circuitry present in device or used in design


---------------
; Report RSKM ;
---------------
No dedicated SERDES Receiver circuitry present in device or used in design


+------------------------------------------------+
; Unconstrained Paths                            ;
+---------------------------------+-------+------+
; Property                        ; Setup ; Hold ;
+---------------------------------+-------+------+
; Illegal Clocks                  ; 0     ; 0    ;
; Unconstrained Clocks            ; 0     ; 0    ;
; Unconstrained Input Ports       ; 2     ; 2    ;
; Unconstrained Input Port Paths  ; 276   ; 276  ;
; Unconstrained Output Ports      ; 101   ; 101  ;
; Unconstrained Output Port Paths ; 276   ; 276  ;
+---------------------------------+-------+------+


+------------------------------------+
; TimeQuest Timing Analyzer Messages ;
+------------------------------------+
Info: *******************************************************************
Info: Running Quartus II 64-Bit TimeQuest Timing Analyzer
    Info: Version 13.0.1 Build 232 06/12/2013 Service Pack 1 SJ Web Edition
    Info: Processing started: Fri May 22 11:47:52 2026
Info: Command: quartus_sta UART_SRAM -c UART_SRAM
Info: qsta_default_script.tcl version: #1
Warning (20028): Parallel compilation is not licensed and has been disabled
Info (21077): Low junction temperature is 0 degrees C
Info (21077): High junction temperature is 85 degrees C
Info (332104): Reading SDC File: 'UART_SRAM.sdc'
Warning (332153): Family doesn't support jitter analysis.
Info: Found TIMEQUEST_REPORT_SCRIPT_INCLUDE_DEFAULT_ANALYSIS = ON
Info: Analyzing Slow Model
Info (332146): Worst-case setup slack is 12.187
    Info (332119):     Slack End Point TNS Clock 
    Info (332119): ========= ============= =====================
    Info (332119):    12.187         0.000 CLOCK_50 
Info (332146): Worst-case hold slack is 0.391
    Info (332119):     Slack End Point TNS Clock 
    Info (332119): ========= ============= =====================
    Info (332119):     0.391         0.000 CLOCK_50 
Info (332140): No Recovery paths to report
Info (332140): No Removal paths to report
Info (332146): Worst-case minimum pulse width slack is 7.873
    Info (332119):     Slack End Point TNS Clock 
    Info (332119): ========= ============= =====================
    Info (332119):     7.873         0.000 CLOCK_50 
Info (332001): The selected device family is not supported by the report_metastability command.
Info: Analyzing Fast Model
Info (332146): Worst-case setup slack is 15.832
    Info (332119):     Slack End Point TNS Clock 
    Info (332119): ========= ============= =====================
    Info (332119):    15.832         0.000 CLOCK_50 
Info (332146): Worst-case hold slack is 0.215
    Info (332119):     Slack End Point TNS Clock 
    Info (332119): ========= ============= =====================
    Info (332119):     0.215         0.000 CLOCK_50 
Info (332140): No Recovery paths to report
Info (332140): No Removal paths to report
Info (332146): Worst-case minimum pulse width slack is 7.873
    Info (332119):     Slack End Point TNS Clock 
    Info (332119): ========= ============= =====================
    Info (332119):     7.873         0.000 CLOCK_50 
Info (332001): The selected device family is not supported by the report_metastability command.
Info (332102): Design is not fully constrained for setup requirements
Info (332102): Design is not fully constrained for hold requirements
Info: Quartus II 64-Bit TimeQuest Timing Analyzer was successful. 0 errors, 2 warnings
    Info: Peak virtual memory: 4555 megabytes
    Info: Processing ended: Fri May 22 11:47:53 2026
    Info: Elapsed time: 00:00:01
    Info: Total CPU time (on all processors): 00:00:01


