TimeQuest Timing Analyzer report for UART_SRAM
Fri May 22 09:41:27 2026
Quartus II 64-Bit Version 13.0.1 Build 232 06/12/2013 Service Pack 1 SJ Web Edition


---------------------
; Table of Contents ;
---------------------
  1. Legal Notice
  2. TimeQuest Timing Analyzer Summary
  3. Parallel Compilation
  4. Clocks
  5. Slow Model Fmax Summary
  6. Slow Model Setup Summary
  7. Slow Model Hold Summary
  8. Slow Model Recovery Summary
  9. Slow Model Removal Summary
 10. Slow Model Minimum Pulse Width Summary
 11. Slow Model Setup: 'CLOCK_50'
 12. Slow Model Setup: 'uart_controller:uart_ctrl_inst|baud_rate_gen:brg_inst|ov_tick'
 13. Slow Model Setup: 'uart_controller:uart_ctrl_inst|baud_rate_gen:brg_inst|uart_tick'
 14. Slow Model Hold: 'CLOCK_50'
 15. Slow Model Hold: 'uart_controller:uart_ctrl_inst|baud_rate_gen:brg_inst|ov_tick'
 16. Slow Model Hold: 'uart_controller:uart_ctrl_inst|baud_rate_gen:brg_inst|uart_tick'
 17. Slow Model Recovery: 'uart_controller:uart_ctrl_inst|baud_rate_gen:brg_inst|ov_tick'
 18. Slow Model Removal: 'uart_controller:uart_ctrl_inst|baud_rate_gen:brg_inst|ov_tick'
 19. Slow Model Minimum Pulse Width: 'CLOCK_50'
 20. Slow Model Minimum Pulse Width: 'uart_controller:uart_ctrl_inst|baud_rate_gen:brg_inst|ov_tick'
 21. Slow Model Minimum Pulse Width: 'uart_controller:uart_ctrl_inst|baud_rate_gen:brg_inst|uart_tick'
 22. Setup Times
 23. Hold Times
 24. Clock to Output Times
 25. Minimum Clock to Output Times
 26. Output Enable Times
 27. Minimum Output Enable Times
 28. Output Disable Times
 29. Minimum Output Disable Times
 30. Fast Model Setup Summary
 31. Fast Model Hold Summary
 32. Fast Model Recovery Summary
 33. Fast Model Removal Summary
 34. Fast Model Minimum Pulse Width Summary
 35. Fast Model Setup: 'CLOCK_50'
 36. Fast Model Setup: 'uart_controller:uart_ctrl_inst|baud_rate_gen:brg_inst|ov_tick'
 37. Fast Model Setup: 'uart_controller:uart_ctrl_inst|baud_rate_gen:brg_inst|uart_tick'
 38. Fast Model Hold: 'CLOCK_50'
 39. Fast Model Hold: 'uart_controller:uart_ctrl_inst|baud_rate_gen:brg_inst|ov_tick'
 40. Fast Model Hold: 'uart_controller:uart_ctrl_inst|baud_rate_gen:brg_inst|uart_tick'
 41. Fast Model Recovery: 'uart_controller:uart_ctrl_inst|baud_rate_gen:brg_inst|ov_tick'
 42. Fast Model Removal: 'uart_controller:uart_ctrl_inst|baud_rate_gen:brg_inst|ov_tick'
 43. Fast Model Minimum Pulse Width: 'CLOCK_50'
 44. Fast Model Minimum Pulse Width: 'uart_controller:uart_ctrl_inst|baud_rate_gen:brg_inst|ov_tick'
 45. Fast Model Minimum Pulse Width: 'uart_controller:uart_ctrl_inst|baud_rate_gen:brg_inst|uart_tick'
 46. Setup Times
 47. Hold Times
 48. Clock to Output Times
 49. Minimum Clock to Output Times
 50. Output Enable Times
 51. Minimum Output Enable Times
 52. Output Disable Times
 53. Minimum Output Disable Times
 54. Multicorner Timing Analysis Summary
 55. Setup Times
 56. Hold Times
 57. Clock to Output Times
 58. Minimum Clock to Output Times
 59. Setup Transfers
 60. Hold Transfers
 61. Recovery Transfers
 62. Removal Transfers
 63. Report TCCS
 64. Report RSKM
 65. Unconstrained Paths
 66. TimeQuest Timing Analyzer Messages



----------------
; Legal Notice ;
----------------
Copyright (C) 1991-2013 Altera Corporation
Your use of Altera Corporation's design tools, logic functions 
and other software and tools, and its AMPP partner logic 
functions, and any output files from any of the foregoing 
(including device programming or simulation files), and any 
associated documentation or information are expressly subject 
to the terms and conditions of the Altera Program License 
Subscription Agreement, Altera MegaCore Function License 
Agreement, or other applicable license agreement, including, 
without limitation, that your use is for the sole purpose of 
programming logic devices manufactured by Altera and sold by 
Altera or its authorized distributors.  Please refer to the 
applicable agreement for further details.



+----------------------------------------------------------------------------------------+
; TimeQuest Timing Analyzer Summary                                                      ;
+--------------------+-------------------------------------------------------------------+
; Quartus II Version ; Version 13.0.1 Build 232 06/12/2013 Service Pack 1 SJ Web Edition ;
; Revision Name      ; UART_SRAM                                                         ;
; Device Family      ; Cyclone II                                                        ;
; Device Name        ; EP2C35F672C6                                                      ;
; Timing Models      ; Final                                                             ;
; Delay Model        ; Combined                                                          ;
; Rise/Fall Delays   ; Unavailable                                                       ;
+--------------------+-------------------------------------------------------------------+


Parallel compilation was disabled, but you have multiple processors available. Enable parallel compilation to reduce compilation time.
+-------------------------------------+
; Parallel Compilation                ;
+----------------------------+--------+
; Processors                 ; Number ;
+----------------------------+--------+
; Number detected on machine ; 8      ;
; Maximum allowed            ; 1      ;
+----------------------------+--------+


+--------------------------------------------------------------------------------------------------------------------------------------------------------------------------------------------------------------------------------------------------------------------------------------------------+
; Clocks                                                                                                                                                                                                                                                                                           ;
+-----------------------------------------------------------------+------+--------+------------+-------+-------+------------+-----------+-------------+-------+--------+-----------+------------+----------+--------+--------+---------------------------------------------------------------------+
; Clock Name                                                      ; Type ; Period ; Frequency  ; Rise  ; Fall  ; Duty Cycle ; Divide by ; Multiply by ; Phase ; Offset ; Edge List ; Edge Shift ; Inverted ; Master ; Source ; Targets                                                             ;
+-----------------------------------------------------------------+------+--------+------------+-------+-------+------------+-----------+-------------+-------+--------+-----------+------------+----------+--------+--------+---------------------------------------------------------------------+
; CLOCK_50                                                        ; Base ; 1.000  ; 1000.0 MHz ; 0.000 ; 0.500 ;            ;           ;             ;       ;        ;           ;            ;          ;        ;        ; { CLOCK_50 }                                                        ;
; uart_controller:uart_ctrl_inst|baud_rate_gen:brg_inst|ov_tick   ; Base ; 1.000  ; 1000.0 MHz ; 0.000 ; 0.500 ;            ;           ;             ;       ;        ;           ;            ;          ;        ;        ; { uart_controller:uart_ctrl_inst|baud_rate_gen:brg_inst|ov_tick }   ;
; uart_controller:uart_ctrl_inst|baud_rate_gen:brg_inst|uart_tick ; Base ; 1.000  ; 1000.0 MHz ; 0.000 ; 0.500 ;            ;           ;             ;       ;        ;           ;            ;          ;        ;        ; { uart_controller:uart_ctrl_inst|baud_rate_gen:brg_inst|uart_tick } ;
+-----------------------------------------------------------------+------+--------+------------+-------+-------+------------+-----------+-------------+-------+--------+-----------+------------+----------+--------+--------+---------------------------------------------------------------------+


+-------------------------------------------------------------------------------------------------------+
; Slow Model Fmax Summary                                                                               ;
+------------+-----------------+-----------------------------------------------------------------+------+
; Fmax       ; Restricted Fmax ; Clock Name                                                      ; Note ;
+------------+-----------------+-----------------------------------------------------------------+------+
; 194.02 MHz ; 194.02 MHz      ; CLOCK_50                                                        ;      ;
; 316.96 MHz ; 316.96 MHz      ; uart_controller:uart_ctrl_inst|baud_rate_gen:brg_inst|ov_tick   ;      ;
; 464.9 MHz  ; 464.9 MHz       ; uart_controller:uart_ctrl_inst|baud_rate_gen:brg_inst|uart_tick ;      ;
+------------+-----------------+-----------------------------------------------------------------+------+
This panel reports FMAX for every clock in the design, regardless of the user-specified clock periods.  FMAX is only computed for paths where the source and destination registers or ports are driven by the same clock.  Paths of different clocks, including generated clocks, are ignored.  For paths between a clock and its inversion, FMAX is computed as if the rising and falling edges are scaled along with FMAX, such that the duty cycle (in terms of a percentage) is maintained. Altera recommends that you always use clock constraints and other slack reports for sign-off analysis.


+------------------------------------------------------------------------------------------+
; Slow Model Setup Summary                                                                 ;
+-----------------------------------------------------------------+--------+---------------+
; Clock                                                           ; Slack  ; End Point TNS ;
+-----------------------------------------------------------------+--------+---------------+
; CLOCK_50                                                        ; -4.154 ; -421.167      ;
; uart_controller:uart_ctrl_inst|baud_rate_gen:brg_inst|ov_tick   ; -2.155 ; -60.806       ;
; uart_controller:uart_ctrl_inst|baud_rate_gen:brg_inst|uart_tick ; -1.151 ; -10.276       ;
+-----------------------------------------------------------------+--------+---------------+


+-----------------------------------------------------------------------------------------+
; Slow Model Hold Summary                                                                 ;
+-----------------------------------------------------------------+-------+---------------+
; Clock                                                           ; Slack ; End Point TNS ;
+-----------------------------------------------------------------+-------+---------------+
; CLOCK_50                                                        ; 0.278 ; 0.000         ;
; uart_controller:uart_ctrl_inst|baud_rate_gen:brg_inst|ov_tick   ; 0.391 ; 0.000         ;
; uart_controller:uart_ctrl_inst|baud_rate_gen:brg_inst|uart_tick ; 0.391 ; 0.000         ;
+-----------------------------------------------------------------+-------+---------------+


+----------------------------------------------------------------------------------------+
; Slow Model Recovery Summary                                                            ;
+---------------------------------------------------------------+--------+---------------+
; Clock                                                         ; Slack  ; End Point TNS ;
+---------------------------------------------------------------+--------+---------------+
; uart_controller:uart_ctrl_inst|baud_rate_gen:brg_inst|ov_tick ; -1.224 ; -11.016       ;
+---------------------------------------------------------------+--------+---------------+


+---------------------------------------------------------------------------------------+
; Slow Model Removal Summary                                                            ;
+---------------------------------------------------------------+-------+---------------+
; Clock                                                         ; Slack ; End Point TNS ;
+---------------------------------------------------------------+-------+---------------+
; uart_controller:uart_ctrl_inst|baud_rate_gen:brg_inst|ov_tick ; 1.994 ; 0.000         ;
+---------------------------------------------------------------+-------+---------------+


+------------------------------------------------------------------------------------------+
; Slow Model Minimum Pulse Width Summary                                                   ;
+-----------------------------------------------------------------+--------+---------------+
; Clock                                                           ; Slack  ; End Point TNS ;
+-----------------------------------------------------------------+--------+---------------+
; CLOCK_50                                                        ; -1.627 ; -305.762      ;
; uart_controller:uart_ctrl_inst|baud_rate_gen:brg_inst|ov_tick   ; -0.500 ; -38.000       ;
; uart_controller:uart_ctrl_inst|baud_rate_gen:brg_inst|uart_tick ; -0.500 ; -14.000       ;
+-----------------------------------------------------------------+--------+---------------+


+--------------------------------------------------------------------------------------------------------------------------------------------------------------------------------------------------------------------------------------------------------+
; Slow Model Setup: 'CLOCK_50'                                                                                                                                                                                                                           ;
+--------+-----------------------------------------------------------------------------------------------------------------------+-------------------------------------------------+--------------+-------------+--------------+------------+------------+
; Slack  ; From Node                                                                                                             ; To Node                                         ; Launch Clock ; Latch Clock ; Relationship ; Clock Skew ; Data Delay ;
+--------+-----------------------------------------------------------------------------------------------------------------------+-------------------------------------------------+--------------+-------------+--------------+------------+------------+
; -4.154 ; uart_rx_packet_new:packet_inst|altsyncram:buffer_rtl_0|altsyncram_09c1:auto_generated|ram_block1a0~portb_address_reg0 ; sram_packet_writer:sram_writer_inst|w_data[12]  ; CLOCK_50     ; CLOCK_50    ; 1.000        ; -0.086     ; 5.104      ;
; -4.154 ; uart_rx_packet_new:packet_inst|altsyncram:buffer_rtl_0|altsyncram_09c1:auto_generated|ram_block1a0~portb_address_reg1 ; sram_packet_writer:sram_writer_inst|w_data[12]  ; CLOCK_50     ; CLOCK_50    ; 1.000        ; -0.086     ; 5.104      ;
; -4.154 ; uart_rx_packet_new:packet_inst|altsyncram:buffer_rtl_0|altsyncram_09c1:auto_generated|ram_block1a0~portb_address_reg2 ; sram_packet_writer:sram_writer_inst|w_data[12]  ; CLOCK_50     ; CLOCK_50    ; 1.000        ; -0.086     ; 5.104      ;
; -4.154 ; uart_rx_packet_new:packet_inst|altsyncram:buffer_rtl_0|altsyncram_09c1:auto_generated|ram_block1a0~portb_address_reg3 ; sram_packet_writer:sram_writer_inst|w_data[12]  ; CLOCK_50     ; CLOCK_50    ; 1.000        ; -0.086     ; 5.104      ;
; -4.154 ; uart_rx_packet_new:packet_inst|altsyncram:buffer_rtl_0|altsyncram_09c1:auto_generated|ram_block1a0~portb_address_reg4 ; sram_packet_writer:sram_writer_inst|w_data[12]  ; CLOCK_50     ; CLOCK_50    ; 1.000        ; -0.086     ; 5.104      ;
; -4.154 ; uart_rx_packet_new:packet_inst|altsyncram:buffer_rtl_0|altsyncram_09c1:auto_generated|ram_block1a0~portb_address_reg5 ; sram_packet_writer:sram_writer_inst|w_data[12]  ; CLOCK_50     ; CLOCK_50    ; 1.000        ; -0.086     ; 5.104      ;
; -4.154 ; uart_rx_packet_new:packet_inst|altsyncram:buffer_rtl_0|altsyncram_09c1:auto_generated|ram_block1a0~portb_address_reg6 ; sram_packet_writer:sram_writer_inst|w_data[12]  ; CLOCK_50     ; CLOCK_50    ; 1.000        ; -0.086     ; 5.104      ;
; -4.154 ; uart_rx_packet_new:packet_inst|altsyncram:buffer_rtl_0|altsyncram_09c1:auto_generated|ram_block1a0~portb_address_reg7 ; sram_packet_writer:sram_writer_inst|w_data[12]  ; CLOCK_50     ; CLOCK_50    ; 1.000        ; -0.086     ; 5.104      ;
; -4.083 ; uart_rx_packet_new:packet_inst|timeout_cnt[2]                                                                         ; uart_rx_packet_new:packet_inst|state.RECOVERY   ; CLOCK_50     ; CLOCK_50    ; 1.000        ; 0.004      ; 5.123      ;
; -4.083 ; uart_rx_packet_new:packet_inst|timeout_cnt[2]                                                                         ; uart_rx_packet_new:packet_inst|state.ACK        ; CLOCK_50     ; CLOCK_50    ; 1.000        ; 0.004      ; 5.123      ;
; -4.070 ; uart_rx_packet_new:packet_inst|timeout_cnt[0]                                                                         ; uart_rx_packet_new:packet_inst|state.RECOVERY   ; CLOCK_50     ; CLOCK_50    ; 1.000        ; 0.004      ; 5.110      ;
; -4.070 ; uart_rx_packet_new:packet_inst|timeout_cnt[0]                                                                         ; uart_rx_packet_new:packet_inst|state.ACK        ; CLOCK_50     ; CLOCK_50    ; 1.000        ; 0.004      ; 5.110      ;
; -4.055 ; uart_rx_packet_new:packet_inst|altsyncram:buffer_rtl_0|altsyncram_09c1:auto_generated|ram_block1a0~portb_address_reg0 ; sram_packet_writer:sram_writer_inst|data_low[7] ; CLOCK_50     ; CLOCK_50    ; 1.000        ; -0.086     ; 5.005      ;
; -4.055 ; uart_rx_packet_new:packet_inst|altsyncram:buffer_rtl_0|altsyncram_09c1:auto_generated|ram_block1a0~portb_address_reg1 ; sram_packet_writer:sram_writer_inst|data_low[7] ; CLOCK_50     ; CLOCK_50    ; 1.000        ; -0.086     ; 5.005      ;
; -4.055 ; uart_rx_packet_new:packet_inst|altsyncram:buffer_rtl_0|altsyncram_09c1:auto_generated|ram_block1a0~portb_address_reg2 ; sram_packet_writer:sram_writer_inst|data_low[7] ; CLOCK_50     ; CLOCK_50    ; 1.000        ; -0.086     ; 5.005      ;
; -4.055 ; uart_rx_packet_new:packet_inst|altsyncram:buffer_rtl_0|altsyncram_09c1:auto_generated|ram_block1a0~portb_address_reg3 ; sram_packet_writer:sram_writer_inst|data_low[7] ; CLOCK_50     ; CLOCK_50    ; 1.000        ; -0.086     ; 5.005      ;
; -4.055 ; uart_rx_packet_new:packet_inst|altsyncram:buffer_rtl_0|altsyncram_09c1:auto_generated|ram_block1a0~portb_address_reg4 ; sram_packet_writer:sram_writer_inst|data_low[7] ; CLOCK_50     ; CLOCK_50    ; 1.000        ; -0.086     ; 5.005      ;
; -4.055 ; uart_rx_packet_new:packet_inst|altsyncram:buffer_rtl_0|altsyncram_09c1:auto_generated|ram_block1a0~portb_address_reg5 ; sram_packet_writer:sram_writer_inst|data_low[7] ; CLOCK_50     ; CLOCK_50    ; 1.000        ; -0.086     ; 5.005      ;
; -4.055 ; uart_rx_packet_new:packet_inst|altsyncram:buffer_rtl_0|altsyncram_09c1:auto_generated|ram_block1a0~portb_address_reg6 ; sram_packet_writer:sram_writer_inst|data_low[7] ; CLOCK_50     ; CLOCK_50    ; 1.000        ; -0.086     ; 5.005      ;
; -4.055 ; uart_rx_packet_new:packet_inst|altsyncram:buffer_rtl_0|altsyncram_09c1:auto_generated|ram_block1a0~portb_address_reg7 ; sram_packet_writer:sram_writer_inst|data_low[7] ; CLOCK_50     ; CLOCK_50    ; 1.000        ; -0.086     ; 5.005      ;
; -4.046 ; uart_rx_packet_new:packet_inst|altsyncram:buffer_rtl_0|altsyncram_09c1:auto_generated|ram_block1a0~portb_address_reg0 ; sram_packet_writer:sram_writer_inst|data_low[1] ; CLOCK_50     ; CLOCK_50    ; 1.000        ; -0.086     ; 4.996      ;
; -4.046 ; uart_rx_packet_new:packet_inst|altsyncram:buffer_rtl_0|altsyncram_09c1:auto_generated|ram_block1a0~portb_address_reg1 ; sram_packet_writer:sram_writer_inst|data_low[1] ; CLOCK_50     ; CLOCK_50    ; 1.000        ; -0.086     ; 4.996      ;
; -4.046 ; uart_rx_packet_new:packet_inst|altsyncram:buffer_rtl_0|altsyncram_09c1:auto_generated|ram_block1a0~portb_address_reg2 ; sram_packet_writer:sram_writer_inst|data_low[1] ; CLOCK_50     ; CLOCK_50    ; 1.000        ; -0.086     ; 4.996      ;
; -4.046 ; uart_rx_packet_new:packet_inst|altsyncram:buffer_rtl_0|altsyncram_09c1:auto_generated|ram_block1a0~portb_address_reg3 ; sram_packet_writer:sram_writer_inst|data_low[1] ; CLOCK_50     ; CLOCK_50    ; 1.000        ; -0.086     ; 4.996      ;
; -4.046 ; uart_rx_packet_new:packet_inst|altsyncram:buffer_rtl_0|altsyncram_09c1:auto_generated|ram_block1a0~portb_address_reg4 ; sram_packet_writer:sram_writer_inst|data_low[1] ; CLOCK_50     ; CLOCK_50    ; 1.000        ; -0.086     ; 4.996      ;
; -4.046 ; uart_rx_packet_new:packet_inst|altsyncram:buffer_rtl_0|altsyncram_09c1:auto_generated|ram_block1a0~portb_address_reg5 ; sram_packet_writer:sram_writer_inst|data_low[1] ; CLOCK_50     ; CLOCK_50    ; 1.000        ; -0.086     ; 4.996      ;
; -4.046 ; uart_rx_packet_new:packet_inst|altsyncram:buffer_rtl_0|altsyncram_09c1:auto_generated|ram_block1a0~portb_address_reg6 ; sram_packet_writer:sram_writer_inst|data_low[1] ; CLOCK_50     ; CLOCK_50    ; 1.000        ; -0.086     ; 4.996      ;
; -4.046 ; uart_rx_packet_new:packet_inst|altsyncram:buffer_rtl_0|altsyncram_09c1:auto_generated|ram_block1a0~portb_address_reg7 ; sram_packet_writer:sram_writer_inst|data_low[1] ; CLOCK_50     ; CLOCK_50    ; 1.000        ; -0.086     ; 4.996      ;
; -4.030 ; uart_rx_packet_new:packet_inst|timeout_cnt[3]                                                                         ; uart_rx_packet_new:packet_inst|state.RECOVERY   ; CLOCK_50     ; CLOCK_50    ; 1.000        ; 0.004      ; 5.070      ;
; -4.030 ; uart_rx_packet_new:packet_inst|timeout_cnt[3]                                                                         ; uart_rx_packet_new:packet_inst|state.ACK        ; CLOCK_50     ; CLOCK_50    ; 1.000        ; 0.004      ; 5.070      ;
; -4.027 ; uart_rx_packet_new:packet_inst|altsyncram:buffer_rtl_0|altsyncram_09c1:auto_generated|ram_block1a0~portb_address_reg0 ; sram_packet_writer:sram_writer_inst|data_low[2] ; CLOCK_50     ; CLOCK_50    ; 1.000        ; -0.086     ; 4.977      ;
; -4.027 ; uart_rx_packet_new:packet_inst|altsyncram:buffer_rtl_0|altsyncram_09c1:auto_generated|ram_block1a0~portb_address_reg1 ; sram_packet_writer:sram_writer_inst|data_low[2] ; CLOCK_50     ; CLOCK_50    ; 1.000        ; -0.086     ; 4.977      ;
; -4.027 ; uart_rx_packet_new:packet_inst|altsyncram:buffer_rtl_0|altsyncram_09c1:auto_generated|ram_block1a0~portb_address_reg2 ; sram_packet_writer:sram_writer_inst|data_low[2] ; CLOCK_50     ; CLOCK_50    ; 1.000        ; -0.086     ; 4.977      ;
; -4.027 ; uart_rx_packet_new:packet_inst|altsyncram:buffer_rtl_0|altsyncram_09c1:auto_generated|ram_block1a0~portb_address_reg3 ; sram_packet_writer:sram_writer_inst|data_low[2] ; CLOCK_50     ; CLOCK_50    ; 1.000        ; -0.086     ; 4.977      ;
; -4.027 ; uart_rx_packet_new:packet_inst|altsyncram:buffer_rtl_0|altsyncram_09c1:auto_generated|ram_block1a0~portb_address_reg4 ; sram_packet_writer:sram_writer_inst|data_low[2] ; CLOCK_50     ; CLOCK_50    ; 1.000        ; -0.086     ; 4.977      ;
; -4.027 ; uart_rx_packet_new:packet_inst|altsyncram:buffer_rtl_0|altsyncram_09c1:auto_generated|ram_block1a0~portb_address_reg5 ; sram_packet_writer:sram_writer_inst|data_low[2] ; CLOCK_50     ; CLOCK_50    ; 1.000        ; -0.086     ; 4.977      ;
; -4.027 ; uart_rx_packet_new:packet_inst|altsyncram:buffer_rtl_0|altsyncram_09c1:auto_generated|ram_block1a0~portb_address_reg6 ; sram_packet_writer:sram_writer_inst|data_low[2] ; CLOCK_50     ; CLOCK_50    ; 1.000        ; -0.086     ; 4.977      ;
; -4.027 ; uart_rx_packet_new:packet_inst|altsyncram:buffer_rtl_0|altsyncram_09c1:auto_generated|ram_block1a0~portb_address_reg7 ; sram_packet_writer:sram_writer_inst|data_low[2] ; CLOCK_50     ; CLOCK_50    ; 1.000        ; -0.086     ; 4.977      ;
; -3.985 ; uart_rx_packet_new:packet_inst|altsyncram:buffer_rtl_0|altsyncram_09c1:auto_generated|ram_block1a0~portb_address_reg0 ; sram_packet_writer:sram_writer_inst|data_low[0] ; CLOCK_50     ; CLOCK_50    ; 1.000        ; -0.086     ; 4.935      ;
; -3.985 ; uart_rx_packet_new:packet_inst|altsyncram:buffer_rtl_0|altsyncram_09c1:auto_generated|ram_block1a0~portb_address_reg1 ; sram_packet_writer:sram_writer_inst|data_low[0] ; CLOCK_50     ; CLOCK_50    ; 1.000        ; -0.086     ; 4.935      ;
; -3.985 ; uart_rx_packet_new:packet_inst|altsyncram:buffer_rtl_0|altsyncram_09c1:auto_generated|ram_block1a0~portb_address_reg2 ; sram_packet_writer:sram_writer_inst|data_low[0] ; CLOCK_50     ; CLOCK_50    ; 1.000        ; -0.086     ; 4.935      ;
; -3.985 ; uart_rx_packet_new:packet_inst|altsyncram:buffer_rtl_0|altsyncram_09c1:auto_generated|ram_block1a0~portb_address_reg3 ; sram_packet_writer:sram_writer_inst|data_low[0] ; CLOCK_50     ; CLOCK_50    ; 1.000        ; -0.086     ; 4.935      ;
; -3.985 ; uart_rx_packet_new:packet_inst|altsyncram:buffer_rtl_0|altsyncram_09c1:auto_generated|ram_block1a0~portb_address_reg4 ; sram_packet_writer:sram_writer_inst|data_low[0] ; CLOCK_50     ; CLOCK_50    ; 1.000        ; -0.086     ; 4.935      ;
; -3.985 ; uart_rx_packet_new:packet_inst|altsyncram:buffer_rtl_0|altsyncram_09c1:auto_generated|ram_block1a0~portb_address_reg5 ; sram_packet_writer:sram_writer_inst|data_low[0] ; CLOCK_50     ; CLOCK_50    ; 1.000        ; -0.086     ; 4.935      ;
; -3.985 ; uart_rx_packet_new:packet_inst|altsyncram:buffer_rtl_0|altsyncram_09c1:auto_generated|ram_block1a0~portb_address_reg6 ; sram_packet_writer:sram_writer_inst|data_low[0] ; CLOCK_50     ; CLOCK_50    ; 1.000        ; -0.086     ; 4.935      ;
; -3.985 ; uart_rx_packet_new:packet_inst|altsyncram:buffer_rtl_0|altsyncram_09c1:auto_generated|ram_block1a0~portb_address_reg7 ; sram_packet_writer:sram_writer_inst|data_low[0] ; CLOCK_50     ; CLOCK_50    ; 1.000        ; -0.086     ; 4.935      ;
; -3.893 ; uart_rx_packet_new:packet_inst|timeout_cnt[5]                                                                         ; uart_rx_packet_new:packet_inst|state.RECOVERY   ; CLOCK_50     ; CLOCK_50    ; 1.000        ; 0.004      ; 4.933      ;
; -3.893 ; uart_rx_packet_new:packet_inst|timeout_cnt[5]                                                                         ; uart_rx_packet_new:packet_inst|state.ACK        ; CLOCK_50     ; CLOCK_50    ; 1.000        ; 0.004      ; 4.933      ;
; -3.853 ; uart_rx_packet_new:packet_inst|altsyncram:buffer_rtl_0|altsyncram_09c1:auto_generated|ram_block1a0~portb_address_reg0 ; sram_packet_writer:sram_writer_inst|w_data[11]  ; CLOCK_50     ; CLOCK_50    ; 1.000        ; -0.083     ; 4.806      ;
; -3.853 ; uart_rx_packet_new:packet_inst|altsyncram:buffer_rtl_0|altsyncram_09c1:auto_generated|ram_block1a0~portb_address_reg1 ; sram_packet_writer:sram_writer_inst|w_data[11]  ; CLOCK_50     ; CLOCK_50    ; 1.000        ; -0.083     ; 4.806      ;
; -3.853 ; uart_rx_packet_new:packet_inst|altsyncram:buffer_rtl_0|altsyncram_09c1:auto_generated|ram_block1a0~portb_address_reg2 ; sram_packet_writer:sram_writer_inst|w_data[11]  ; CLOCK_50     ; CLOCK_50    ; 1.000        ; -0.083     ; 4.806      ;
; -3.853 ; uart_rx_packet_new:packet_inst|altsyncram:buffer_rtl_0|altsyncram_09c1:auto_generated|ram_block1a0~portb_address_reg3 ; sram_packet_writer:sram_writer_inst|w_data[11]  ; CLOCK_50     ; CLOCK_50    ; 1.000        ; -0.083     ; 4.806      ;
; -3.853 ; uart_rx_packet_new:packet_inst|altsyncram:buffer_rtl_0|altsyncram_09c1:auto_generated|ram_block1a0~portb_address_reg4 ; sram_packet_writer:sram_writer_inst|w_data[11]  ; CLOCK_50     ; CLOCK_50    ; 1.000        ; -0.083     ; 4.806      ;
; -3.853 ; uart_rx_packet_new:packet_inst|altsyncram:buffer_rtl_0|altsyncram_09c1:auto_generated|ram_block1a0~portb_address_reg5 ; sram_packet_writer:sram_writer_inst|w_data[11]  ; CLOCK_50     ; CLOCK_50    ; 1.000        ; -0.083     ; 4.806      ;
; -3.853 ; uart_rx_packet_new:packet_inst|altsyncram:buffer_rtl_0|altsyncram_09c1:auto_generated|ram_block1a0~portb_address_reg6 ; sram_packet_writer:sram_writer_inst|w_data[11]  ; CLOCK_50     ; CLOCK_50    ; 1.000        ; -0.083     ; 4.806      ;
; -3.853 ; uart_rx_packet_new:packet_inst|altsyncram:buffer_rtl_0|altsyncram_09c1:auto_generated|ram_block1a0~portb_address_reg7 ; sram_packet_writer:sram_writer_inst|w_data[11]  ; CLOCK_50     ; CLOCK_50    ; 1.000        ; -0.083     ; 4.806      ;
; -3.852 ; uart_rx_packet_new:packet_inst|altsyncram:buffer_rtl_0|altsyncram_09c1:auto_generated|ram_block1a0~portb_address_reg0 ; sram_packet_writer:sram_writer_inst|w_data[14]  ; CLOCK_50     ; CLOCK_50    ; 1.000        ; -0.083     ; 4.805      ;
; -3.852 ; uart_rx_packet_new:packet_inst|altsyncram:buffer_rtl_0|altsyncram_09c1:auto_generated|ram_block1a0~portb_address_reg1 ; sram_packet_writer:sram_writer_inst|w_data[14]  ; CLOCK_50     ; CLOCK_50    ; 1.000        ; -0.083     ; 4.805      ;
; -3.852 ; uart_rx_packet_new:packet_inst|altsyncram:buffer_rtl_0|altsyncram_09c1:auto_generated|ram_block1a0~portb_address_reg2 ; sram_packet_writer:sram_writer_inst|w_data[14]  ; CLOCK_50     ; CLOCK_50    ; 1.000        ; -0.083     ; 4.805      ;
; -3.852 ; uart_rx_packet_new:packet_inst|altsyncram:buffer_rtl_0|altsyncram_09c1:auto_generated|ram_block1a0~portb_address_reg3 ; sram_packet_writer:sram_writer_inst|w_data[14]  ; CLOCK_50     ; CLOCK_50    ; 1.000        ; -0.083     ; 4.805      ;
; -3.852 ; uart_rx_packet_new:packet_inst|altsyncram:buffer_rtl_0|altsyncram_09c1:auto_generated|ram_block1a0~portb_address_reg4 ; sram_packet_writer:sram_writer_inst|w_data[14]  ; CLOCK_50     ; CLOCK_50    ; 1.000        ; -0.083     ; 4.805      ;
; -3.852 ; uart_rx_packet_new:packet_inst|altsyncram:buffer_rtl_0|altsyncram_09c1:auto_generated|ram_block1a0~portb_address_reg5 ; sram_packet_writer:sram_writer_inst|w_data[14]  ; CLOCK_50     ; CLOCK_50    ; 1.000        ; -0.083     ; 4.805      ;
; -3.852 ; uart_rx_packet_new:packet_inst|altsyncram:buffer_rtl_0|altsyncram_09c1:auto_generated|ram_block1a0~portb_address_reg6 ; sram_packet_writer:sram_writer_inst|w_data[14]  ; CLOCK_50     ; CLOCK_50    ; 1.000        ; -0.083     ; 4.805      ;
; -3.852 ; uart_rx_packet_new:packet_inst|altsyncram:buffer_rtl_0|altsyncram_09c1:auto_generated|ram_block1a0~portb_address_reg7 ; sram_packet_writer:sram_writer_inst|w_data[14]  ; CLOCK_50     ; CLOCK_50    ; 1.000        ; -0.083     ; 4.805      ;
; -3.838 ; uart_rx_packet_new:packet_inst|timeout_cnt[2]                                                                         ; uart_rx_packet_new:packet_inst|state.CLEAR_DATA ; CLOCK_50     ; CLOCK_50    ; 1.000        ; 0.018      ; 4.892      ;
; -3.834 ; uart_rx_packet_new:packet_inst|timeout_cnt[2]                                                                         ; uart_rx_packet_new:packet_inst|state.CLEAR_CRC  ; CLOCK_50     ; CLOCK_50    ; 1.000        ; 0.018      ; 4.888      ;
; -3.825 ; uart_rx_packet_new:packet_inst|timeout_cnt[0]                                                                         ; uart_rx_packet_new:packet_inst|state.CLEAR_DATA ; CLOCK_50     ; CLOCK_50    ; 1.000        ; 0.018      ; 4.879      ;
; -3.821 ; uart_rx_packet_new:packet_inst|timeout_cnt[0]                                                                         ; uart_rx_packet_new:packet_inst|state.CLEAR_CRC  ; CLOCK_50     ; CLOCK_50    ; 1.000        ; 0.018      ; 4.875      ;
; -3.813 ; uart_rx_packet_new:packet_inst|altsyncram:buffer_rtl_0|altsyncram_09c1:auto_generated|ram_block1a0~portb_address_reg0 ; sram_packet_writer:sram_writer_inst|data_low[5] ; CLOCK_50     ; CLOCK_50    ; 1.000        ; -0.083     ; 4.766      ;
; -3.813 ; uart_rx_packet_new:packet_inst|altsyncram:buffer_rtl_0|altsyncram_09c1:auto_generated|ram_block1a0~portb_address_reg1 ; sram_packet_writer:sram_writer_inst|data_low[5] ; CLOCK_50     ; CLOCK_50    ; 1.000        ; -0.083     ; 4.766      ;
; -3.813 ; uart_rx_packet_new:packet_inst|altsyncram:buffer_rtl_0|altsyncram_09c1:auto_generated|ram_block1a0~portb_address_reg2 ; sram_packet_writer:sram_writer_inst|data_low[5] ; CLOCK_50     ; CLOCK_50    ; 1.000        ; -0.083     ; 4.766      ;
; -3.813 ; uart_rx_packet_new:packet_inst|altsyncram:buffer_rtl_0|altsyncram_09c1:auto_generated|ram_block1a0~portb_address_reg3 ; sram_packet_writer:sram_writer_inst|data_low[5] ; CLOCK_50     ; CLOCK_50    ; 1.000        ; -0.083     ; 4.766      ;
; -3.813 ; uart_rx_packet_new:packet_inst|altsyncram:buffer_rtl_0|altsyncram_09c1:auto_generated|ram_block1a0~portb_address_reg4 ; sram_packet_writer:sram_writer_inst|data_low[5] ; CLOCK_50     ; CLOCK_50    ; 1.000        ; -0.083     ; 4.766      ;
; -3.813 ; uart_rx_packet_new:packet_inst|altsyncram:buffer_rtl_0|altsyncram_09c1:auto_generated|ram_block1a0~portb_address_reg5 ; sram_packet_writer:sram_writer_inst|data_low[5] ; CLOCK_50     ; CLOCK_50    ; 1.000        ; -0.083     ; 4.766      ;
; -3.813 ; uart_rx_packet_new:packet_inst|altsyncram:buffer_rtl_0|altsyncram_09c1:auto_generated|ram_block1a0~portb_address_reg6 ; sram_packet_writer:sram_writer_inst|data_low[5] ; CLOCK_50     ; CLOCK_50    ; 1.000        ; -0.083     ; 4.766      ;
; -3.813 ; uart_rx_packet_new:packet_inst|altsyncram:buffer_rtl_0|altsyncram_09c1:auto_generated|ram_block1a0~portb_address_reg7 ; sram_packet_writer:sram_writer_inst|data_low[5] ; CLOCK_50     ; CLOCK_50    ; 1.000        ; -0.083     ; 4.766      ;
; -3.809 ; uart_rx_packet_new:packet_inst|timeout_cnt[24]                                                                        ; uart_rx_packet_new:packet_inst|state.RECOVERY   ; CLOCK_50     ; CLOCK_50    ; 1.000        ; -0.003     ; 4.842      ;
; -3.809 ; uart_rx_packet_new:packet_inst|timeout_cnt[24]                                                                        ; uart_rx_packet_new:packet_inst|state.ACK        ; CLOCK_50     ; CLOCK_50    ; 1.000        ; -0.003     ; 4.842      ;
; -3.785 ; uart_rx_packet_new:packet_inst|timeout_cnt[3]                                                                         ; uart_rx_packet_new:packet_inst|state.CLEAR_DATA ; CLOCK_50     ; CLOCK_50    ; 1.000        ; 0.018      ; 4.839      ;
; -3.785 ; uart_rx_packet_new:packet_inst|timeout_cnt[18]                                                                        ; uart_rx_packet_new:packet_inst|state.RECOVERY   ; CLOCK_50     ; CLOCK_50    ; 1.000        ; -0.003     ; 4.818      ;
; -3.785 ; uart_rx_packet_new:packet_inst|timeout_cnt[18]                                                                        ; uart_rx_packet_new:packet_inst|state.ACK        ; CLOCK_50     ; CLOCK_50    ; 1.000        ; -0.003     ; 4.818      ;
; -3.781 ; uart_rx_packet_new:packet_inst|timeout_cnt[3]                                                                         ; uart_rx_packet_new:packet_inst|state.CLEAR_CRC  ; CLOCK_50     ; CLOCK_50    ; 1.000        ; 0.018      ; 4.835      ;
; -3.765 ; uart_rx_packet_new:packet_inst|timeout_cnt[25]                                                                        ; uart_rx_packet_new:packet_inst|state.RECOVERY   ; CLOCK_50     ; CLOCK_50    ; 1.000        ; -0.003     ; 4.798      ;
; -3.765 ; uart_rx_packet_new:packet_inst|timeout_cnt[25]                                                                        ; uart_rx_packet_new:packet_inst|state.ACK        ; CLOCK_50     ; CLOCK_50    ; 1.000        ; -0.003     ; 4.798      ;
; -3.764 ; uart_rx_packet_new:packet_inst|byte_cnt[7]                                                                            ; uart_rx_packet_new:packet_inst|state.RECOVERY   ; CLOCK_50     ; CLOCK_50    ; 1.000        ; -0.014     ; 4.786      ;
; -3.764 ; uart_rx_packet_new:packet_inst|byte_cnt[7]                                                                            ; uart_rx_packet_new:packet_inst|state.ACK        ; CLOCK_50     ; CLOCK_50    ; 1.000        ; -0.014     ; 4.786      ;
; -3.760 ; uart_rx_packet_new:packet_inst|timeout_cnt[1]                                                                         ; uart_rx_packet_new:packet_inst|state.RECOVERY   ; CLOCK_50     ; CLOCK_50    ; 1.000        ; 0.004      ; 4.800      ;
; -3.760 ; uart_rx_packet_new:packet_inst|timeout_cnt[1]                                                                         ; uart_rx_packet_new:packet_inst|state.ACK        ; CLOCK_50     ; CLOCK_50    ; 1.000        ; 0.004      ; 4.800      ;
; -3.740 ; uart_rx_packet_new:packet_inst|timeout_cnt[20]                                                                        ; uart_rx_packet_new:packet_inst|state.RECOVERY   ; CLOCK_50     ; CLOCK_50    ; 1.000        ; -0.003     ; 4.773      ;
; -3.740 ; uart_rx_packet_new:packet_inst|timeout_cnt[20]                                                                        ; uart_rx_packet_new:packet_inst|state.ACK        ; CLOCK_50     ; CLOCK_50    ; 1.000        ; -0.003     ; 4.773      ;
; -3.736 ; uart_rx_packet_new:packet_inst|timeout_cnt[23]                                                                        ; uart_rx_packet_new:packet_inst|state.RECOVERY   ; CLOCK_50     ; CLOCK_50    ; 1.000        ; -0.003     ; 4.769      ;
; -3.736 ; uart_rx_packet_new:packet_inst|timeout_cnt[23]                                                                        ; uart_rx_packet_new:packet_inst|state.ACK        ; CLOCK_50     ; CLOCK_50    ; 1.000        ; -0.003     ; 4.769      ;
; -3.736 ; uart_rx_packet_new:packet_inst|timeout_cnt[19]                                                                        ; uart_rx_packet_new:packet_inst|state.RECOVERY   ; CLOCK_50     ; CLOCK_50    ; 1.000        ; -0.003     ; 4.769      ;
; -3.736 ; uart_rx_packet_new:packet_inst|timeout_cnt[19]                                                                        ; uart_rx_packet_new:packet_inst|state.ACK        ; CLOCK_50     ; CLOCK_50    ; 1.000        ; -0.003     ; 4.769      ;
; -3.712 ; uart_rx_packet_new:packet_inst|byte_cnt[0]                                                                            ; uart_rx_packet_new:packet_inst|state.RECOVERY   ; CLOCK_50     ; CLOCK_50    ; 1.000        ; -0.014     ; 4.734      ;
; -3.712 ; uart_rx_packet_new:packet_inst|byte_cnt[0]                                                                            ; uart_rx_packet_new:packet_inst|state.ACK        ; CLOCK_50     ; CLOCK_50    ; 1.000        ; -0.014     ; 4.734      ;
; -3.703 ; uart_rx_packet_new:packet_inst|timeout_cnt[6]                                                                         ; uart_rx_packet_new:packet_inst|state.RECOVERY   ; CLOCK_50     ; CLOCK_50    ; 1.000        ; 0.004      ; 4.743      ;
; -3.703 ; uart_rx_packet_new:packet_inst|timeout_cnt[6]                                                                         ; uart_rx_packet_new:packet_inst|state.ACK        ; CLOCK_50     ; CLOCK_50    ; 1.000        ; 0.004      ; 4.743      ;
; -3.691 ; uart_rx_packet_new:packet_inst|timeout_cnt[11]                                                                        ; uart_rx_packet_new:packet_inst|state.RECOVERY   ; CLOCK_50     ; CLOCK_50    ; 1.000        ; 0.004      ; 4.731      ;
; -3.691 ; uart_rx_packet_new:packet_inst|timeout_cnt[11]                                                                        ; uart_rx_packet_new:packet_inst|state.ACK        ; CLOCK_50     ; CLOCK_50    ; 1.000        ; 0.004      ; 4.731      ;
+--------+-----------------------------------------------------------------------------------------------------------------------+-------------------------------------------------+--------------+-------------+--------------+------------+------------+


+-----------------------------------------------------------------------------------------------------------------------------------------------------------------------------------------------------------------------------------------------------------------------------------------------------------+
; Slow Model Setup: 'uart_controller:uart_ctrl_inst|baud_rate_gen:brg_inst|ov_tick'                                                                                                                                                                                                                         ;
+--------+------------------------------------------------------------+------------------------------------------------------------+---------------------------------------------------------------+---------------------------------------------------------------+--------------+------------+------------+
; Slack  ; From Node                                                  ; To Node                                                    ; Launch Clock                                                  ; Latch Clock                                                   ; Relationship ; Clock Skew ; Data Delay ;
+--------+------------------------------------------------------------+------------------------------------------------------------+---------------------------------------------------------------+---------------------------------------------------------------+--------------+------------+------------+
; -2.155 ; uart_controller:uart_ctrl_inst|uart_rx:rx_inst|tick_cnt[0] ; uart_controller:uart_ctrl_inst|uart_rx:rx_inst|state.START ; uart_controller:uart_ctrl_inst|baud_rate_gen:brg_inst|ov_tick ; uart_controller:uart_ctrl_inst|baud_rate_gen:brg_inst|ov_tick ; 1.000        ; 0.002      ; 3.193      ;
; -2.155 ; uart_controller:uart_ctrl_inst|uart_rx:rx_inst|tick_cnt[0] ; uart_controller:uart_ctrl_inst|uart_rx:rx_inst|state.STOP  ; uart_controller:uart_ctrl_inst|baud_rate_gen:brg_inst|ov_tick ; uart_controller:uart_ctrl_inst|baud_rate_gen:brg_inst|ov_tick ; 1.000        ; 0.002      ; 3.193      ;
; -2.103 ; uart_controller:uart_ctrl_inst|uart_rx:rx_inst|bit_cnt[1]  ; uart_controller:uart_ctrl_inst|uart_rx:rx_inst|state.START ; uart_controller:uart_ctrl_inst|baud_rate_gen:brg_inst|ov_tick ; uart_controller:uart_ctrl_inst|baud_rate_gen:brg_inst|ov_tick ; 1.000        ; 0.002      ; 3.141      ;
; -2.103 ; uart_controller:uart_ctrl_inst|uart_rx:rx_inst|bit_cnt[1]  ; uart_controller:uart_ctrl_inst|uart_rx:rx_inst|state.STOP  ; uart_controller:uart_ctrl_inst|baud_rate_gen:brg_inst|ov_tick ; uart_controller:uart_ctrl_inst|baud_rate_gen:brg_inst|ov_tick ; 1.000        ; 0.002      ; 3.141      ;
; -2.096 ; uart_controller:uart_ctrl_inst|uart_rx:rx_inst|tick_cnt[1] ; uart_controller:uart_ctrl_inst|uart_rx:rx_inst|state.START ; uart_controller:uart_ctrl_inst|baud_rate_gen:brg_inst|ov_tick ; uart_controller:uart_ctrl_inst|baud_rate_gen:brg_inst|ov_tick ; 1.000        ; 0.002      ; 3.134      ;
; -2.096 ; uart_controller:uart_ctrl_inst|uart_rx:rx_inst|tick_cnt[1] ; uart_controller:uart_ctrl_inst|uart_rx:rx_inst|state.STOP  ; uart_controller:uart_ctrl_inst|baud_rate_gen:brg_inst|ov_tick ; uart_controller:uart_ctrl_inst|baud_rate_gen:brg_inst|ov_tick ; 1.000        ; 0.002      ; 3.134      ;
; -2.018 ; uart_controller:uart_ctrl_inst|uart_rx:rx_inst|tick_cnt[2] ; uart_controller:uart_ctrl_inst|uart_rx:rx_inst|state.START ; uart_controller:uart_ctrl_inst|baud_rate_gen:brg_inst|ov_tick ; uart_controller:uart_ctrl_inst|baud_rate_gen:brg_inst|ov_tick ; 1.000        ; 0.002      ; 3.056      ;
; -2.018 ; uart_controller:uart_ctrl_inst|uart_rx:rx_inst|tick_cnt[2] ; uart_controller:uart_ctrl_inst|uart_rx:rx_inst|state.STOP  ; uart_controller:uart_ctrl_inst|baud_rate_gen:brg_inst|ov_tick ; uart_controller:uart_ctrl_inst|baud_rate_gen:brg_inst|ov_tick ; 1.000        ; 0.002      ; 3.056      ;
; -1.915 ; uart_controller:uart_ctrl_inst|uart_rx:rx_inst|state.STOP  ; uart_controller:uart_ctrl_inst|uart_rx:rx_inst|data_out[1] ; uart_controller:uart_ctrl_inst|baud_rate_gen:brg_inst|ov_tick ; uart_controller:uart_ctrl_inst|baud_rate_gen:brg_inst|ov_tick ; 1.000        ; 0.006      ; 2.957      ;
; -1.915 ; uart_controller:uart_ctrl_inst|uart_rx:rx_inst|state.STOP  ; uart_controller:uart_ctrl_inst|uart_rx:rx_inst|data_out[4] ; uart_controller:uart_ctrl_inst|baud_rate_gen:brg_inst|ov_tick ; uart_controller:uart_ctrl_inst|baud_rate_gen:brg_inst|ov_tick ; 1.000        ; 0.006      ; 2.957      ;
; -1.915 ; uart_controller:uart_ctrl_inst|uart_rx:rx_inst|state.STOP  ; uart_controller:uart_ctrl_inst|uart_rx:rx_inst|data_out[2] ; uart_controller:uart_ctrl_inst|baud_rate_gen:brg_inst|ov_tick ; uart_controller:uart_ctrl_inst|baud_rate_gen:brg_inst|ov_tick ; 1.000        ; 0.006      ; 2.957      ;
; -1.915 ; uart_controller:uart_ctrl_inst|uart_rx:rx_inst|state.STOP  ; uart_controller:uart_ctrl_inst|uart_rx:rx_inst|data_out[3] ; uart_controller:uart_ctrl_inst|baud_rate_gen:brg_inst|ov_tick ; uart_controller:uart_ctrl_inst|baud_rate_gen:brg_inst|ov_tick ; 1.000        ; 0.006      ; 2.957      ;
; -1.915 ; uart_controller:uart_ctrl_inst|uart_rx:rx_inst|state.STOP  ; uart_controller:uart_ctrl_inst|uart_rx:rx_inst|data_out[6] ; uart_controller:uart_ctrl_inst|baud_rate_gen:brg_inst|ov_tick ; uart_controller:uart_ctrl_inst|baud_rate_gen:brg_inst|ov_tick ; 1.000        ; 0.006      ; 2.957      ;
; -1.915 ; uart_controller:uart_ctrl_inst|uart_rx:rx_inst|state.STOP  ; uart_controller:uart_ctrl_inst|uart_rx:rx_inst|data_out[7] ; uart_controller:uart_ctrl_inst|baud_rate_gen:brg_inst|ov_tick ; uart_controller:uart_ctrl_inst|baud_rate_gen:brg_inst|ov_tick ; 1.000        ; 0.006      ; 2.957      ;
; -1.915 ; uart_controller:uart_ctrl_inst|uart_rx:rx_inst|state.STOP  ; uart_controller:uart_ctrl_inst|uart_rx:rx_inst|data_out[5] ; uart_controller:uart_ctrl_inst|baud_rate_gen:brg_inst|ov_tick ; uart_controller:uart_ctrl_inst|baud_rate_gen:brg_inst|ov_tick ; 1.000        ; 0.006      ; 2.957      ;
; -1.915 ; uart_controller:uart_ctrl_inst|uart_rx:rx_inst|state.STOP  ; uart_controller:uart_ctrl_inst|uart_rx:rx_inst|data_out[0] ; uart_controller:uart_ctrl_inst|baud_rate_gen:brg_inst|ov_tick ; uart_controller:uart_ctrl_inst|baud_rate_gen:brg_inst|ov_tick ; 1.000        ; 0.006      ; 2.957      ;
; -1.854 ; uart_controller:uart_ctrl_inst|uart_rx:rx_inst|tick_cnt[0] ; uart_controller:uart_ctrl_inst|uart_rx:rx_inst|state.DATA  ; uart_controller:uart_ctrl_inst|baud_rate_gen:brg_inst|ov_tick ; uart_controller:uart_ctrl_inst|baud_rate_gen:brg_inst|ov_tick ; 1.000        ; 0.002      ; 2.892      ;
; -1.854 ; uart_controller:uart_ctrl_inst|uart_rx:rx_inst|tick_cnt[0] ; uart_controller:uart_ctrl_inst|uart_rx:rx_inst|state.IDLE  ; uart_controller:uart_ctrl_inst|baud_rate_gen:brg_inst|ov_tick ; uart_controller:uart_ctrl_inst|baud_rate_gen:brg_inst|ov_tick ; 1.000        ; 0.002      ; 2.892      ;
; -1.853 ; uart_rx_packet_new:packet_inst|rx_clear                    ; uart_controller:uart_ctrl_inst|uart_rx:rx_inst|state.START ; CLOCK_50                                                      ; uart_controller:uart_ctrl_inst|baud_rate_gen:brg_inst|ov_tick ; 1.000        ; -0.398     ; 2.491      ;
; -1.853 ; uart_rx_packet_new:packet_inst|rx_clear                    ; uart_controller:uart_ctrl_inst|uart_rx:rx_inst|state.STOP  ; CLOCK_50                                                      ; uart_controller:uart_ctrl_inst|baud_rate_gen:brg_inst|ov_tick ; 1.000        ; -0.398     ; 2.491      ;
; -1.820 ; uart_controller:uart_ctrl_inst|uart_rx:rx_inst|tick_cnt[1] ; uart_controller:uart_ctrl_inst|uart_rx:rx_inst|state.DATA  ; uart_controller:uart_ctrl_inst|baud_rate_gen:brg_inst|ov_tick ; uart_controller:uart_ctrl_inst|baud_rate_gen:brg_inst|ov_tick ; 1.000        ; 0.002      ; 2.858      ;
; -1.820 ; uart_controller:uart_ctrl_inst|uart_rx:rx_inst|tick_cnt[1] ; uart_controller:uart_ctrl_inst|uart_rx:rx_inst|state.IDLE  ; uart_controller:uart_ctrl_inst|baud_rate_gen:brg_inst|ov_tick ; uart_controller:uart_ctrl_inst|baud_rate_gen:brg_inst|ov_tick ; 1.000        ; 0.002      ; 2.858      ;
; -1.802 ; uart_controller:uart_ctrl_inst|uart_rx:rx_inst|bit_cnt[1]  ; uart_controller:uart_ctrl_inst|uart_rx:rx_inst|state.DATA  ; uart_controller:uart_ctrl_inst|baud_rate_gen:brg_inst|ov_tick ; uart_controller:uart_ctrl_inst|baud_rate_gen:brg_inst|ov_tick ; 1.000        ; 0.002      ; 2.840      ;
; -1.802 ; uart_controller:uart_ctrl_inst|uart_rx:rx_inst|bit_cnt[1]  ; uart_controller:uart_ctrl_inst|uart_rx:rx_inst|state.IDLE  ; uart_controller:uart_ctrl_inst|baud_rate_gen:brg_inst|ov_tick ; uart_controller:uart_ctrl_inst|baud_rate_gen:brg_inst|ov_tick ; 1.000        ; 0.002      ; 2.840      ;
; -1.790 ; uart_controller:uart_ctrl_inst|uart_rx:rx_inst|bit_cnt[0]  ; uart_controller:uart_ctrl_inst|uart_rx:rx_inst|state.DATA  ; uart_controller:uart_ctrl_inst|baud_rate_gen:brg_inst|ov_tick ; uart_controller:uart_ctrl_inst|baud_rate_gen:brg_inst|ov_tick ; 1.000        ; 0.002      ; 2.828      ;
; -1.790 ; uart_controller:uart_ctrl_inst|uart_rx:rx_inst|bit_cnt[0]  ; uart_controller:uart_ctrl_inst|uart_rx:rx_inst|state.IDLE  ; uart_controller:uart_ctrl_inst|baud_rate_gen:brg_inst|ov_tick ; uart_controller:uart_ctrl_inst|baud_rate_gen:brg_inst|ov_tick ; 1.000        ; 0.002      ; 2.828      ;
; -1.782 ; uart_controller:uart_ctrl_inst|uart_rx:rx_inst|bit_cnt[0]  ; uart_controller:uart_ctrl_inst|uart_rx:rx_inst|state.START ; uart_controller:uart_ctrl_inst|baud_rate_gen:brg_inst|ov_tick ; uart_controller:uart_ctrl_inst|baud_rate_gen:brg_inst|ov_tick ; 1.000        ; 0.002      ; 2.820      ;
; -1.782 ; uart_controller:uart_ctrl_inst|uart_rx:rx_inst|bit_cnt[0]  ; uart_controller:uart_ctrl_inst|uart_rx:rx_inst|state.STOP  ; uart_controller:uart_ctrl_inst|baud_rate_gen:brg_inst|ov_tick ; uart_controller:uart_ctrl_inst|baud_rate_gen:brg_inst|ov_tick ; 1.000        ; 0.002      ; 2.820      ;
; -1.732 ; uart_rx_packet_new:packet_inst|rx_clear                    ; uart_controller:uart_ctrl_inst|uart_rx:rx_inst|state.DATA  ; CLOCK_50                                                      ; uart_controller:uart_ctrl_inst|baud_rate_gen:brg_inst|ov_tick ; 1.000        ; -0.398     ; 2.370      ;
; -1.732 ; uart_rx_packet_new:packet_inst|rx_clear                    ; uart_controller:uart_ctrl_inst|uart_rx:rx_inst|state.IDLE  ; CLOCK_50                                                      ; uart_controller:uart_ctrl_inst|baud_rate_gen:brg_inst|ov_tick ; 1.000        ; -0.398     ; 2.370      ;
; -1.727 ; uart_controller:uart_ctrl_inst|uart_rx:rx_inst|tick_cnt[0] ; uart_controller:uart_ctrl_inst|uart_rx:rx_inst|rx_reg[7]   ; uart_controller:uart_ctrl_inst|baud_rate_gen:brg_inst|ov_tick ; uart_controller:uart_ctrl_inst|baud_rate_gen:brg_inst|ov_tick ; 1.000        ; -0.001     ; 2.762      ;
; -1.727 ; uart_controller:uart_ctrl_inst|uart_rx:rx_inst|tick_cnt[0] ; uart_controller:uart_ctrl_inst|uart_rx:rx_inst|rx_reg[6]   ; uart_controller:uart_ctrl_inst|baud_rate_gen:brg_inst|ov_tick ; uart_controller:uart_ctrl_inst|baud_rate_gen:brg_inst|ov_tick ; 1.000        ; -0.001     ; 2.762      ;
; -1.727 ; uart_controller:uart_ctrl_inst|uart_rx:rx_inst|tick_cnt[0] ; uart_controller:uart_ctrl_inst|uart_rx:rx_inst|rx_reg[5]   ; uart_controller:uart_ctrl_inst|baud_rate_gen:brg_inst|ov_tick ; uart_controller:uart_ctrl_inst|baud_rate_gen:brg_inst|ov_tick ; 1.000        ; -0.001     ; 2.762      ;
; -1.727 ; uart_controller:uart_ctrl_inst|uart_rx:rx_inst|tick_cnt[0] ; uart_controller:uart_ctrl_inst|uart_rx:rx_inst|rx_reg[4]   ; uart_controller:uart_ctrl_inst|baud_rate_gen:brg_inst|ov_tick ; uart_controller:uart_ctrl_inst|baud_rate_gen:brg_inst|ov_tick ; 1.000        ; -0.001     ; 2.762      ;
; -1.727 ; uart_controller:uart_ctrl_inst|uart_rx:rx_inst|tick_cnt[0] ; uart_controller:uart_ctrl_inst|uart_rx:rx_inst|rx_reg[3]   ; uart_controller:uart_ctrl_inst|baud_rate_gen:brg_inst|ov_tick ; uart_controller:uart_ctrl_inst|baud_rate_gen:brg_inst|ov_tick ; 1.000        ; -0.001     ; 2.762      ;
; -1.727 ; uart_controller:uart_ctrl_inst|uart_rx:rx_inst|tick_cnt[0] ; uart_controller:uart_ctrl_inst|uart_rx:rx_inst|rx_reg[2]   ; uart_controller:uart_ctrl_inst|baud_rate_gen:brg_inst|ov_tick ; uart_controller:uart_ctrl_inst|baud_rate_gen:brg_inst|ov_tick ; 1.000        ; -0.001     ; 2.762      ;
; -1.727 ; uart_controller:uart_ctrl_inst|uart_rx:rx_inst|tick_cnt[0] ; uart_controller:uart_ctrl_inst|uart_rx:rx_inst|rx_reg[1]   ; uart_controller:uart_ctrl_inst|baud_rate_gen:brg_inst|ov_tick ; uart_controller:uart_ctrl_inst|baud_rate_gen:brg_inst|ov_tick ; 1.000        ; -0.001     ; 2.762      ;
; -1.727 ; uart_controller:uart_ctrl_inst|uart_rx:rx_inst|tick_cnt[0] ; uart_controller:uart_ctrl_inst|uart_rx:rx_inst|rx_reg[0]   ; uart_controller:uart_ctrl_inst|baud_rate_gen:brg_inst|ov_tick ; uart_controller:uart_ctrl_inst|baud_rate_gen:brg_inst|ov_tick ; 1.000        ; -0.001     ; 2.762      ;
; -1.717 ; uart_controller:uart_ctrl_inst|uart_rx:rx_inst|tick_cnt[2] ; uart_controller:uart_ctrl_inst|uart_rx:rx_inst|state.DATA  ; uart_controller:uart_ctrl_inst|baud_rate_gen:brg_inst|ov_tick ; uart_controller:uart_ctrl_inst|baud_rate_gen:brg_inst|ov_tick ; 1.000        ; 0.002      ; 2.755      ;
; -1.717 ; uart_controller:uart_ctrl_inst|uart_rx:rx_inst|tick_cnt[2] ; uart_controller:uart_ctrl_inst|uart_rx:rx_inst|state.IDLE  ; uart_controller:uart_ctrl_inst|baud_rate_gen:brg_inst|ov_tick ; uart_controller:uart_ctrl_inst|baud_rate_gen:brg_inst|ov_tick ; 1.000        ; 0.002      ; 2.755      ;
; -1.709 ; uart_controller:uart_ctrl_inst|uart_rx:rx_inst|tick_cnt[2] ; uart_controller:uart_ctrl_inst|uart_rx:rx_inst|data_out[1] ; uart_controller:uart_ctrl_inst|baud_rate_gen:brg_inst|ov_tick ; uart_controller:uart_ctrl_inst|baud_rate_gen:brg_inst|ov_tick ; 1.000        ; 0.008      ; 2.753      ;
; -1.709 ; uart_controller:uart_ctrl_inst|uart_rx:rx_inst|tick_cnt[2] ; uart_controller:uart_ctrl_inst|uart_rx:rx_inst|data_out[4] ; uart_controller:uart_ctrl_inst|baud_rate_gen:brg_inst|ov_tick ; uart_controller:uart_ctrl_inst|baud_rate_gen:brg_inst|ov_tick ; 1.000        ; 0.008      ; 2.753      ;
; -1.709 ; uart_controller:uart_ctrl_inst|uart_rx:rx_inst|tick_cnt[2] ; uart_controller:uart_ctrl_inst|uart_rx:rx_inst|data_out[2] ; uart_controller:uart_ctrl_inst|baud_rate_gen:brg_inst|ov_tick ; uart_controller:uart_ctrl_inst|baud_rate_gen:brg_inst|ov_tick ; 1.000        ; 0.008      ; 2.753      ;
; -1.709 ; uart_controller:uart_ctrl_inst|uart_rx:rx_inst|tick_cnt[2] ; uart_controller:uart_ctrl_inst|uart_rx:rx_inst|data_out[3] ; uart_controller:uart_ctrl_inst|baud_rate_gen:brg_inst|ov_tick ; uart_controller:uart_ctrl_inst|baud_rate_gen:brg_inst|ov_tick ; 1.000        ; 0.008      ; 2.753      ;
; -1.709 ; uart_controller:uart_ctrl_inst|uart_rx:rx_inst|tick_cnt[2] ; uart_controller:uart_ctrl_inst|uart_rx:rx_inst|data_out[6] ; uart_controller:uart_ctrl_inst|baud_rate_gen:brg_inst|ov_tick ; uart_controller:uart_ctrl_inst|baud_rate_gen:brg_inst|ov_tick ; 1.000        ; 0.008      ; 2.753      ;
; -1.709 ; uart_controller:uart_ctrl_inst|uart_rx:rx_inst|tick_cnt[2] ; uart_controller:uart_ctrl_inst|uart_rx:rx_inst|data_out[7] ; uart_controller:uart_ctrl_inst|baud_rate_gen:brg_inst|ov_tick ; uart_controller:uart_ctrl_inst|baud_rate_gen:brg_inst|ov_tick ; 1.000        ; 0.008      ; 2.753      ;
; -1.709 ; uart_controller:uart_ctrl_inst|uart_rx:rx_inst|tick_cnt[2] ; uart_controller:uart_ctrl_inst|uart_rx:rx_inst|data_out[5] ; uart_controller:uart_ctrl_inst|baud_rate_gen:brg_inst|ov_tick ; uart_controller:uart_ctrl_inst|baud_rate_gen:brg_inst|ov_tick ; 1.000        ; 0.008      ; 2.753      ;
; -1.709 ; uart_controller:uart_ctrl_inst|uart_rx:rx_inst|tick_cnt[2] ; uart_controller:uart_ctrl_inst|uart_rx:rx_inst|data_out[0] ; uart_controller:uart_ctrl_inst|baud_rate_gen:brg_inst|ov_tick ; uart_controller:uart_ctrl_inst|baud_rate_gen:brg_inst|ov_tick ; 1.000        ; 0.008      ; 2.753      ;
; -1.704 ; uart_controller:uart_ctrl_inst|uart_rx:rx_inst|tick_cnt[2] ; uart_controller:uart_ctrl_inst|uart_rx:rx_inst|rx_reg[7]   ; uart_controller:uart_ctrl_inst|baud_rate_gen:brg_inst|ov_tick ; uart_controller:uart_ctrl_inst|baud_rate_gen:brg_inst|ov_tick ; 1.000        ; -0.001     ; 2.739      ;
; -1.704 ; uart_controller:uart_ctrl_inst|uart_rx:rx_inst|tick_cnt[2] ; uart_controller:uart_ctrl_inst|uart_rx:rx_inst|rx_reg[6]   ; uart_controller:uart_ctrl_inst|baud_rate_gen:brg_inst|ov_tick ; uart_controller:uart_ctrl_inst|baud_rate_gen:brg_inst|ov_tick ; 1.000        ; -0.001     ; 2.739      ;
; -1.704 ; uart_controller:uart_ctrl_inst|uart_rx:rx_inst|tick_cnt[2] ; uart_controller:uart_ctrl_inst|uart_rx:rx_inst|rx_reg[5]   ; uart_controller:uart_ctrl_inst|baud_rate_gen:brg_inst|ov_tick ; uart_controller:uart_ctrl_inst|baud_rate_gen:brg_inst|ov_tick ; 1.000        ; -0.001     ; 2.739      ;
; -1.704 ; uart_controller:uart_ctrl_inst|uart_rx:rx_inst|tick_cnt[2] ; uart_controller:uart_ctrl_inst|uart_rx:rx_inst|rx_reg[4]   ; uart_controller:uart_ctrl_inst|baud_rate_gen:brg_inst|ov_tick ; uart_controller:uart_ctrl_inst|baud_rate_gen:brg_inst|ov_tick ; 1.000        ; -0.001     ; 2.739      ;
; -1.704 ; uart_controller:uart_ctrl_inst|uart_rx:rx_inst|tick_cnt[2] ; uart_controller:uart_ctrl_inst|uart_rx:rx_inst|rx_reg[3]   ; uart_controller:uart_ctrl_inst|baud_rate_gen:brg_inst|ov_tick ; uart_controller:uart_ctrl_inst|baud_rate_gen:brg_inst|ov_tick ; 1.000        ; -0.001     ; 2.739      ;
; -1.704 ; uart_controller:uart_ctrl_inst|uart_rx:rx_inst|tick_cnt[2] ; uart_controller:uart_ctrl_inst|uart_rx:rx_inst|rx_reg[2]   ; uart_controller:uart_ctrl_inst|baud_rate_gen:brg_inst|ov_tick ; uart_controller:uart_ctrl_inst|baud_rate_gen:brg_inst|ov_tick ; 1.000        ; -0.001     ; 2.739      ;
; -1.704 ; uart_controller:uart_ctrl_inst|uart_rx:rx_inst|tick_cnt[2] ; uart_controller:uart_ctrl_inst|uart_rx:rx_inst|rx_reg[1]   ; uart_controller:uart_ctrl_inst|baud_rate_gen:brg_inst|ov_tick ; uart_controller:uart_ctrl_inst|baud_rate_gen:brg_inst|ov_tick ; 1.000        ; -0.001     ; 2.739      ;
; -1.704 ; uart_controller:uart_ctrl_inst|uart_rx:rx_inst|tick_cnt[2] ; uart_controller:uart_ctrl_inst|uart_rx:rx_inst|rx_reg[0]   ; uart_controller:uart_ctrl_inst|baud_rate_gen:brg_inst|ov_tick ; uart_controller:uart_ctrl_inst|baud_rate_gen:brg_inst|ov_tick ; 1.000        ; -0.001     ; 2.739      ;
; -1.686 ; uart_rx_packet_new:packet_inst|rx_clear                    ; uart_controller:uart_ctrl_inst|uart_rx:rx_inst|rx_reg[7]   ; CLOCK_50                                                      ; uart_controller:uart_ctrl_inst|baud_rate_gen:brg_inst|ov_tick ; 1.000        ; -0.401     ; 2.321      ;
; -1.686 ; uart_rx_packet_new:packet_inst|rx_clear                    ; uart_controller:uart_ctrl_inst|uart_rx:rx_inst|rx_reg[6]   ; CLOCK_50                                                      ; uart_controller:uart_ctrl_inst|baud_rate_gen:brg_inst|ov_tick ; 1.000        ; -0.401     ; 2.321      ;
; -1.686 ; uart_rx_packet_new:packet_inst|rx_clear                    ; uart_controller:uart_ctrl_inst|uart_rx:rx_inst|rx_reg[5]   ; CLOCK_50                                                      ; uart_controller:uart_ctrl_inst|baud_rate_gen:brg_inst|ov_tick ; 1.000        ; -0.401     ; 2.321      ;
; -1.686 ; uart_rx_packet_new:packet_inst|rx_clear                    ; uart_controller:uart_ctrl_inst|uart_rx:rx_inst|rx_reg[4]   ; CLOCK_50                                                      ; uart_controller:uart_ctrl_inst|baud_rate_gen:brg_inst|ov_tick ; 1.000        ; -0.401     ; 2.321      ;
; -1.686 ; uart_rx_packet_new:packet_inst|rx_clear                    ; uart_controller:uart_ctrl_inst|uart_rx:rx_inst|rx_reg[3]   ; CLOCK_50                                                      ; uart_controller:uart_ctrl_inst|baud_rate_gen:brg_inst|ov_tick ; 1.000        ; -0.401     ; 2.321      ;
; -1.686 ; uart_rx_packet_new:packet_inst|rx_clear                    ; uart_controller:uart_ctrl_inst|uart_rx:rx_inst|rx_reg[2]   ; CLOCK_50                                                      ; uart_controller:uart_ctrl_inst|baud_rate_gen:brg_inst|ov_tick ; 1.000        ; -0.401     ; 2.321      ;
; -1.686 ; uart_rx_packet_new:packet_inst|rx_clear                    ; uart_controller:uart_ctrl_inst|uart_rx:rx_inst|rx_reg[1]   ; CLOCK_50                                                      ; uart_controller:uart_ctrl_inst|baud_rate_gen:brg_inst|ov_tick ; 1.000        ; -0.401     ; 2.321      ;
; -1.686 ; uart_rx_packet_new:packet_inst|rx_clear                    ; uart_controller:uart_ctrl_inst|uart_rx:rx_inst|rx_reg[0]   ; CLOCK_50                                                      ; uart_controller:uart_ctrl_inst|baud_rate_gen:brg_inst|ov_tick ; 1.000        ; -0.401     ; 2.321      ;
; -1.682 ; uart_controller:uart_ctrl_inst|uart_rx:rx_inst|state.DATA  ; uart_controller:uart_ctrl_inst|uart_rx:rx_inst|rx_reg[7]   ; uart_controller:uart_ctrl_inst|baud_rate_gen:brg_inst|ov_tick ; uart_controller:uart_ctrl_inst|baud_rate_gen:brg_inst|ov_tick ; 1.000        ; -0.003     ; 2.715      ;
; -1.682 ; uart_controller:uart_ctrl_inst|uart_rx:rx_inst|state.DATA  ; uart_controller:uart_ctrl_inst|uart_rx:rx_inst|rx_reg[6]   ; uart_controller:uart_ctrl_inst|baud_rate_gen:brg_inst|ov_tick ; uart_controller:uart_ctrl_inst|baud_rate_gen:brg_inst|ov_tick ; 1.000        ; -0.003     ; 2.715      ;
; -1.682 ; uart_controller:uart_ctrl_inst|uart_rx:rx_inst|state.DATA  ; uart_controller:uart_ctrl_inst|uart_rx:rx_inst|rx_reg[5]   ; uart_controller:uart_ctrl_inst|baud_rate_gen:brg_inst|ov_tick ; uart_controller:uart_ctrl_inst|baud_rate_gen:brg_inst|ov_tick ; 1.000        ; -0.003     ; 2.715      ;
; -1.682 ; uart_controller:uart_ctrl_inst|uart_rx:rx_inst|state.DATA  ; uart_controller:uart_ctrl_inst|uart_rx:rx_inst|rx_reg[4]   ; uart_controller:uart_ctrl_inst|baud_rate_gen:brg_inst|ov_tick ; uart_controller:uart_ctrl_inst|baud_rate_gen:brg_inst|ov_tick ; 1.000        ; -0.003     ; 2.715      ;
; -1.682 ; uart_controller:uart_ctrl_inst|uart_rx:rx_inst|state.DATA  ; uart_controller:uart_ctrl_inst|uart_rx:rx_inst|rx_reg[3]   ; uart_controller:uart_ctrl_inst|baud_rate_gen:brg_inst|ov_tick ; uart_controller:uart_ctrl_inst|baud_rate_gen:brg_inst|ov_tick ; 1.000        ; -0.003     ; 2.715      ;
; -1.682 ; uart_controller:uart_ctrl_inst|uart_rx:rx_inst|state.DATA  ; uart_controller:uart_ctrl_inst|uart_rx:rx_inst|rx_reg[2]   ; uart_controller:uart_ctrl_inst|baud_rate_gen:brg_inst|ov_tick ; uart_controller:uart_ctrl_inst|baud_rate_gen:brg_inst|ov_tick ; 1.000        ; -0.003     ; 2.715      ;
; -1.682 ; uart_controller:uart_ctrl_inst|uart_rx:rx_inst|state.DATA  ; uart_controller:uart_ctrl_inst|uart_rx:rx_inst|rx_reg[1]   ; uart_controller:uart_ctrl_inst|baud_rate_gen:brg_inst|ov_tick ; uart_controller:uart_ctrl_inst|baud_rate_gen:brg_inst|ov_tick ; 1.000        ; -0.003     ; 2.715      ;
; -1.682 ; uart_controller:uart_ctrl_inst|uart_rx:rx_inst|state.DATA  ; uart_controller:uart_ctrl_inst|uart_rx:rx_inst|rx_reg[0]   ; uart_controller:uart_ctrl_inst|baud_rate_gen:brg_inst|ov_tick ; uart_controller:uart_ctrl_inst|baud_rate_gen:brg_inst|ov_tick ; 1.000        ; -0.003     ; 2.715      ;
; -1.643 ; uart_controller:uart_ctrl_inst|uart_rx:rx_inst|bit_cnt[2]  ; uart_controller:uart_ctrl_inst|uart_rx:rx_inst|state.DATA  ; uart_controller:uart_ctrl_inst|baud_rate_gen:brg_inst|ov_tick ; uart_controller:uart_ctrl_inst|baud_rate_gen:brg_inst|ov_tick ; 1.000        ; 0.002      ; 2.681      ;
; -1.643 ; uart_controller:uart_ctrl_inst|uart_rx:rx_inst|bit_cnt[2]  ; uart_controller:uart_ctrl_inst|uart_rx:rx_inst|state.IDLE  ; uart_controller:uart_ctrl_inst|baud_rate_gen:brg_inst|ov_tick ; uart_controller:uart_ctrl_inst|baud_rate_gen:brg_inst|ov_tick ; 1.000        ; 0.002      ; 2.681      ;
; -1.635 ; uart_controller:uart_ctrl_inst|uart_rx:rx_inst|bit_cnt[2]  ; uart_controller:uart_ctrl_inst|uart_rx:rx_inst|state.START ; uart_controller:uart_ctrl_inst|baud_rate_gen:brg_inst|ov_tick ; uart_controller:uart_ctrl_inst|baud_rate_gen:brg_inst|ov_tick ; 1.000        ; 0.002      ; 2.673      ;
; -1.635 ; uart_controller:uart_ctrl_inst|uart_rx:rx_inst|bit_cnt[2]  ; uart_controller:uart_ctrl_inst|uart_rx:rx_inst|state.STOP  ; uart_controller:uart_ctrl_inst|baud_rate_gen:brg_inst|ov_tick ; uart_controller:uart_ctrl_inst|baud_rate_gen:brg_inst|ov_tick ; 1.000        ; 0.002      ; 2.673      ;
; -1.589 ; uart_controller:uart_ctrl_inst|uart_rx:rx_inst|tick_cnt[1] ; uart_controller:uart_ctrl_inst|uart_rx:rx_inst|data_out[1] ; uart_controller:uart_ctrl_inst|baud_rate_gen:brg_inst|ov_tick ; uart_controller:uart_ctrl_inst|baud_rate_gen:brg_inst|ov_tick ; 1.000        ; 0.008      ; 2.633      ;
; -1.589 ; uart_controller:uart_ctrl_inst|uart_rx:rx_inst|tick_cnt[1] ; uart_controller:uart_ctrl_inst|uart_rx:rx_inst|data_out[4] ; uart_controller:uart_ctrl_inst|baud_rate_gen:brg_inst|ov_tick ; uart_controller:uart_ctrl_inst|baud_rate_gen:brg_inst|ov_tick ; 1.000        ; 0.008      ; 2.633      ;
; -1.589 ; uart_controller:uart_ctrl_inst|uart_rx:rx_inst|tick_cnt[1] ; uart_controller:uart_ctrl_inst|uart_rx:rx_inst|data_out[2] ; uart_controller:uart_ctrl_inst|baud_rate_gen:brg_inst|ov_tick ; uart_controller:uart_ctrl_inst|baud_rate_gen:brg_inst|ov_tick ; 1.000        ; 0.008      ; 2.633      ;
; -1.589 ; uart_controller:uart_ctrl_inst|uart_rx:rx_inst|tick_cnt[1] ; uart_controller:uart_ctrl_inst|uart_rx:rx_inst|data_out[3] ; uart_controller:uart_ctrl_inst|baud_rate_gen:brg_inst|ov_tick ; uart_controller:uart_ctrl_inst|baud_rate_gen:brg_inst|ov_tick ; 1.000        ; 0.008      ; 2.633      ;
; -1.589 ; uart_controller:uart_ctrl_inst|uart_rx:rx_inst|tick_cnt[1] ; uart_controller:uart_ctrl_inst|uart_rx:rx_inst|data_out[6] ; uart_controller:uart_ctrl_inst|baud_rate_gen:brg_inst|ov_tick ; uart_controller:uart_ctrl_inst|baud_rate_gen:brg_inst|ov_tick ; 1.000        ; 0.008      ; 2.633      ;
; -1.589 ; uart_controller:uart_ctrl_inst|uart_rx:rx_inst|tick_cnt[1] ; uart_controller:uart_ctrl_inst|uart_rx:rx_inst|data_out[7] ; uart_controller:uart_ctrl_inst|baud_rate_gen:brg_inst|ov_tick ; uart_controller:uart_ctrl_inst|baud_rate_gen:brg_inst|ov_tick ; 1.000        ; 0.008      ; 2.633      ;
; -1.589 ; uart_controller:uart_ctrl_inst|uart_rx:rx_inst|tick_cnt[1] ; uart_controller:uart_ctrl_inst|uart_rx:rx_inst|data_out[5] ; uart_controller:uart_ctrl_inst|baud_rate_gen:brg_inst|ov_tick ; uart_controller:uart_ctrl_inst|baud_rate_gen:brg_inst|ov_tick ; 1.000        ; 0.008      ; 2.633      ;
; -1.589 ; uart_controller:uart_ctrl_inst|uart_rx:rx_inst|tick_cnt[1] ; uart_controller:uart_ctrl_inst|uart_rx:rx_inst|data_out[0] ; uart_controller:uart_ctrl_inst|baud_rate_gen:brg_inst|ov_tick ; uart_controller:uart_ctrl_inst|baud_rate_gen:brg_inst|ov_tick ; 1.000        ; 0.008      ; 2.633      ;
; -1.578 ; uart_controller:uart_ctrl_inst|uart_rx:rx_inst|tick_cnt[1] ; uart_controller:uart_ctrl_inst|uart_rx:rx_inst|rx_reg[7]   ; uart_controller:uart_ctrl_inst|baud_rate_gen:brg_inst|ov_tick ; uart_controller:uart_ctrl_inst|baud_rate_gen:brg_inst|ov_tick ; 1.000        ; -0.001     ; 2.613      ;
; -1.578 ; uart_controller:uart_ctrl_inst|uart_rx:rx_inst|tick_cnt[1] ; uart_controller:uart_ctrl_inst|uart_rx:rx_inst|rx_reg[6]   ; uart_controller:uart_ctrl_inst|baud_rate_gen:brg_inst|ov_tick ; uart_controller:uart_ctrl_inst|baud_rate_gen:brg_inst|ov_tick ; 1.000        ; -0.001     ; 2.613      ;
; -1.578 ; uart_controller:uart_ctrl_inst|uart_rx:rx_inst|tick_cnt[1] ; uart_controller:uart_ctrl_inst|uart_rx:rx_inst|rx_reg[5]   ; uart_controller:uart_ctrl_inst|baud_rate_gen:brg_inst|ov_tick ; uart_controller:uart_ctrl_inst|baud_rate_gen:brg_inst|ov_tick ; 1.000        ; -0.001     ; 2.613      ;
; -1.578 ; uart_controller:uart_ctrl_inst|uart_rx:rx_inst|tick_cnt[1] ; uart_controller:uart_ctrl_inst|uart_rx:rx_inst|rx_reg[4]   ; uart_controller:uart_ctrl_inst|baud_rate_gen:brg_inst|ov_tick ; uart_controller:uart_ctrl_inst|baud_rate_gen:brg_inst|ov_tick ; 1.000        ; -0.001     ; 2.613      ;
; -1.578 ; uart_controller:uart_ctrl_inst|uart_rx:rx_inst|tick_cnt[1] ; uart_controller:uart_ctrl_inst|uart_rx:rx_inst|rx_reg[3]   ; uart_controller:uart_ctrl_inst|baud_rate_gen:brg_inst|ov_tick ; uart_controller:uart_ctrl_inst|baud_rate_gen:brg_inst|ov_tick ; 1.000        ; -0.001     ; 2.613      ;
; -1.578 ; uart_controller:uart_ctrl_inst|uart_rx:rx_inst|tick_cnt[1] ; uart_controller:uart_ctrl_inst|uart_rx:rx_inst|rx_reg[2]   ; uart_controller:uart_ctrl_inst|baud_rate_gen:brg_inst|ov_tick ; uart_controller:uart_ctrl_inst|baud_rate_gen:brg_inst|ov_tick ; 1.000        ; -0.001     ; 2.613      ;
; -1.578 ; uart_controller:uart_ctrl_inst|uart_rx:rx_inst|tick_cnt[1] ; uart_controller:uart_ctrl_inst|uart_rx:rx_inst|rx_reg[1]   ; uart_controller:uart_ctrl_inst|baud_rate_gen:brg_inst|ov_tick ; uart_controller:uart_ctrl_inst|baud_rate_gen:brg_inst|ov_tick ; 1.000        ; -0.001     ; 2.613      ;
; -1.578 ; uart_controller:uart_ctrl_inst|uart_rx:rx_inst|tick_cnt[1] ; uart_controller:uart_ctrl_inst|uart_rx:rx_inst|rx_reg[0]   ; uart_controller:uart_ctrl_inst|baud_rate_gen:brg_inst|ov_tick ; uart_controller:uart_ctrl_inst|baud_rate_gen:brg_inst|ov_tick ; 1.000        ; -0.001     ; 2.613      ;
; -1.542 ; uart_rx_packet_new:packet_inst|rx_clear                    ; uart_controller:uart_ctrl_inst|uart_rx:rx_inst|samples[0]  ; CLOCK_50                                                      ; uart_controller:uart_ctrl_inst|baud_rate_gen:brg_inst|ov_tick ; 1.000        ; -0.401     ; 2.177      ;
; -1.453 ; uart_controller:uart_ctrl_inst|uart_rx:rx_inst|tick_cnt[0] ; uart_controller:uart_ctrl_inst|uart_rx:rx_inst|data_out[1] ; uart_controller:uart_ctrl_inst|baud_rate_gen:brg_inst|ov_tick ; uart_controller:uart_ctrl_inst|baud_rate_gen:brg_inst|ov_tick ; 1.000        ; 0.008      ; 2.497      ;
; -1.453 ; uart_controller:uart_ctrl_inst|uart_rx:rx_inst|tick_cnt[0] ; uart_controller:uart_ctrl_inst|uart_rx:rx_inst|data_out[4] ; uart_controller:uart_ctrl_inst|baud_rate_gen:brg_inst|ov_tick ; uart_controller:uart_ctrl_inst|baud_rate_gen:brg_inst|ov_tick ; 1.000        ; 0.008      ; 2.497      ;
; -1.453 ; uart_controller:uart_ctrl_inst|uart_rx:rx_inst|tick_cnt[0] ; uart_controller:uart_ctrl_inst|uart_rx:rx_inst|data_out[2] ; uart_controller:uart_ctrl_inst|baud_rate_gen:brg_inst|ov_tick ; uart_controller:uart_ctrl_inst|baud_rate_gen:brg_inst|ov_tick ; 1.000        ; 0.008      ; 2.497      ;
; -1.453 ; uart_controller:uart_ctrl_inst|uart_rx:rx_inst|tick_cnt[0] ; uart_controller:uart_ctrl_inst|uart_rx:rx_inst|data_out[3] ; uart_controller:uart_ctrl_inst|baud_rate_gen:brg_inst|ov_tick ; uart_controller:uart_ctrl_inst|baud_rate_gen:brg_inst|ov_tick ; 1.000        ; 0.008      ; 2.497      ;
; -1.453 ; uart_controller:uart_ctrl_inst|uart_rx:rx_inst|tick_cnt[0] ; uart_controller:uart_ctrl_inst|uart_rx:rx_inst|data_out[6] ; uart_controller:uart_ctrl_inst|baud_rate_gen:brg_inst|ov_tick ; uart_controller:uart_ctrl_inst|baud_rate_gen:brg_inst|ov_tick ; 1.000        ; 0.008      ; 2.497      ;
; -1.453 ; uart_controller:uart_ctrl_inst|uart_rx:rx_inst|tick_cnt[0] ; uart_controller:uart_ctrl_inst|uart_rx:rx_inst|data_out[7] ; uart_controller:uart_ctrl_inst|baud_rate_gen:brg_inst|ov_tick ; uart_controller:uart_ctrl_inst|baud_rate_gen:brg_inst|ov_tick ; 1.000        ; 0.008      ; 2.497      ;
; -1.453 ; uart_controller:uart_ctrl_inst|uart_rx:rx_inst|tick_cnt[0] ; uart_controller:uart_ctrl_inst|uart_rx:rx_inst|data_out[5] ; uart_controller:uart_ctrl_inst|baud_rate_gen:brg_inst|ov_tick ; uart_controller:uart_ctrl_inst|baud_rate_gen:brg_inst|ov_tick ; 1.000        ; 0.008      ; 2.497      ;
+--------+------------------------------------------------------------+------------------------------------------------------------+---------------------------------------------------------------+---------------------------------------------------------------+--------------+------------+------------+


+---------------------------------------------------------------------------------------------------------------------------------------------------------------------------------------------------------------------------------------------------------------------------------------------------------------+
; Slow Model Setup: 'uart_controller:uart_ctrl_inst|baud_rate_gen:brg_inst|uart_tick'                                                                                                                                                                                                                           ;
+--------+------------------------------------------------------------+------------------------------------------------------------+-----------------------------------------------------------------+-----------------------------------------------------------------+--------------+------------+------------+
; Slack  ; From Node                                                  ; To Node                                                    ; Launch Clock                                                    ; Latch Clock                                                     ; Relationship ; Clock Skew ; Data Delay ;
+--------+------------------------------------------------------------+------------------------------------------------------------+-----------------------------------------------------------------+-----------------------------------------------------------------+--------------+------------+------------+
; -1.151 ; uart_controller:uart_ctrl_inst|uart_tx:tx_inst|state.DATA  ; uart_controller:uart_ctrl_inst|uart_tx:tx_inst|state.DATA  ; uart_controller:uart_ctrl_inst|baud_rate_gen:brg_inst|uart_tick ; uart_controller:uart_ctrl_inst|baud_rate_gen:brg_inst|uart_tick ; 1.000        ; 0.000      ; 2.187      ;
; -1.148 ; uart_controller:uart_ctrl_inst|uart_tx:tx_inst|state.DATA  ; uart_controller:uart_ctrl_inst|uart_tx:tx_inst|state.IDLE  ; uart_controller:uart_ctrl_inst|baud_rate_gen:brg_inst|uart_tick ; uart_controller:uart_ctrl_inst|baud_rate_gen:brg_inst|uart_tick ; 1.000        ; 0.000      ; 2.184      ;
; -1.114 ; uart_controller:uart_ctrl_inst|uart_tx:tx_inst|bit_cnt[1]  ; uart_controller:uart_ctrl_inst|uart_tx:tx_inst|state.DATA  ; uart_controller:uart_ctrl_inst|baud_rate_gen:brg_inst|uart_tick ; uart_controller:uart_ctrl_inst|baud_rate_gen:brg_inst|uart_tick ; 1.000        ; 0.000      ; 2.150      ;
; -1.111 ; uart_controller:uart_ctrl_inst|uart_tx:tx_inst|bit_cnt[1]  ; uart_controller:uart_ctrl_inst|uart_tx:tx_inst|state.IDLE  ; uart_controller:uart_ctrl_inst|baud_rate_gen:brg_inst|uart_tick ; uart_controller:uart_ctrl_inst|baud_rate_gen:brg_inst|uart_tick ; 1.000        ; 0.000      ; 2.147      ;
; -1.013 ; uart_controller:uart_ctrl_inst|uart_tx:tx_inst|state.IDLE  ; uart_controller:uart_ctrl_inst|uart_tx:tx_inst|tx_reg[1]   ; uart_controller:uart_ctrl_inst|baud_rate_gen:brg_inst|uart_tick ; uart_controller:uart_ctrl_inst|baud_rate_gen:brg_inst|uart_tick ; 1.000        ; 0.000      ; 2.049      ;
; -1.013 ; uart_controller:uart_ctrl_inst|uart_tx:tx_inst|state.IDLE  ; uart_controller:uart_ctrl_inst|uart_tx:tx_inst|tx_reg[0]   ; uart_controller:uart_ctrl_inst|baud_rate_gen:brg_inst|uart_tick ; uart_controller:uart_ctrl_inst|baud_rate_gen:brg_inst|uart_tick ; 1.000        ; 0.000      ; 2.049      ;
; -1.011 ; uart_rx_packet_new:packet_inst|LEDR[15]                    ; uart_controller:uart_ctrl_inst|uart_tx:tx_inst|state.DATA  ; CLOCK_50                                                        ; uart_controller:uart_ctrl_inst|baud_rate_gen:brg_inst|uart_tick ; 1.000        ; -0.396     ; 1.651      ;
; -1.008 ; uart_rx_packet_new:packet_inst|LEDR[15]                    ; uart_controller:uart_ctrl_inst|uart_tx:tx_inst|state.IDLE  ; CLOCK_50                                                        ; uart_controller:uart_ctrl_inst|baud_rate_gen:brg_inst|uart_tick ; 1.000        ; -0.396     ; 1.648      ;
; -0.958 ; uart_controller:uart_ctrl_inst|uart_tx:tx_inst|bit_cnt[2]  ; uart_controller:uart_ctrl_inst|uart_tx:tx_inst|state.DATA  ; uart_controller:uart_ctrl_inst|baud_rate_gen:brg_inst|uart_tick ; uart_controller:uart_ctrl_inst|baud_rate_gen:brg_inst|uart_tick ; 1.000        ; 0.000      ; 1.994      ;
; -0.955 ; uart_controller:uart_ctrl_inst|uart_tx:tx_inst|bit_cnt[2]  ; uart_controller:uart_ctrl_inst|uart_tx:tx_inst|state.IDLE  ; uart_controller:uart_ctrl_inst|baud_rate_gen:brg_inst|uart_tick ; uart_controller:uart_ctrl_inst|baud_rate_gen:brg_inst|uart_tick ; 1.000        ; 0.000      ; 1.991      ;
; -0.950 ; uart_controller:uart_ctrl_inst|uart_tx:tx_inst|state.STOP  ; uart_controller:uart_ctrl_inst|uart_tx:tx_inst|state.DATA  ; uart_controller:uart_ctrl_inst|baud_rate_gen:brg_inst|uart_tick ; uart_controller:uart_ctrl_inst|baud_rate_gen:brg_inst|uart_tick ; 1.000        ; 0.000      ; 1.986      ;
; -0.909 ; uart_controller:uart_ctrl_inst|uart_tx:tx_inst|state.IDLE  ; uart_controller:uart_ctrl_inst|uart_tx:tx_inst|tx_reg[4]   ; uart_controller:uart_ctrl_inst|baud_rate_gen:brg_inst|uart_tick ; uart_controller:uart_ctrl_inst|baud_rate_gen:brg_inst|uart_tick ; 1.000        ; 0.000      ; 1.945      ;
; -0.884 ; uart_controller:uart_ctrl_inst|uart_tx:tx_inst|state.START ; uart_controller:uart_ctrl_inst|uart_tx:tx_inst|bit_cnt[1]  ; uart_controller:uart_ctrl_inst|baud_rate_gen:brg_inst|uart_tick ; uart_controller:uart_ctrl_inst|baud_rate_gen:brg_inst|uart_tick ; 1.000        ; 0.000      ; 1.920      ;
; -0.876 ; uart_rx_packet_new:packet_inst|LEDR[15]                    ; uart_controller:uart_ctrl_inst|uart_tx:tx_inst|state.START ; CLOCK_50                                                        ; uart_controller:uart_ctrl_inst|baud_rate_gen:brg_inst|uart_tick ; 1.000        ; -0.396     ; 1.516      ;
; -0.835 ; uart_controller:uart_ctrl_inst|uart_tx:tx_inst|bit_cnt[0]  ; uart_controller:uart_ctrl_inst|uart_tx:tx_inst|state.DATA  ; uart_controller:uart_ctrl_inst|baud_rate_gen:brg_inst|uart_tick ; uart_controller:uart_ctrl_inst|baud_rate_gen:brg_inst|uart_tick ; 1.000        ; 0.000      ; 1.871      ;
; -0.832 ; uart_controller:uart_ctrl_inst|uart_tx:tx_inst|bit_cnt[0]  ; uart_controller:uart_ctrl_inst|uart_tx:tx_inst|state.IDLE  ; uart_controller:uart_ctrl_inst|baud_rate_gen:brg_inst|uart_tick ; uart_controller:uart_ctrl_inst|baud_rate_gen:brg_inst|uart_tick ; 1.000        ; 0.000      ; 1.868      ;
; -0.812 ; uart_controller:uart_ctrl_inst|uart_tx:tx_inst|tx_start_d  ; uart_controller:uart_ctrl_inst|uart_tx:tx_inst|state.DATA  ; uart_controller:uart_ctrl_inst|baud_rate_gen:brg_inst|uart_tick ; uart_controller:uart_ctrl_inst|baud_rate_gen:brg_inst|uart_tick ; 1.000        ; 0.000      ; 1.848      ;
; -0.809 ; uart_controller:uart_ctrl_inst|uart_tx:tx_inst|tx_start_d  ; uart_controller:uart_ctrl_inst|uart_tx:tx_inst|state.IDLE  ; uart_controller:uart_ctrl_inst|baud_rate_gen:brg_inst|uart_tick ; uart_controller:uart_ctrl_inst|baud_rate_gen:brg_inst|uart_tick ; 1.000        ; 0.000      ; 1.845      ;
; -0.793 ; uart_controller:uart_ctrl_inst|uart_tx:tx_inst|state.STOP  ; uart_controller:uart_ctrl_inst|uart_tx:tx_inst|tx_reg[1]   ; uart_controller:uart_ctrl_inst|baud_rate_gen:brg_inst|uart_tick ; uart_controller:uart_ctrl_inst|baud_rate_gen:brg_inst|uart_tick ; 1.000        ; 0.000      ; 1.829      ;
; -0.793 ; uart_controller:uart_ctrl_inst|uart_tx:tx_inst|state.STOP  ; uart_controller:uart_ctrl_inst|uart_tx:tx_inst|tx_reg[0]   ; uart_controller:uart_ctrl_inst|baud_rate_gen:brg_inst|uart_tick ; uart_controller:uart_ctrl_inst|baud_rate_gen:brg_inst|uart_tick ; 1.000        ; 0.000      ; 1.829      ;
; -0.791 ; uart_controller:uart_ctrl_inst|uart_tx:tx_inst|state.DATA  ; uart_controller:uart_ctrl_inst|uart_tx:tx_inst|bit_cnt[2]  ; uart_controller:uart_ctrl_inst|baud_rate_gen:brg_inst|uart_tick ; uart_controller:uart_ctrl_inst|baud_rate_gen:brg_inst|uart_tick ; 1.000        ; 0.000      ; 1.827      ;
; -0.769 ; uart_controller:uart_ctrl_inst|uart_tx:tx_inst|bit_cnt[2]  ; uart_controller:uart_ctrl_inst|uart_tx:tx_inst|bit_cnt[2]  ; uart_controller:uart_ctrl_inst|baud_rate_gen:brg_inst|uart_tick ; uart_controller:uart_ctrl_inst|baud_rate_gen:brg_inst|uart_tick ; 1.000        ; 0.000      ; 1.805      ;
; -0.744 ; uart_controller:uart_ctrl_inst|uart_tx:tx_inst|bit_cnt[0]  ; uart_controller:uart_ctrl_inst|uart_tx:tx_inst|bit_cnt[2]  ; uart_controller:uart_ctrl_inst|baud_rate_gen:brg_inst|uart_tick ; uart_controller:uart_ctrl_inst|baud_rate_gen:brg_inst|uart_tick ; 1.000        ; 0.000      ; 1.780      ;
; -0.741 ; uart_rx_packet_new:packet_inst|LEDR[15]                    ; uart_controller:uart_ctrl_inst|uart_tx:tx_inst|tx_start_d  ; CLOCK_50                                                        ; uart_controller:uart_ctrl_inst|baud_rate_gen:brg_inst|uart_tick ; 1.000        ; -0.396     ; 1.381      ;
; -0.689 ; uart_controller:uart_ctrl_inst|uart_tx:tx_inst|state.STOP  ; uart_controller:uart_ctrl_inst|uart_tx:tx_inst|tx_reg[4]   ; uart_controller:uart_ctrl_inst|baud_rate_gen:brg_inst|uart_tick ; uart_controller:uart_ctrl_inst|baud_rate_gen:brg_inst|uart_tick ; 1.000        ; 0.000      ; 1.725      ;
; -0.666 ; uart_controller:uart_ctrl_inst|uart_tx:tx_inst|state.START ; uart_controller:uart_ctrl_inst|uart_tx:tx_inst|state.DATA  ; uart_controller:uart_ctrl_inst|baud_rate_gen:brg_inst|uart_tick ; uart_controller:uart_ctrl_inst|baud_rate_gen:brg_inst|uart_tick ; 1.000        ; 0.000      ; 1.702      ;
; -0.663 ; uart_controller:uart_ctrl_inst|uart_tx:tx_inst|state.START ; uart_controller:uart_ctrl_inst|uart_tx:tx_inst|state.IDLE  ; uart_controller:uart_ctrl_inst|baud_rate_gen:brg_inst|uart_tick ; uart_controller:uart_ctrl_inst|baud_rate_gen:brg_inst|uart_tick ; 1.000        ; 0.000      ; 1.699      ;
; -0.658 ; uart_controller:uart_ctrl_inst|uart_tx:tx_inst|state.STOP  ; uart_controller:uart_ctrl_inst|uart_tx:tx_inst|bit_cnt[1]  ; uart_controller:uart_ctrl_inst|baud_rate_gen:brg_inst|uart_tick ; uart_controller:uart_ctrl_inst|baud_rate_gen:brg_inst|uart_tick ; 1.000        ; 0.000      ; 1.694      ;
; -0.631 ; uart_controller:uart_ctrl_inst|uart_tx:tx_inst|state.IDLE  ; uart_controller:uart_ctrl_inst|uart_tx:tx_inst|tx_reg[2]   ; uart_controller:uart_ctrl_inst|baud_rate_gen:brg_inst|uart_tick ; uart_controller:uart_ctrl_inst|baud_rate_gen:brg_inst|uart_tick ; 1.000        ; 0.000      ; 1.667      ;
; -0.628 ; uart_controller:uart_ctrl_inst|uart_tx:tx_inst|state.IDLE  ; uart_controller:uart_ctrl_inst|uart_tx:tx_inst|tx_reg[3]   ; uart_controller:uart_ctrl_inst|baud_rate_gen:brg_inst|uart_tick ; uart_controller:uart_ctrl_inst|baud_rate_gen:brg_inst|uart_tick ; 1.000        ; 0.000      ; 1.664      ;
; -0.508 ; uart_controller:uart_ctrl_inst|uart_tx:tx_inst|state.STOP  ; uart_controller:uart_ctrl_inst|uart_tx:tx_inst|state.IDLE  ; uart_controller:uart_ctrl_inst|baud_rate_gen:brg_inst|uart_tick ; uart_controller:uart_ctrl_inst|baud_rate_gen:brg_inst|uart_tick ; 1.000        ; 0.000      ; 1.544      ;
; -0.508 ; uart_controller:uart_ctrl_inst|uart_tx:tx_inst|bit_cnt[1]  ; uart_controller:uart_ctrl_inst|uart_tx:tx_inst|bit_cnt[2]  ; uart_controller:uart_ctrl_inst|baud_rate_gen:brg_inst|uart_tick ; uart_controller:uart_ctrl_inst|baud_rate_gen:brg_inst|uart_tick ; 1.000        ; 0.000      ; 1.544      ;
; -0.460 ; uart_controller:uart_ctrl_inst|uart_tx:tx_inst|tx_reg[4]   ; uart_controller:uart_ctrl_inst|uart_tx:tx_inst|tx_reg[3]   ; uart_controller:uart_ctrl_inst|baud_rate_gen:brg_inst|uart_tick ; uart_controller:uart_ctrl_inst|baud_rate_gen:brg_inst|uart_tick ; 1.000        ; 0.000      ; 1.496      ;
; -0.411 ; uart_controller:uart_ctrl_inst|uart_tx:tx_inst|state.STOP  ; uart_controller:uart_ctrl_inst|uart_tx:tx_inst|tx_reg[2]   ; uart_controller:uart_ctrl_inst|baud_rate_gen:brg_inst|uart_tick ; uart_controller:uart_ctrl_inst|baud_rate_gen:brg_inst|uart_tick ; 1.000        ; 0.000      ; 1.447      ;
; -0.408 ; uart_controller:uart_ctrl_inst|uart_tx:tx_inst|state.STOP  ; uart_controller:uart_ctrl_inst|uart_tx:tx_inst|tx_reg[3]   ; uart_controller:uart_ctrl_inst|baud_rate_gen:brg_inst|uart_tick ; uart_controller:uart_ctrl_inst|baud_rate_gen:brg_inst|uart_tick ; 1.000        ; 0.000      ; 1.444      ;
; -0.356 ; uart_rx_packet_new:packet_inst|tx_data[0]                  ; uart_controller:uart_ctrl_inst|uart_tx:tx_inst|tx_reg[4]   ; CLOCK_50                                                        ; uart_controller:uart_ctrl_inst|baud_rate_gen:brg_inst|uart_tick ; 1.000        ; -0.396     ; 0.996      ;
; -0.286 ; uart_rx_packet_new:packet_inst|tx_data[0]                  ; uart_controller:uart_ctrl_inst|uart_tx:tx_inst|tx_reg[0]   ; CLOCK_50                                                        ; uart_controller:uart_ctrl_inst|baud_rate_gen:brg_inst|uart_tick ; 1.000        ; -0.396     ; 0.926      ;
; -0.286 ; uart_controller:uart_ctrl_inst|uart_tx:tx_inst|tx_reg[0]   ; uart_controller:uart_ctrl_inst|uart_tx:tx_inst|tx          ; uart_controller:uart_ctrl_inst|baud_rate_gen:brg_inst|uart_tick ; uart_controller:uart_ctrl_inst|baud_rate_gen:brg_inst|uart_tick ; 1.000        ; 0.000      ; 1.322      ;
; -0.212 ; uart_controller:uart_ctrl_inst|uart_tx:tx_inst|tx_reg[2]   ; uart_controller:uart_ctrl_inst|uart_tx:tx_inst|tx_reg[1]   ; uart_controller:uart_ctrl_inst|baud_rate_gen:brg_inst|uart_tick ; uart_controller:uart_ctrl_inst|baud_rate_gen:brg_inst|uart_tick ; 1.000        ; 0.000      ; 1.248      ;
; -0.143 ; uart_rx_packet_new:packet_inst|tx_data[1]                  ; uart_controller:uart_ctrl_inst|uart_tx:tx_inst|tx_reg[1]   ; CLOCK_50                                                        ; uart_controller:uart_ctrl_inst|baud_rate_gen:brg_inst|uart_tick ; 1.000        ; -0.396     ; 0.783      ;
; -0.119 ; uart_controller:uart_ctrl_inst|uart_tx:tx_inst|state.DATA  ; uart_controller:uart_ctrl_inst|uart_tx:tx_inst|bit_cnt[0]  ; uart_controller:uart_ctrl_inst|baud_rate_gen:brg_inst|uart_tick ; uart_controller:uart_ctrl_inst|baud_rate_gen:brg_inst|uart_tick ; 1.000        ; 0.000      ; 1.155      ;
; -0.118 ; uart_controller:uart_ctrl_inst|uart_tx:tx_inst|state.DATA  ; uart_controller:uart_ctrl_inst|uart_tx:tx_inst|bit_cnt[1]  ; uart_controller:uart_ctrl_inst|baud_rate_gen:brg_inst|uart_tick ; uart_controller:uart_ctrl_inst|baud_rate_gen:brg_inst|uart_tick ; 1.000        ; 0.000      ; 1.154      ;
; -0.118 ; uart_controller:uart_ctrl_inst|uart_tx:tx_inst|state.DATA  ; uart_controller:uart_ctrl_inst|uart_tx:tx_inst|tx_reg[2]   ; uart_controller:uart_ctrl_inst|baud_rate_gen:brg_inst|uart_tick ; uart_controller:uart_ctrl_inst|baud_rate_gen:brg_inst|uart_tick ; 1.000        ; 0.000      ; 1.154      ;
; -0.110 ; uart_controller:uart_ctrl_inst|uart_tx:tx_inst|state.DATA  ; uart_controller:uart_ctrl_inst|uart_tx:tx_inst|tx_reg[3]   ; uart_controller:uart_ctrl_inst|baud_rate_gen:brg_inst|uart_tick ; uart_controller:uart_ctrl_inst|baud_rate_gen:brg_inst|uart_tick ; 1.000        ; 0.000      ; 1.146      ;
; -0.101 ; uart_controller:uart_ctrl_inst|uart_tx:tx_inst|state.STOP  ; uart_controller:uart_ctrl_inst|uart_tx:tx_inst|bit_cnt[0]  ; uart_controller:uart_ctrl_inst|baud_rate_gen:brg_inst|uart_tick ; uart_controller:uart_ctrl_inst|baud_rate_gen:brg_inst|uart_tick ; 1.000        ; 0.000      ; 1.137      ;
; -0.095 ; uart_controller:uart_ctrl_inst|uart_tx:tx_inst|state.START ; uart_controller:uart_ctrl_inst|uart_tx:tx_inst|bit_cnt[2]  ; uart_controller:uart_ctrl_inst|baud_rate_gen:brg_inst|uart_tick ; uart_controller:uart_ctrl_inst|baud_rate_gen:brg_inst|uart_tick ; 1.000        ; 0.000      ; 1.131      ;
; -0.093 ; uart_controller:uart_ctrl_inst|uart_tx:tx_inst|state.DATA  ; uart_controller:uart_ctrl_inst|uart_tx:tx_inst|tx_reg[0]   ; uart_controller:uart_ctrl_inst|baud_rate_gen:brg_inst|uart_tick ; uart_controller:uart_ctrl_inst|baud_rate_gen:brg_inst|uart_tick ; 1.000        ; 0.000      ; 1.129      ;
; -0.093 ; uart_controller:uart_ctrl_inst|uart_tx:tx_inst|state.DATA  ; uart_controller:uart_ctrl_inst|uart_tx:tx_inst|tx_reg[1]   ; uart_controller:uart_ctrl_inst|baud_rate_gen:brg_inst|uart_tick ; uart_controller:uart_ctrl_inst|baud_rate_gen:brg_inst|uart_tick ; 1.000        ; 0.000      ; 1.129      ;
; -0.088 ; uart_controller:uart_ctrl_inst|uart_tx:tx_inst|state.START ; uart_controller:uart_ctrl_inst|uart_tx:tx_inst|tx_reg[4]   ; uart_controller:uart_ctrl_inst|baud_rate_gen:brg_inst|uart_tick ; uart_controller:uart_ctrl_inst|baud_rate_gen:brg_inst|uart_tick ; 1.000        ; 0.000      ; 1.124      ;
; -0.086 ; uart_controller:uart_ctrl_inst|uart_tx:tx_inst|state.DATA  ; uart_controller:uart_ctrl_inst|uart_tx:tx_inst|state.STOP  ; uart_controller:uart_ctrl_inst|baud_rate_gen:brg_inst|uart_tick ; uart_controller:uart_ctrl_inst|baud_rate_gen:brg_inst|uart_tick ; 1.000        ; 0.000      ; 1.122      ;
; -0.080 ; uart_controller:uart_ctrl_inst|uart_tx:tx_inst|state.DATA  ; uart_controller:uart_ctrl_inst|uart_tx:tx_inst|tx          ; uart_controller:uart_ctrl_inst|baud_rate_gen:brg_inst|uart_tick ; uart_controller:uart_ctrl_inst|baud_rate_gen:brg_inst|uart_tick ; 1.000        ; 0.000      ; 1.116      ;
; -0.053 ; uart_controller:uart_ctrl_inst|uart_tx:tx_inst|state.STOP  ; uart_controller:uart_ctrl_inst|uart_tx:tx_inst|tx          ; uart_controller:uart_ctrl_inst|baud_rate_gen:brg_inst|uart_tick ; uart_controller:uart_ctrl_inst|baud_rate_gen:brg_inst|uart_tick ; 1.000        ; 0.000      ; 1.089      ;
; -0.049 ; uart_controller:uart_ctrl_inst|uart_tx:tx_inst|bit_cnt[1]  ; uart_controller:uart_ctrl_inst|uart_tx:tx_inst|state.STOP  ; uart_controller:uart_ctrl_inst|baud_rate_gen:brg_inst|uart_tick ; uart_controller:uart_ctrl_inst|baud_rate_gen:brg_inst|uart_tick ; 1.000        ; 0.000      ; 1.085      ;
; -0.044 ; uart_controller:uart_ctrl_inst|uart_tx:tx_inst|bit_cnt[0]  ; uart_controller:uart_ctrl_inst|uart_tx:tx_inst|bit_cnt[1]  ; uart_controller:uart_ctrl_inst|baud_rate_gen:brg_inst|uart_tick ; uart_controller:uart_ctrl_inst|baud_rate_gen:brg_inst|uart_tick ; 1.000        ; 0.000      ; 1.080      ;
; -0.030 ; uart_controller:uart_ctrl_inst|uart_tx:tx_inst|tx_reg[3]   ; uart_controller:uart_ctrl_inst|uart_tx:tx_inst|tx_reg[2]   ; uart_controller:uart_ctrl_inst|baud_rate_gen:brg_inst|uart_tick ; uart_controller:uart_ctrl_inst|baud_rate_gen:brg_inst|uart_tick ; 1.000        ; 0.000      ; 1.066      ;
; -0.020 ; uart_controller:uart_ctrl_inst|uart_tx:tx_inst|tx_reg[1]   ; uart_controller:uart_ctrl_inst|uart_tx:tx_inst|tx_reg[0]   ; uart_controller:uart_ctrl_inst|baud_rate_gen:brg_inst|uart_tick ; uart_controller:uart_ctrl_inst|baud_rate_gen:brg_inst|uart_tick ; 1.000        ; 0.000      ; 1.056      ;
; 0.107  ; uart_controller:uart_ctrl_inst|uart_tx:tx_inst|bit_cnt[2]  ; uart_controller:uart_ctrl_inst|uart_tx:tx_inst|state.STOP  ; uart_controller:uart_ctrl_inst|baud_rate_gen:brg_inst|uart_tick ; uart_controller:uart_ctrl_inst|baud_rate_gen:brg_inst|uart_tick ; 1.000        ; 0.000      ; 0.929      ;
; 0.108  ; uart_controller:uart_ctrl_inst|uart_tx:tx_inst|tx_start_d  ; uart_controller:uart_ctrl_inst|uart_tx:tx_inst|state.START ; uart_controller:uart_ctrl_inst|baud_rate_gen:brg_inst|uart_tick ; uart_controller:uart_ctrl_inst|baud_rate_gen:brg_inst|uart_tick ; 1.000        ; 0.000      ; 0.928      ;
; 0.171  ; uart_controller:uart_ctrl_inst|uart_tx:tx_inst|state.STOP  ; uart_controller:uart_ctrl_inst|uart_tx:tx_inst|bit_cnt[2]  ; uart_controller:uart_ctrl_inst|baud_rate_gen:brg_inst|uart_tick ; uart_controller:uart_ctrl_inst|baud_rate_gen:brg_inst|uart_tick ; 1.000        ; 0.000      ; 0.865      ;
; 0.179  ; uart_controller:uart_ctrl_inst|uart_tx:tx_inst|state.START ; uart_controller:uart_ctrl_inst|uart_tx:tx_inst|bit_cnt[0]  ; uart_controller:uart_ctrl_inst|baud_rate_gen:brg_inst|uart_tick ; uart_controller:uart_ctrl_inst|baud_rate_gen:brg_inst|uart_tick ; 1.000        ; 0.000      ; 0.857      ;
; 0.226  ; uart_controller:uart_ctrl_inst|uart_tx:tx_inst|state.IDLE  ; uart_controller:uart_ctrl_inst|uart_tx:tx_inst|state.START ; uart_controller:uart_ctrl_inst|baud_rate_gen:brg_inst|uart_tick ; uart_controller:uart_ctrl_inst|baud_rate_gen:brg_inst|uart_tick ; 1.000        ; 0.000      ; 0.810      ;
; 0.230  ; uart_controller:uart_ctrl_inst|uart_tx:tx_inst|state.IDLE  ; uart_controller:uart_ctrl_inst|uart_tx:tx_inst|tx          ; uart_controller:uart_ctrl_inst|baud_rate_gen:brg_inst|uart_tick ; uart_controller:uart_ctrl_inst|baud_rate_gen:brg_inst|uart_tick ; 1.000        ; 0.000      ; 0.806      ;
; 0.230  ; uart_controller:uart_ctrl_inst|uart_tx:tx_inst|bit_cnt[0]  ; uart_controller:uart_ctrl_inst|uart_tx:tx_inst|state.STOP  ; uart_controller:uart_ctrl_inst|baud_rate_gen:brg_inst|uart_tick ; uart_controller:uart_ctrl_inst|baud_rate_gen:brg_inst|uart_tick ; 1.000        ; 0.000      ; 0.806      ;
; 0.379  ; uart_controller:uart_ctrl_inst|uart_tx:tx_inst|state.IDLE  ; uart_controller:uart_ctrl_inst|uart_tx:tx_inst|state.IDLE  ; uart_controller:uart_ctrl_inst|baud_rate_gen:brg_inst|uart_tick ; uart_controller:uart_ctrl_inst|baud_rate_gen:brg_inst|uart_tick ; 1.000        ; 0.000      ; 0.657      ;
; 0.379  ; uart_controller:uart_ctrl_inst|uart_tx:tx_inst|tx_reg[4]   ; uart_controller:uart_ctrl_inst|uart_tx:tx_inst|tx_reg[4]   ; uart_controller:uart_ctrl_inst|baud_rate_gen:brg_inst|uart_tick ; uart_controller:uart_ctrl_inst|baud_rate_gen:brg_inst|uart_tick ; 1.000        ; 0.000      ; 0.657      ;
; 0.379  ; uart_controller:uart_ctrl_inst|uart_tx:tx_inst|bit_cnt[1]  ; uart_controller:uart_ctrl_inst|uart_tx:tx_inst|bit_cnt[1]  ; uart_controller:uart_ctrl_inst|baud_rate_gen:brg_inst|uart_tick ; uart_controller:uart_ctrl_inst|baud_rate_gen:brg_inst|uart_tick ; 1.000        ; 0.000      ; 0.657      ;
; 0.379  ; uart_controller:uart_ctrl_inst|uart_tx:tx_inst|tx_reg[2]   ; uart_controller:uart_ctrl_inst|uart_tx:tx_inst|tx_reg[2]   ; uart_controller:uart_ctrl_inst|baud_rate_gen:brg_inst|uart_tick ; uart_controller:uart_ctrl_inst|baud_rate_gen:brg_inst|uart_tick ; 1.000        ; 0.000      ; 0.657      ;
; 0.379  ; uart_controller:uart_ctrl_inst|uart_tx:tx_inst|tx_reg[3]   ; uart_controller:uart_ctrl_inst|uart_tx:tx_inst|tx_reg[3]   ; uart_controller:uart_ctrl_inst|baud_rate_gen:brg_inst|uart_tick ; uart_controller:uart_ctrl_inst|baud_rate_gen:brg_inst|uart_tick ; 1.000        ; 0.000      ; 0.657      ;
; 0.379  ; uart_controller:uart_ctrl_inst|uart_tx:tx_inst|bit_cnt[0]  ; uart_controller:uart_ctrl_inst|uart_tx:tx_inst|bit_cnt[0]  ; uart_controller:uart_ctrl_inst|baud_rate_gen:brg_inst|uart_tick ; uart_controller:uart_ctrl_inst|baud_rate_gen:brg_inst|uart_tick ; 1.000        ; 0.000      ; 0.657      ;
+--------+------------------------------------------------------------+------------------------------------------------------------+-----------------------------------------------------------------+-----------------------------------------------------------------+--------------+------------+------------+


+-------------------------------------------------------------------------------------------------------------------------------------------------------------------------------------------------------------------------------------------------------------------------------------------------------------------------------+
; Slow Model Hold: 'CLOCK_50'                                                                                                                                                                                                                                                                                                   ;
+-------+-----------------------------------------------------------------------+----------------------------------------------------------------------------------------------------------------------+-----------------------------------------------------------------+-------------+--------------+------------+------------+
; Slack ; From Node                                                             ; To Node                                                                                                              ; Launch Clock                                                    ; Latch Clock ; Relationship ; Clock Skew ; Data Delay ;
+-------+-----------------------------------------------------------------------+----------------------------------------------------------------------------------------------------------------------+-----------------------------------------------------------------+-------------+--------------+------------+------------+
; 0.278 ; uart_controller:uart_ctrl_inst|uart_rx:rx_inst|data_out[2]            ; uart_rx_packet_new:packet_inst|buffer_rtl_0_bypass[19]                                                               ; uart_controller:uart_ctrl_inst|baud_rate_gen:brg_inst|ov_tick   ; CLOCK_50    ; 0.000        ; 0.392      ; 0.936      ;
; 0.391 ; sram_packet_writer:sram_writer_inst|current_state.FINISH              ; sram_packet_writer:sram_writer_inst|current_state.FINISH                                                             ; CLOCK_50                                                        ; CLOCK_50    ; 0.000        ; 0.000      ; 0.657      ;
; 0.391 ; sram_packet_writer:sram_writer_inst|packet_cnt[0]                     ; sram_packet_writer:sram_writer_inst|packet_cnt[0]                                                                    ; CLOCK_50                                                        ; CLOCK_50    ; 0.000        ; 0.000      ; 0.657      ;
; 0.391 ; uart_controller:uart_ctrl_inst|baud_rate_gen:brg_inst|ov_counter[1]   ; uart_controller:uart_ctrl_inst|baud_rate_gen:brg_inst|ov_counter[1]                                                  ; CLOCK_50                                                        ; CLOCK_50    ; 0.000        ; 0.000      ; 0.657      ;
; 0.391 ; uart_rx_packet_new:packet_inst|state.REC_CRC8                         ; uart_rx_packet_new:packet_inst|state.REC_CRC8                                                                        ; CLOCK_50                                                        ; CLOCK_50    ; 0.000        ; 0.000      ; 0.657      ;
; 0.391 ; uart_rx_packet_new:packet_inst|byte_cnt[0]                            ; uart_rx_packet_new:packet_inst|byte_cnt[0]                                                                           ; CLOCK_50                                                        ; CLOCK_50    ; 0.000        ; 0.000      ; 0.657      ;
; 0.391 ; uart_rx_packet_new:packet_inst|byte_cnt[1]                            ; uart_rx_packet_new:packet_inst|byte_cnt[1]                                                                           ; CLOCK_50                                                        ; CLOCK_50    ; 0.000        ; 0.000      ; 0.657      ;
; 0.391 ; uart_rx_packet_new:packet_inst|byte_cnt[2]                            ; uart_rx_packet_new:packet_inst|byte_cnt[2]                                                                           ; CLOCK_50                                                        ; CLOCK_50    ; 0.000        ; 0.000      ; 0.657      ;
; 0.391 ; uart_rx_packet_new:packet_inst|byte_cnt[3]                            ; uart_rx_packet_new:packet_inst|byte_cnt[3]                                                                           ; CLOCK_50                                                        ; CLOCK_50    ; 0.000        ; 0.000      ; 0.657      ;
; 0.391 ; uart_rx_packet_new:packet_inst|byte_cnt[4]                            ; uart_rx_packet_new:packet_inst|byte_cnt[4]                                                                           ; CLOCK_50                                                        ; CLOCK_50    ; 0.000        ; 0.000      ; 0.657      ;
; 0.391 ; uart_rx_packet_new:packet_inst|byte_cnt[5]                            ; uart_rx_packet_new:packet_inst|byte_cnt[5]                                                                           ; CLOCK_50                                                        ; CLOCK_50    ; 0.000        ; 0.000      ; 0.657      ;
; 0.391 ; uart_rx_packet_new:packet_inst|byte_cnt[6]                            ; uart_rx_packet_new:packet_inst|byte_cnt[6]                                                                           ; CLOCK_50                                                        ; CLOCK_50    ; 0.000        ; 0.000      ; 0.657      ;
; 0.391 ; uart_rx_packet_new:packet_inst|byte_cnt[7]                            ; uart_rx_packet_new:packet_inst|byte_cnt[7]                                                                           ; CLOCK_50                                                        ; CLOCK_50    ; 0.000        ; 0.000      ; 0.657      ;
; 0.391 ; uart_rx_packet_new:packet_inst|state.CLEAR_DATA                       ; uart_rx_packet_new:packet_inst|state.CLEAR_DATA                                                                      ; CLOCK_50                                                        ; CLOCK_50    ; 0.000        ; 0.000      ; 0.657      ;
; 0.391 ; uart_rx_packet_new:packet_inst|state.DATA                             ; uart_rx_packet_new:packet_inst|state.DATA                                                                            ; CLOCK_50                                                        ; CLOCK_50    ; 0.000        ; 0.000      ; 0.657      ;
; 0.391 ; uart_rx_packet_new:packet_inst|state.CLEAR_CRC                        ; uart_rx_packet_new:packet_inst|state.CLEAR_CRC                                                                       ; CLOCK_50                                                        ; CLOCK_50    ; 0.000        ; 0.000      ; 0.657      ;
; 0.391 ; uart_rx_packet_new:packet_inst|crc[2]                                 ; uart_rx_packet_new:packet_inst|crc[2]                                                                                ; CLOCK_50                                                        ; CLOCK_50    ; 0.000        ; 0.000      ; 0.657      ;
; 0.391 ; uart_rx_packet_new:packet_inst|crc[4]                                 ; uart_rx_packet_new:packet_inst|crc[4]                                                                                ; CLOCK_50                                                        ; CLOCK_50    ; 0.000        ; 0.000      ; 0.657      ;
; 0.391 ; uart_rx_packet_new:packet_inst|crc[6]                                 ; uart_rx_packet_new:packet_inst|crc[6]                                                                                ; CLOCK_50                                                        ; CLOCK_50    ; 0.000        ; 0.000      ; 0.657      ;
; 0.391 ; uart_rx_packet_new:packet_inst|crc[0]                                 ; uart_rx_packet_new:packet_inst|crc[0]                                                                                ; CLOCK_50                                                        ; CLOCK_50    ; 0.000        ; 0.000      ; 0.657      ;
; 0.391 ; uart_controller:uart_ctrl_inst|baud_rate_gen:brg_inst|uart_counter[0] ; uart_controller:uart_ctrl_inst|baud_rate_gen:brg_inst|uart_counter[0]                                                ; CLOCK_50                                                        ; CLOCK_50    ; 0.000        ; 0.000      ; 0.657      ;
; 0.391 ; uart_controller:uart_ctrl_inst|baud_rate_gen:brg_inst|uart_counter[1] ; uart_controller:uart_ctrl_inst|baud_rate_gen:brg_inst|uart_counter[1]                                                ; CLOCK_50                                                        ; CLOCK_50    ; 0.000        ; 0.000      ; 0.657      ;
; 0.391 ; uart_controller:uart_ctrl_inst|baud_rate_gen:brg_inst|uart_counter[2] ; uart_controller:uart_ctrl_inst|baud_rate_gen:brg_inst|uart_counter[2]                                                ; CLOCK_50                                                        ; CLOCK_50    ; 0.000        ; 0.000      ; 0.657      ;
; 0.391 ; sram_packet_writer:sram_writer_inst|current_state.IDLE                ; sram_packet_writer:sram_writer_inst|current_state.IDLE                                                               ; CLOCK_50                                                        ; CLOCK_50    ; 0.000        ; 0.000      ; 0.657      ;
; 0.391 ; packet_cnt[0]                                                         ; packet_cnt[0]                                                                                                        ; CLOCK_50                                                        ; CLOCK_50    ; 0.000        ; 0.000      ; 0.657      ;
; 0.516 ; sram_packet_writer:sram_writer_inst|data_low[5]                       ; sram_packet_writer:sram_writer_inst|w_data[5]                                                                        ; CLOCK_50                                                        ; CLOCK_50    ; 0.000        ; 0.000      ; 0.782      ;
; 0.520 ; sram_packet_writer:sram_writer_inst|data_low[4]                       ; sram_packet_writer:sram_writer_inst|w_data[4]                                                                        ; CLOCK_50                                                        ; CLOCK_50    ; 0.000        ; 0.000      ; 0.786      ;
; 0.531 ; uart_rx_packet_new:packet_inst|timeout_cnt[31]                        ; uart_rx_packet_new:packet_inst|timeout_cnt[31]                                                                       ; CLOCK_50                                                        ; CLOCK_50    ; 0.000        ; 0.000      ; 0.797      ;
; 0.531 ; packet_cnt[11]                                                        ; packet_cnt[11]                                                                                                       ; CLOCK_50                                                        ; CLOCK_50    ; 0.000        ; 0.000      ; 0.797      ;
; 0.540 ; uart_rx_packet_new:packet_inst|crc[3]                                 ; uart_rx_packet_new:packet_inst|crc[5]                                                                                ; CLOCK_50                                                        ; CLOCK_50    ; 0.000        ; 0.000      ; 0.806      ;
; 0.548 ; uart_rx_packet_new:packet_inst|state.REC_CRC8                         ; uart_rx_packet_new:packet_inst|state.ACK                                                                             ; CLOCK_50                                                        ; CLOCK_50    ; 0.000        ; 0.000      ; 0.814      ;
; 0.555 ; sram_packet_writer:sram_writer_inst|current_state.SRAM_WRITE          ; sram_packet_writer:sram_writer_inst|current_state.WRITE_DATA_1                                                       ; CLOCK_50                                                        ; CLOCK_50    ; 0.000        ; 0.000      ; 0.821      ;
; 0.555 ; uart_controller:uart_ctrl_inst|uart_rx:rx_inst|data_out[3]            ; uart_rx_packet_new:packet_inst|buffer_rtl_0_bypass[20]                                                               ; uart_controller:uart_ctrl_inst|baud_rate_gen:brg_inst|ov_tick   ; CLOCK_50    ; 0.000        ; 0.406      ; 1.227      ;
; 0.556 ; uart_controller:uart_ctrl_inst|uart_rx:rx_inst|data_out[3]            ; uart_rx_packet_new:packet_inst|crc_rec[3]                                                                            ; uart_controller:uart_ctrl_inst|baud_rate_gen:brg_inst|ov_tick   ; CLOCK_50    ; 0.000        ; 0.406      ; 1.228      ;
; 0.571 ; uart_controller:uart_ctrl_inst|uart_tx:tx_inst|state.IDLE             ; uart_rx_packet_new:packet_inst|state.CLEAR_IDLE                                                                      ; uart_controller:uart_ctrl_inst|baud_rate_gen:brg_inst|uart_tick ; CLOCK_50    ; 0.000        ; 0.376      ; 1.213      ;
; 0.577 ; uart_controller:uart_ctrl_inst|uart_rx:rx_inst|data_out[6]            ; uart_rx_packet_new:packet_inst|buffer_rtl_0_bypass[23]                                                               ; uart_controller:uart_ctrl_inst|baud_rate_gen:brg_inst|ov_tick   ; CLOCK_50    ; 0.000        ; 0.406      ; 1.249      ;
; 0.578 ; uart_controller:uart_ctrl_inst|uart_rx:rx_inst|data_out[6]            ; uart_rx_packet_new:packet_inst|crc_rec[6]                                                                            ; uart_controller:uart_ctrl_inst|baud_rate_gen:brg_inst|ov_tick   ; CLOCK_50    ; 0.000        ; 0.406      ; 1.250      ;
; 0.584 ; uart_controller:uart_ctrl_inst|uart_rx:rx_inst|data_out[1]            ; uart_rx_packet_new:packet_inst|buffer_rtl_0_bypass[18]                                                               ; uart_controller:uart_ctrl_inst|baud_rate_gen:brg_inst|ov_tick   ; CLOCK_50    ; 0.000        ; 0.406      ; 1.256      ;
; 0.587 ; uart_controller:uart_ctrl_inst|uart_rx:rx_inst|data_out[1]            ; uart_rx_packet_new:packet_inst|crc_rec[1]                                                                            ; uart_controller:uart_ctrl_inst|baud_rate_gen:brg_inst|ov_tick   ; CLOCK_50    ; 0.000        ; 0.406      ; 1.259      ;
; 0.592 ; uart_controller:uart_ctrl_inst|uart_rx:rx_inst|data_out[1]            ; uart_rx_packet_new:packet_inst|crc[3]                                                                                ; uart_controller:uart_ctrl_inst|baud_rate_gen:brg_inst|ov_tick   ; CLOCK_50    ; 0.000        ; 0.394      ; 1.252      ;
; 0.601 ; uart_controller:uart_ctrl_inst|uart_rx:rx_inst|data_out[0]            ; uart_rx_packet_new:packet_inst|crc[2]                                                                                ; uart_controller:uart_ctrl_inst|baud_rate_gen:brg_inst|ov_tick   ; CLOCK_50    ; 0.000        ; 0.394      ; 1.261      ;
; 0.603 ; uart_controller:uart_ctrl_inst|uart_rx:rx_inst|data_out[0]            ; uart_rx_packet_new:packet_inst|crc[1]                                                                                ; uart_controller:uart_ctrl_inst|baud_rate_gen:brg_inst|ov_tick   ; CLOCK_50    ; 0.000        ; 0.394      ; 1.263      ;
; 0.641 ; uart_controller:uart_ctrl_inst|uart_rx:rx_inst|data_out[2]            ; uart_rx_packet_new:packet_inst|crc[2]                                                                                ; uart_controller:uart_ctrl_inst|baud_rate_gen:brg_inst|ov_tick   ; CLOCK_50    ; 0.000        ; 0.394      ; 1.301      ;
; 0.669 ; uart_controller:uart_ctrl_inst|baud_rate_gen:brg_inst|uart_counter[1] ; uart_controller:uart_ctrl_inst|baud_rate_gen:brg_inst|uart_tick                                                      ; CLOCK_50                                                        ; CLOCK_50    ; 0.000        ; 0.000      ; 0.935      ;
; 0.705 ; uart_controller:uart_ctrl_inst|uart_rx:rx_inst|data_out[5]            ; uart_rx_packet_new:packet_inst|buffer_rtl_0_bypass[22]                                                               ; uart_controller:uart_ctrl_inst|baud_rate_gen:brg_inst|ov_tick   ; CLOCK_50    ; 0.000        ; 0.406      ; 1.377      ;
; 0.707 ; uart_controller:uart_ctrl_inst|uart_rx:rx_inst|data_out[5]            ; uart_rx_packet_new:packet_inst|crc_rec[5]                                                                            ; uart_controller:uart_ctrl_inst|baud_rate_gen:brg_inst|ov_tick   ; CLOCK_50    ; 0.000        ; 0.406      ; 1.379      ;
; 0.715 ; sram_packet_writer:sram_writer_inst|data_low[1]                       ; sram_packet_writer:sram_writer_inst|w_data[1]                                                                        ; CLOCK_50                                                        ; CLOCK_50    ; 0.000        ; 0.000      ; 0.981      ;
; 0.719 ; uart_controller:uart_ctrl_inst|uart_rx:rx_inst|data_out[7]            ; uart_rx_packet_new:packet_inst|crc_rec[7]                                                                            ; uart_controller:uart_ctrl_inst|baud_rate_gen:brg_inst|ov_tick   ; CLOCK_50    ; 0.000        ; 0.406      ; 1.391      ;
; 0.720 ; sram_packet_writer:sram_writer_inst|word_index[6]                     ; sram_packet_writer:sram_writer_inst|addr_latch[6]                                                                    ; CLOCK_50                                                        ; CLOCK_50    ; 0.000        ; -0.002     ; 0.984      ;
; 0.721 ; sram_packet_writer:sram_writer_inst|word_index[4]                     ; sram_packet_writer:sram_writer_inst|addr_latch[4]                                                                    ; CLOCK_50                                                        ; CLOCK_50    ; 0.000        ; -0.002     ; 0.985      ;
; 0.732 ; uart_controller:uart_ctrl_inst|uart_rx:rx_inst|data_out[0]            ; uart_rx_packet_new:packet_inst|buffer_rtl_0_bypass[17]                                                               ; uart_controller:uart_ctrl_inst|baud_rate_gen:brg_inst|ov_tick   ; CLOCK_50    ; 0.000        ; 0.406      ; 1.404      ;
; 0.734 ; uart_controller:uart_ctrl_inst|uart_rx:rx_inst|data_out[0]            ; uart_rx_packet_new:packet_inst|crc_rec[0]                                                                            ; uart_controller:uart_ctrl_inst|baud_rate_gen:brg_inst|ov_tick   ; CLOCK_50    ; 0.000        ; 0.406      ; 1.406      ;
; 0.784 ; uart_rx_packet_new:packet_inst|buffer~7                               ; sram_packet_writer:sram_writer_inst|data_low[6]                                                                      ; CLOCK_50                                                        ; CLOCK_50    ; 0.000        ; 0.000      ; 1.050      ;
; 0.785 ; uart_rx_packet_new:packet_inst|buffer~4                               ; sram_packet_writer:sram_writer_inst|data_low[3]                                                                      ; CLOCK_50                                                        ; CLOCK_50    ; 0.000        ; 0.000      ; 1.051      ;
; 0.791 ; sram_packet_writer:sram_writer_inst|current_state.UPDATE              ; sram_packet_writer:sram_writer_inst|packet_pd_address_latch[2]                                                       ; CLOCK_50                                                        ; CLOCK_50    ; 0.000        ; 0.000      ; 1.057      ;
; 0.793 ; sram_packet_writer:sram_writer_inst|current_state.UPDATE              ; sram_packet_writer:sram_writer_inst|packet_pd_address_latch[0]                                                       ; CLOCK_50                                                        ; CLOCK_50    ; 0.000        ; 0.000      ; 1.059      ;
; 0.794 ; sram_packet_writer:sram_writer_inst|current_state.UPDATE              ; sram_packet_writer:sram_writer_inst|packet_pd_address_latch[4]                                                       ; CLOCK_50                                                        ; CLOCK_50    ; 0.000        ; 0.000      ; 1.060      ;
; 0.794 ; uart_controller:uart_ctrl_inst|uart_rx:rx_inst|data_out[3]            ; uart_rx_packet_new:packet_inst|altsyncram:buffer_rtl_0|altsyncram_09c1:auto_generated|ram_block1a0~porta_datain_reg3 ; uart_controller:uart_ctrl_inst|baud_rate_gen:brg_inst|ov_tick   ; CLOCK_50    ; 0.000        ; 0.464      ; 1.492      ;
; 0.795 ; uart_rx_packet_new:packet_inst|timeout_cnt[0]                         ; uart_rx_packet_new:packet_inst|timeout_cnt[0]                                                                        ; CLOCK_50                                                        ; CLOCK_50    ; 0.000        ; 0.000      ; 1.061      ;
; 0.795 ; uart_rx_packet_new:packet_inst|timeout_cnt[16]                        ; uart_rx_packet_new:packet_inst|timeout_cnt[16]                                                                       ; CLOCK_50                                                        ; CLOCK_50    ; 0.000        ; 0.000      ; 1.061      ;
; 0.795 ; packet_cnt[3]                                                         ; packet_cnt[3]                                                                                                        ; CLOCK_50                                                        ; CLOCK_50    ; 0.000        ; 0.000      ; 1.061      ;
; 0.801 ; packet_cnt[5]                                                         ; packet_cnt[5]                                                                                                        ; CLOCK_50                                                        ; CLOCK_50    ; 0.000        ; 0.000      ; 1.067      ;
; 0.802 ; uart_rx_packet_new:packet_inst|timeout_cnt[13]                        ; uart_rx_packet_new:packet_inst|timeout_cnt[13]                                                                       ; CLOCK_50                                                        ; CLOCK_50    ; 0.000        ; 0.000      ; 1.068      ;
; 0.802 ; uart_rx_packet_new:packet_inst|timeout_cnt[14]                        ; uart_rx_packet_new:packet_inst|timeout_cnt[14]                                                                       ; CLOCK_50                                                        ; CLOCK_50    ; 0.000        ; 0.000      ; 1.068      ;
; 0.802 ; packet_cnt[7]                                                         ; packet_cnt[7]                                                                                                        ; CLOCK_50                                                        ; CLOCK_50    ; 0.000        ; 0.000      ; 1.068      ;
; 0.805 ; uart_rx_packet_new:packet_inst|timeout_cnt[1]                         ; uart_rx_packet_new:packet_inst|timeout_cnt[1]                                                                        ; CLOCK_50                                                        ; CLOCK_50    ; 0.000        ; 0.000      ; 1.071      ;
; 0.805 ; uart_rx_packet_new:packet_inst|timeout_cnt[17]                        ; uart_rx_packet_new:packet_inst|timeout_cnt[17]                                                                       ; CLOCK_50                                                        ; CLOCK_50    ; 0.000        ; 0.000      ; 1.071      ;
; 0.805 ; uart_controller:uart_ctrl_inst|uart_rx:rx_inst|data_out[7]            ; uart_rx_packet_new:packet_inst|altsyncram:buffer_rtl_0|altsyncram_09c1:auto_generated|ram_block1a0~porta_datain_reg7 ; uart_controller:uart_ctrl_inst|baud_rate_gen:brg_inst|ov_tick   ; CLOCK_50    ; 0.000        ; 0.464      ; 1.503      ;
; 0.805 ; uart_controller:uart_ctrl_inst|uart_rx:rx_inst|data_out[0]            ; uart_rx_packet_new:packet_inst|altsyncram:buffer_rtl_0|altsyncram_09c1:auto_generated|ram_block1a0~porta_datain_reg0 ; uart_controller:uart_ctrl_inst|baud_rate_gen:brg_inst|ov_tick   ; CLOCK_50    ; 0.000        ; 0.464      ; 1.503      ;
; 0.806 ; uart_rx_packet_new:packet_inst|timeout_cnt[2]                         ; uart_rx_packet_new:packet_inst|timeout_cnt[2]                                                                        ; CLOCK_50                                                        ; CLOCK_50    ; 0.000        ; 0.000      ; 1.072      ;
; 0.806 ; uart_rx_packet_new:packet_inst|timeout_cnt[4]                         ; uart_rx_packet_new:packet_inst|timeout_cnt[4]                                                                        ; CLOCK_50                                                        ; CLOCK_50    ; 0.000        ; 0.000      ; 1.072      ;
; 0.806 ; uart_rx_packet_new:packet_inst|timeout_cnt[7]                         ; uart_rx_packet_new:packet_inst|timeout_cnt[7]                                                                        ; CLOCK_50                                                        ; CLOCK_50    ; 0.000        ; 0.000      ; 1.072      ;
; 0.806 ; uart_rx_packet_new:packet_inst|timeout_cnt[9]                         ; uart_rx_packet_new:packet_inst|timeout_cnt[9]                                                                        ; CLOCK_50                                                        ; CLOCK_50    ; 0.000        ; 0.000      ; 1.072      ;
; 0.806 ; uart_rx_packet_new:packet_inst|timeout_cnt[11]                        ; uart_rx_packet_new:packet_inst|timeout_cnt[11]                                                                       ; CLOCK_50                                                        ; CLOCK_50    ; 0.000        ; 0.000      ; 1.072      ;
; 0.806 ; uart_rx_packet_new:packet_inst|timeout_cnt[18]                        ; uart_rx_packet_new:packet_inst|timeout_cnt[18]                                                                       ; CLOCK_50                                                        ; CLOCK_50    ; 0.000        ; 0.000      ; 1.072      ;
; 0.806 ; uart_rx_packet_new:packet_inst|timeout_cnt[20]                        ; uart_rx_packet_new:packet_inst|timeout_cnt[20]                                                                       ; CLOCK_50                                                        ; CLOCK_50    ; 0.000        ; 0.000      ; 1.072      ;
; 0.806 ; uart_rx_packet_new:packet_inst|timeout_cnt[23]                        ; uart_rx_packet_new:packet_inst|timeout_cnt[23]                                                                       ; CLOCK_50                                                        ; CLOCK_50    ; 0.000        ; 0.000      ; 1.072      ;
; 0.806 ; uart_rx_packet_new:packet_inst|timeout_cnt[25]                        ; uart_rx_packet_new:packet_inst|timeout_cnt[25]                                                                       ; CLOCK_50                                                        ; CLOCK_50    ; 0.000        ; 0.000      ; 1.072      ;
; 0.806 ; uart_rx_packet_new:packet_inst|timeout_cnt[27]                        ; uart_rx_packet_new:packet_inst|timeout_cnt[27]                                                                       ; CLOCK_50                                                        ; CLOCK_50    ; 0.000        ; 0.000      ; 1.072      ;
; 0.806 ; uart_rx_packet_new:packet_inst|timeout_cnt[29]                        ; uart_rx_packet_new:packet_inst|timeout_cnt[29]                                                                       ; CLOCK_50                                                        ; CLOCK_50    ; 0.000        ; 0.000      ; 1.072      ;
; 0.806 ; uart_rx_packet_new:packet_inst|timeout_cnt[30]                        ; uart_rx_packet_new:packet_inst|timeout_cnt[30]                                                                       ; CLOCK_50                                                        ; CLOCK_50    ; 0.000        ; 0.000      ; 1.072      ;
; 0.806 ; packet_cnt[9]                                                         ; packet_cnt[9]                                                                                                        ; CLOCK_50                                                        ; CLOCK_50    ; 0.000        ; 0.000      ; 1.072      ;
; 0.806 ; packet_cnt[10]                                                        ; packet_cnt[10]                                                                                                       ; CLOCK_50                                                        ; CLOCK_50    ; 0.000        ; 0.000      ; 1.072      ;
; 0.806 ; uart_controller:uart_ctrl_inst|uart_rx:rx_inst|data_out[5]            ; uart_rx_packet_new:packet_inst|crc[7]                                                                                ; uart_controller:uart_ctrl_inst|baud_rate_gen:brg_inst|ov_tick   ; CLOCK_50    ; 0.000        ; 0.394      ; 1.466      ;
; 0.808 ; sram_packet_writer:sram_writer_inst|packet_cnt[8]                     ; sram_packet_writer:sram_writer_inst|packet_cnt[8]                                                                    ; CLOCK_50                                                        ; CLOCK_50    ; 0.000        ; 0.000      ; 1.074      ;
; 0.809 ; uart_rx_packet_new:packet_inst|state.CLEAR_DATA                       ; uart_rx_packet_new:packet_inst|state.DATA                                                                            ; CLOCK_50                                                        ; CLOCK_50    ; 0.000        ; 0.000      ; 1.075      ;
; 0.809 ; uart_controller:uart_ctrl_inst|baud_rate_gen:brg_inst|uart_counter[0] ; uart_controller:uart_ctrl_inst|baud_rate_gen:brg_inst|uart_tick                                                      ; CLOCK_50                                                        ; CLOCK_50    ; 0.000        ; 0.000      ; 1.075      ;
; 0.812 ; sram_packet_writer:sram_writer_inst|word_index[4]                     ; sram_packet_writer:sram_writer_inst|word_index[4]                                                                    ; CLOCK_50                                                        ; CLOCK_50    ; 0.000        ; 0.000      ; 1.078      ;
; 0.813 ; uart_controller:uart_ctrl_inst|baud_rate_gen:brg_inst|ov_counter[0]   ; uart_controller:uart_ctrl_inst|baud_rate_gen:brg_inst|ov_counter[0]                                                  ; CLOCK_50                                                        ; CLOCK_50    ; 0.000        ; 0.000      ; 1.079      ;
; 0.813 ; sram_packet_writer:sram_writer_inst|word_index[2]                     ; sram_packet_writer:sram_writer_inst|word_index[2]                                                                    ; CLOCK_50                                                        ; CLOCK_50    ; 0.000        ; 0.000      ; 1.079      ;
; 0.813 ; sram_packet_writer:sram_writer_inst|word_index[6]                     ; sram_packet_writer:sram_writer_inst|word_index[6]                                                                    ; CLOCK_50                                                        ; CLOCK_50    ; 0.000        ; 0.000      ; 1.079      ;
; 0.813 ; uart_controller:uart_ctrl_inst|baud_rate_gen:brg_inst|uart_counter[2] ; uart_controller:uart_ctrl_inst|baud_rate_gen:brg_inst|uart_tick                                                      ; CLOCK_50                                                        ; CLOCK_50    ; 0.000        ; 0.000      ; 1.079      ;
; 0.816 ; uart_controller:uart_ctrl_inst|uart_rx:rx_inst|data_out[1]            ; uart_rx_packet_new:packet_inst|altsyncram:buffer_rtl_0|altsyncram_09c1:auto_generated|ram_block1a0~porta_datain_reg1 ; uart_controller:uart_ctrl_inst|baud_rate_gen:brg_inst|ov_tick   ; CLOCK_50    ; 0.000        ; 0.464      ; 1.514      ;
; 0.818 ; sram_packet_writer:sram_writer_inst|word_index[2]                     ; sram_packet_writer:sram_writer_inst|addr_latch[2]                                                                    ; CLOCK_50                                                        ; CLOCK_50    ; 0.000        ; -0.002     ; 1.082      ;
; 0.820 ; uart_rx_packet_new:packet_inst|state.DATA                             ; uart_rx_packet_new:packet_inst|byte_cnt[7]                                                                           ; CLOCK_50                                                        ; CLOCK_50    ; 0.000        ; 0.000      ; 1.086      ;
; 0.821 ; sram_packet_writer:sram_writer_inst|packet_cnt[1]                     ; sram_packet_writer:sram_writer_inst|packet_cnt[1]                                                                    ; CLOCK_50                                                        ; CLOCK_50    ; 0.000        ; 0.000      ; 1.087      ;
; 0.821 ; sram_packet_writer:sram_writer_inst|packet_cnt[3]                     ; sram_packet_writer:sram_writer_inst|packet_cnt[3]                                                                    ; CLOCK_50                                                        ; CLOCK_50    ; 0.000        ; 0.000      ; 1.087      ;
; 0.822 ; sram_packet_writer:sram_writer_inst|packet_cnt[6]                     ; sram_packet_writer:sram_writer_inst|packet_cnt[6]                                                                    ; CLOCK_50                                                        ; CLOCK_50    ; 0.000        ; 0.000      ; 1.088      ;
; 0.822 ; uart_controller:uart_ctrl_inst|uart_rx:rx_inst|data_out[6]            ; uart_rx_packet_new:packet_inst|crc[6]                                                                                ; uart_controller:uart_ctrl_inst|baud_rate_gen:brg_inst|ov_tick   ; CLOCK_50    ; 0.000        ; 0.394      ; 1.482      ;
; 0.824 ; uart_rx_packet_new:packet_inst|state.DATA                             ; uart_rx_packet_new:packet_inst|byte_cnt[2]                                                                           ; CLOCK_50                                                        ; CLOCK_50    ; 0.000        ; 0.000      ; 1.090      ;
+-------+-----------------------------------------------------------------------+----------------------------------------------------------------------------------------------------------------------+-----------------------------------------------------------------+-------------+--------------+------------+------------+


+----------------------------------------------------------------------------------------------------------------------------------------------------------------------------------------------------------------------------------------------------------------------------------------------------------------------------+
; Slow Model Hold: 'uart_controller:uart_ctrl_inst|baud_rate_gen:brg_inst|ov_tick'                                                                                                                                                                                                                                           ;
+-------+---------------------------------------------------------------------+---------------------------------------------------------------------+---------------------------------------------------------------+---------------------------------------------------------------+--------------+------------+------------+
; Slack ; From Node                                                           ; To Node                                                             ; Launch Clock                                                  ; Latch Clock                                                   ; Relationship ; Clock Skew ; Data Delay ;
+-------+---------------------------------------------------------------------+---------------------------------------------------------------------+---------------------------------------------------------------+---------------------------------------------------------------+--------------+------------+------------+
; 0.391 ; uart_controller:uart_ctrl_inst|uart_rx:rx_inst|tick_cnt[1]          ; uart_controller:uart_ctrl_inst|uart_rx:rx_inst|tick_cnt[1]          ; uart_controller:uart_ctrl_inst|baud_rate_gen:brg_inst|ov_tick ; uart_controller:uart_ctrl_inst|baud_rate_gen:brg_inst|ov_tick ; 0.000        ; 0.000      ; 0.657      ;
; 0.391 ; uart_controller:uart_ctrl_inst|uart_rx:rx_inst|bit_cnt[0]           ; uart_controller:uart_ctrl_inst|uart_rx:rx_inst|bit_cnt[0]           ; uart_controller:uart_ctrl_inst|baud_rate_gen:brg_inst|ov_tick ; uart_controller:uart_ctrl_inst|baud_rate_gen:brg_inst|ov_tick ; 0.000        ; 0.000      ; 0.657      ;
; 0.391 ; uart_controller:uart_ctrl_inst|uart_rx:rx_inst|bit_cnt[1]           ; uart_controller:uart_ctrl_inst|uart_rx:rx_inst|bit_cnt[1]           ; uart_controller:uart_ctrl_inst|baud_rate_gen:brg_inst|ov_tick ; uart_controller:uart_ctrl_inst|baud_rate_gen:brg_inst|ov_tick ; 0.000        ; 0.000      ; 0.657      ;
; 0.391 ; uart_controller:uart_ctrl_inst|uart_rx:rx_inst|tick_cnt[0]          ; uart_controller:uart_ctrl_inst|uart_rx:rx_inst|tick_cnt[0]          ; uart_controller:uart_ctrl_inst|baud_rate_gen:brg_inst|ov_tick ; uart_controller:uart_ctrl_inst|baud_rate_gen:brg_inst|ov_tick ; 0.000        ; 0.000      ; 0.657      ;
; 0.391 ; uart_controller:uart_ctrl_inst|uart_rx:rx_inst|samples[0]           ; uart_controller:uart_ctrl_inst|uart_rx:rx_inst|samples[0]           ; uart_controller:uart_ctrl_inst|baud_rate_gen:brg_inst|ov_tick ; uart_controller:uart_ctrl_inst|baud_rate_gen:brg_inst|ov_tick ; 0.000        ; 0.000      ; 0.657      ;
; 0.391 ; uart_controller:uart_ctrl_inst|uart_rx:rx_inst|samples[2]           ; uart_controller:uart_ctrl_inst|uart_rx:rx_inst|samples[2]           ; uart_controller:uart_ctrl_inst|baud_rate_gen:brg_inst|ov_tick ; uart_controller:uart_ctrl_inst|baud_rate_gen:brg_inst|ov_tick ; 0.000        ; 0.000      ; 0.657      ;
; 0.391 ; uart_controller:uart_ctrl_inst|uart_rx:rx_inst|samples[1]           ; uart_controller:uart_ctrl_inst|uart_rx:rx_inst|samples[1]           ; uart_controller:uart_ctrl_inst|baud_rate_gen:brg_inst|ov_tick ; uart_controller:uart_ctrl_inst|baud_rate_gen:brg_inst|ov_tick ; 0.000        ; 0.000      ; 0.657      ;
; 0.523 ; uart_controller:uart_ctrl_inst|uart_rx:rx_inst|samples[0]           ; uart_controller:uart_ctrl_inst|uart_rx:rx_inst|rx_reg[7]            ; uart_controller:uart_ctrl_inst|baud_rate_gen:brg_inst|ov_tick ; uart_controller:uart_ctrl_inst|baud_rate_gen:brg_inst|ov_tick ; 0.000        ; 0.000      ; 0.789      ;
; 0.529 ; uart_controller:uart_ctrl_inst|uart_rx:rx_inst|rx_reg[3]            ; uart_controller:uart_ctrl_inst|uart_rx:rx_inst|rx_reg[2]            ; uart_controller:uart_ctrl_inst|baud_rate_gen:brg_inst|ov_tick ; uart_controller:uart_ctrl_inst|baud_rate_gen:brg_inst|ov_tick ; 0.000        ; 0.000      ; 0.795      ;
; 0.530 ; uart_controller:uart_ctrl_inst|uart_rx:rx_inst|rx_reg[2]            ; uart_controller:uart_ctrl_inst|uart_rx:rx_inst|rx_reg[1]            ; uart_controller:uart_ctrl_inst|baud_rate_gen:brg_inst|ov_tick ; uart_controller:uart_ctrl_inst|baud_rate_gen:brg_inst|ov_tick ; 0.000        ; 0.000      ; 0.796      ;
; 0.535 ; uart_controller:uart_ctrl_inst|uart_rx:rx_inst|rx_reg[7]            ; uart_controller:uart_ctrl_inst|uart_rx:rx_inst|rx_reg[6]            ; uart_controller:uart_ctrl_inst|baud_rate_gen:brg_inst|ov_tick ; uart_controller:uart_ctrl_inst|baud_rate_gen:brg_inst|ov_tick ; 0.000        ; 0.000      ; 0.801      ;
; 0.536 ; uart_controller:uart_ctrl_inst|uart_rx:rx_inst|rx_reg[5]            ; uart_controller:uart_ctrl_inst|uart_rx:rx_inst|rx_reg[4]            ; uart_controller:uart_ctrl_inst|baud_rate_gen:brg_inst|ov_tick ; uart_controller:uart_ctrl_inst|baud_rate_gen:brg_inst|ov_tick ; 0.000        ; 0.000      ; 0.802      ;
; 0.541 ; uart_controller:uart_ctrl_inst|uart_rx:rx_inst|valid_timeout_cnt[7] ; uart_controller:uart_ctrl_inst|uart_rx:rx_inst|valid_timeout_cnt[7] ; uart_controller:uart_ctrl_inst|baud_rate_gen:brg_inst|ov_tick ; uart_controller:uart_ctrl_inst|baud_rate_gen:brg_inst|ov_tick ; 0.000        ; 0.000      ; 0.807      ;
; 0.545 ; uart_controller:uart_ctrl_inst|uart_rx:rx_inst|state.START          ; uart_controller:uart_ctrl_inst|uart_rx:rx_inst|state.DATA           ; uart_controller:uart_ctrl_inst|baud_rate_gen:brg_inst|ov_tick ; uart_controller:uart_ctrl_inst|baud_rate_gen:brg_inst|ov_tick ; 0.000        ; 0.000      ; 0.811      ;
; 0.550 ; uart_controller:uart_ctrl_inst|uart_rx:rx_inst|state.IDLE           ; uart_controller:uart_ctrl_inst|uart_rx:rx_inst|state.START          ; uart_controller:uart_ctrl_inst|baud_rate_gen:brg_inst|ov_tick ; uart_controller:uart_ctrl_inst|baud_rate_gen:brg_inst|ov_tick ; 0.000        ; 0.000      ; 0.816      ;
; 0.653 ; uart_controller:uart_ctrl_inst|uart_rx:rx_inst|samples[2]           ; uart_controller:uart_ctrl_inst|uart_rx:rx_inst|rx_reg[7]            ; uart_controller:uart_ctrl_inst|baud_rate_gen:brg_inst|ov_tick ; uart_controller:uart_ctrl_inst|baud_rate_gen:brg_inst|ov_tick ; 0.000        ; 0.000      ; 0.919      ;
; 0.672 ; uart_controller:uart_ctrl_inst|uart_rx:rx_inst|rx_reg[4]            ; uart_controller:uart_ctrl_inst|uart_rx:rx_inst|rx_reg[3]            ; uart_controller:uart_ctrl_inst|baud_rate_gen:brg_inst|ov_tick ; uart_controller:uart_ctrl_inst|baud_rate_gen:brg_inst|ov_tick ; 0.000        ; 0.000      ; 0.938      ;
; 0.672 ; uart_controller:uart_ctrl_inst|uart_rx:rx_inst|rx_reg[1]            ; uart_controller:uart_ctrl_inst|uart_rx:rx_inst|rx_reg[0]            ; uart_controller:uart_ctrl_inst|baud_rate_gen:brg_inst|ov_tick ; uart_controller:uart_ctrl_inst|baud_rate_gen:brg_inst|ov_tick ; 0.000        ; 0.000      ; 0.938      ;
; 0.673 ; uart_controller:uart_ctrl_inst|uart_rx:rx_inst|rx_reg[6]            ; uart_controller:uart_ctrl_inst|uart_rx:rx_inst|rx_reg[5]            ; uart_controller:uart_ctrl_inst|baud_rate_gen:brg_inst|ov_tick ; uart_controller:uart_ctrl_inst|baud_rate_gen:brg_inst|ov_tick ; 0.000        ; 0.000      ; 0.939      ;
; 0.677 ; uart_controller:uart_ctrl_inst|uart_rx:rx_inst|state.STOP           ; uart_controller:uart_ctrl_inst|uart_rx:rx_inst|state.IDLE           ; uart_controller:uart_ctrl_inst|baud_rate_gen:brg_inst|ov_tick ; uart_controller:uart_ctrl_inst|baud_rate_gen:brg_inst|ov_tick ; 0.000        ; 0.000      ; 0.943      ;
; 0.680 ; uart_controller:uart_ctrl_inst|uart_rx:rx_inst|state.DATA           ; uart_controller:uart_ctrl_inst|uart_rx:rx_inst|state.STOP           ; uart_controller:uart_ctrl_inst|baud_rate_gen:brg_inst|ov_tick ; uart_controller:uart_ctrl_inst|baud_rate_gen:brg_inst|ov_tick ; 0.000        ; 0.000      ; 0.946      ;
; 0.707 ; uart_controller:uart_ctrl_inst|uart_rx:rx_inst|state.IDLE           ; uart_controller:uart_ctrl_inst|uart_rx:rx_inst|tick_cnt[1]          ; uart_controller:uart_ctrl_inst|baud_rate_gen:brg_inst|ov_tick ; uart_controller:uart_ctrl_inst|baud_rate_gen:brg_inst|ov_tick ; 0.000        ; -0.002     ; 0.971      ;
; 0.708 ; uart_controller:uart_ctrl_inst|uart_rx:rx_inst|state.IDLE           ; uart_controller:uart_ctrl_inst|uart_rx:rx_inst|tick_cnt[0]          ; uart_controller:uart_ctrl_inst|baud_rate_gen:brg_inst|ov_tick ; uart_controller:uart_ctrl_inst|baud_rate_gen:brg_inst|ov_tick ; 0.000        ; -0.002     ; 0.972      ;
; 0.794 ; uart_controller:uart_ctrl_inst|uart_rx:rx_inst|valid_timeout_cnt[0] ; uart_controller:uart_ctrl_inst|uart_rx:rx_inst|valid_timeout_cnt[0] ; uart_controller:uart_ctrl_inst|baud_rate_gen:brg_inst|ov_tick ; uart_controller:uart_ctrl_inst|baud_rate_gen:brg_inst|ov_tick ; 0.000        ; 0.000      ; 1.060      ;
; 0.809 ; uart_controller:uart_ctrl_inst|uart_rx:rx_inst|valid_timeout_cnt[2] ; uart_controller:uart_ctrl_inst|uart_rx:rx_inst|valid_timeout_cnt[2] ; uart_controller:uart_ctrl_inst|baud_rate_gen:brg_inst|ov_tick ; uart_controller:uart_ctrl_inst|baud_rate_gen:brg_inst|ov_tick ; 0.000        ; 0.000      ; 1.075      ;
; 0.809 ; uart_controller:uart_ctrl_inst|uart_rx:rx_inst|valid_timeout_cnt[4] ; uart_controller:uart_ctrl_inst|uart_rx:rx_inst|valid_timeout_cnt[4] ; uart_controller:uart_ctrl_inst|baud_rate_gen:brg_inst|ov_tick ; uart_controller:uart_ctrl_inst|baud_rate_gen:brg_inst|ov_tick ; 0.000        ; 0.000      ; 1.075      ;
; 0.816 ; uart_controller:uart_ctrl_inst|uart_rx:rx_inst|valid_timeout_cnt[6] ; uart_controller:uart_ctrl_inst|uart_rx:rx_inst|valid_timeout_cnt[6] ; uart_controller:uart_ctrl_inst|baud_rate_gen:brg_inst|ov_tick ; uart_controller:uart_ctrl_inst|baud_rate_gen:brg_inst|ov_tick ; 0.000        ; 0.000      ; 1.082      ;
; 0.820 ; uart_controller:uart_ctrl_inst|uart_rx:rx_inst|valid_timeout_cnt[6] ; uart_controller:uart_ctrl_inst|uart_rx:rx_inst|rx_valid             ; uart_controller:uart_ctrl_inst|baud_rate_gen:brg_inst|ov_tick ; uart_controller:uart_ctrl_inst|baud_rate_gen:brg_inst|ov_tick ; 0.000        ; 0.000      ; 1.086      ;
; 0.832 ; uart_controller:uart_ctrl_inst|uart_rx:rx_inst|samples[1]           ; uart_controller:uart_ctrl_inst|uart_rx:rx_inst|rx_reg[7]            ; uart_controller:uart_ctrl_inst|baud_rate_gen:brg_inst|ov_tick ; uart_controller:uart_ctrl_inst|baud_rate_gen:brg_inst|ov_tick ; 0.000        ; 0.000      ; 1.098      ;
; 0.838 ; uart_controller:uart_ctrl_inst|uart_rx:rx_inst|valid_timeout_cnt[1] ; uart_controller:uart_ctrl_inst|uart_rx:rx_inst|valid_timeout_cnt[1] ; uart_controller:uart_ctrl_inst|baud_rate_gen:brg_inst|ov_tick ; uart_controller:uart_ctrl_inst|baud_rate_gen:brg_inst|ov_tick ; 0.000        ; 0.000      ; 1.104      ;
; 0.841 ; uart_controller:uart_ctrl_inst|uart_rx:rx_inst|valid_timeout_cnt[3] ; uart_controller:uart_ctrl_inst|uart_rx:rx_inst|valid_timeout_cnt[3] ; uart_controller:uart_ctrl_inst|baud_rate_gen:brg_inst|ov_tick ; uart_controller:uart_ctrl_inst|baud_rate_gen:brg_inst|ov_tick ; 0.000        ; 0.000      ; 1.107      ;
; 0.842 ; uart_controller:uart_ctrl_inst|uart_rx:rx_inst|valid_timeout_cnt[5] ; uart_controller:uart_ctrl_inst|uart_rx:rx_inst|valid_timeout_cnt[5] ; uart_controller:uart_ctrl_inst|baud_rate_gen:brg_inst|ov_tick ; uart_controller:uart_ctrl_inst|baud_rate_gen:brg_inst|ov_tick ; 0.000        ; 0.000      ; 1.108      ;
; 0.963 ; uart_controller:uart_ctrl_inst|uart_rx:rx_inst|tick_cnt[2]          ; uart_controller:uart_ctrl_inst|uart_rx:rx_inst|samples[0]           ; uart_controller:uart_ctrl_inst|baud_rate_gen:brg_inst|ov_tick ; uart_controller:uart_ctrl_inst|baud_rate_gen:brg_inst|ov_tick ; 0.000        ; -0.001     ; 1.228      ;
; 1.022 ; uart_controller:uart_ctrl_inst|uart_rx:rx_inst|bit_cnt[0]           ; uart_controller:uart_ctrl_inst|uart_rx:rx_inst|bit_cnt[1]           ; uart_controller:uart_ctrl_inst|baud_rate_gen:brg_inst|ov_tick ; uart_controller:uart_ctrl_inst|baud_rate_gen:brg_inst|ov_tick ; 0.000        ; 0.000      ; 1.288      ;
; 1.028 ; uart_controller:uart_ctrl_inst|uart_rx:rx_inst|state.DATA           ; uart_controller:uart_ctrl_inst|uart_rx:rx_inst|tick_cnt[2]          ; uart_controller:uart_ctrl_inst|baud_rate_gen:brg_inst|ov_tick ; uart_controller:uart_ctrl_inst|baud_rate_gen:brg_inst|ov_tick ; 0.000        ; -0.002     ; 1.292      ;
; 1.061 ; uart_controller:uart_ctrl_inst|uart_rx:rx_inst|state.DATA           ; uart_controller:uart_ctrl_inst|uart_rx:rx_inst|bit_cnt[0]           ; uart_controller:uart_ctrl_inst|baud_rate_gen:brg_inst|ov_tick ; uart_controller:uart_ctrl_inst|baud_rate_gen:brg_inst|ov_tick ; 0.000        ; -0.002     ; 1.325      ;
; 1.070 ; uart_controller:uart_ctrl_inst|uart_rx:rx_inst|tick_cnt[2]          ; uart_controller:uart_ctrl_inst|uart_rx:rx_inst|tick_cnt[2]          ; uart_controller:uart_ctrl_inst|baud_rate_gen:brg_inst|ov_tick ; uart_controller:uart_ctrl_inst|baud_rate_gen:brg_inst|ov_tick ; 0.000        ; 0.000      ; 1.336      ;
; 1.082 ; uart_controller:uart_ctrl_inst|uart_rx:rx_inst|state.STOP           ; uart_controller:uart_ctrl_inst|uart_rx:rx_inst|tick_cnt[2]          ; uart_controller:uart_ctrl_inst|baud_rate_gen:brg_inst|ov_tick ; uart_controller:uart_ctrl_inst|baud_rate_gen:brg_inst|ov_tick ; 0.000        ; -0.002     ; 1.346      ;
; 1.128 ; uart_controller:uart_ctrl_inst|uart_rx:rx_inst|valid_timeout_cnt[4] ; uart_controller:uart_ctrl_inst|uart_rx:rx_inst|rx_valid             ; uart_controller:uart_ctrl_inst|baud_rate_gen:brg_inst|ov_tick ; uart_controller:uart_ctrl_inst|baud_rate_gen:brg_inst|ov_tick ; 0.000        ; 0.000      ; 1.394      ;
; 1.147 ; uart_controller:uart_ctrl_inst|uart_rx:rx_inst|rx_reg[5]            ; uart_controller:uart_ctrl_inst|uart_rx:rx_inst|data_out[5]          ; uart_controller:uart_ctrl_inst|baud_rate_gen:brg_inst|ov_tick ; uart_controller:uart_ctrl_inst|baud_rate_gen:brg_inst|ov_tick ; 0.000        ; 0.009      ; 1.422      ;
; 1.182 ; uart_controller:uart_ctrl_inst|uart_rx:rx_inst|state.START          ; uart_controller:uart_ctrl_inst|uart_rx:rx_inst|bit_cnt[0]           ; uart_controller:uart_ctrl_inst|baud_rate_gen:brg_inst|ov_tick ; uart_controller:uart_ctrl_inst|baud_rate_gen:brg_inst|ov_tick ; 0.000        ; -0.002     ; 1.446      ;
; 1.192 ; uart_controller:uart_ctrl_inst|uart_rx:rx_inst|valid_timeout_cnt[2] ; uart_controller:uart_ctrl_inst|uart_rx:rx_inst|valid_timeout_cnt[3] ; uart_controller:uart_ctrl_inst|baud_rate_gen:brg_inst|ov_tick ; uart_controller:uart_ctrl_inst|baud_rate_gen:brg_inst|ov_tick ; 0.000        ; 0.000      ; 1.458      ;
; 1.192 ; uart_controller:uart_ctrl_inst|uart_rx:rx_inst|valid_timeout_cnt[4] ; uart_controller:uart_ctrl_inst|uart_rx:rx_inst|valid_timeout_cnt[5] ; uart_controller:uart_ctrl_inst|baud_rate_gen:brg_inst|ov_tick ; uart_controller:uart_ctrl_inst|baud_rate_gen:brg_inst|ov_tick ; 0.000        ; 0.000      ; 1.458      ;
; 1.198 ; uart_controller:uart_ctrl_inst|uart_rx:rx_inst|tick_cnt[0]          ; uart_controller:uart_ctrl_inst|uart_rx:rx_inst|tick_cnt[1]          ; uart_controller:uart_ctrl_inst|baud_rate_gen:brg_inst|ov_tick ; uart_controller:uart_ctrl_inst|baud_rate_gen:brg_inst|ov_tick ; 0.000        ; 0.000      ; 1.464      ;
; 1.199 ; uart_controller:uart_ctrl_inst|uart_rx:rx_inst|valid_timeout_cnt[6] ; uart_controller:uart_ctrl_inst|uart_rx:rx_inst|valid_timeout_cnt[7] ; uart_controller:uart_ctrl_inst|baud_rate_gen:brg_inst|ov_tick ; uart_controller:uart_ctrl_inst|baud_rate_gen:brg_inst|ov_tick ; 0.000        ; 0.000      ; 1.465      ;
; 1.215 ; uart_controller:uart_ctrl_inst|uart_rx:rx_inst|valid_timeout_cnt[6] ; uart_controller:uart_ctrl_inst|uart_rx:rx_inst|valid_timeout_cnt[0] ; uart_controller:uart_ctrl_inst|baud_rate_gen:brg_inst|ov_tick ; uart_controller:uart_ctrl_inst|baud_rate_gen:brg_inst|ov_tick ; 0.000        ; 0.000      ; 1.481      ;
; 1.215 ; uart_controller:uart_ctrl_inst|uart_rx:rx_inst|valid_timeout_cnt[6] ; uart_controller:uart_ctrl_inst|uart_rx:rx_inst|valid_timeout_cnt[1] ; uart_controller:uart_ctrl_inst|baud_rate_gen:brg_inst|ov_tick ; uart_controller:uart_ctrl_inst|baud_rate_gen:brg_inst|ov_tick ; 0.000        ; 0.000      ; 1.481      ;
; 1.215 ; uart_controller:uart_ctrl_inst|uart_rx:rx_inst|valid_timeout_cnt[6] ; uart_controller:uart_ctrl_inst|uart_rx:rx_inst|valid_timeout_cnt[2] ; uart_controller:uart_ctrl_inst|baud_rate_gen:brg_inst|ov_tick ; uart_controller:uart_ctrl_inst|baud_rate_gen:brg_inst|ov_tick ; 0.000        ; 0.000      ; 1.481      ;
; 1.215 ; uart_controller:uart_ctrl_inst|uart_rx:rx_inst|valid_timeout_cnt[6] ; uart_controller:uart_ctrl_inst|uart_rx:rx_inst|valid_timeout_cnt[3] ; uart_controller:uart_ctrl_inst|baud_rate_gen:brg_inst|ov_tick ; uart_controller:uart_ctrl_inst|baud_rate_gen:brg_inst|ov_tick ; 0.000        ; 0.000      ; 1.481      ;
; 1.215 ; uart_controller:uart_ctrl_inst|uart_rx:rx_inst|valid_timeout_cnt[6] ; uart_controller:uart_ctrl_inst|uart_rx:rx_inst|valid_timeout_cnt[5] ; uart_controller:uart_ctrl_inst|baud_rate_gen:brg_inst|ov_tick ; uart_controller:uart_ctrl_inst|baud_rate_gen:brg_inst|ov_tick ; 0.000        ; 0.000      ; 1.481      ;
; 1.215 ; uart_controller:uart_ctrl_inst|uart_rx:rx_inst|valid_timeout_cnt[6] ; uart_controller:uart_ctrl_inst|uart_rx:rx_inst|valid_timeout_cnt[4] ; uart_controller:uart_ctrl_inst|baud_rate_gen:brg_inst|ov_tick ; uart_controller:uart_ctrl_inst|baud_rate_gen:brg_inst|ov_tick ; 0.000        ; 0.000      ; 1.481      ;
; 1.224 ; uart_controller:uart_ctrl_inst|uart_rx:rx_inst|valid_timeout_cnt[1] ; uart_controller:uart_ctrl_inst|uart_rx:rx_inst|valid_timeout_cnt[2] ; uart_controller:uart_ctrl_inst|baud_rate_gen:brg_inst|ov_tick ; uart_controller:uart_ctrl_inst|baud_rate_gen:brg_inst|ov_tick ; 0.000        ; 0.000      ; 1.490      ;
; 1.227 ; uart_controller:uart_ctrl_inst|uart_rx:rx_inst|valid_timeout_cnt[3] ; uart_controller:uart_ctrl_inst|uart_rx:rx_inst|valid_timeout_cnt[4] ; uart_controller:uart_ctrl_inst|baud_rate_gen:brg_inst|ov_tick ; uart_controller:uart_ctrl_inst|baud_rate_gen:brg_inst|ov_tick ; 0.000        ; 0.000      ; 1.493      ;
; 1.228 ; uart_controller:uart_ctrl_inst|uart_rx:rx_inst|valid_timeout_cnt[5] ; uart_controller:uart_ctrl_inst|uart_rx:rx_inst|valid_timeout_cnt[6] ; uart_controller:uart_ctrl_inst|baud_rate_gen:brg_inst|ov_tick ; uart_controller:uart_ctrl_inst|baud_rate_gen:brg_inst|ov_tick ; 0.000        ; 0.000      ; 1.494      ;
; 1.229 ; uart_controller:uart_ctrl_inst|uart_rx:rx_inst|tick_cnt[0]          ; uart_controller:uart_ctrl_inst|uart_rx:rx_inst|samples[2]           ; uart_controller:uart_ctrl_inst|baud_rate_gen:brg_inst|ov_tick ; uart_controller:uart_ctrl_inst|baud_rate_gen:brg_inst|ov_tick ; 0.000        ; -0.001     ; 1.494      ;
; 1.230 ; uart_controller:uart_ctrl_inst|uart_rx:rx_inst|tick_cnt[0]          ; uart_controller:uart_ctrl_inst|uart_rx:rx_inst|samples[1]           ; uart_controller:uart_ctrl_inst|baud_rate_gen:brg_inst|ov_tick ; uart_controller:uart_ctrl_inst|baud_rate_gen:brg_inst|ov_tick ; 0.000        ; -0.001     ; 1.495      ;
; 1.241 ; uart_controller:uart_ctrl_inst|uart_rx:rx_inst|bit_cnt[2]           ; uart_controller:uart_ctrl_inst|uart_rx:rx_inst|bit_cnt[2]           ; uart_controller:uart_ctrl_inst|baud_rate_gen:brg_inst|ov_tick ; uart_controller:uart_ctrl_inst|baud_rate_gen:brg_inst|ov_tick ; 0.000        ; 0.000      ; 1.507      ;
; 1.261 ; uart_controller:uart_ctrl_inst|uart_rx:rx_inst|valid_timeout_cnt[3] ; uart_controller:uart_ctrl_inst|uart_rx:rx_inst|rx_valid             ; uart_controller:uart_ctrl_inst|baud_rate_gen:brg_inst|ov_tick ; uart_controller:uart_ctrl_inst|baud_rate_gen:brg_inst|ov_tick ; 0.000        ; 0.000      ; 1.527      ;
; 1.263 ; uart_controller:uart_ctrl_inst|uart_rx:rx_inst|valid_timeout_cnt[2] ; uart_controller:uart_ctrl_inst|uart_rx:rx_inst|valid_timeout_cnt[4] ; uart_controller:uart_ctrl_inst|baud_rate_gen:brg_inst|ov_tick ; uart_controller:uart_ctrl_inst|baud_rate_gen:brg_inst|ov_tick ; 0.000        ; 0.000      ; 1.529      ;
; 1.263 ; uart_controller:uart_ctrl_inst|uart_rx:rx_inst|valid_timeout_cnt[4] ; uart_controller:uart_ctrl_inst|uart_rx:rx_inst|valid_timeout_cnt[6] ; uart_controller:uart_ctrl_inst|baud_rate_gen:brg_inst|ov_tick ; uart_controller:uart_ctrl_inst|baud_rate_gen:brg_inst|ov_tick ; 0.000        ; 0.000      ; 1.529      ;
; 1.269 ; uart_controller:uart_ctrl_inst|uart_rx:rx_inst|valid_timeout_cnt[0] ; uart_controller:uart_ctrl_inst|uart_rx:rx_inst|valid_timeout_cnt[1] ; uart_controller:uart_ctrl_inst|baud_rate_gen:brg_inst|ov_tick ; uart_controller:uart_ctrl_inst|baud_rate_gen:brg_inst|ov_tick ; 0.000        ; 0.000      ; 1.535      ;
; 1.295 ; uart_controller:uart_ctrl_inst|uart_rx:rx_inst|valid_timeout_cnt[1] ; uart_controller:uart_ctrl_inst|uart_rx:rx_inst|valid_timeout_cnt[3] ; uart_controller:uart_ctrl_inst|baud_rate_gen:brg_inst|ov_tick ; uart_controller:uart_ctrl_inst|baud_rate_gen:brg_inst|ov_tick ; 0.000        ; 0.000      ; 1.561      ;
; 1.298 ; uart_controller:uart_ctrl_inst|uart_rx:rx_inst|valid_timeout_cnt[3] ; uart_controller:uart_ctrl_inst|uart_rx:rx_inst|valid_timeout_cnt[5] ; uart_controller:uart_ctrl_inst|baud_rate_gen:brg_inst|ov_tick ; uart_controller:uart_ctrl_inst|baud_rate_gen:brg_inst|ov_tick ; 0.000        ; 0.000      ; 1.564      ;
; 1.299 ; uart_controller:uart_ctrl_inst|uart_rx:rx_inst|valid_timeout_cnt[5] ; uart_controller:uart_ctrl_inst|uart_rx:rx_inst|valid_timeout_cnt[7] ; uart_controller:uart_ctrl_inst|baud_rate_gen:brg_inst|ov_tick ; uart_controller:uart_ctrl_inst|baud_rate_gen:brg_inst|ov_tick ; 0.000        ; 0.000      ; 1.565      ;
; 1.314 ; uart_controller:uart_ctrl_inst|uart_rx:rx_inst|state.STOP           ; uart_controller:uart_ctrl_inst|uart_rx:rx_inst|bit_cnt[0]           ; uart_controller:uart_ctrl_inst|baud_rate_gen:brg_inst|ov_tick ; uart_controller:uart_ctrl_inst|baud_rate_gen:brg_inst|ov_tick ; 0.000        ; -0.002     ; 1.578      ;
; 1.334 ; uart_controller:uart_ctrl_inst|uart_rx:rx_inst|valid_timeout_cnt[2] ; uart_controller:uart_ctrl_inst|uart_rx:rx_inst|valid_timeout_cnt[5] ; uart_controller:uart_ctrl_inst|baud_rate_gen:brg_inst|ov_tick ; uart_controller:uart_ctrl_inst|baud_rate_gen:brg_inst|ov_tick ; 0.000        ; 0.000      ; 1.600      ;
; 1.334 ; uart_controller:uart_ctrl_inst|uart_rx:rx_inst|valid_timeout_cnt[4] ; uart_controller:uart_ctrl_inst|uart_rx:rx_inst|valid_timeout_cnt[7] ; uart_controller:uart_ctrl_inst|baud_rate_gen:brg_inst|ov_tick ; uart_controller:uart_ctrl_inst|baud_rate_gen:brg_inst|ov_tick ; 0.000        ; 0.000      ; 1.600      ;
; 1.340 ; uart_controller:uart_ctrl_inst|uart_rx:rx_inst|valid_timeout_cnt[0] ; uart_controller:uart_ctrl_inst|uart_rx:rx_inst|valid_timeout_cnt[2] ; uart_controller:uart_ctrl_inst|baud_rate_gen:brg_inst|ov_tick ; uart_controller:uart_ctrl_inst|baud_rate_gen:brg_inst|ov_tick ; 0.000        ; 0.000      ; 1.606      ;
; 1.356 ; uart_controller:uart_ctrl_inst|uart_rx:rx_inst|tick_cnt[0]          ; uart_controller:uart_ctrl_inst|uart_rx:rx_inst|samples[0]           ; uart_controller:uart_ctrl_inst|baud_rate_gen:brg_inst|ov_tick ; uart_controller:uart_ctrl_inst|baud_rate_gen:brg_inst|ov_tick ; 0.000        ; -0.001     ; 1.621      ;
; 1.366 ; uart_controller:uart_ctrl_inst|uart_rx:rx_inst|valid_timeout_cnt[1] ; uart_controller:uart_ctrl_inst|uart_rx:rx_inst|valid_timeout_cnt[4] ; uart_controller:uart_ctrl_inst|baud_rate_gen:brg_inst|ov_tick ; uart_controller:uart_ctrl_inst|baud_rate_gen:brg_inst|ov_tick ; 0.000        ; 0.000      ; 1.632      ;
; 1.369 ; uart_controller:uart_ctrl_inst|uart_rx:rx_inst|valid_timeout_cnt[3] ; uart_controller:uart_ctrl_inst|uart_rx:rx_inst|valid_timeout_cnt[6] ; uart_controller:uart_ctrl_inst|baud_rate_gen:brg_inst|ov_tick ; uart_controller:uart_ctrl_inst|baud_rate_gen:brg_inst|ov_tick ; 0.000        ; 0.000      ; 1.635      ;
; 1.370 ; uart_controller:uart_ctrl_inst|uart_rx:rx_inst|tick_cnt[1]          ; uart_controller:uart_ctrl_inst|uart_rx:rx_inst|samples[0]           ; uart_controller:uart_ctrl_inst|baud_rate_gen:brg_inst|ov_tick ; uart_controller:uart_ctrl_inst|baud_rate_gen:brg_inst|ov_tick ; 0.000        ; -0.001     ; 1.635      ;
; 1.371 ; uart_controller:uart_ctrl_inst|uart_rx:rx_inst|rx_reg[4]            ; uart_controller:uart_ctrl_inst|uart_rx:rx_inst|data_out[4]          ; uart_controller:uart_ctrl_inst|baud_rate_gen:brg_inst|ov_tick ; uart_controller:uart_ctrl_inst|baud_rate_gen:brg_inst|ov_tick ; 0.000        ; 0.009      ; 1.646      ;
; 1.372 ; uart_controller:uart_ctrl_inst|uart_rx:rx_inst|tick_cnt[2]          ; uart_controller:uart_ctrl_inst|uart_rx:rx_inst|samples[2]           ; uart_controller:uart_ctrl_inst|baud_rate_gen:brg_inst|ov_tick ; uart_controller:uart_ctrl_inst|baud_rate_gen:brg_inst|ov_tick ; 0.000        ; -0.001     ; 1.637      ;
; 1.372 ; uart_controller:uart_ctrl_inst|uart_rx:rx_inst|tick_cnt[2]          ; uart_controller:uart_ctrl_inst|uart_rx:rx_inst|samples[1]           ; uart_controller:uart_ctrl_inst|baud_rate_gen:brg_inst|ov_tick ; uart_controller:uart_ctrl_inst|baud_rate_gen:brg_inst|ov_tick ; 0.000        ; -0.001     ; 1.637      ;
; 1.375 ; uart_controller:uart_ctrl_inst|uart_rx:rx_inst|state.IDLE           ; uart_controller:uart_ctrl_inst|uart_rx:rx_inst|tick_cnt[2]          ; uart_controller:uart_ctrl_inst|baud_rate_gen:brg_inst|ov_tick ; uart_controller:uart_ctrl_inst|baud_rate_gen:brg_inst|ov_tick ; 0.000        ; -0.002     ; 1.639      ;
; 1.400 ; uart_controller:uart_ctrl_inst|uart_rx:rx_inst|valid_timeout_cnt[2] ; uart_controller:uart_ctrl_inst|uart_rx:rx_inst|rx_valid             ; uart_controller:uart_ctrl_inst|baud_rate_gen:brg_inst|ov_tick ; uart_controller:uart_ctrl_inst|baud_rate_gen:brg_inst|ov_tick ; 0.000        ; 0.000      ; 1.666      ;
; 1.405 ; uart_controller:uart_ctrl_inst|uart_rx:rx_inst|valid_timeout_cnt[2] ; uart_controller:uart_ctrl_inst|uart_rx:rx_inst|valid_timeout_cnt[6] ; uart_controller:uart_ctrl_inst|baud_rate_gen:brg_inst|ov_tick ; uart_controller:uart_ctrl_inst|baud_rate_gen:brg_inst|ov_tick ; 0.000        ; 0.000      ; 1.671      ;
; 1.411 ; uart_controller:uart_ctrl_inst|uart_rx:rx_inst|valid_timeout_cnt[0] ; uart_controller:uart_ctrl_inst|uart_rx:rx_inst|valid_timeout_cnt[3] ; uart_controller:uart_ctrl_inst|baud_rate_gen:brg_inst|ov_tick ; uart_controller:uart_ctrl_inst|baud_rate_gen:brg_inst|ov_tick ; 0.000        ; 0.000      ; 1.677      ;
; 1.425 ; uart_controller:uart_ctrl_inst|uart_rx:rx_inst|rx_reg[2]            ; uart_controller:uart_ctrl_inst|uart_rx:rx_inst|data_out[2]          ; uart_controller:uart_ctrl_inst|baud_rate_gen:brg_inst|ov_tick ; uart_controller:uart_ctrl_inst|baud_rate_gen:brg_inst|ov_tick ; 0.000        ; 0.009      ; 1.700      ;
; 1.435 ; uart_controller:uart_ctrl_inst|uart_rx:rx_inst|valid_timeout_cnt[5] ; uart_controller:uart_ctrl_inst|uart_rx:rx_inst|rx_valid             ; uart_controller:uart_ctrl_inst|baud_rate_gen:brg_inst|ov_tick ; uart_controller:uart_ctrl_inst|baud_rate_gen:brg_inst|ov_tick ; 0.000        ; 0.000      ; 1.701      ;
; 1.436 ; uart_controller:uart_ctrl_inst|uart_rx:rx_inst|rx_reg[1]            ; uart_controller:uart_ctrl_inst|uart_rx:rx_inst|data_out[1]          ; uart_controller:uart_ctrl_inst|baud_rate_gen:brg_inst|ov_tick ; uart_controller:uart_ctrl_inst|baud_rate_gen:brg_inst|ov_tick ; 0.000        ; 0.009      ; 1.711      ;
; 1.437 ; uart_controller:uart_ctrl_inst|uart_rx:rx_inst|valid_timeout_cnt[1] ; uart_controller:uart_ctrl_inst|uart_rx:rx_inst|valid_timeout_cnt[5] ; uart_controller:uart_ctrl_inst|baud_rate_gen:brg_inst|ov_tick ; uart_controller:uart_ctrl_inst|baud_rate_gen:brg_inst|ov_tick ; 0.000        ; 0.000      ; 1.703      ;
; 1.440 ; uart_controller:uart_ctrl_inst|uart_rx:rx_inst|tick_cnt[0]          ; uart_controller:uart_ctrl_inst|uart_rx:rx_inst|tick_cnt[2]          ; uart_controller:uart_ctrl_inst|baud_rate_gen:brg_inst|ov_tick ; uart_controller:uart_ctrl_inst|baud_rate_gen:brg_inst|ov_tick ; 0.000        ; 0.000      ; 1.706      ;
; 1.440 ; uart_controller:uart_ctrl_inst|uart_rx:rx_inst|valid_timeout_cnt[3] ; uart_controller:uart_ctrl_inst|uart_rx:rx_inst|valid_timeout_cnt[7] ; uart_controller:uart_ctrl_inst|baud_rate_gen:brg_inst|ov_tick ; uart_controller:uart_ctrl_inst|baud_rate_gen:brg_inst|ov_tick ; 0.000        ; 0.000      ; 1.706      ;
; 1.446 ; uart_controller:uart_ctrl_inst|uart_rx:rx_inst|state.DATA           ; uart_controller:uart_ctrl_inst|uart_rx:rx_inst|bit_cnt[2]           ; uart_controller:uart_ctrl_inst|baud_rate_gen:brg_inst|ov_tick ; uart_controller:uart_ctrl_inst|baud_rate_gen:brg_inst|ov_tick ; 0.000        ; -0.002     ; 1.710      ;
; 1.453 ; uart_controller:uart_ctrl_inst|uart_rx:rx_inst|state.DATA           ; uart_controller:uart_ctrl_inst|uart_rx:rx_inst|bit_cnt[1]           ; uart_controller:uart_ctrl_inst|baud_rate_gen:brg_inst|ov_tick ; uart_controller:uart_ctrl_inst|baud_rate_gen:brg_inst|ov_tick ; 0.000        ; -0.002     ; 1.717      ;
; 1.473 ; uart_controller:uart_ctrl_inst|uart_rx:rx_inst|tick_cnt[0]          ; uart_controller:uart_ctrl_inst|uart_rx:rx_inst|bit_cnt[0]           ; uart_controller:uart_ctrl_inst|baud_rate_gen:brg_inst|ov_tick ; uart_controller:uart_ctrl_inst|baud_rate_gen:brg_inst|ov_tick ; 0.000        ; 0.000      ; 1.739      ;
; 1.476 ; uart_controller:uart_ctrl_inst|uart_rx:rx_inst|valid_timeout_cnt[2] ; uart_controller:uart_ctrl_inst|uart_rx:rx_inst|valid_timeout_cnt[7] ; uart_controller:uart_ctrl_inst|baud_rate_gen:brg_inst|ov_tick ; uart_controller:uart_ctrl_inst|baud_rate_gen:brg_inst|ov_tick ; 0.000        ; 0.000      ; 1.742      ;
; 1.479 ; uart_controller:uart_ctrl_inst|uart_rx:rx_inst|state.DATA           ; uart_controller:uart_ctrl_inst|uart_rx:rx_inst|samples[0]           ; uart_controller:uart_ctrl_inst|baud_rate_gen:brg_inst|ov_tick ; uart_controller:uart_ctrl_inst|baud_rate_gen:brg_inst|ov_tick ; 0.000        ; -0.003     ; 1.742      ;
; 1.482 ; uart_controller:uart_ctrl_inst|uart_rx:rx_inst|valid_timeout_cnt[0] ; uart_controller:uart_ctrl_inst|uart_rx:rx_inst|valid_timeout_cnt[4] ; uart_controller:uart_ctrl_inst|baud_rate_gen:brg_inst|ov_tick ; uart_controller:uart_ctrl_inst|baud_rate_gen:brg_inst|ov_tick ; 0.000        ; 0.000      ; 1.748      ;
; 1.489 ; uart_controller:uart_ctrl_inst|uart_rx:rx_inst|valid_timeout_cnt[7] ; uart_controller:uart_ctrl_inst|uart_rx:rx_inst|valid_timeout_cnt[0] ; uart_controller:uart_ctrl_inst|baud_rate_gen:brg_inst|ov_tick ; uart_controller:uart_ctrl_inst|baud_rate_gen:brg_inst|ov_tick ; 0.000        ; 0.000      ; 1.755      ;
; 1.489 ; uart_controller:uart_ctrl_inst|uart_rx:rx_inst|valid_timeout_cnt[7] ; uart_controller:uart_ctrl_inst|uart_rx:rx_inst|valid_timeout_cnt[1] ; uart_controller:uart_ctrl_inst|baud_rate_gen:brg_inst|ov_tick ; uart_controller:uart_ctrl_inst|baud_rate_gen:brg_inst|ov_tick ; 0.000        ; 0.000      ; 1.755      ;
; 1.489 ; uart_controller:uart_ctrl_inst|uart_rx:rx_inst|valid_timeout_cnt[7] ; uart_controller:uart_ctrl_inst|uart_rx:rx_inst|valid_timeout_cnt[2] ; uart_controller:uart_ctrl_inst|baud_rate_gen:brg_inst|ov_tick ; uart_controller:uart_ctrl_inst|baud_rate_gen:brg_inst|ov_tick ; 0.000        ; 0.000      ; 1.755      ;
; 1.489 ; uart_controller:uart_ctrl_inst|uart_rx:rx_inst|valid_timeout_cnt[7] ; uart_controller:uart_ctrl_inst|uart_rx:rx_inst|valid_timeout_cnt[3] ; uart_controller:uart_ctrl_inst|baud_rate_gen:brg_inst|ov_tick ; uart_controller:uart_ctrl_inst|baud_rate_gen:brg_inst|ov_tick ; 0.000        ; 0.000      ; 1.755      ;
; 1.489 ; uart_controller:uart_ctrl_inst|uart_rx:rx_inst|valid_timeout_cnt[7] ; uart_controller:uart_ctrl_inst|uart_rx:rx_inst|valid_timeout_cnt[5] ; uart_controller:uart_ctrl_inst|baud_rate_gen:brg_inst|ov_tick ; uart_controller:uart_ctrl_inst|baud_rate_gen:brg_inst|ov_tick ; 0.000        ; 0.000      ; 1.755      ;
; 1.489 ; uart_controller:uart_ctrl_inst|uart_rx:rx_inst|valid_timeout_cnt[7] ; uart_controller:uart_ctrl_inst|uart_rx:rx_inst|valid_timeout_cnt[6] ; uart_controller:uart_ctrl_inst|baud_rate_gen:brg_inst|ov_tick ; uart_controller:uart_ctrl_inst|baud_rate_gen:brg_inst|ov_tick ; 0.000        ; 0.000      ; 1.755      ;
; 1.489 ; uart_controller:uart_ctrl_inst|uart_rx:rx_inst|valid_timeout_cnt[7] ; uart_controller:uart_ctrl_inst|uart_rx:rx_inst|valid_timeout_cnt[4] ; uart_controller:uart_ctrl_inst|baud_rate_gen:brg_inst|ov_tick ; uart_controller:uart_ctrl_inst|baud_rate_gen:brg_inst|ov_tick ; 0.000        ; 0.000      ; 1.755      ;
; 1.508 ; uart_controller:uart_ctrl_inst|uart_rx:rx_inst|valid_timeout_cnt[1] ; uart_controller:uart_ctrl_inst|uart_rx:rx_inst|valid_timeout_cnt[6] ; uart_controller:uart_ctrl_inst|baud_rate_gen:brg_inst|ov_tick ; uart_controller:uart_ctrl_inst|baud_rate_gen:brg_inst|ov_tick ; 0.000        ; 0.000      ; 1.774      ;
; 1.509 ; uart_controller:uart_ctrl_inst|uart_rx:rx_inst|tick_cnt[1]          ; uart_controller:uart_ctrl_inst|uart_rx:rx_inst|samples[2]           ; uart_controller:uart_ctrl_inst|baud_rate_gen:brg_inst|ov_tick ; uart_controller:uart_ctrl_inst|baud_rate_gen:brg_inst|ov_tick ; 0.000        ; -0.001     ; 1.774      ;
+-------+---------------------------------------------------------------------+---------------------------------------------------------------------+---------------------------------------------------------------+---------------------------------------------------------------+--------------+------------+------------+


+--------------------------------------------------------------------------------------------------------------------------------------------------------------------------------------------------------------------------------------------------------------------------------------------------------------+
; Slow Model Hold: 'uart_controller:uart_ctrl_inst|baud_rate_gen:brg_inst|uart_tick'                                                                                                                                                                                                                           ;
+-------+------------------------------------------------------------+------------------------------------------------------------+-----------------------------------------------------------------+-----------------------------------------------------------------+--------------+------------+------------+
; Slack ; From Node                                                  ; To Node                                                    ; Launch Clock                                                    ; Latch Clock                                                     ; Relationship ; Clock Skew ; Data Delay ;
+-------+------------------------------------------------------------+------------------------------------------------------------+-----------------------------------------------------------------+-----------------------------------------------------------------+--------------+------------+------------+
; 0.391 ; uart_controller:uart_ctrl_inst|uart_tx:tx_inst|bit_cnt[0]  ; uart_controller:uart_ctrl_inst|uart_tx:tx_inst|bit_cnt[0]  ; uart_controller:uart_ctrl_inst|baud_rate_gen:brg_inst|uart_tick ; uart_controller:uart_ctrl_inst|baud_rate_gen:brg_inst|uart_tick ; 0.000        ; 0.000      ; 0.657      ;
; 0.391 ; uart_controller:uart_ctrl_inst|uart_tx:tx_inst|bit_cnt[1]  ; uart_controller:uart_ctrl_inst|uart_tx:tx_inst|bit_cnt[1]  ; uart_controller:uart_ctrl_inst|baud_rate_gen:brg_inst|uart_tick ; uart_controller:uart_ctrl_inst|baud_rate_gen:brg_inst|uart_tick ; 0.000        ; 0.000      ; 0.657      ;
; 0.391 ; uart_controller:uart_ctrl_inst|uart_tx:tx_inst|bit_cnt[2]  ; uart_controller:uart_ctrl_inst|uart_tx:tx_inst|bit_cnt[2]  ; uart_controller:uart_ctrl_inst|baud_rate_gen:brg_inst|uart_tick ; uart_controller:uart_ctrl_inst|baud_rate_gen:brg_inst|uart_tick ; 0.000        ; 0.000      ; 0.657      ;
; 0.391 ; uart_controller:uart_ctrl_inst|uart_tx:tx_inst|state.DATA  ; uart_controller:uart_ctrl_inst|uart_tx:tx_inst|state.DATA  ; uart_controller:uart_ctrl_inst|baud_rate_gen:brg_inst|uart_tick ; uart_controller:uart_ctrl_inst|baud_rate_gen:brg_inst|uart_tick ; 0.000        ; 0.000      ; 0.657      ;
; 0.391 ; uart_controller:uart_ctrl_inst|uart_tx:tx_inst|state.IDLE  ; uart_controller:uart_ctrl_inst|uart_tx:tx_inst|state.IDLE  ; uart_controller:uart_ctrl_inst|baud_rate_gen:brg_inst|uart_tick ; uart_controller:uart_ctrl_inst|baud_rate_gen:brg_inst|uart_tick ; 0.000        ; 0.000      ; 0.657      ;
; 0.391 ; uart_controller:uart_ctrl_inst|uart_tx:tx_inst|tx_reg[4]   ; uart_controller:uart_ctrl_inst|uart_tx:tx_inst|tx_reg[4]   ; uart_controller:uart_ctrl_inst|baud_rate_gen:brg_inst|uart_tick ; uart_controller:uart_ctrl_inst|baud_rate_gen:brg_inst|uart_tick ; 0.000        ; 0.000      ; 0.657      ;
; 0.391 ; uart_controller:uart_ctrl_inst|uart_tx:tx_inst|tx_reg[3]   ; uart_controller:uart_ctrl_inst|uart_tx:tx_inst|tx_reg[3]   ; uart_controller:uart_ctrl_inst|baud_rate_gen:brg_inst|uart_tick ; uart_controller:uart_ctrl_inst|baud_rate_gen:brg_inst|uart_tick ; 0.000        ; 0.000      ; 0.657      ;
; 0.391 ; uart_controller:uart_ctrl_inst|uart_tx:tx_inst|tx_reg[2]   ; uart_controller:uart_ctrl_inst|uart_tx:tx_inst|tx_reg[2]   ; uart_controller:uart_ctrl_inst|baud_rate_gen:brg_inst|uart_tick ; uart_controller:uart_ctrl_inst|baud_rate_gen:brg_inst|uart_tick ; 0.000        ; 0.000      ; 0.657      ;
; 0.540 ; uart_controller:uart_ctrl_inst|uart_tx:tx_inst|bit_cnt[0]  ; uart_controller:uart_ctrl_inst|uart_tx:tx_inst|state.STOP  ; uart_controller:uart_ctrl_inst|baud_rate_gen:brg_inst|uart_tick ; uart_controller:uart_ctrl_inst|baud_rate_gen:brg_inst|uart_tick ; 0.000        ; 0.000      ; 0.806      ;
; 0.540 ; uart_controller:uart_ctrl_inst|uart_tx:tx_inst|state.IDLE  ; uart_controller:uart_ctrl_inst|uart_tx:tx_inst|tx          ; uart_controller:uart_ctrl_inst|baud_rate_gen:brg_inst|uart_tick ; uart_controller:uart_ctrl_inst|baud_rate_gen:brg_inst|uart_tick ; 0.000        ; 0.000      ; 0.806      ;
; 0.544 ; uart_controller:uart_ctrl_inst|uart_tx:tx_inst|state.IDLE  ; uart_controller:uart_ctrl_inst|uart_tx:tx_inst|state.START ; uart_controller:uart_ctrl_inst|baud_rate_gen:brg_inst|uart_tick ; uart_controller:uart_ctrl_inst|baud_rate_gen:brg_inst|uart_tick ; 0.000        ; 0.000      ; 0.810      ;
; 0.591 ; uart_controller:uart_ctrl_inst|uart_tx:tx_inst|state.START ; uart_controller:uart_ctrl_inst|uart_tx:tx_inst|bit_cnt[0]  ; uart_controller:uart_ctrl_inst|baud_rate_gen:brg_inst|uart_tick ; uart_controller:uart_ctrl_inst|baud_rate_gen:brg_inst|uart_tick ; 0.000        ; 0.000      ; 0.857      ;
; 0.599 ; uart_controller:uart_ctrl_inst|uart_tx:tx_inst|state.STOP  ; uart_controller:uart_ctrl_inst|uart_tx:tx_inst|bit_cnt[2]  ; uart_controller:uart_ctrl_inst|baud_rate_gen:brg_inst|uart_tick ; uart_controller:uart_ctrl_inst|baud_rate_gen:brg_inst|uart_tick ; 0.000        ; 0.000      ; 0.865      ;
; 0.662 ; uart_controller:uart_ctrl_inst|uart_tx:tx_inst|tx_start_d  ; uart_controller:uart_ctrl_inst|uart_tx:tx_inst|state.START ; uart_controller:uart_ctrl_inst|baud_rate_gen:brg_inst|uart_tick ; uart_controller:uart_ctrl_inst|baud_rate_gen:brg_inst|uart_tick ; 0.000        ; 0.000      ; 0.928      ;
; 0.663 ; uart_controller:uart_ctrl_inst|uart_tx:tx_inst|bit_cnt[2]  ; uart_controller:uart_ctrl_inst|uart_tx:tx_inst|state.STOP  ; uart_controller:uart_ctrl_inst|baud_rate_gen:brg_inst|uart_tick ; uart_controller:uart_ctrl_inst|baud_rate_gen:brg_inst|uart_tick ; 0.000        ; 0.000      ; 0.929      ;
; 0.790 ; uart_controller:uart_ctrl_inst|uart_tx:tx_inst|tx_reg[1]   ; uart_controller:uart_ctrl_inst|uart_tx:tx_inst|tx_reg[0]   ; uart_controller:uart_ctrl_inst|baud_rate_gen:brg_inst|uart_tick ; uart_controller:uart_ctrl_inst|baud_rate_gen:brg_inst|uart_tick ; 0.000        ; 0.000      ; 1.056      ;
; 0.800 ; uart_controller:uart_ctrl_inst|uart_tx:tx_inst|tx_reg[3]   ; uart_controller:uart_ctrl_inst|uart_tx:tx_inst|tx_reg[2]   ; uart_controller:uart_ctrl_inst|baud_rate_gen:brg_inst|uart_tick ; uart_controller:uart_ctrl_inst|baud_rate_gen:brg_inst|uart_tick ; 0.000        ; 0.000      ; 1.066      ;
; 0.814 ; uart_controller:uart_ctrl_inst|uart_tx:tx_inst|bit_cnt[0]  ; uart_controller:uart_ctrl_inst|uart_tx:tx_inst|bit_cnt[1]  ; uart_controller:uart_ctrl_inst|baud_rate_gen:brg_inst|uart_tick ; uart_controller:uart_ctrl_inst|baud_rate_gen:brg_inst|uart_tick ; 0.000        ; 0.000      ; 1.080      ;
; 0.819 ; uart_controller:uart_ctrl_inst|uart_tx:tx_inst|bit_cnt[1]  ; uart_controller:uart_ctrl_inst|uart_tx:tx_inst|state.STOP  ; uart_controller:uart_ctrl_inst|baud_rate_gen:brg_inst|uart_tick ; uart_controller:uart_ctrl_inst|baud_rate_gen:brg_inst|uart_tick ; 0.000        ; 0.000      ; 1.085      ;
; 0.823 ; uart_controller:uart_ctrl_inst|uart_tx:tx_inst|state.STOP  ; uart_controller:uart_ctrl_inst|uart_tx:tx_inst|tx          ; uart_controller:uart_ctrl_inst|baud_rate_gen:brg_inst|uart_tick ; uart_controller:uart_ctrl_inst|baud_rate_gen:brg_inst|uart_tick ; 0.000        ; 0.000      ; 1.089      ;
; 0.850 ; uart_controller:uart_ctrl_inst|uart_tx:tx_inst|state.DATA  ; uart_controller:uart_ctrl_inst|uart_tx:tx_inst|tx          ; uart_controller:uart_ctrl_inst|baud_rate_gen:brg_inst|uart_tick ; uart_controller:uart_ctrl_inst|baud_rate_gen:brg_inst|uart_tick ; 0.000        ; 0.000      ; 1.116      ;
; 0.856 ; uart_controller:uart_ctrl_inst|uart_tx:tx_inst|state.DATA  ; uart_controller:uart_ctrl_inst|uart_tx:tx_inst|state.STOP  ; uart_controller:uart_ctrl_inst|baud_rate_gen:brg_inst|uart_tick ; uart_controller:uart_ctrl_inst|baud_rate_gen:brg_inst|uart_tick ; 0.000        ; 0.000      ; 1.122      ;
; 0.858 ; uart_controller:uart_ctrl_inst|uart_tx:tx_inst|state.START ; uart_controller:uart_ctrl_inst|uart_tx:tx_inst|tx_reg[4]   ; uart_controller:uart_ctrl_inst|baud_rate_gen:brg_inst|uart_tick ; uart_controller:uart_ctrl_inst|baud_rate_gen:brg_inst|uart_tick ; 0.000        ; 0.000      ; 1.124      ;
; 0.863 ; uart_controller:uart_ctrl_inst|uart_tx:tx_inst|state.DATA  ; uart_controller:uart_ctrl_inst|uart_tx:tx_inst|tx_reg[1]   ; uart_controller:uart_ctrl_inst|baud_rate_gen:brg_inst|uart_tick ; uart_controller:uart_ctrl_inst|baud_rate_gen:brg_inst|uart_tick ; 0.000        ; 0.000      ; 1.129      ;
; 0.863 ; uart_controller:uart_ctrl_inst|uart_tx:tx_inst|state.DATA  ; uart_controller:uart_ctrl_inst|uart_tx:tx_inst|tx_reg[0]   ; uart_controller:uart_ctrl_inst|baud_rate_gen:brg_inst|uart_tick ; uart_controller:uart_ctrl_inst|baud_rate_gen:brg_inst|uart_tick ; 0.000        ; 0.000      ; 1.129      ;
; 0.865 ; uart_controller:uart_ctrl_inst|uart_tx:tx_inst|state.START ; uart_controller:uart_ctrl_inst|uart_tx:tx_inst|bit_cnt[2]  ; uart_controller:uart_ctrl_inst|baud_rate_gen:brg_inst|uart_tick ; uart_controller:uart_ctrl_inst|baud_rate_gen:brg_inst|uart_tick ; 0.000        ; 0.000      ; 1.131      ;
; 0.866 ; uart_controller:uart_ctrl_inst|uart_tx:tx_inst|state.START ; uart_controller:uart_ctrl_inst|uart_tx:tx_inst|state.DATA  ; uart_controller:uart_ctrl_inst|baud_rate_gen:brg_inst|uart_tick ; uart_controller:uart_ctrl_inst|baud_rate_gen:brg_inst|uart_tick ; 0.000        ; 0.000      ; 1.132      ;
; 0.871 ; uart_controller:uart_ctrl_inst|uart_tx:tx_inst|state.STOP  ; uart_controller:uart_ctrl_inst|uart_tx:tx_inst|bit_cnt[0]  ; uart_controller:uart_ctrl_inst|baud_rate_gen:brg_inst|uart_tick ; uart_controller:uart_ctrl_inst|baud_rate_gen:brg_inst|uart_tick ; 0.000        ; 0.000      ; 1.137      ;
; 0.872 ; uart_controller:uart_ctrl_inst|uart_tx:tx_inst|state.STOP  ; uart_controller:uart_ctrl_inst|uart_tx:tx_inst|state.IDLE  ; uart_controller:uart_ctrl_inst|baud_rate_gen:brg_inst|uart_tick ; uart_controller:uart_ctrl_inst|baud_rate_gen:brg_inst|uart_tick ; 0.000        ; 0.000      ; 1.138      ;
; 0.880 ; uart_controller:uart_ctrl_inst|uart_tx:tx_inst|state.DATA  ; uart_controller:uart_ctrl_inst|uart_tx:tx_inst|tx_reg[3]   ; uart_controller:uart_ctrl_inst|baud_rate_gen:brg_inst|uart_tick ; uart_controller:uart_ctrl_inst|baud_rate_gen:brg_inst|uart_tick ; 0.000        ; 0.000      ; 1.146      ;
; 0.888 ; uart_controller:uart_ctrl_inst|uart_tx:tx_inst|state.DATA  ; uart_controller:uart_ctrl_inst|uart_tx:tx_inst|bit_cnt[1]  ; uart_controller:uart_ctrl_inst|baud_rate_gen:brg_inst|uart_tick ; uart_controller:uart_ctrl_inst|baud_rate_gen:brg_inst|uart_tick ; 0.000        ; 0.000      ; 1.154      ;
; 0.888 ; uart_controller:uart_ctrl_inst|uart_tx:tx_inst|state.DATA  ; uart_controller:uart_ctrl_inst|uart_tx:tx_inst|tx_reg[2]   ; uart_controller:uart_ctrl_inst|baud_rate_gen:brg_inst|uart_tick ; uart_controller:uart_ctrl_inst|baud_rate_gen:brg_inst|uart_tick ; 0.000        ; 0.000      ; 1.154      ;
; 0.889 ; uart_controller:uart_ctrl_inst|uart_tx:tx_inst|state.DATA  ; uart_controller:uart_ctrl_inst|uart_tx:tx_inst|bit_cnt[0]  ; uart_controller:uart_ctrl_inst|baud_rate_gen:brg_inst|uart_tick ; uart_controller:uart_ctrl_inst|baud_rate_gen:brg_inst|uart_tick ; 0.000        ; 0.000      ; 1.155      ;
; 0.913 ; uart_rx_packet_new:packet_inst|tx_data[1]                  ; uart_controller:uart_ctrl_inst|uart_tx:tx_inst|tx_reg[1]   ; CLOCK_50                                                        ; uart_controller:uart_ctrl_inst|baud_rate_gen:brg_inst|uart_tick ; 0.000        ; -0.396     ; 0.783      ;
; 0.982 ; uart_controller:uart_ctrl_inst|uart_tx:tx_inst|tx_reg[2]   ; uart_controller:uart_ctrl_inst|uart_tx:tx_inst|tx_reg[1]   ; uart_controller:uart_ctrl_inst|baud_rate_gen:brg_inst|uart_tick ; uart_controller:uart_ctrl_inst|baud_rate_gen:brg_inst|uart_tick ; 0.000        ; 0.000      ; 1.248      ;
; 1.056 ; uart_rx_packet_new:packet_inst|tx_data[0]                  ; uart_controller:uart_ctrl_inst|uart_tx:tx_inst|tx_reg[0]   ; CLOCK_50                                                        ; uart_controller:uart_ctrl_inst|baud_rate_gen:brg_inst|uart_tick ; 0.000        ; -0.396     ; 0.926      ;
; 1.056 ; uart_controller:uart_ctrl_inst|uart_tx:tx_inst|tx_reg[0]   ; uart_controller:uart_ctrl_inst|uart_tx:tx_inst|tx          ; uart_controller:uart_ctrl_inst|baud_rate_gen:brg_inst|uart_tick ; uart_controller:uart_ctrl_inst|baud_rate_gen:brg_inst|uart_tick ; 0.000        ; 0.000      ; 1.322      ;
; 1.126 ; uart_rx_packet_new:packet_inst|tx_data[0]                  ; uart_controller:uart_ctrl_inst|uart_tx:tx_inst|tx_reg[4]   ; CLOCK_50                                                        ; uart_controller:uart_ctrl_inst|baud_rate_gen:brg_inst|uart_tick ; 0.000        ; -0.396     ; 0.996      ;
; 1.178 ; uart_controller:uart_ctrl_inst|uart_tx:tx_inst|state.STOP  ; uart_controller:uart_ctrl_inst|uart_tx:tx_inst|tx_reg[3]   ; uart_controller:uart_ctrl_inst|baud_rate_gen:brg_inst|uart_tick ; uart_controller:uart_ctrl_inst|baud_rate_gen:brg_inst|uart_tick ; 0.000        ; 0.000      ; 1.444      ;
; 1.181 ; uart_controller:uart_ctrl_inst|uart_tx:tx_inst|state.STOP  ; uart_controller:uart_ctrl_inst|uart_tx:tx_inst|tx_reg[2]   ; uart_controller:uart_ctrl_inst|baud_rate_gen:brg_inst|uart_tick ; uart_controller:uart_ctrl_inst|baud_rate_gen:brg_inst|uart_tick ; 0.000        ; 0.000      ; 1.447      ;
; 1.230 ; uart_controller:uart_ctrl_inst|uart_tx:tx_inst|tx_reg[4]   ; uart_controller:uart_ctrl_inst|uart_tx:tx_inst|tx_reg[3]   ; uart_controller:uart_ctrl_inst|baud_rate_gen:brg_inst|uart_tick ; uart_controller:uart_ctrl_inst|baud_rate_gen:brg_inst|uart_tick ; 0.000        ; 0.000      ; 1.496      ;
; 1.278 ; uart_controller:uart_ctrl_inst|uart_tx:tx_inst|bit_cnt[1]  ; uart_controller:uart_ctrl_inst|uart_tx:tx_inst|bit_cnt[2]  ; uart_controller:uart_ctrl_inst|baud_rate_gen:brg_inst|uart_tick ; uart_controller:uart_ctrl_inst|baud_rate_gen:brg_inst|uart_tick ; 0.000        ; 0.000      ; 1.544      ;
; 1.281 ; uart_controller:uart_ctrl_inst|uart_tx:tx_inst|state.STOP  ; uart_controller:uart_ctrl_inst|uart_tx:tx_inst|state.DATA  ; uart_controller:uart_ctrl_inst|baud_rate_gen:brg_inst|uart_tick ; uart_controller:uart_ctrl_inst|baud_rate_gen:brg_inst|uart_tick ; 0.000        ; 0.000      ; 1.547      ;
; 1.398 ; uart_controller:uart_ctrl_inst|uart_tx:tx_inst|state.IDLE  ; uart_controller:uart_ctrl_inst|uart_tx:tx_inst|tx_reg[3]   ; uart_controller:uart_ctrl_inst|baud_rate_gen:brg_inst|uart_tick ; uart_controller:uart_ctrl_inst|baud_rate_gen:brg_inst|uart_tick ; 0.000        ; 0.000      ; 1.664      ;
; 1.401 ; uart_controller:uart_ctrl_inst|uart_tx:tx_inst|state.IDLE  ; uart_controller:uart_ctrl_inst|uart_tx:tx_inst|tx_reg[2]   ; uart_controller:uart_ctrl_inst|baud_rate_gen:brg_inst|uart_tick ; uart_controller:uart_ctrl_inst|baud_rate_gen:brg_inst|uart_tick ; 0.000        ; 0.000      ; 1.667      ;
; 1.428 ; uart_controller:uart_ctrl_inst|uart_tx:tx_inst|state.STOP  ; uart_controller:uart_ctrl_inst|uart_tx:tx_inst|bit_cnt[1]  ; uart_controller:uart_ctrl_inst|baud_rate_gen:brg_inst|uart_tick ; uart_controller:uart_ctrl_inst|baud_rate_gen:brg_inst|uart_tick ; 0.000        ; 0.000      ; 1.694      ;
; 1.433 ; uart_controller:uart_ctrl_inst|uart_tx:tx_inst|state.START ; uart_controller:uart_ctrl_inst|uart_tx:tx_inst|state.IDLE  ; uart_controller:uart_ctrl_inst|baud_rate_gen:brg_inst|uart_tick ; uart_controller:uart_ctrl_inst|baud_rate_gen:brg_inst|uart_tick ; 0.000        ; 0.000      ; 1.699      ;
; 1.459 ; uart_controller:uart_ctrl_inst|uart_tx:tx_inst|state.STOP  ; uart_controller:uart_ctrl_inst|uart_tx:tx_inst|tx_reg[4]   ; uart_controller:uart_ctrl_inst|baud_rate_gen:brg_inst|uart_tick ; uart_controller:uart_ctrl_inst|baud_rate_gen:brg_inst|uart_tick ; 0.000        ; 0.000      ; 1.725      ;
; 1.511 ; uart_rx_packet_new:packet_inst|LEDR[15]                    ; uart_controller:uart_ctrl_inst|uart_tx:tx_inst|tx_start_d  ; CLOCK_50                                                        ; uart_controller:uart_ctrl_inst|baud_rate_gen:brg_inst|uart_tick ; 0.000        ; -0.396     ; 1.381      ;
; 1.514 ; uart_controller:uart_ctrl_inst|uart_tx:tx_inst|bit_cnt[0]  ; uart_controller:uart_ctrl_inst|uart_tx:tx_inst|bit_cnt[2]  ; uart_controller:uart_ctrl_inst|baud_rate_gen:brg_inst|uart_tick ; uart_controller:uart_ctrl_inst|baud_rate_gen:brg_inst|uart_tick ; 0.000        ; 0.000      ; 1.780      ;
; 1.561 ; uart_controller:uart_ctrl_inst|uart_tx:tx_inst|state.DATA  ; uart_controller:uart_ctrl_inst|uart_tx:tx_inst|bit_cnt[2]  ; uart_controller:uart_ctrl_inst|baud_rate_gen:brg_inst|uart_tick ; uart_controller:uart_ctrl_inst|baud_rate_gen:brg_inst|uart_tick ; 0.000        ; 0.000      ; 1.827      ;
; 1.563 ; uart_controller:uart_ctrl_inst|uart_tx:tx_inst|state.STOP  ; uart_controller:uart_ctrl_inst|uart_tx:tx_inst|tx_reg[1]   ; uart_controller:uart_ctrl_inst|baud_rate_gen:brg_inst|uart_tick ; uart_controller:uart_ctrl_inst|baud_rate_gen:brg_inst|uart_tick ; 0.000        ; 0.000      ; 1.829      ;
; 1.563 ; uart_controller:uart_ctrl_inst|uart_tx:tx_inst|state.STOP  ; uart_controller:uart_ctrl_inst|uart_tx:tx_inst|tx_reg[0]   ; uart_controller:uart_ctrl_inst|baud_rate_gen:brg_inst|uart_tick ; uart_controller:uart_ctrl_inst|baud_rate_gen:brg_inst|uart_tick ; 0.000        ; 0.000      ; 1.829      ;
; 1.579 ; uart_controller:uart_ctrl_inst|uart_tx:tx_inst|tx_start_d  ; uart_controller:uart_ctrl_inst|uart_tx:tx_inst|state.IDLE  ; uart_controller:uart_ctrl_inst|baud_rate_gen:brg_inst|uart_tick ; uart_controller:uart_ctrl_inst|baud_rate_gen:brg_inst|uart_tick ; 0.000        ; 0.000      ; 1.845      ;
; 1.582 ; uart_controller:uart_ctrl_inst|uart_tx:tx_inst|tx_start_d  ; uart_controller:uart_ctrl_inst|uart_tx:tx_inst|state.DATA  ; uart_controller:uart_ctrl_inst|baud_rate_gen:brg_inst|uart_tick ; uart_controller:uart_ctrl_inst|baud_rate_gen:brg_inst|uart_tick ; 0.000        ; 0.000      ; 1.848      ;
; 1.602 ; uart_controller:uart_ctrl_inst|uart_tx:tx_inst|bit_cnt[0]  ; uart_controller:uart_ctrl_inst|uart_tx:tx_inst|state.IDLE  ; uart_controller:uart_ctrl_inst|baud_rate_gen:brg_inst|uart_tick ; uart_controller:uart_ctrl_inst|baud_rate_gen:brg_inst|uart_tick ; 0.000        ; 0.000      ; 1.868      ;
; 1.605 ; uart_controller:uart_ctrl_inst|uart_tx:tx_inst|bit_cnt[0]  ; uart_controller:uart_ctrl_inst|uart_tx:tx_inst|state.DATA  ; uart_controller:uart_ctrl_inst|baud_rate_gen:brg_inst|uart_tick ; uart_controller:uart_ctrl_inst|baud_rate_gen:brg_inst|uart_tick ; 0.000        ; 0.000      ; 1.871      ;
; 1.646 ; uart_rx_packet_new:packet_inst|LEDR[15]                    ; uart_controller:uart_ctrl_inst|uart_tx:tx_inst|state.START ; CLOCK_50                                                        ; uart_controller:uart_ctrl_inst|baud_rate_gen:brg_inst|uart_tick ; 0.000        ; -0.396     ; 1.516      ;
; 1.654 ; uart_controller:uart_ctrl_inst|uart_tx:tx_inst|state.START ; uart_controller:uart_ctrl_inst|uart_tx:tx_inst|bit_cnt[1]  ; uart_controller:uart_ctrl_inst|baud_rate_gen:brg_inst|uart_tick ; uart_controller:uart_ctrl_inst|baud_rate_gen:brg_inst|uart_tick ; 0.000        ; 0.000      ; 1.920      ;
; 1.668 ; uart_controller:uart_ctrl_inst|uart_tx:tx_inst|state.DATA  ; uart_controller:uart_ctrl_inst|uart_tx:tx_inst|state.IDLE  ; uart_controller:uart_ctrl_inst|baud_rate_gen:brg_inst|uart_tick ; uart_controller:uart_ctrl_inst|baud_rate_gen:brg_inst|uart_tick ; 0.000        ; 0.000      ; 1.934      ;
; 1.679 ; uart_controller:uart_ctrl_inst|uart_tx:tx_inst|state.IDLE  ; uart_controller:uart_ctrl_inst|uart_tx:tx_inst|tx_reg[4]   ; uart_controller:uart_ctrl_inst|baud_rate_gen:brg_inst|uart_tick ; uart_controller:uart_ctrl_inst|baud_rate_gen:brg_inst|uart_tick ; 0.000        ; 0.000      ; 1.945      ;
; 1.725 ; uart_controller:uart_ctrl_inst|uart_tx:tx_inst|bit_cnt[2]  ; uart_controller:uart_ctrl_inst|uart_tx:tx_inst|state.IDLE  ; uart_controller:uart_ctrl_inst|baud_rate_gen:brg_inst|uart_tick ; uart_controller:uart_ctrl_inst|baud_rate_gen:brg_inst|uart_tick ; 0.000        ; 0.000      ; 1.991      ;
; 1.728 ; uart_controller:uart_ctrl_inst|uart_tx:tx_inst|bit_cnt[2]  ; uart_controller:uart_ctrl_inst|uart_tx:tx_inst|state.DATA  ; uart_controller:uart_ctrl_inst|baud_rate_gen:brg_inst|uart_tick ; uart_controller:uart_ctrl_inst|baud_rate_gen:brg_inst|uart_tick ; 0.000        ; 0.000      ; 1.994      ;
; 1.778 ; uart_rx_packet_new:packet_inst|LEDR[15]                    ; uart_controller:uart_ctrl_inst|uart_tx:tx_inst|state.IDLE  ; CLOCK_50                                                        ; uart_controller:uart_ctrl_inst|baud_rate_gen:brg_inst|uart_tick ; 0.000        ; -0.396     ; 1.648      ;
; 1.781 ; uart_rx_packet_new:packet_inst|LEDR[15]                    ; uart_controller:uart_ctrl_inst|uart_tx:tx_inst|state.DATA  ; CLOCK_50                                                        ; uart_controller:uart_ctrl_inst|baud_rate_gen:brg_inst|uart_tick ; 0.000        ; -0.396     ; 1.651      ;
; 1.783 ; uart_controller:uart_ctrl_inst|uart_tx:tx_inst|state.IDLE  ; uart_controller:uart_ctrl_inst|uart_tx:tx_inst|tx_reg[1]   ; uart_controller:uart_ctrl_inst|baud_rate_gen:brg_inst|uart_tick ; uart_controller:uart_ctrl_inst|baud_rate_gen:brg_inst|uart_tick ; 0.000        ; 0.000      ; 2.049      ;
; 1.783 ; uart_controller:uart_ctrl_inst|uart_tx:tx_inst|state.IDLE  ; uart_controller:uart_ctrl_inst|uart_tx:tx_inst|tx_reg[0]   ; uart_controller:uart_ctrl_inst|baud_rate_gen:brg_inst|uart_tick ; uart_controller:uart_ctrl_inst|baud_rate_gen:brg_inst|uart_tick ; 0.000        ; 0.000      ; 2.049      ;
; 1.881 ; uart_controller:uart_ctrl_inst|uart_tx:tx_inst|bit_cnt[1]  ; uart_controller:uart_ctrl_inst|uart_tx:tx_inst|state.IDLE  ; uart_controller:uart_ctrl_inst|baud_rate_gen:brg_inst|uart_tick ; uart_controller:uart_ctrl_inst|baud_rate_gen:brg_inst|uart_tick ; 0.000        ; 0.000      ; 2.147      ;
; 1.884 ; uart_controller:uart_ctrl_inst|uart_tx:tx_inst|bit_cnt[1]  ; uart_controller:uart_ctrl_inst|uart_tx:tx_inst|state.DATA  ; uart_controller:uart_ctrl_inst|baud_rate_gen:brg_inst|uart_tick ; uart_controller:uart_ctrl_inst|baud_rate_gen:brg_inst|uart_tick ; 0.000        ; 0.000      ; 2.150      ;
+-------+------------------------------------------------------------+------------------------------------------------------------+-----------------------------------------------------------------+-----------------------------------------------------------------+--------------+------------+------------+


+------------------------------------------------------------------------------------------------------------------------------------------------------------------------------------------------------------------------------------------------+
; Slow Model Recovery: 'uart_controller:uart_ctrl_inst|baud_rate_gen:brg_inst|ov_tick'                                                                                                                                                           ;
+--------+-----------------------------------------+---------------------------------------------------------------------+--------------+---------------------------------------------------------------+--------------+------------+------------+
; Slack  ; From Node                               ; To Node                                                             ; Launch Clock ; Latch Clock                                                   ; Relationship ; Clock Skew ; Data Delay ;
+--------+-----------------------------------------+---------------------------------------------------------------------+--------------+---------------------------------------------------------------+--------------+------------+------------+
; -1.224 ; uart_rx_packet_new:packet_inst|rx_clear ; uart_controller:uart_ctrl_inst|uart_rx:rx_inst|valid_timeout_cnt[0] ; CLOCK_50     ; uart_controller:uart_ctrl_inst|baud_rate_gen:brg_inst|ov_tick ; 1.000        ; -0.393     ; 1.867      ;
; -1.224 ; uart_rx_packet_new:packet_inst|rx_clear ; uart_controller:uart_ctrl_inst|uart_rx:rx_inst|valid_timeout_cnt[1] ; CLOCK_50     ; uart_controller:uart_ctrl_inst|baud_rate_gen:brg_inst|ov_tick ; 1.000        ; -0.393     ; 1.867      ;
; -1.224 ; uart_rx_packet_new:packet_inst|rx_clear ; uart_controller:uart_ctrl_inst|uart_rx:rx_inst|valid_timeout_cnt[2] ; CLOCK_50     ; uart_controller:uart_ctrl_inst|baud_rate_gen:brg_inst|ov_tick ; 1.000        ; -0.393     ; 1.867      ;
; -1.224 ; uart_rx_packet_new:packet_inst|rx_clear ; uart_controller:uart_ctrl_inst|uart_rx:rx_inst|valid_timeout_cnt[3] ; CLOCK_50     ; uart_controller:uart_ctrl_inst|baud_rate_gen:brg_inst|ov_tick ; 1.000        ; -0.393     ; 1.867      ;
; -1.224 ; uart_rx_packet_new:packet_inst|rx_clear ; uart_controller:uart_ctrl_inst|uart_rx:rx_inst|valid_timeout_cnt[5] ; CLOCK_50     ; uart_controller:uart_ctrl_inst|baud_rate_gen:brg_inst|ov_tick ; 1.000        ; -0.393     ; 1.867      ;
; -1.224 ; uart_rx_packet_new:packet_inst|rx_clear ; uart_controller:uart_ctrl_inst|uart_rx:rx_inst|valid_timeout_cnt[6] ; CLOCK_50     ; uart_controller:uart_ctrl_inst|baud_rate_gen:brg_inst|ov_tick ; 1.000        ; -0.393     ; 1.867      ;
; -1.224 ; uart_rx_packet_new:packet_inst|rx_clear ; uart_controller:uart_ctrl_inst|uart_rx:rx_inst|valid_timeout_cnt[7] ; CLOCK_50     ; uart_controller:uart_ctrl_inst|baud_rate_gen:brg_inst|ov_tick ; 1.000        ; -0.393     ; 1.867      ;
; -1.224 ; uart_rx_packet_new:packet_inst|rx_clear ; uart_controller:uart_ctrl_inst|uart_rx:rx_inst|valid_timeout_cnt[4] ; CLOCK_50     ; uart_controller:uart_ctrl_inst|baud_rate_gen:brg_inst|ov_tick ; 1.000        ; -0.393     ; 1.867      ;
; -1.224 ; uart_rx_packet_new:packet_inst|rx_clear ; uart_controller:uart_ctrl_inst|uart_rx:rx_inst|rx_valid             ; CLOCK_50     ; uart_controller:uart_ctrl_inst|baud_rate_gen:brg_inst|ov_tick ; 1.000        ; -0.393     ; 1.867      ;
+--------+-----------------------------------------+---------------------------------------------------------------------+--------------+---------------------------------------------------------------+--------------+------------+------------+


+-----------------------------------------------------------------------------------------------------------------------------------------------------------------------------------------------------------------------------------------------+
; Slow Model Removal: 'uart_controller:uart_ctrl_inst|baud_rate_gen:brg_inst|ov_tick'                                                                                                                                                           ;
+-------+-----------------------------------------+---------------------------------------------------------------------+--------------+---------------------------------------------------------------+--------------+------------+------------+
; Slack ; From Node                               ; To Node                                                             ; Launch Clock ; Latch Clock                                                   ; Relationship ; Clock Skew ; Data Delay ;
+-------+-----------------------------------------+---------------------------------------------------------------------+--------------+---------------------------------------------------------------+--------------+------------+------------+
; 1.994 ; uart_rx_packet_new:packet_inst|rx_clear ; uart_controller:uart_ctrl_inst|uart_rx:rx_inst|valid_timeout_cnt[0] ; CLOCK_50     ; uart_controller:uart_ctrl_inst|baud_rate_gen:brg_inst|ov_tick ; 0.000        ; -0.393     ; 1.867      ;
; 1.994 ; uart_rx_packet_new:packet_inst|rx_clear ; uart_controller:uart_ctrl_inst|uart_rx:rx_inst|valid_timeout_cnt[1] ; CLOCK_50     ; uart_controller:uart_ctrl_inst|baud_rate_gen:brg_inst|ov_tick ; 0.000        ; -0.393     ; 1.867      ;
; 1.994 ; uart_rx_packet_new:packet_inst|rx_clear ; uart_controller:uart_ctrl_inst|uart_rx:rx_inst|valid_timeout_cnt[2] ; CLOCK_50     ; uart_controller:uart_ctrl_inst|baud_rate_gen:brg_inst|ov_tick ; 0.000        ; -0.393     ; 1.867      ;
; 1.994 ; uart_rx_packet_new:packet_inst|rx_clear ; uart_controller:uart_ctrl_inst|uart_rx:rx_inst|valid_timeout_cnt[3] ; CLOCK_50     ; uart_controller:uart_ctrl_inst|baud_rate_gen:brg_inst|ov_tick ; 0.000        ; -0.393     ; 1.867      ;
; 1.994 ; uart_rx_packet_new:packet_inst|rx_clear ; uart_controller:uart_ctrl_inst|uart_rx:rx_inst|valid_timeout_cnt[5] ; CLOCK_50     ; uart_controller:uart_ctrl_inst|baud_rate_gen:brg_inst|ov_tick ; 0.000        ; -0.393     ; 1.867      ;
; 1.994 ; uart_rx_packet_new:packet_inst|rx_clear ; uart_controller:uart_ctrl_inst|uart_rx:rx_inst|valid_timeout_cnt[6] ; CLOCK_50     ; uart_controller:uart_ctrl_inst|baud_rate_gen:brg_inst|ov_tick ; 0.000        ; -0.393     ; 1.867      ;
; 1.994 ; uart_rx_packet_new:packet_inst|rx_clear ; uart_controller:uart_ctrl_inst|uart_rx:rx_inst|valid_timeout_cnt[7] ; CLOCK_50     ; uart_controller:uart_ctrl_inst|baud_rate_gen:brg_inst|ov_tick ; 0.000        ; -0.393     ; 1.867      ;
; 1.994 ; uart_rx_packet_new:packet_inst|rx_clear ; uart_controller:uart_ctrl_inst|uart_rx:rx_inst|valid_timeout_cnt[4] ; CLOCK_50     ; uart_controller:uart_ctrl_inst|baud_rate_gen:brg_inst|ov_tick ; 0.000        ; -0.393     ; 1.867      ;
; 1.994 ; uart_rx_packet_new:packet_inst|rx_clear ; uart_controller:uart_ctrl_inst|uart_rx:rx_inst|rx_valid             ; CLOCK_50     ; uart_controller:uart_ctrl_inst|baud_rate_gen:brg_inst|ov_tick ; 0.000        ; -0.393     ; 1.867      ;
+-------+-----------------------------------------+---------------------------------------------------------------------+--------------+---------------------------------------------------------------+--------------+------------+------------+


+-----------------------------------------------------------------------------------------------------------------------------------------------------------------------------------------------------------+
; Slow Model Minimum Pulse Width: 'CLOCK_50'                                                                                                                                                                ;
+--------+--------------+----------------+------------------+----------+------------+-----------------------------------------------------------------------------------------------------------------------+
; Slack  ; Actual Width ; Required Width ; Type             ; Clock    ; Clock Edge ; Target                                                                                                                ;
+--------+--------------+----------------+------------------+----------+------------+-----------------------------------------------------------------------------------------------------------------------+
; -1.627 ; 0.500        ; 2.127          ; High Pulse Width ; CLOCK_50 ; Rise       ; uart_rx_packet_new:packet_inst|altsyncram:buffer_rtl_0|altsyncram_09c1:auto_generated|ram_block1a0~porta_address_reg0 ;
; -1.627 ; 0.500        ; 2.127          ; Low Pulse Width  ; CLOCK_50 ; Rise       ; uart_rx_packet_new:packet_inst|altsyncram:buffer_rtl_0|altsyncram_09c1:auto_generated|ram_block1a0~porta_address_reg0 ;
; -1.627 ; 0.500        ; 2.127          ; High Pulse Width ; CLOCK_50 ; Rise       ; uart_rx_packet_new:packet_inst|altsyncram:buffer_rtl_0|altsyncram_09c1:auto_generated|ram_block1a0~porta_address_reg1 ;
; -1.627 ; 0.500        ; 2.127          ; Low Pulse Width  ; CLOCK_50 ; Rise       ; uart_rx_packet_new:packet_inst|altsyncram:buffer_rtl_0|altsyncram_09c1:auto_generated|ram_block1a0~porta_address_reg1 ;
; -1.627 ; 0.500        ; 2.127          ; High Pulse Width ; CLOCK_50 ; Rise       ; uart_rx_packet_new:packet_inst|altsyncram:buffer_rtl_0|altsyncram_09c1:auto_generated|ram_block1a0~porta_address_reg2 ;
; -1.627 ; 0.500        ; 2.127          ; Low Pulse Width  ; CLOCK_50 ; Rise       ; uart_rx_packet_new:packet_inst|altsyncram:buffer_rtl_0|altsyncram_09c1:auto_generated|ram_block1a0~porta_address_reg2 ;
; -1.627 ; 0.500        ; 2.127          ; High Pulse Width ; CLOCK_50 ; Rise       ; uart_rx_packet_new:packet_inst|altsyncram:buffer_rtl_0|altsyncram_09c1:auto_generated|ram_block1a0~porta_address_reg3 ;
; -1.627 ; 0.500        ; 2.127          ; Low Pulse Width  ; CLOCK_50 ; Rise       ; uart_rx_packet_new:packet_inst|altsyncram:buffer_rtl_0|altsyncram_09c1:auto_generated|ram_block1a0~porta_address_reg3 ;
; -1.627 ; 0.500        ; 2.127          ; High Pulse Width ; CLOCK_50 ; Rise       ; uart_rx_packet_new:packet_inst|altsyncram:buffer_rtl_0|altsyncram_09c1:auto_generated|ram_block1a0~porta_address_reg4 ;
; -1.627 ; 0.500        ; 2.127          ; Low Pulse Width  ; CLOCK_50 ; Rise       ; uart_rx_packet_new:packet_inst|altsyncram:buffer_rtl_0|altsyncram_09c1:auto_generated|ram_block1a0~porta_address_reg4 ;
; -1.627 ; 0.500        ; 2.127          ; High Pulse Width ; CLOCK_50 ; Rise       ; uart_rx_packet_new:packet_inst|altsyncram:buffer_rtl_0|altsyncram_09c1:auto_generated|ram_block1a0~porta_address_reg5 ;
; -1.627 ; 0.500        ; 2.127          ; Low Pulse Width  ; CLOCK_50 ; Rise       ; uart_rx_packet_new:packet_inst|altsyncram:buffer_rtl_0|altsyncram_09c1:auto_generated|ram_block1a0~porta_address_reg5 ;
; -1.627 ; 0.500        ; 2.127          ; High Pulse Width ; CLOCK_50 ; Rise       ; uart_rx_packet_new:packet_inst|altsyncram:buffer_rtl_0|altsyncram_09c1:auto_generated|ram_block1a0~porta_address_reg6 ;
; -1.627 ; 0.500        ; 2.127          ; Low Pulse Width  ; CLOCK_50 ; Rise       ; uart_rx_packet_new:packet_inst|altsyncram:buffer_rtl_0|altsyncram_09c1:auto_generated|ram_block1a0~porta_address_reg6 ;
; -1.627 ; 0.500        ; 2.127          ; High Pulse Width ; CLOCK_50 ; Rise       ; uart_rx_packet_new:packet_inst|altsyncram:buffer_rtl_0|altsyncram_09c1:auto_generated|ram_block1a0~porta_address_reg7 ;
; -1.627 ; 0.500        ; 2.127          ; Low Pulse Width  ; CLOCK_50 ; Rise       ; uart_rx_packet_new:packet_inst|altsyncram:buffer_rtl_0|altsyncram_09c1:auto_generated|ram_block1a0~porta_address_reg7 ;
; -1.627 ; 0.500        ; 2.127          ; High Pulse Width ; CLOCK_50 ; Rise       ; uart_rx_packet_new:packet_inst|altsyncram:buffer_rtl_0|altsyncram_09c1:auto_generated|ram_block1a0~porta_datain_reg0  ;
; -1.627 ; 0.500        ; 2.127          ; Low Pulse Width  ; CLOCK_50 ; Rise       ; uart_rx_packet_new:packet_inst|altsyncram:buffer_rtl_0|altsyncram_09c1:auto_generated|ram_block1a0~porta_datain_reg0  ;
; -1.627 ; 0.500        ; 2.127          ; High Pulse Width ; CLOCK_50 ; Rise       ; uart_rx_packet_new:packet_inst|altsyncram:buffer_rtl_0|altsyncram_09c1:auto_generated|ram_block1a0~porta_datain_reg1  ;
; -1.627 ; 0.500        ; 2.127          ; Low Pulse Width  ; CLOCK_50 ; Rise       ; uart_rx_packet_new:packet_inst|altsyncram:buffer_rtl_0|altsyncram_09c1:auto_generated|ram_block1a0~porta_datain_reg1  ;
; -1.627 ; 0.500        ; 2.127          ; High Pulse Width ; CLOCK_50 ; Rise       ; uart_rx_packet_new:packet_inst|altsyncram:buffer_rtl_0|altsyncram_09c1:auto_generated|ram_block1a0~porta_datain_reg2  ;
; -1.627 ; 0.500        ; 2.127          ; Low Pulse Width  ; CLOCK_50 ; Rise       ; uart_rx_packet_new:packet_inst|altsyncram:buffer_rtl_0|altsyncram_09c1:auto_generated|ram_block1a0~porta_datain_reg2  ;
; -1.627 ; 0.500        ; 2.127          ; High Pulse Width ; CLOCK_50 ; Rise       ; uart_rx_packet_new:packet_inst|altsyncram:buffer_rtl_0|altsyncram_09c1:auto_generated|ram_block1a0~porta_datain_reg3  ;
; -1.627 ; 0.500        ; 2.127          ; Low Pulse Width  ; CLOCK_50 ; Rise       ; uart_rx_packet_new:packet_inst|altsyncram:buffer_rtl_0|altsyncram_09c1:auto_generated|ram_block1a0~porta_datain_reg3  ;
; -1.627 ; 0.500        ; 2.127          ; High Pulse Width ; CLOCK_50 ; Rise       ; uart_rx_packet_new:packet_inst|altsyncram:buffer_rtl_0|altsyncram_09c1:auto_generated|ram_block1a0~porta_datain_reg4  ;
; -1.627 ; 0.500        ; 2.127          ; Low Pulse Width  ; CLOCK_50 ; Rise       ; uart_rx_packet_new:packet_inst|altsyncram:buffer_rtl_0|altsyncram_09c1:auto_generated|ram_block1a0~porta_datain_reg4  ;
; -1.627 ; 0.500        ; 2.127          ; High Pulse Width ; CLOCK_50 ; Rise       ; uart_rx_packet_new:packet_inst|altsyncram:buffer_rtl_0|altsyncram_09c1:auto_generated|ram_block1a0~porta_datain_reg5  ;
; -1.627 ; 0.500        ; 2.127          ; Low Pulse Width  ; CLOCK_50 ; Rise       ; uart_rx_packet_new:packet_inst|altsyncram:buffer_rtl_0|altsyncram_09c1:auto_generated|ram_block1a0~porta_datain_reg5  ;
; -1.627 ; 0.500        ; 2.127          ; High Pulse Width ; CLOCK_50 ; Rise       ; uart_rx_packet_new:packet_inst|altsyncram:buffer_rtl_0|altsyncram_09c1:auto_generated|ram_block1a0~porta_datain_reg6  ;
; -1.627 ; 0.500        ; 2.127          ; Low Pulse Width  ; CLOCK_50 ; Rise       ; uart_rx_packet_new:packet_inst|altsyncram:buffer_rtl_0|altsyncram_09c1:auto_generated|ram_block1a0~porta_datain_reg6  ;
; -1.627 ; 0.500        ; 2.127          ; High Pulse Width ; CLOCK_50 ; Rise       ; uart_rx_packet_new:packet_inst|altsyncram:buffer_rtl_0|altsyncram_09c1:auto_generated|ram_block1a0~porta_datain_reg7  ;
; -1.627 ; 0.500        ; 2.127          ; Low Pulse Width  ; CLOCK_50 ; Rise       ; uart_rx_packet_new:packet_inst|altsyncram:buffer_rtl_0|altsyncram_09c1:auto_generated|ram_block1a0~porta_datain_reg7  ;
; -1.627 ; 0.500        ; 2.127          ; High Pulse Width ; CLOCK_50 ; Rise       ; uart_rx_packet_new:packet_inst|altsyncram:buffer_rtl_0|altsyncram_09c1:auto_generated|ram_block1a0~porta_memory_reg0  ;
; -1.627 ; 0.500        ; 2.127          ; Low Pulse Width  ; CLOCK_50 ; Rise       ; uart_rx_packet_new:packet_inst|altsyncram:buffer_rtl_0|altsyncram_09c1:auto_generated|ram_block1a0~porta_memory_reg0  ;
; -1.627 ; 0.500        ; 2.127          ; High Pulse Width ; CLOCK_50 ; Rise       ; uart_rx_packet_new:packet_inst|altsyncram:buffer_rtl_0|altsyncram_09c1:auto_generated|ram_block1a0~porta_we_reg       ;
; -1.627 ; 0.500        ; 2.127          ; Low Pulse Width  ; CLOCK_50 ; Rise       ; uart_rx_packet_new:packet_inst|altsyncram:buffer_rtl_0|altsyncram_09c1:auto_generated|ram_block1a0~porta_we_reg       ;
; -1.627 ; 0.500        ; 2.127          ; High Pulse Width ; CLOCK_50 ; Rise       ; uart_rx_packet_new:packet_inst|altsyncram:buffer_rtl_0|altsyncram_09c1:auto_generated|ram_block1a0~portb_address_reg0 ;
; -1.627 ; 0.500        ; 2.127          ; Low Pulse Width  ; CLOCK_50 ; Rise       ; uart_rx_packet_new:packet_inst|altsyncram:buffer_rtl_0|altsyncram_09c1:auto_generated|ram_block1a0~portb_address_reg0 ;
; -1.627 ; 0.500        ; 2.127          ; High Pulse Width ; CLOCK_50 ; Rise       ; uart_rx_packet_new:packet_inst|altsyncram:buffer_rtl_0|altsyncram_09c1:auto_generated|ram_block1a0~portb_address_reg1 ;
; -1.627 ; 0.500        ; 2.127          ; Low Pulse Width  ; CLOCK_50 ; Rise       ; uart_rx_packet_new:packet_inst|altsyncram:buffer_rtl_0|altsyncram_09c1:auto_generated|ram_block1a0~portb_address_reg1 ;
; -1.627 ; 0.500        ; 2.127          ; High Pulse Width ; CLOCK_50 ; Rise       ; uart_rx_packet_new:packet_inst|altsyncram:buffer_rtl_0|altsyncram_09c1:auto_generated|ram_block1a0~portb_address_reg2 ;
; -1.627 ; 0.500        ; 2.127          ; Low Pulse Width  ; CLOCK_50 ; Rise       ; uart_rx_packet_new:packet_inst|altsyncram:buffer_rtl_0|altsyncram_09c1:auto_generated|ram_block1a0~portb_address_reg2 ;
; -1.627 ; 0.500        ; 2.127          ; High Pulse Width ; CLOCK_50 ; Rise       ; uart_rx_packet_new:packet_inst|altsyncram:buffer_rtl_0|altsyncram_09c1:auto_generated|ram_block1a0~portb_address_reg3 ;
; -1.627 ; 0.500        ; 2.127          ; Low Pulse Width  ; CLOCK_50 ; Rise       ; uart_rx_packet_new:packet_inst|altsyncram:buffer_rtl_0|altsyncram_09c1:auto_generated|ram_block1a0~portb_address_reg3 ;
; -1.627 ; 0.500        ; 2.127          ; High Pulse Width ; CLOCK_50 ; Rise       ; uart_rx_packet_new:packet_inst|altsyncram:buffer_rtl_0|altsyncram_09c1:auto_generated|ram_block1a0~portb_address_reg4 ;
; -1.627 ; 0.500        ; 2.127          ; Low Pulse Width  ; CLOCK_50 ; Rise       ; uart_rx_packet_new:packet_inst|altsyncram:buffer_rtl_0|altsyncram_09c1:auto_generated|ram_block1a0~portb_address_reg4 ;
; -1.627 ; 0.500        ; 2.127          ; High Pulse Width ; CLOCK_50 ; Rise       ; uart_rx_packet_new:packet_inst|altsyncram:buffer_rtl_0|altsyncram_09c1:auto_generated|ram_block1a0~portb_address_reg5 ;
; -1.627 ; 0.500        ; 2.127          ; Low Pulse Width  ; CLOCK_50 ; Rise       ; uart_rx_packet_new:packet_inst|altsyncram:buffer_rtl_0|altsyncram_09c1:auto_generated|ram_block1a0~portb_address_reg5 ;
; -1.627 ; 0.500        ; 2.127          ; High Pulse Width ; CLOCK_50 ; Rise       ; uart_rx_packet_new:packet_inst|altsyncram:buffer_rtl_0|altsyncram_09c1:auto_generated|ram_block1a0~portb_address_reg6 ;
; -1.627 ; 0.500        ; 2.127          ; Low Pulse Width  ; CLOCK_50 ; Rise       ; uart_rx_packet_new:packet_inst|altsyncram:buffer_rtl_0|altsyncram_09c1:auto_generated|ram_block1a0~portb_address_reg6 ;
; -1.627 ; 0.500        ; 2.127          ; High Pulse Width ; CLOCK_50 ; Rise       ; uart_rx_packet_new:packet_inst|altsyncram:buffer_rtl_0|altsyncram_09c1:auto_generated|ram_block1a0~portb_address_reg7 ;
; -1.627 ; 0.500        ; 2.127          ; Low Pulse Width  ; CLOCK_50 ; Rise       ; uart_rx_packet_new:packet_inst|altsyncram:buffer_rtl_0|altsyncram_09c1:auto_generated|ram_block1a0~portb_address_reg7 ;
; -1.627 ; 0.500        ; 2.127          ; High Pulse Width ; CLOCK_50 ; Rise       ; uart_rx_packet_new:packet_inst|altsyncram:buffer_rtl_0|altsyncram_09c1:auto_generated|ram_block1a1~porta_memory_reg0  ;
; -1.627 ; 0.500        ; 2.127          ; Low Pulse Width  ; CLOCK_50 ; Rise       ; uart_rx_packet_new:packet_inst|altsyncram:buffer_rtl_0|altsyncram_09c1:auto_generated|ram_block1a1~porta_memory_reg0  ;
; -1.627 ; 0.500        ; 2.127          ; High Pulse Width ; CLOCK_50 ; Rise       ; uart_rx_packet_new:packet_inst|altsyncram:buffer_rtl_0|altsyncram_09c1:auto_generated|ram_block1a2~porta_memory_reg0  ;
; -1.627 ; 0.500        ; 2.127          ; Low Pulse Width  ; CLOCK_50 ; Rise       ; uart_rx_packet_new:packet_inst|altsyncram:buffer_rtl_0|altsyncram_09c1:auto_generated|ram_block1a2~porta_memory_reg0  ;
; -1.627 ; 0.500        ; 2.127          ; High Pulse Width ; CLOCK_50 ; Rise       ; uart_rx_packet_new:packet_inst|altsyncram:buffer_rtl_0|altsyncram_09c1:auto_generated|ram_block1a3~porta_memory_reg0  ;
; -1.627 ; 0.500        ; 2.127          ; Low Pulse Width  ; CLOCK_50 ; Rise       ; uart_rx_packet_new:packet_inst|altsyncram:buffer_rtl_0|altsyncram_09c1:auto_generated|ram_block1a3~porta_memory_reg0  ;
; -1.627 ; 0.500        ; 2.127          ; High Pulse Width ; CLOCK_50 ; Rise       ; uart_rx_packet_new:packet_inst|altsyncram:buffer_rtl_0|altsyncram_09c1:auto_generated|ram_block1a4~porta_memory_reg0  ;
; -1.627 ; 0.500        ; 2.127          ; Low Pulse Width  ; CLOCK_50 ; Rise       ; uart_rx_packet_new:packet_inst|altsyncram:buffer_rtl_0|altsyncram_09c1:auto_generated|ram_block1a4~porta_memory_reg0  ;
; -1.627 ; 0.500        ; 2.127          ; High Pulse Width ; CLOCK_50 ; Rise       ; uart_rx_packet_new:packet_inst|altsyncram:buffer_rtl_0|altsyncram_09c1:auto_generated|ram_block1a5~porta_memory_reg0  ;
; -1.627 ; 0.500        ; 2.127          ; Low Pulse Width  ; CLOCK_50 ; Rise       ; uart_rx_packet_new:packet_inst|altsyncram:buffer_rtl_0|altsyncram_09c1:auto_generated|ram_block1a5~porta_memory_reg0  ;
; -1.627 ; 0.500        ; 2.127          ; High Pulse Width ; CLOCK_50 ; Rise       ; uart_rx_packet_new:packet_inst|altsyncram:buffer_rtl_0|altsyncram_09c1:auto_generated|ram_block1a6~porta_memory_reg0  ;
; -1.627 ; 0.500        ; 2.127          ; Low Pulse Width  ; CLOCK_50 ; Rise       ; uart_rx_packet_new:packet_inst|altsyncram:buffer_rtl_0|altsyncram_09c1:auto_generated|ram_block1a6~porta_memory_reg0  ;
; -1.627 ; 0.500        ; 2.127          ; High Pulse Width ; CLOCK_50 ; Rise       ; uart_rx_packet_new:packet_inst|altsyncram:buffer_rtl_0|altsyncram_09c1:auto_generated|ram_block1a7~porta_memory_reg0  ;
; -1.627 ; 0.500        ; 2.127          ; Low Pulse Width  ; CLOCK_50 ; Rise       ; uart_rx_packet_new:packet_inst|altsyncram:buffer_rtl_0|altsyncram_09c1:auto_generated|ram_block1a7~porta_memory_reg0  ;
; -1.380 ; 1.000        ; 2.380          ; Port Rate        ; CLOCK_50 ; Rise       ; CLOCK_50                                                                                                              ;
; -0.500 ; 0.500        ; 1.000          ; High Pulse Width ; CLOCK_50 ; Rise       ; packet_cnt[0]                                                                                                         ;
; -0.500 ; 0.500        ; 1.000          ; Low Pulse Width  ; CLOCK_50 ; Rise       ; packet_cnt[0]                                                                                                         ;
; -0.500 ; 0.500        ; 1.000          ; High Pulse Width ; CLOCK_50 ; Rise       ; packet_cnt[10]                                                                                                        ;
; -0.500 ; 0.500        ; 1.000          ; Low Pulse Width  ; CLOCK_50 ; Rise       ; packet_cnt[10]                                                                                                        ;
; -0.500 ; 0.500        ; 1.000          ; High Pulse Width ; CLOCK_50 ; Rise       ; packet_cnt[11]                                                                                                        ;
; -0.500 ; 0.500        ; 1.000          ; Low Pulse Width  ; CLOCK_50 ; Rise       ; packet_cnt[11]                                                                                                        ;
; -0.500 ; 0.500        ; 1.000          ; High Pulse Width ; CLOCK_50 ; Rise       ; packet_cnt[1]                                                                                                         ;
; -0.500 ; 0.500        ; 1.000          ; Low Pulse Width  ; CLOCK_50 ; Rise       ; packet_cnt[1]                                                                                                         ;
; -0.500 ; 0.500        ; 1.000          ; High Pulse Width ; CLOCK_50 ; Rise       ; packet_cnt[2]                                                                                                         ;
; -0.500 ; 0.500        ; 1.000          ; Low Pulse Width  ; CLOCK_50 ; Rise       ; packet_cnt[2]                                                                                                         ;
; -0.500 ; 0.500        ; 1.000          ; High Pulse Width ; CLOCK_50 ; Rise       ; packet_cnt[3]                                                                                                         ;
; -0.500 ; 0.500        ; 1.000          ; Low Pulse Width  ; CLOCK_50 ; Rise       ; packet_cnt[3]                                                                                                         ;
; -0.500 ; 0.500        ; 1.000          ; High Pulse Width ; CLOCK_50 ; Rise       ; packet_cnt[4]                                                                                                         ;
; -0.500 ; 0.500        ; 1.000          ; Low Pulse Width  ; CLOCK_50 ; Rise       ; packet_cnt[4]                                                                                                         ;
; -0.500 ; 0.500        ; 1.000          ; High Pulse Width ; CLOCK_50 ; Rise       ; packet_cnt[5]                                                                                                         ;
; -0.500 ; 0.500        ; 1.000          ; Low Pulse Width  ; CLOCK_50 ; Rise       ; packet_cnt[5]                                                                                                         ;
; -0.500 ; 0.500        ; 1.000          ; High Pulse Width ; CLOCK_50 ; Rise       ; packet_cnt[6]                                                                                                         ;
; -0.500 ; 0.500        ; 1.000          ; Low Pulse Width  ; CLOCK_50 ; Rise       ; packet_cnt[6]                                                                                                         ;
; -0.500 ; 0.500        ; 1.000          ; High Pulse Width ; CLOCK_50 ; Rise       ; packet_cnt[7]                                                                                                         ;
; -0.500 ; 0.500        ; 1.000          ; Low Pulse Width  ; CLOCK_50 ; Rise       ; packet_cnt[7]                                                                                                         ;
; -0.500 ; 0.500        ; 1.000          ; High Pulse Width ; CLOCK_50 ; Rise       ; packet_cnt[8]                                                                                                         ;
; -0.500 ; 0.500        ; 1.000          ; Low Pulse Width  ; CLOCK_50 ; Rise       ; packet_cnt[8]                                                                                                         ;
; -0.500 ; 0.500        ; 1.000          ; High Pulse Width ; CLOCK_50 ; Rise       ; packet_cnt[9]                                                                                                         ;
; -0.500 ; 0.500        ; 1.000          ; Low Pulse Width  ; CLOCK_50 ; Rise       ; packet_cnt[9]                                                                                                         ;
; -0.500 ; 0.500        ; 1.000          ; High Pulse Width ; CLOCK_50 ; Rise       ; packet_valid_d                                                                                                        ;
; -0.500 ; 0.500        ; 1.000          ; Low Pulse Width  ; CLOCK_50 ; Rise       ; packet_valid_d                                                                                                        ;
; -0.500 ; 0.500        ; 1.000          ; High Pulse Width ; CLOCK_50 ; Rise       ; sram_packet_writer:sram_writer_inst|addr_latch[0]                                                                     ;
; -0.500 ; 0.500        ; 1.000          ; Low Pulse Width  ; CLOCK_50 ; Rise       ; sram_packet_writer:sram_writer_inst|addr_latch[0]                                                                     ;
; -0.500 ; 0.500        ; 1.000          ; High Pulse Width ; CLOCK_50 ; Rise       ; sram_packet_writer:sram_writer_inst|addr_latch[10]                                                                    ;
; -0.500 ; 0.500        ; 1.000          ; Low Pulse Width  ; CLOCK_50 ; Rise       ; sram_packet_writer:sram_writer_inst|addr_latch[10]                                                                    ;
; -0.500 ; 0.500        ; 1.000          ; High Pulse Width ; CLOCK_50 ; Rise       ; sram_packet_writer:sram_writer_inst|addr_latch[11]                                                                    ;
; -0.500 ; 0.500        ; 1.000          ; Low Pulse Width  ; CLOCK_50 ; Rise       ; sram_packet_writer:sram_writer_inst|addr_latch[11]                                                                    ;
; -0.500 ; 0.500        ; 1.000          ; High Pulse Width ; CLOCK_50 ; Rise       ; sram_packet_writer:sram_writer_inst|addr_latch[12]                                                                    ;
+--------+--------------+----------------+------------------+----------+------------+-----------------------------------------------------------------------------------------------------------------------+


+--------------------------------------------------------------------------------------------------------------------------------------------------------------------------------------------------------------+
; Slow Model Minimum Pulse Width: 'uart_controller:uart_ctrl_inst|baud_rate_gen:brg_inst|ov_tick'                                                                                                              ;
+--------+--------------+----------------+------------------+---------------------------------------------------------------+------------+---------------------------------------------------------------------+
; Slack  ; Actual Width ; Required Width ; Type             ; Clock                                                         ; Clock Edge ; Target                                                              ;
+--------+--------------+----------------+------------------+---------------------------------------------------------------+------------+---------------------------------------------------------------------+
; -0.500 ; 0.500        ; 1.000          ; High Pulse Width ; uart_controller:uart_ctrl_inst|baud_rate_gen:brg_inst|ov_tick ; Rise       ; uart_controller:uart_ctrl_inst|uart_rx:rx_inst|bit_cnt[0]           ;
; -0.500 ; 0.500        ; 1.000          ; Low Pulse Width  ; uart_controller:uart_ctrl_inst|baud_rate_gen:brg_inst|ov_tick ; Rise       ; uart_controller:uart_ctrl_inst|uart_rx:rx_inst|bit_cnt[0]           ;
; -0.500 ; 0.500        ; 1.000          ; High Pulse Width ; uart_controller:uart_ctrl_inst|baud_rate_gen:brg_inst|ov_tick ; Rise       ; uart_controller:uart_ctrl_inst|uart_rx:rx_inst|bit_cnt[1]           ;
; -0.500 ; 0.500        ; 1.000          ; Low Pulse Width  ; uart_controller:uart_ctrl_inst|baud_rate_gen:brg_inst|ov_tick ; Rise       ; uart_controller:uart_ctrl_inst|uart_rx:rx_inst|bit_cnt[1]           ;
; -0.500 ; 0.500        ; 1.000          ; High Pulse Width ; uart_controller:uart_ctrl_inst|baud_rate_gen:brg_inst|ov_tick ; Rise       ; uart_controller:uart_ctrl_inst|uart_rx:rx_inst|bit_cnt[2]           ;
; -0.500 ; 0.500        ; 1.000          ; Low Pulse Width  ; uart_controller:uart_ctrl_inst|baud_rate_gen:brg_inst|ov_tick ; Rise       ; uart_controller:uart_ctrl_inst|uart_rx:rx_inst|bit_cnt[2]           ;
; -0.500 ; 0.500        ; 1.000          ; High Pulse Width ; uart_controller:uart_ctrl_inst|baud_rate_gen:brg_inst|ov_tick ; Rise       ; uart_controller:uart_ctrl_inst|uart_rx:rx_inst|data_out[0]          ;
; -0.500 ; 0.500        ; 1.000          ; Low Pulse Width  ; uart_controller:uart_ctrl_inst|baud_rate_gen:brg_inst|ov_tick ; Rise       ; uart_controller:uart_ctrl_inst|uart_rx:rx_inst|data_out[0]          ;
; -0.500 ; 0.500        ; 1.000          ; High Pulse Width ; uart_controller:uart_ctrl_inst|baud_rate_gen:brg_inst|ov_tick ; Rise       ; uart_controller:uart_ctrl_inst|uart_rx:rx_inst|data_out[1]          ;
; -0.500 ; 0.500        ; 1.000          ; Low Pulse Width  ; uart_controller:uart_ctrl_inst|baud_rate_gen:brg_inst|ov_tick ; Rise       ; uart_controller:uart_ctrl_inst|uart_rx:rx_inst|data_out[1]          ;
; -0.500 ; 0.500        ; 1.000          ; High Pulse Width ; uart_controller:uart_ctrl_inst|baud_rate_gen:brg_inst|ov_tick ; Rise       ; uart_controller:uart_ctrl_inst|uart_rx:rx_inst|data_out[2]          ;
; -0.500 ; 0.500        ; 1.000          ; Low Pulse Width  ; uart_controller:uart_ctrl_inst|baud_rate_gen:brg_inst|ov_tick ; Rise       ; uart_controller:uart_ctrl_inst|uart_rx:rx_inst|data_out[2]          ;
; -0.500 ; 0.500        ; 1.000          ; High Pulse Width ; uart_controller:uart_ctrl_inst|baud_rate_gen:brg_inst|ov_tick ; Rise       ; uart_controller:uart_ctrl_inst|uart_rx:rx_inst|data_out[3]          ;
; -0.500 ; 0.500        ; 1.000          ; Low Pulse Width  ; uart_controller:uart_ctrl_inst|baud_rate_gen:brg_inst|ov_tick ; Rise       ; uart_controller:uart_ctrl_inst|uart_rx:rx_inst|data_out[3]          ;
; -0.500 ; 0.500        ; 1.000          ; High Pulse Width ; uart_controller:uart_ctrl_inst|baud_rate_gen:brg_inst|ov_tick ; Rise       ; uart_controller:uart_ctrl_inst|uart_rx:rx_inst|data_out[4]          ;
; -0.500 ; 0.500        ; 1.000          ; Low Pulse Width  ; uart_controller:uart_ctrl_inst|baud_rate_gen:brg_inst|ov_tick ; Rise       ; uart_controller:uart_ctrl_inst|uart_rx:rx_inst|data_out[4]          ;
; -0.500 ; 0.500        ; 1.000          ; High Pulse Width ; uart_controller:uart_ctrl_inst|baud_rate_gen:brg_inst|ov_tick ; Rise       ; uart_controller:uart_ctrl_inst|uart_rx:rx_inst|data_out[5]          ;
; -0.500 ; 0.500        ; 1.000          ; Low Pulse Width  ; uart_controller:uart_ctrl_inst|baud_rate_gen:brg_inst|ov_tick ; Rise       ; uart_controller:uart_ctrl_inst|uart_rx:rx_inst|data_out[5]          ;
; -0.500 ; 0.500        ; 1.000          ; High Pulse Width ; uart_controller:uart_ctrl_inst|baud_rate_gen:brg_inst|ov_tick ; Rise       ; uart_controller:uart_ctrl_inst|uart_rx:rx_inst|data_out[6]          ;
; -0.500 ; 0.500        ; 1.000          ; Low Pulse Width  ; uart_controller:uart_ctrl_inst|baud_rate_gen:brg_inst|ov_tick ; Rise       ; uart_controller:uart_ctrl_inst|uart_rx:rx_inst|data_out[6]          ;
; -0.500 ; 0.500        ; 1.000          ; High Pulse Width ; uart_controller:uart_ctrl_inst|baud_rate_gen:brg_inst|ov_tick ; Rise       ; uart_controller:uart_ctrl_inst|uart_rx:rx_inst|data_out[7]          ;
; -0.500 ; 0.500        ; 1.000          ; Low Pulse Width  ; uart_controller:uart_ctrl_inst|baud_rate_gen:brg_inst|ov_tick ; Rise       ; uart_controller:uart_ctrl_inst|uart_rx:rx_inst|data_out[7]          ;
; -0.500 ; 0.500        ; 1.000          ; High Pulse Width ; uart_controller:uart_ctrl_inst|baud_rate_gen:brg_inst|ov_tick ; Rise       ; uart_controller:uart_ctrl_inst|uart_rx:rx_inst|rx_reg[0]            ;
; -0.500 ; 0.500        ; 1.000          ; Low Pulse Width  ; uart_controller:uart_ctrl_inst|baud_rate_gen:brg_inst|ov_tick ; Rise       ; uart_controller:uart_ctrl_inst|uart_rx:rx_inst|rx_reg[0]            ;
; -0.500 ; 0.500        ; 1.000          ; High Pulse Width ; uart_controller:uart_ctrl_inst|baud_rate_gen:brg_inst|ov_tick ; Rise       ; uart_controller:uart_ctrl_inst|uart_rx:rx_inst|rx_reg[1]            ;
; -0.500 ; 0.500        ; 1.000          ; Low Pulse Width  ; uart_controller:uart_ctrl_inst|baud_rate_gen:brg_inst|ov_tick ; Rise       ; uart_controller:uart_ctrl_inst|uart_rx:rx_inst|rx_reg[1]            ;
; -0.500 ; 0.500        ; 1.000          ; High Pulse Width ; uart_controller:uart_ctrl_inst|baud_rate_gen:brg_inst|ov_tick ; Rise       ; uart_controller:uart_ctrl_inst|uart_rx:rx_inst|rx_reg[2]            ;
; -0.500 ; 0.500        ; 1.000          ; Low Pulse Width  ; uart_controller:uart_ctrl_inst|baud_rate_gen:brg_inst|ov_tick ; Rise       ; uart_controller:uart_ctrl_inst|uart_rx:rx_inst|rx_reg[2]            ;
; -0.500 ; 0.500        ; 1.000          ; High Pulse Width ; uart_controller:uart_ctrl_inst|baud_rate_gen:brg_inst|ov_tick ; Rise       ; uart_controller:uart_ctrl_inst|uart_rx:rx_inst|rx_reg[3]            ;
; -0.500 ; 0.500        ; 1.000          ; Low Pulse Width  ; uart_controller:uart_ctrl_inst|baud_rate_gen:brg_inst|ov_tick ; Rise       ; uart_controller:uart_ctrl_inst|uart_rx:rx_inst|rx_reg[3]            ;
; -0.500 ; 0.500        ; 1.000          ; High Pulse Width ; uart_controller:uart_ctrl_inst|baud_rate_gen:brg_inst|ov_tick ; Rise       ; uart_controller:uart_ctrl_inst|uart_rx:rx_inst|rx_reg[4]            ;
; -0.500 ; 0.500        ; 1.000          ; Low Pulse Width  ; uart_controller:uart_ctrl_inst|baud_rate_gen:brg_inst|ov_tick ; Rise       ; uart_controller:uart_ctrl_inst|uart_rx:rx_inst|rx_reg[4]            ;
; -0.500 ; 0.500        ; 1.000          ; High Pulse Width ; uart_controller:uart_ctrl_inst|baud_rate_gen:brg_inst|ov_tick ; Rise       ; uart_controller:uart_ctrl_inst|uart_rx:rx_inst|rx_reg[5]            ;
; -0.500 ; 0.500        ; 1.000          ; Low Pulse Width  ; uart_controller:uart_ctrl_inst|baud_rate_gen:brg_inst|ov_tick ; Rise       ; uart_controller:uart_ctrl_inst|uart_rx:rx_inst|rx_reg[5]            ;
; -0.500 ; 0.500        ; 1.000          ; High Pulse Width ; uart_controller:uart_ctrl_inst|baud_rate_gen:brg_inst|ov_tick ; Rise       ; uart_controller:uart_ctrl_inst|uart_rx:rx_inst|rx_reg[6]            ;
; -0.500 ; 0.500        ; 1.000          ; Low Pulse Width  ; uart_controller:uart_ctrl_inst|baud_rate_gen:brg_inst|ov_tick ; Rise       ; uart_controller:uart_ctrl_inst|uart_rx:rx_inst|rx_reg[6]            ;
; -0.500 ; 0.500        ; 1.000          ; High Pulse Width ; uart_controller:uart_ctrl_inst|baud_rate_gen:brg_inst|ov_tick ; Rise       ; uart_controller:uart_ctrl_inst|uart_rx:rx_inst|rx_reg[7]            ;
; -0.500 ; 0.500        ; 1.000          ; Low Pulse Width  ; uart_controller:uart_ctrl_inst|baud_rate_gen:brg_inst|ov_tick ; Rise       ; uart_controller:uart_ctrl_inst|uart_rx:rx_inst|rx_reg[7]            ;
; -0.500 ; 0.500        ; 1.000          ; High Pulse Width ; uart_controller:uart_ctrl_inst|baud_rate_gen:brg_inst|ov_tick ; Rise       ; uart_controller:uart_ctrl_inst|uart_rx:rx_inst|rx_valid             ;
; -0.500 ; 0.500        ; 1.000          ; Low Pulse Width  ; uart_controller:uart_ctrl_inst|baud_rate_gen:brg_inst|ov_tick ; Rise       ; uart_controller:uart_ctrl_inst|uart_rx:rx_inst|rx_valid             ;
; -0.500 ; 0.500        ; 1.000          ; High Pulse Width ; uart_controller:uart_ctrl_inst|baud_rate_gen:brg_inst|ov_tick ; Rise       ; uart_controller:uart_ctrl_inst|uart_rx:rx_inst|samples[0]           ;
; -0.500 ; 0.500        ; 1.000          ; Low Pulse Width  ; uart_controller:uart_ctrl_inst|baud_rate_gen:brg_inst|ov_tick ; Rise       ; uart_controller:uart_ctrl_inst|uart_rx:rx_inst|samples[0]           ;
; -0.500 ; 0.500        ; 1.000          ; High Pulse Width ; uart_controller:uart_ctrl_inst|baud_rate_gen:brg_inst|ov_tick ; Rise       ; uart_controller:uart_ctrl_inst|uart_rx:rx_inst|samples[1]           ;
; -0.500 ; 0.500        ; 1.000          ; Low Pulse Width  ; uart_controller:uart_ctrl_inst|baud_rate_gen:brg_inst|ov_tick ; Rise       ; uart_controller:uart_ctrl_inst|uart_rx:rx_inst|samples[1]           ;
; -0.500 ; 0.500        ; 1.000          ; High Pulse Width ; uart_controller:uart_ctrl_inst|baud_rate_gen:brg_inst|ov_tick ; Rise       ; uart_controller:uart_ctrl_inst|uart_rx:rx_inst|samples[2]           ;
; -0.500 ; 0.500        ; 1.000          ; Low Pulse Width  ; uart_controller:uart_ctrl_inst|baud_rate_gen:brg_inst|ov_tick ; Rise       ; uart_controller:uart_ctrl_inst|uart_rx:rx_inst|samples[2]           ;
; -0.500 ; 0.500        ; 1.000          ; High Pulse Width ; uart_controller:uart_ctrl_inst|baud_rate_gen:brg_inst|ov_tick ; Rise       ; uart_controller:uart_ctrl_inst|uart_rx:rx_inst|state.DATA           ;
; -0.500 ; 0.500        ; 1.000          ; Low Pulse Width  ; uart_controller:uart_ctrl_inst|baud_rate_gen:brg_inst|ov_tick ; Rise       ; uart_controller:uart_ctrl_inst|uart_rx:rx_inst|state.DATA           ;
; -0.500 ; 0.500        ; 1.000          ; High Pulse Width ; uart_controller:uart_ctrl_inst|baud_rate_gen:brg_inst|ov_tick ; Rise       ; uart_controller:uart_ctrl_inst|uart_rx:rx_inst|state.IDLE           ;
; -0.500 ; 0.500        ; 1.000          ; Low Pulse Width  ; uart_controller:uart_ctrl_inst|baud_rate_gen:brg_inst|ov_tick ; Rise       ; uart_controller:uart_ctrl_inst|uart_rx:rx_inst|state.IDLE           ;
; -0.500 ; 0.500        ; 1.000          ; High Pulse Width ; uart_controller:uart_ctrl_inst|baud_rate_gen:brg_inst|ov_tick ; Rise       ; uart_controller:uart_ctrl_inst|uart_rx:rx_inst|state.START          ;
; -0.500 ; 0.500        ; 1.000          ; Low Pulse Width  ; uart_controller:uart_ctrl_inst|baud_rate_gen:brg_inst|ov_tick ; Rise       ; uart_controller:uart_ctrl_inst|uart_rx:rx_inst|state.START          ;
; -0.500 ; 0.500        ; 1.000          ; High Pulse Width ; uart_controller:uart_ctrl_inst|baud_rate_gen:brg_inst|ov_tick ; Rise       ; uart_controller:uart_ctrl_inst|uart_rx:rx_inst|state.STOP           ;
; -0.500 ; 0.500        ; 1.000          ; Low Pulse Width  ; uart_controller:uart_ctrl_inst|baud_rate_gen:brg_inst|ov_tick ; Rise       ; uart_controller:uart_ctrl_inst|uart_rx:rx_inst|state.STOP           ;
; -0.500 ; 0.500        ; 1.000          ; High Pulse Width ; uart_controller:uart_ctrl_inst|baud_rate_gen:brg_inst|ov_tick ; Rise       ; uart_controller:uart_ctrl_inst|uart_rx:rx_inst|tick_cnt[0]          ;
; -0.500 ; 0.500        ; 1.000          ; Low Pulse Width  ; uart_controller:uart_ctrl_inst|baud_rate_gen:brg_inst|ov_tick ; Rise       ; uart_controller:uart_ctrl_inst|uart_rx:rx_inst|tick_cnt[0]          ;
; -0.500 ; 0.500        ; 1.000          ; High Pulse Width ; uart_controller:uart_ctrl_inst|baud_rate_gen:brg_inst|ov_tick ; Rise       ; uart_controller:uart_ctrl_inst|uart_rx:rx_inst|tick_cnt[1]          ;
; -0.500 ; 0.500        ; 1.000          ; Low Pulse Width  ; uart_controller:uart_ctrl_inst|baud_rate_gen:brg_inst|ov_tick ; Rise       ; uart_controller:uart_ctrl_inst|uart_rx:rx_inst|tick_cnt[1]          ;
; -0.500 ; 0.500        ; 1.000          ; High Pulse Width ; uart_controller:uart_ctrl_inst|baud_rate_gen:brg_inst|ov_tick ; Rise       ; uart_controller:uart_ctrl_inst|uart_rx:rx_inst|tick_cnt[2]          ;
; -0.500 ; 0.500        ; 1.000          ; Low Pulse Width  ; uart_controller:uart_ctrl_inst|baud_rate_gen:brg_inst|ov_tick ; Rise       ; uart_controller:uart_ctrl_inst|uart_rx:rx_inst|tick_cnt[2]          ;
; -0.500 ; 0.500        ; 1.000          ; High Pulse Width ; uart_controller:uart_ctrl_inst|baud_rate_gen:brg_inst|ov_tick ; Rise       ; uart_controller:uart_ctrl_inst|uart_rx:rx_inst|valid_timeout_cnt[0] ;
; -0.500 ; 0.500        ; 1.000          ; Low Pulse Width  ; uart_controller:uart_ctrl_inst|baud_rate_gen:brg_inst|ov_tick ; Rise       ; uart_controller:uart_ctrl_inst|uart_rx:rx_inst|valid_timeout_cnt[0] ;
; -0.500 ; 0.500        ; 1.000          ; High Pulse Width ; uart_controller:uart_ctrl_inst|baud_rate_gen:brg_inst|ov_tick ; Rise       ; uart_controller:uart_ctrl_inst|uart_rx:rx_inst|valid_timeout_cnt[1] ;
; -0.500 ; 0.500        ; 1.000          ; Low Pulse Width  ; uart_controller:uart_ctrl_inst|baud_rate_gen:brg_inst|ov_tick ; Rise       ; uart_controller:uart_ctrl_inst|uart_rx:rx_inst|valid_timeout_cnt[1] ;
; -0.500 ; 0.500        ; 1.000          ; High Pulse Width ; uart_controller:uart_ctrl_inst|baud_rate_gen:brg_inst|ov_tick ; Rise       ; uart_controller:uart_ctrl_inst|uart_rx:rx_inst|valid_timeout_cnt[2] ;
; -0.500 ; 0.500        ; 1.000          ; Low Pulse Width  ; uart_controller:uart_ctrl_inst|baud_rate_gen:brg_inst|ov_tick ; Rise       ; uart_controller:uart_ctrl_inst|uart_rx:rx_inst|valid_timeout_cnt[2] ;
; -0.500 ; 0.500        ; 1.000          ; High Pulse Width ; uart_controller:uart_ctrl_inst|baud_rate_gen:brg_inst|ov_tick ; Rise       ; uart_controller:uart_ctrl_inst|uart_rx:rx_inst|valid_timeout_cnt[3] ;
; -0.500 ; 0.500        ; 1.000          ; Low Pulse Width  ; uart_controller:uart_ctrl_inst|baud_rate_gen:brg_inst|ov_tick ; Rise       ; uart_controller:uart_ctrl_inst|uart_rx:rx_inst|valid_timeout_cnt[3] ;
; -0.500 ; 0.500        ; 1.000          ; High Pulse Width ; uart_controller:uart_ctrl_inst|baud_rate_gen:brg_inst|ov_tick ; Rise       ; uart_controller:uart_ctrl_inst|uart_rx:rx_inst|valid_timeout_cnt[4] ;
; -0.500 ; 0.500        ; 1.000          ; Low Pulse Width  ; uart_controller:uart_ctrl_inst|baud_rate_gen:brg_inst|ov_tick ; Rise       ; uart_controller:uart_ctrl_inst|uart_rx:rx_inst|valid_timeout_cnt[4] ;
; -0.500 ; 0.500        ; 1.000          ; High Pulse Width ; uart_controller:uart_ctrl_inst|baud_rate_gen:brg_inst|ov_tick ; Rise       ; uart_controller:uart_ctrl_inst|uart_rx:rx_inst|valid_timeout_cnt[5] ;
; -0.500 ; 0.500        ; 1.000          ; Low Pulse Width  ; uart_controller:uart_ctrl_inst|baud_rate_gen:brg_inst|ov_tick ; Rise       ; uart_controller:uart_ctrl_inst|uart_rx:rx_inst|valid_timeout_cnt[5] ;
; -0.500 ; 0.500        ; 1.000          ; High Pulse Width ; uart_controller:uart_ctrl_inst|baud_rate_gen:brg_inst|ov_tick ; Rise       ; uart_controller:uart_ctrl_inst|uart_rx:rx_inst|valid_timeout_cnt[6] ;
; -0.500 ; 0.500        ; 1.000          ; Low Pulse Width  ; uart_controller:uart_ctrl_inst|baud_rate_gen:brg_inst|ov_tick ; Rise       ; uart_controller:uart_ctrl_inst|uart_rx:rx_inst|valid_timeout_cnt[6] ;
; -0.500 ; 0.500        ; 1.000          ; High Pulse Width ; uart_controller:uart_ctrl_inst|baud_rate_gen:brg_inst|ov_tick ; Rise       ; uart_controller:uart_ctrl_inst|uart_rx:rx_inst|valid_timeout_cnt[7] ;
; -0.500 ; 0.500        ; 1.000          ; Low Pulse Width  ; uart_controller:uart_ctrl_inst|baud_rate_gen:brg_inst|ov_tick ; Rise       ; uart_controller:uart_ctrl_inst|uart_rx:rx_inst|valid_timeout_cnt[7] ;
; 0.500  ; 0.500        ; 0.000          ; High Pulse Width ; uart_controller:uart_ctrl_inst|baud_rate_gen:brg_inst|ov_tick ; Rise       ; uart_ctrl_inst|brg_inst|ov_tick|regout                              ;
; 0.500  ; 0.500        ; 0.000          ; Low Pulse Width  ; uart_controller:uart_ctrl_inst|baud_rate_gen:brg_inst|ov_tick ; Rise       ; uart_ctrl_inst|brg_inst|ov_tick|regout                              ;
; 0.500  ; 0.500        ; 0.000          ; High Pulse Width ; uart_controller:uart_ctrl_inst|baud_rate_gen:brg_inst|ov_tick ; Rise       ; uart_ctrl_inst|brg_inst|ov_tick~clkctrl|inclk[0]                    ;
; 0.500  ; 0.500        ; 0.000          ; Low Pulse Width  ; uart_controller:uart_ctrl_inst|baud_rate_gen:brg_inst|ov_tick ; Rise       ; uart_ctrl_inst|brg_inst|ov_tick~clkctrl|inclk[0]                    ;
; 0.500  ; 0.500        ; 0.000          ; High Pulse Width ; uart_controller:uart_ctrl_inst|baud_rate_gen:brg_inst|ov_tick ; Rise       ; uart_ctrl_inst|brg_inst|ov_tick~clkctrl|outclk                      ;
; 0.500  ; 0.500        ; 0.000          ; Low Pulse Width  ; uart_controller:uart_ctrl_inst|baud_rate_gen:brg_inst|ov_tick ; Rise       ; uart_ctrl_inst|brg_inst|ov_tick~clkctrl|outclk                      ;
; 0.500  ; 0.500        ; 0.000          ; High Pulse Width ; uart_controller:uart_ctrl_inst|baud_rate_gen:brg_inst|ov_tick ; Rise       ; uart_ctrl_inst|rx_inst|bit_cnt[0]|clk                               ;
; 0.500  ; 0.500        ; 0.000          ; Low Pulse Width  ; uart_controller:uart_ctrl_inst|baud_rate_gen:brg_inst|ov_tick ; Rise       ; uart_ctrl_inst|rx_inst|bit_cnt[0]|clk                               ;
; 0.500  ; 0.500        ; 0.000          ; High Pulse Width ; uart_controller:uart_ctrl_inst|baud_rate_gen:brg_inst|ov_tick ; Rise       ; uart_ctrl_inst|rx_inst|bit_cnt[1]|clk                               ;
; 0.500  ; 0.500        ; 0.000          ; Low Pulse Width  ; uart_controller:uart_ctrl_inst|baud_rate_gen:brg_inst|ov_tick ; Rise       ; uart_ctrl_inst|rx_inst|bit_cnt[1]|clk                               ;
; 0.500  ; 0.500        ; 0.000          ; High Pulse Width ; uart_controller:uart_ctrl_inst|baud_rate_gen:brg_inst|ov_tick ; Rise       ; uart_ctrl_inst|rx_inst|bit_cnt[2]|clk                               ;
; 0.500  ; 0.500        ; 0.000          ; Low Pulse Width  ; uart_controller:uart_ctrl_inst|baud_rate_gen:brg_inst|ov_tick ; Rise       ; uart_ctrl_inst|rx_inst|bit_cnt[2]|clk                               ;
; 0.500  ; 0.500        ; 0.000          ; High Pulse Width ; uart_controller:uart_ctrl_inst|baud_rate_gen:brg_inst|ov_tick ; Rise       ; uart_ctrl_inst|rx_inst|data_out[0]|clk                              ;
; 0.500  ; 0.500        ; 0.000          ; Low Pulse Width  ; uart_controller:uart_ctrl_inst|baud_rate_gen:brg_inst|ov_tick ; Rise       ; uart_ctrl_inst|rx_inst|data_out[0]|clk                              ;
; 0.500  ; 0.500        ; 0.000          ; High Pulse Width ; uart_controller:uart_ctrl_inst|baud_rate_gen:brg_inst|ov_tick ; Rise       ; uart_ctrl_inst|rx_inst|data_out[1]|clk                              ;
; 0.500  ; 0.500        ; 0.000          ; Low Pulse Width  ; uart_controller:uart_ctrl_inst|baud_rate_gen:brg_inst|ov_tick ; Rise       ; uart_ctrl_inst|rx_inst|data_out[1]|clk                              ;
; 0.500  ; 0.500        ; 0.000          ; High Pulse Width ; uart_controller:uart_ctrl_inst|baud_rate_gen:brg_inst|ov_tick ; Rise       ; uart_ctrl_inst|rx_inst|data_out[2]|clk                              ;
; 0.500  ; 0.500        ; 0.000          ; Low Pulse Width  ; uart_controller:uart_ctrl_inst|baud_rate_gen:brg_inst|ov_tick ; Rise       ; uart_ctrl_inst|rx_inst|data_out[2]|clk                              ;
; 0.500  ; 0.500        ; 0.000          ; High Pulse Width ; uart_controller:uart_ctrl_inst|baud_rate_gen:brg_inst|ov_tick ; Rise       ; uart_ctrl_inst|rx_inst|data_out[3]|clk                              ;
; 0.500  ; 0.500        ; 0.000          ; Low Pulse Width  ; uart_controller:uart_ctrl_inst|baud_rate_gen:brg_inst|ov_tick ; Rise       ; uart_ctrl_inst|rx_inst|data_out[3]|clk                              ;
; 0.500  ; 0.500        ; 0.000          ; High Pulse Width ; uart_controller:uart_ctrl_inst|baud_rate_gen:brg_inst|ov_tick ; Rise       ; uart_ctrl_inst|rx_inst|data_out[4]|clk                              ;
; 0.500  ; 0.500        ; 0.000          ; Low Pulse Width  ; uart_controller:uart_ctrl_inst|baud_rate_gen:brg_inst|ov_tick ; Rise       ; uart_ctrl_inst|rx_inst|data_out[4]|clk                              ;
; 0.500  ; 0.500        ; 0.000          ; High Pulse Width ; uart_controller:uart_ctrl_inst|baud_rate_gen:brg_inst|ov_tick ; Rise       ; uart_ctrl_inst|rx_inst|data_out[5]|clk                              ;
; 0.500  ; 0.500        ; 0.000          ; Low Pulse Width  ; uart_controller:uart_ctrl_inst|baud_rate_gen:brg_inst|ov_tick ; Rise       ; uart_ctrl_inst|rx_inst|data_out[5]|clk                              ;
+--------+--------------+----------------+------------------+---------------------------------------------------------------+------------+---------------------------------------------------------------------+


+-------------------------------------------------------------------------------------------------------------------------------------------------------------------------------------------------------+
; Slow Model Minimum Pulse Width: 'uart_controller:uart_ctrl_inst|baud_rate_gen:brg_inst|uart_tick'                                                                                                     ;
+--------+--------------+----------------+------------------+-----------------------------------------------------------------+------------+------------------------------------------------------------+
; Slack  ; Actual Width ; Required Width ; Type             ; Clock                                                           ; Clock Edge ; Target                                                     ;
+--------+--------------+----------------+------------------+-----------------------------------------------------------------+------------+------------------------------------------------------------+
; -0.500 ; 0.500        ; 1.000          ; High Pulse Width ; uart_controller:uart_ctrl_inst|baud_rate_gen:brg_inst|uart_tick ; Rise       ; uart_controller:uart_ctrl_inst|uart_tx:tx_inst|bit_cnt[0]  ;
; -0.500 ; 0.500        ; 1.000          ; Low Pulse Width  ; uart_controller:uart_ctrl_inst|baud_rate_gen:brg_inst|uart_tick ; Rise       ; uart_controller:uart_ctrl_inst|uart_tx:tx_inst|bit_cnt[0]  ;
; -0.500 ; 0.500        ; 1.000          ; High Pulse Width ; uart_controller:uart_ctrl_inst|baud_rate_gen:brg_inst|uart_tick ; Rise       ; uart_controller:uart_ctrl_inst|uart_tx:tx_inst|bit_cnt[1]  ;
; -0.500 ; 0.500        ; 1.000          ; Low Pulse Width  ; uart_controller:uart_ctrl_inst|baud_rate_gen:brg_inst|uart_tick ; Rise       ; uart_controller:uart_ctrl_inst|uart_tx:tx_inst|bit_cnt[1]  ;
; -0.500 ; 0.500        ; 1.000          ; High Pulse Width ; uart_controller:uart_ctrl_inst|baud_rate_gen:brg_inst|uart_tick ; Rise       ; uart_controller:uart_ctrl_inst|uart_tx:tx_inst|bit_cnt[2]  ;
; -0.500 ; 0.500        ; 1.000          ; Low Pulse Width  ; uart_controller:uart_ctrl_inst|baud_rate_gen:brg_inst|uart_tick ; Rise       ; uart_controller:uart_ctrl_inst|uart_tx:tx_inst|bit_cnt[2]  ;
; -0.500 ; 0.500        ; 1.000          ; High Pulse Width ; uart_controller:uart_ctrl_inst|baud_rate_gen:brg_inst|uart_tick ; Rise       ; uart_controller:uart_ctrl_inst|uart_tx:tx_inst|state.DATA  ;
; -0.500 ; 0.500        ; 1.000          ; Low Pulse Width  ; uart_controller:uart_ctrl_inst|baud_rate_gen:brg_inst|uart_tick ; Rise       ; uart_controller:uart_ctrl_inst|uart_tx:tx_inst|state.DATA  ;
; -0.500 ; 0.500        ; 1.000          ; High Pulse Width ; uart_controller:uart_ctrl_inst|baud_rate_gen:brg_inst|uart_tick ; Rise       ; uart_controller:uart_ctrl_inst|uart_tx:tx_inst|state.IDLE  ;
; -0.500 ; 0.500        ; 1.000          ; Low Pulse Width  ; uart_controller:uart_ctrl_inst|baud_rate_gen:brg_inst|uart_tick ; Rise       ; uart_controller:uart_ctrl_inst|uart_tx:tx_inst|state.IDLE  ;
; -0.500 ; 0.500        ; 1.000          ; High Pulse Width ; uart_controller:uart_ctrl_inst|baud_rate_gen:brg_inst|uart_tick ; Rise       ; uart_controller:uart_ctrl_inst|uart_tx:tx_inst|state.START ;
; -0.500 ; 0.500        ; 1.000          ; Low Pulse Width  ; uart_controller:uart_ctrl_inst|baud_rate_gen:brg_inst|uart_tick ; Rise       ; uart_controller:uart_ctrl_inst|uart_tx:tx_inst|state.START ;
; -0.500 ; 0.500        ; 1.000          ; High Pulse Width ; uart_controller:uart_ctrl_inst|baud_rate_gen:brg_inst|uart_tick ; Rise       ; uart_controller:uart_ctrl_inst|uart_tx:tx_inst|state.STOP  ;
; -0.500 ; 0.500        ; 1.000          ; Low Pulse Width  ; uart_controller:uart_ctrl_inst|baud_rate_gen:brg_inst|uart_tick ; Rise       ; uart_controller:uart_ctrl_inst|uart_tx:tx_inst|state.STOP  ;
; -0.500 ; 0.500        ; 1.000          ; High Pulse Width ; uart_controller:uart_ctrl_inst|baud_rate_gen:brg_inst|uart_tick ; Rise       ; uart_controller:uart_ctrl_inst|uart_tx:tx_inst|tx          ;
; -0.500 ; 0.500        ; 1.000          ; Low Pulse Width  ; uart_controller:uart_ctrl_inst|baud_rate_gen:brg_inst|uart_tick ; Rise       ; uart_controller:uart_ctrl_inst|uart_tx:tx_inst|tx          ;
; -0.500 ; 0.500        ; 1.000          ; High Pulse Width ; uart_controller:uart_ctrl_inst|baud_rate_gen:brg_inst|uart_tick ; Rise       ; uart_controller:uart_ctrl_inst|uart_tx:tx_inst|tx_reg[0]   ;
; -0.500 ; 0.500        ; 1.000          ; Low Pulse Width  ; uart_controller:uart_ctrl_inst|baud_rate_gen:brg_inst|uart_tick ; Rise       ; uart_controller:uart_ctrl_inst|uart_tx:tx_inst|tx_reg[0]   ;
; -0.500 ; 0.500        ; 1.000          ; High Pulse Width ; uart_controller:uart_ctrl_inst|baud_rate_gen:brg_inst|uart_tick ; Rise       ; uart_controller:uart_ctrl_inst|uart_tx:tx_inst|tx_reg[1]   ;
; -0.500 ; 0.500        ; 1.000          ; Low Pulse Width  ; uart_controller:uart_ctrl_inst|baud_rate_gen:brg_inst|uart_tick ; Rise       ; uart_controller:uart_ctrl_inst|uart_tx:tx_inst|tx_reg[1]   ;
; -0.500 ; 0.500        ; 1.000          ; High Pulse Width ; uart_controller:uart_ctrl_inst|baud_rate_gen:brg_inst|uart_tick ; Rise       ; uart_controller:uart_ctrl_inst|uart_tx:tx_inst|tx_reg[2]   ;
; -0.500 ; 0.500        ; 1.000          ; Low Pulse Width  ; uart_controller:uart_ctrl_inst|baud_rate_gen:brg_inst|uart_tick ; Rise       ; uart_controller:uart_ctrl_inst|uart_tx:tx_inst|tx_reg[2]   ;
; -0.500 ; 0.500        ; 1.000          ; High Pulse Width ; uart_controller:uart_ctrl_inst|baud_rate_gen:brg_inst|uart_tick ; Rise       ; uart_controller:uart_ctrl_inst|uart_tx:tx_inst|tx_reg[3]   ;
; -0.500 ; 0.500        ; 1.000          ; Low Pulse Width  ; uart_controller:uart_ctrl_inst|baud_rate_gen:brg_inst|uart_tick ; Rise       ; uart_controller:uart_ctrl_inst|uart_tx:tx_inst|tx_reg[3]   ;
; -0.500 ; 0.500        ; 1.000          ; High Pulse Width ; uart_controller:uart_ctrl_inst|baud_rate_gen:brg_inst|uart_tick ; Rise       ; uart_controller:uart_ctrl_inst|uart_tx:tx_inst|tx_reg[4]   ;
; -0.500 ; 0.500        ; 1.000          ; Low Pulse Width  ; uart_controller:uart_ctrl_inst|baud_rate_gen:brg_inst|uart_tick ; Rise       ; uart_controller:uart_ctrl_inst|uart_tx:tx_inst|tx_reg[4]   ;
; -0.500 ; 0.500        ; 1.000          ; High Pulse Width ; uart_controller:uart_ctrl_inst|baud_rate_gen:brg_inst|uart_tick ; Rise       ; uart_controller:uart_ctrl_inst|uart_tx:tx_inst|tx_start_d  ;
; -0.500 ; 0.500        ; 1.000          ; Low Pulse Width  ; uart_controller:uart_ctrl_inst|baud_rate_gen:brg_inst|uart_tick ; Rise       ; uart_controller:uart_ctrl_inst|uart_tx:tx_inst|tx_start_d  ;
; 0.500  ; 0.500        ; 0.000          ; High Pulse Width ; uart_controller:uart_ctrl_inst|baud_rate_gen:brg_inst|uart_tick ; Rise       ; uart_ctrl_inst|brg_inst|uart_tick|regout                   ;
; 0.500  ; 0.500        ; 0.000          ; Low Pulse Width  ; uart_controller:uart_ctrl_inst|baud_rate_gen:brg_inst|uart_tick ; Rise       ; uart_ctrl_inst|brg_inst|uart_tick|regout                   ;
; 0.500  ; 0.500        ; 0.000          ; High Pulse Width ; uart_controller:uart_ctrl_inst|baud_rate_gen:brg_inst|uart_tick ; Rise       ; uart_ctrl_inst|brg_inst|uart_tick~clkctrl|inclk[0]         ;
; 0.500  ; 0.500        ; 0.000          ; Low Pulse Width  ; uart_controller:uart_ctrl_inst|baud_rate_gen:brg_inst|uart_tick ; Rise       ; uart_ctrl_inst|brg_inst|uart_tick~clkctrl|inclk[0]         ;
; 0.500  ; 0.500        ; 0.000          ; High Pulse Width ; uart_controller:uart_ctrl_inst|baud_rate_gen:brg_inst|uart_tick ; Rise       ; uart_ctrl_inst|brg_inst|uart_tick~clkctrl|outclk           ;
; 0.500  ; 0.500        ; 0.000          ; Low Pulse Width  ; uart_controller:uart_ctrl_inst|baud_rate_gen:brg_inst|uart_tick ; Rise       ; uart_ctrl_inst|brg_inst|uart_tick~clkctrl|outclk           ;
; 0.500  ; 0.500        ; 0.000          ; High Pulse Width ; uart_controller:uart_ctrl_inst|baud_rate_gen:brg_inst|uart_tick ; Rise       ; uart_ctrl_inst|tx_inst|bit_cnt[0]|clk                      ;
; 0.500  ; 0.500        ; 0.000          ; Low Pulse Width  ; uart_controller:uart_ctrl_inst|baud_rate_gen:brg_inst|uart_tick ; Rise       ; uart_ctrl_inst|tx_inst|bit_cnt[0]|clk                      ;
; 0.500  ; 0.500        ; 0.000          ; High Pulse Width ; uart_controller:uart_ctrl_inst|baud_rate_gen:brg_inst|uart_tick ; Rise       ; uart_ctrl_inst|tx_inst|bit_cnt[1]|clk                      ;
; 0.500  ; 0.500        ; 0.000          ; Low Pulse Width  ; uart_controller:uart_ctrl_inst|baud_rate_gen:brg_inst|uart_tick ; Rise       ; uart_ctrl_inst|tx_inst|bit_cnt[1]|clk                      ;
; 0.500  ; 0.500        ; 0.000          ; High Pulse Width ; uart_controller:uart_ctrl_inst|baud_rate_gen:brg_inst|uart_tick ; Rise       ; uart_ctrl_inst|tx_inst|bit_cnt[2]|clk                      ;
; 0.500  ; 0.500        ; 0.000          ; Low Pulse Width  ; uart_controller:uart_ctrl_inst|baud_rate_gen:brg_inst|uart_tick ; Rise       ; uart_ctrl_inst|tx_inst|bit_cnt[2]|clk                      ;
; 0.500  ; 0.500        ; 0.000          ; High Pulse Width ; uart_controller:uart_ctrl_inst|baud_rate_gen:brg_inst|uart_tick ; Rise       ; uart_ctrl_inst|tx_inst|state.DATA|clk                      ;
; 0.500  ; 0.500        ; 0.000          ; Low Pulse Width  ; uart_controller:uart_ctrl_inst|baud_rate_gen:brg_inst|uart_tick ; Rise       ; uart_ctrl_inst|tx_inst|state.DATA|clk                      ;
; 0.500  ; 0.500        ; 0.000          ; High Pulse Width ; uart_controller:uart_ctrl_inst|baud_rate_gen:brg_inst|uart_tick ; Rise       ; uart_ctrl_inst|tx_inst|state.IDLE|clk                      ;
; 0.500  ; 0.500        ; 0.000          ; Low Pulse Width  ; uart_controller:uart_ctrl_inst|baud_rate_gen:brg_inst|uart_tick ; Rise       ; uart_ctrl_inst|tx_inst|state.IDLE|clk                      ;
; 0.500  ; 0.500        ; 0.000          ; High Pulse Width ; uart_controller:uart_ctrl_inst|baud_rate_gen:brg_inst|uart_tick ; Rise       ; uart_ctrl_inst|tx_inst|state.START|clk                     ;
; 0.500  ; 0.500        ; 0.000          ; Low Pulse Width  ; uart_controller:uart_ctrl_inst|baud_rate_gen:brg_inst|uart_tick ; Rise       ; uart_ctrl_inst|tx_inst|state.START|clk                     ;
; 0.500  ; 0.500        ; 0.000          ; High Pulse Width ; uart_controller:uart_ctrl_inst|baud_rate_gen:brg_inst|uart_tick ; Rise       ; uart_ctrl_inst|tx_inst|state.STOP|clk                      ;
; 0.500  ; 0.500        ; 0.000          ; Low Pulse Width  ; uart_controller:uart_ctrl_inst|baud_rate_gen:brg_inst|uart_tick ; Rise       ; uart_ctrl_inst|tx_inst|state.STOP|clk                      ;
; 0.500  ; 0.500        ; 0.000          ; High Pulse Width ; uart_controller:uart_ctrl_inst|baud_rate_gen:brg_inst|uart_tick ; Rise       ; uart_ctrl_inst|tx_inst|tx_reg[0]|clk                       ;
; 0.500  ; 0.500        ; 0.000          ; Low Pulse Width  ; uart_controller:uart_ctrl_inst|baud_rate_gen:brg_inst|uart_tick ; Rise       ; uart_ctrl_inst|tx_inst|tx_reg[0]|clk                       ;
; 0.500  ; 0.500        ; 0.000          ; High Pulse Width ; uart_controller:uart_ctrl_inst|baud_rate_gen:brg_inst|uart_tick ; Rise       ; uart_ctrl_inst|tx_inst|tx_reg[1]|clk                       ;
; 0.500  ; 0.500        ; 0.000          ; Low Pulse Width  ; uart_controller:uart_ctrl_inst|baud_rate_gen:brg_inst|uart_tick ; Rise       ; uart_ctrl_inst|tx_inst|tx_reg[1]|clk                       ;
; 0.500  ; 0.500        ; 0.000          ; High Pulse Width ; uart_controller:uart_ctrl_inst|baud_rate_gen:brg_inst|uart_tick ; Rise       ; uart_ctrl_inst|tx_inst|tx_reg[2]|clk                       ;
; 0.500  ; 0.500        ; 0.000          ; Low Pulse Width  ; uart_controller:uart_ctrl_inst|baud_rate_gen:brg_inst|uart_tick ; Rise       ; uart_ctrl_inst|tx_inst|tx_reg[2]|clk                       ;
; 0.500  ; 0.500        ; 0.000          ; High Pulse Width ; uart_controller:uart_ctrl_inst|baud_rate_gen:brg_inst|uart_tick ; Rise       ; uart_ctrl_inst|tx_inst|tx_reg[3]|clk                       ;
; 0.500  ; 0.500        ; 0.000          ; Low Pulse Width  ; uart_controller:uart_ctrl_inst|baud_rate_gen:brg_inst|uart_tick ; Rise       ; uart_ctrl_inst|tx_inst|tx_reg[3]|clk                       ;
; 0.500  ; 0.500        ; 0.000          ; High Pulse Width ; uart_controller:uart_ctrl_inst|baud_rate_gen:brg_inst|uart_tick ; Rise       ; uart_ctrl_inst|tx_inst|tx_reg[4]|clk                       ;
; 0.500  ; 0.500        ; 0.000          ; Low Pulse Width  ; uart_controller:uart_ctrl_inst|baud_rate_gen:brg_inst|uart_tick ; Rise       ; uart_ctrl_inst|tx_inst|tx_reg[4]|clk                       ;
; 0.500  ; 0.500        ; 0.000          ; High Pulse Width ; uart_controller:uart_ctrl_inst|baud_rate_gen:brg_inst|uart_tick ; Rise       ; uart_ctrl_inst|tx_inst|tx_start_d|clk                      ;
; 0.500  ; 0.500        ; 0.000          ; Low Pulse Width  ; uart_controller:uart_ctrl_inst|baud_rate_gen:brg_inst|uart_tick ; Rise       ; uart_ctrl_inst|tx_inst|tx_start_d|clk                      ;
; 0.500  ; 0.500        ; 0.000          ; High Pulse Width ; uart_controller:uart_ctrl_inst|baud_rate_gen:brg_inst|uart_tick ; Rise       ; uart_ctrl_inst|tx_inst|tx|clk                              ;
; 0.500  ; 0.500        ; 0.000          ; Low Pulse Width  ; uart_controller:uart_ctrl_inst|baud_rate_gen:brg_inst|uart_tick ; Rise       ; uart_ctrl_inst|tx_inst|tx|clk                              ;
+--------+--------------+----------------+------------------+-----------------------------------------------------------------+------------+------------------------------------------------------------+


+------------------------------------------------------------------------------------------------------------------------------------------------------------------------+
; Setup Times                                                                                                                                                            ;
+-----------+---------------------------------------------------------------+-------+-------+------------+---------------------------------------------------------------+
; Data Port ; Clock Port                                                    ; Rise  ; Fall  ; Clock Edge ; Clock Reference                                               ;
+-----------+---------------------------------------------------------------+-------+-------+------------+---------------------------------------------------------------+
; UART_RXD  ; uart_controller:uart_ctrl_inst|baud_rate_gen:brg_inst|ov_tick ; 7.119 ; 7.119 ; Rise       ; uart_controller:uart_ctrl_inst|baud_rate_gen:brg_inst|ov_tick ;
+-----------+---------------------------------------------------------------+-------+-------+------------+---------------------------------------------------------------+


+--------------------------------------------------------------------------------------------------------------------------------------------------------------------------+
; Hold Times                                                                                                                                                               ;
+-----------+---------------------------------------------------------------+--------+--------+------------+---------------------------------------------------------------+
; Data Port ; Clock Port                                                    ; Rise   ; Fall   ; Clock Edge ; Clock Reference                                               ;
+-----------+---------------------------------------------------------------+--------+--------+------------+---------------------------------------------------------------+
; UART_RXD  ; uart_controller:uart_ctrl_inst|baud_rate_gen:brg_inst|ov_tick ; -5.549 ; -5.549 ; Rise       ; uart_controller:uart_ctrl_inst|baud_rate_gen:brg_inst|ov_tick ;
+-----------+---------------------------------------------------------------+--------+--------+------------+---------------------------------------------------------------+


+-----------------------------------------------------------------------------------------------------------------------------------------------------------------------------------+
; Clock to Output Times                                                                                                                                                             ;
+----------------+-----------------------------------------------------------------+--------+--------+------------+-----------------------------------------------------------------+
; Data Port      ; Clock Port                                                      ; Rise   ; Fall   ; Clock Edge ; Clock Reference                                                 ;
+----------------+-----------------------------------------------------------------+--------+--------+------------+-----------------------------------------------------------------+
; HEX0[*]        ; CLOCK_50                                                        ; 9.756  ; 9.756  ; Rise       ; CLOCK_50                                                        ;
;  HEX0[0]       ; CLOCK_50                                                        ; 9.756  ; 9.756  ; Rise       ; CLOCK_50                                                        ;
;  HEX0[1]       ; CLOCK_50                                                        ; 9.729  ; 9.729  ; Rise       ; CLOCK_50                                                        ;
;  HEX0[2]       ; CLOCK_50                                                        ; 9.727  ; 9.727  ; Rise       ; CLOCK_50                                                        ;
;  HEX0[3]       ; CLOCK_50                                                        ; 9.518  ; 9.518  ; Rise       ; CLOCK_50                                                        ;
;  HEX0[4]       ; CLOCK_50                                                        ; 9.503  ; 9.503  ; Rise       ; CLOCK_50                                                        ;
;  HEX0[5]       ; CLOCK_50                                                        ; 9.485  ; 9.485  ; Rise       ; CLOCK_50                                                        ;
;  HEX0[6]       ; CLOCK_50                                                        ; 9.499  ; 9.499  ; Rise       ; CLOCK_50                                                        ;
; HEX1[*]        ; CLOCK_50                                                        ; 7.611  ; 7.611  ; Rise       ; CLOCK_50                                                        ;
;  HEX1[0]       ; CLOCK_50                                                        ; 7.591  ; 7.591  ; Rise       ; CLOCK_50                                                        ;
;  HEX1[1]       ; CLOCK_50                                                        ; 7.611  ; 7.611  ; Rise       ; CLOCK_50                                                        ;
;  HEX1[2]       ; CLOCK_50                                                        ; 7.209  ; 7.209  ; Rise       ; CLOCK_50                                                        ;
;  HEX1[3]       ; CLOCK_50                                                        ; 7.172  ; 7.172  ; Rise       ; CLOCK_50                                                        ;
;  HEX1[4]       ; CLOCK_50                                                        ; 7.207  ; 7.207  ; Rise       ; CLOCK_50                                                        ;
;  HEX1[5]       ; CLOCK_50                                                        ; 7.437  ; 7.437  ; Rise       ; CLOCK_50                                                        ;
;  HEX1[6]       ; CLOCK_50                                                        ; 7.484  ; 7.484  ; Rise       ; CLOCK_50                                                        ;
; HEX2[*]        ; CLOCK_50                                                        ; 7.653  ; 7.653  ; Rise       ; CLOCK_50                                                        ;
;  HEX2[0]       ; CLOCK_50                                                        ; 7.512  ; 7.512  ; Rise       ; CLOCK_50                                                        ;
;  HEX2[1]       ; CLOCK_50                                                        ; 7.303  ; 7.303  ; Rise       ; CLOCK_50                                                        ;
;  HEX2[2]       ; CLOCK_50                                                        ; 7.388  ; 7.388  ; Rise       ; CLOCK_50                                                        ;
;  HEX2[3]       ; CLOCK_50                                                        ; 7.352  ; 7.352  ; Rise       ; CLOCK_50                                                        ;
;  HEX2[4]       ; CLOCK_50                                                        ; 7.543  ; 7.543  ; Rise       ; CLOCK_50                                                        ;
;  HEX2[5]       ; CLOCK_50                                                        ; 7.653  ; 7.653  ; Rise       ; CLOCK_50                                                        ;
;  HEX2[6]       ; CLOCK_50                                                        ; 7.597  ; 7.597  ; Rise       ; CLOCK_50                                                        ;
; LEDR[*]        ; CLOCK_50                                                        ; 10.931 ; 10.931 ; Rise       ; CLOCK_50                                                        ;
;  LEDR[9]       ; CLOCK_50                                                        ; 9.780  ; 9.780  ; Rise       ; CLOCK_50                                                        ;
;  LEDR[10]      ; CLOCK_50                                                        ; 9.063  ; 9.063  ; Rise       ; CLOCK_50                                                        ;
;  LEDR[11]      ; CLOCK_50                                                        ; 9.065  ; 9.065  ; Rise       ; CLOCK_50                                                        ;
;  LEDR[12]      ; CLOCK_50                                                        ; 9.060  ; 9.060  ; Rise       ; CLOCK_50                                                        ;
;  LEDR[13]      ; CLOCK_50                                                        ; 10.931 ; 10.931 ; Rise       ; CLOCK_50                                                        ;
;  LEDR[15]      ; CLOCK_50                                                        ; 7.849  ; 7.849  ; Rise       ; CLOCK_50                                                        ;
;  LEDR[16]      ; CLOCK_50                                                        ; 7.741  ; 7.741  ; Rise       ; CLOCK_50                                                        ;
;  LEDR[17]      ; CLOCK_50                                                        ; 9.307  ; 9.307  ; Rise       ; CLOCK_50                                                        ;
; SRAM_ADDR[*]   ; CLOCK_50                                                        ; 6.611  ; 6.611  ; Rise       ; CLOCK_50                                                        ;
;  SRAM_ADDR[0]  ; CLOCK_50                                                        ; 6.607  ; 6.607  ; Rise       ; CLOCK_50                                                        ;
;  SRAM_ADDR[1]  ; CLOCK_50                                                        ; 6.611  ; 6.611  ; Rise       ; CLOCK_50                                                        ;
;  SRAM_ADDR[2]  ; CLOCK_50                                                        ; 6.591  ; 6.591  ; Rise       ; CLOCK_50                                                        ;
;  SRAM_ADDR[3]  ; CLOCK_50                                                        ; 6.593  ; 6.593  ; Rise       ; CLOCK_50                                                        ;
;  SRAM_ADDR[4]  ; CLOCK_50                                                        ; 6.586  ; 6.586  ; Rise       ; CLOCK_50                                                        ;
;  SRAM_ADDR[5]  ; CLOCK_50                                                        ; 6.587  ; 6.587  ; Rise       ; CLOCK_50                                                        ;
;  SRAM_ADDR[6]  ; CLOCK_50                                                        ; 6.390  ; 6.390  ; Rise       ; CLOCK_50                                                        ;
;  SRAM_ADDR[7]  ; CLOCK_50                                                        ; 6.611  ; 6.611  ; Rise       ; CLOCK_50                                                        ;
;  SRAM_ADDR[8]  ; CLOCK_50                                                        ; 6.583  ; 6.583  ; Rise       ; CLOCK_50                                                        ;
;  SRAM_ADDR[9]  ; CLOCK_50                                                        ; 6.594  ; 6.594  ; Rise       ; CLOCK_50                                                        ;
;  SRAM_ADDR[10] ; CLOCK_50                                                        ; 6.379  ; 6.379  ; Rise       ; CLOCK_50                                                        ;
;  SRAM_ADDR[11] ; CLOCK_50                                                        ; 6.375  ; 6.375  ; Rise       ; CLOCK_50                                                        ;
;  SRAM_ADDR[12] ; CLOCK_50                                                        ; 6.363  ; 6.363  ; Rise       ; CLOCK_50                                                        ;
;  SRAM_ADDR[13] ; CLOCK_50                                                        ; 6.407  ; 6.407  ; Rise       ; CLOCK_50                                                        ;
;  SRAM_ADDR[14] ; CLOCK_50                                                        ; 6.344  ; 6.344  ; Rise       ; CLOCK_50                                                        ;
;  SRAM_ADDR[15] ; CLOCK_50                                                        ; 6.345  ; 6.345  ; Rise       ; CLOCK_50                                                        ;
;  SRAM_ADDR[16] ; CLOCK_50                                                        ; 6.591  ; 6.591  ; Rise       ; CLOCK_50                                                        ;
;  SRAM_ADDR[17] ; CLOCK_50                                                        ; 6.590  ; 6.590  ; Rise       ; CLOCK_50                                                        ;
; SRAM_DQ[*]     ; CLOCK_50                                                        ; 7.083  ; 7.083  ; Rise       ; CLOCK_50                                                        ;
;  SRAM_DQ[0]    ; CLOCK_50                                                        ; 6.594  ; 6.594  ; Rise       ; CLOCK_50                                                        ;
;  SRAM_DQ[1]    ; CLOCK_50                                                        ; 6.388  ; 6.388  ; Rise       ; CLOCK_50                                                        ;
;  SRAM_DQ[2]    ; CLOCK_50                                                        ; 6.384  ; 6.384  ; Rise       ; CLOCK_50                                                        ;
;  SRAM_DQ[3]    ; CLOCK_50                                                        ; 6.367  ; 6.367  ; Rise       ; CLOCK_50                                                        ;
;  SRAM_DQ[4]    ; CLOCK_50                                                        ; 6.594  ; 6.594  ; Rise       ; CLOCK_50                                                        ;
;  SRAM_DQ[5]    ; CLOCK_50                                                        ; 6.358  ; 6.358  ; Rise       ; CLOCK_50                                                        ;
;  SRAM_DQ[6]    ; CLOCK_50                                                        ; 6.359  ; 6.359  ; Rise       ; CLOCK_50                                                        ;
;  SRAM_DQ[7]    ; CLOCK_50                                                        ; 6.400  ; 6.400  ; Rise       ; CLOCK_50                                                        ;
;  SRAM_DQ[8]    ; CLOCK_50                                                        ; 6.878  ; 6.878  ; Rise       ; CLOCK_50                                                        ;
;  SRAM_DQ[9]    ; CLOCK_50                                                        ; 6.867  ; 6.867  ; Rise       ; CLOCK_50                                                        ;
;  SRAM_DQ[10]   ; CLOCK_50                                                        ; 6.871  ; 6.871  ; Rise       ; CLOCK_50                                                        ;
;  SRAM_DQ[11]   ; CLOCK_50                                                        ; 6.626  ; 6.626  ; Rise       ; CLOCK_50                                                        ;
;  SRAM_DQ[12]   ; CLOCK_50                                                        ; 6.861  ; 6.861  ; Rise       ; CLOCK_50                                                        ;
;  SRAM_DQ[13]   ; CLOCK_50                                                        ; 6.619  ; 6.619  ; Rise       ; CLOCK_50                                                        ;
;  SRAM_DQ[14]   ; CLOCK_50                                                        ; 6.825  ; 6.825  ; Rise       ; CLOCK_50                                                        ;
;  SRAM_DQ[15]   ; CLOCK_50                                                        ; 7.083  ; 7.083  ; Rise       ; CLOCK_50                                                        ;
; SRAM_WE_N      ; CLOCK_50                                                        ; 7.358  ; 7.358  ; Rise       ; CLOCK_50                                                        ;
; LEDR[*]        ; uart_controller:uart_ctrl_inst|baud_rate_gen:brg_inst|ov_tick   ; 8.860  ; 8.860  ; Rise       ; uart_controller:uart_ctrl_inst|baud_rate_gen:brg_inst|ov_tick   ;
;  LEDR[0]       ; uart_controller:uart_ctrl_inst|baud_rate_gen:brg_inst|ov_tick   ; 8.158  ; 8.158  ; Rise       ; uart_controller:uart_ctrl_inst|baud_rate_gen:brg_inst|ov_tick   ;
;  LEDR[1]       ; uart_controller:uart_ctrl_inst|baud_rate_gen:brg_inst|ov_tick   ; 8.860  ; 8.860  ; Rise       ; uart_controller:uart_ctrl_inst|baud_rate_gen:brg_inst|ov_tick   ;
;  LEDR[2]       ; uart_controller:uart_ctrl_inst|baud_rate_gen:brg_inst|ov_tick   ; 7.429  ; 7.429  ; Rise       ; uart_controller:uart_ctrl_inst|baud_rate_gen:brg_inst|ov_tick   ;
;  LEDR[3]       ; uart_controller:uart_ctrl_inst|baud_rate_gen:brg_inst|ov_tick   ; 7.827  ; 7.827  ; Rise       ; uart_controller:uart_ctrl_inst|baud_rate_gen:brg_inst|ov_tick   ;
;  LEDR[4]       ; uart_controller:uart_ctrl_inst|baud_rate_gen:brg_inst|ov_tick   ; 8.024  ; 8.024  ; Rise       ; uart_controller:uart_ctrl_inst|baud_rate_gen:brg_inst|ov_tick   ;
;  LEDR[5]       ; uart_controller:uart_ctrl_inst|baud_rate_gen:brg_inst|ov_tick   ; 7.241  ; 7.241  ; Rise       ; uart_controller:uart_ctrl_inst|baud_rate_gen:brg_inst|ov_tick   ;
;  LEDR[6]       ; uart_controller:uart_ctrl_inst|baud_rate_gen:brg_inst|ov_tick   ; 8.818  ; 8.818  ; Rise       ; uart_controller:uart_ctrl_inst|baud_rate_gen:brg_inst|ov_tick   ;
;  LEDR[7]       ; uart_controller:uart_ctrl_inst|baud_rate_gen:brg_inst|ov_tick   ; 8.523  ; 8.523  ; Rise       ; uart_controller:uart_ctrl_inst|baud_rate_gen:brg_inst|ov_tick   ;
;  LEDR[8]       ; uart_controller:uart_ctrl_inst|baud_rate_gen:brg_inst|ov_tick   ; 7.251  ; 7.251  ; Rise       ; uart_controller:uart_ctrl_inst|baud_rate_gen:brg_inst|ov_tick   ;
; rx_valid_led   ; uart_controller:uart_ctrl_inst|baud_rate_gen:brg_inst|ov_tick   ; 7.059  ; 7.059  ; Rise       ; uart_controller:uart_ctrl_inst|baud_rate_gen:brg_inst|ov_tick   ;
; state_led[*]   ; uart_controller:uart_ctrl_inst|baud_rate_gen:brg_inst|ov_tick   ; 7.508  ; 7.508  ; Rise       ; uart_controller:uart_ctrl_inst|baud_rate_gen:brg_inst|ov_tick   ;
;  state_led[0]  ; uart_controller:uart_ctrl_inst|baud_rate_gen:brg_inst|ov_tick   ; 7.354  ; 7.354  ; Rise       ; uart_controller:uart_ctrl_inst|baud_rate_gen:brg_inst|ov_tick   ;
;  state_led[1]  ; uart_controller:uart_ctrl_inst|baud_rate_gen:brg_inst|ov_tick   ; 7.508  ; 7.508  ; Rise       ; uart_controller:uart_ctrl_inst|baud_rate_gen:brg_inst|ov_tick   ;
; LEDR[*]        ; uart_controller:uart_ctrl_inst|baud_rate_gen:brg_inst|uart_tick ; 7.860  ; 7.860  ; Rise       ; uart_controller:uart_ctrl_inst|baud_rate_gen:brg_inst|uart_tick ;
;  LEDR[14]      ; uart_controller:uart_ctrl_inst|baud_rate_gen:brg_inst|uart_tick ; 7.860  ; 7.860  ; Rise       ; uart_controller:uart_ctrl_inst|baud_rate_gen:brg_inst|uart_tick ;
; UART_TXD       ; uart_controller:uart_ctrl_inst|baud_rate_gen:brg_inst|uart_tick ; 9.078  ; 9.078  ; Rise       ; uart_controller:uart_ctrl_inst|baud_rate_gen:brg_inst|uart_tick ;
; tx_busy_led    ; uart_controller:uart_ctrl_inst|baud_rate_gen:brg_inst|uart_tick ; 7.820  ; 7.820  ; Rise       ; uart_controller:uart_ctrl_inst|baud_rate_gen:brg_inst|uart_tick ;
+----------------+-----------------------------------------------------------------+--------+--------+------------+-----------------------------------------------------------------+


+---------------------------------------------------------------------------------------------------------------------------------------------------------------------------------+
; Minimum Clock to Output Times                                                                                                                                                   ;
+----------------+-----------------------------------------------------------------+-------+-------+------------+-----------------------------------------------------------------+
; Data Port      ; Clock Port                                                      ; Rise  ; Fall  ; Clock Edge ; Clock Reference                                                 ;
+----------------+-----------------------------------------------------------------+-------+-------+------------+-----------------------------------------------------------------+
; HEX0[*]        ; CLOCK_50                                                        ; 7.442 ; 7.442 ; Rise       ; CLOCK_50                                                        ;
;  HEX0[0]       ; CLOCK_50                                                        ; 7.721 ; 7.721 ; Rise       ; CLOCK_50                                                        ;
;  HEX0[1]       ; CLOCK_50                                                        ; 7.694 ; 7.694 ; Rise       ; CLOCK_50                                                        ;
;  HEX0[2]       ; CLOCK_50                                                        ; 7.691 ; 7.691 ; Rise       ; CLOCK_50                                                        ;
;  HEX0[3]       ; CLOCK_50                                                        ; 7.478 ; 7.478 ; Rise       ; CLOCK_50                                                        ;
;  HEX0[4]       ; CLOCK_50                                                        ; 7.465 ; 7.465 ; Rise       ; CLOCK_50                                                        ;
;  HEX0[5]       ; CLOCK_50                                                        ; 7.442 ; 7.442 ; Rise       ; CLOCK_50                                                        ;
;  HEX0[6]       ; CLOCK_50                                                        ; 7.456 ; 7.456 ; Rise       ; CLOCK_50                                                        ;
; HEX1[*]        ; CLOCK_50                                                        ; 6.682 ; 6.682 ; Rise       ; CLOCK_50                                                        ;
;  HEX1[0]       ; CLOCK_50                                                        ; 7.122 ; 7.122 ; Rise       ; CLOCK_50                                                        ;
;  HEX1[1]       ; CLOCK_50                                                        ; 7.118 ; 7.118 ; Rise       ; CLOCK_50                                                        ;
;  HEX1[2]       ; CLOCK_50                                                        ; 6.712 ; 6.712 ; Rise       ; CLOCK_50                                                        ;
;  HEX1[3]       ; CLOCK_50                                                        ; 6.682 ; 6.682 ; Rise       ; CLOCK_50                                                        ;
;  HEX1[4]       ; CLOCK_50                                                        ; 6.744 ; 6.744 ; Rise       ; CLOCK_50                                                        ;
;  HEX1[5]       ; CLOCK_50                                                        ; 6.969 ; 6.969 ; Rise       ; CLOCK_50                                                        ;
;  HEX1[6]       ; CLOCK_50                                                        ; 6.993 ; 6.993 ; Rise       ; CLOCK_50                                                        ;
; HEX2[*]        ; CLOCK_50                                                        ; 6.985 ; 6.985 ; Rise       ; CLOCK_50                                                        ;
;  HEX2[0]       ; CLOCK_50                                                        ; 7.193 ; 7.193 ; Rise       ; CLOCK_50                                                        ;
;  HEX2[1]       ; CLOCK_50                                                        ; 6.985 ; 6.985 ; Rise       ; CLOCK_50                                                        ;
;  HEX2[2]       ; CLOCK_50                                                        ; 7.070 ; 7.070 ; Rise       ; CLOCK_50                                                        ;
;  HEX2[3]       ; CLOCK_50                                                        ; 7.033 ; 7.033 ; Rise       ; CLOCK_50                                                        ;
;  HEX2[4]       ; CLOCK_50                                                        ; 7.228 ; 7.228 ; Rise       ; CLOCK_50                                                        ;
;  HEX2[5]       ; CLOCK_50                                                        ; 7.337 ; 7.337 ; Rise       ; CLOCK_50                                                        ;
;  HEX2[6]       ; CLOCK_50                                                        ; 7.283 ; 7.283 ; Rise       ; CLOCK_50                                                        ;
; LEDR[*]        ; CLOCK_50                                                        ; 7.741 ; 7.741 ; Rise       ; CLOCK_50                                                        ;
;  LEDR[9]       ; CLOCK_50                                                        ; 9.176 ; 9.176 ; Rise       ; CLOCK_50                                                        ;
;  LEDR[10]      ; CLOCK_50                                                        ; 8.764 ; 8.764 ; Rise       ; CLOCK_50                                                        ;
;  LEDR[11]      ; CLOCK_50                                                        ; 8.494 ; 8.494 ; Rise       ; CLOCK_50                                                        ;
;  LEDR[12]      ; CLOCK_50                                                        ; 8.312 ; 8.312 ; Rise       ; CLOCK_50                                                        ;
;  LEDR[13]      ; CLOCK_50                                                        ; 9.537 ; 9.537 ; Rise       ; CLOCK_50                                                        ;
;  LEDR[15]      ; CLOCK_50                                                        ; 7.849 ; 7.849 ; Rise       ; CLOCK_50                                                        ;
;  LEDR[16]      ; CLOCK_50                                                        ; 7.741 ; 7.741 ; Rise       ; CLOCK_50                                                        ;
;  LEDR[17]      ; CLOCK_50                                                        ; 8.015 ; 8.015 ; Rise       ; CLOCK_50                                                        ;
; SRAM_ADDR[*]   ; CLOCK_50                                                        ; 6.344 ; 6.344 ; Rise       ; CLOCK_50                                                        ;
;  SRAM_ADDR[0]  ; CLOCK_50                                                        ; 6.607 ; 6.607 ; Rise       ; CLOCK_50                                                        ;
;  SRAM_ADDR[1]  ; CLOCK_50                                                        ; 6.611 ; 6.611 ; Rise       ; CLOCK_50                                                        ;
;  SRAM_ADDR[2]  ; CLOCK_50                                                        ; 6.591 ; 6.591 ; Rise       ; CLOCK_50                                                        ;
;  SRAM_ADDR[3]  ; CLOCK_50                                                        ; 6.593 ; 6.593 ; Rise       ; CLOCK_50                                                        ;
;  SRAM_ADDR[4]  ; CLOCK_50                                                        ; 6.586 ; 6.586 ; Rise       ; CLOCK_50                                                        ;
;  SRAM_ADDR[5]  ; CLOCK_50                                                        ; 6.587 ; 6.587 ; Rise       ; CLOCK_50                                                        ;
;  SRAM_ADDR[6]  ; CLOCK_50                                                        ; 6.390 ; 6.390 ; Rise       ; CLOCK_50                                                        ;
;  SRAM_ADDR[7]  ; CLOCK_50                                                        ; 6.611 ; 6.611 ; Rise       ; CLOCK_50                                                        ;
;  SRAM_ADDR[8]  ; CLOCK_50                                                        ; 6.583 ; 6.583 ; Rise       ; CLOCK_50                                                        ;
;  SRAM_ADDR[9]  ; CLOCK_50                                                        ; 6.594 ; 6.594 ; Rise       ; CLOCK_50                                                        ;
;  SRAM_ADDR[10] ; CLOCK_50                                                        ; 6.379 ; 6.379 ; Rise       ; CLOCK_50                                                        ;
;  SRAM_ADDR[11] ; CLOCK_50                                                        ; 6.375 ; 6.375 ; Rise       ; CLOCK_50                                                        ;
;  SRAM_ADDR[12] ; CLOCK_50                                                        ; 6.363 ; 6.363 ; Rise       ; CLOCK_50                                                        ;
;  SRAM_ADDR[13] ; CLOCK_50                                                        ; 6.407 ; 6.407 ; Rise       ; CLOCK_50                                                        ;
;  SRAM_ADDR[14] ; CLOCK_50                                                        ; 6.344 ; 6.344 ; Rise       ; CLOCK_50                                                        ;
;  SRAM_ADDR[15] ; CLOCK_50                                                        ; 6.345 ; 6.345 ; Rise       ; CLOCK_50                                                        ;
;  SRAM_ADDR[16] ; CLOCK_50                                                        ; 6.591 ; 6.591 ; Rise       ; CLOCK_50                                                        ;
;  SRAM_ADDR[17] ; CLOCK_50                                                        ; 6.590 ; 6.590 ; Rise       ; CLOCK_50                                                        ;
; SRAM_DQ[*]     ; CLOCK_50                                                        ; 6.358 ; 6.358 ; Rise       ; CLOCK_50                                                        ;
;  SRAM_DQ[0]    ; CLOCK_50                                                        ; 6.594 ; 6.594 ; Rise       ; CLOCK_50                                                        ;
;  SRAM_DQ[1]    ; CLOCK_50                                                        ; 6.388 ; 6.388 ; Rise       ; CLOCK_50                                                        ;
;  SRAM_DQ[2]    ; CLOCK_50                                                        ; 6.384 ; 6.384 ; Rise       ; CLOCK_50                                                        ;
;  SRAM_DQ[3]    ; CLOCK_50                                                        ; 6.367 ; 6.367 ; Rise       ; CLOCK_50                                                        ;
;  SRAM_DQ[4]    ; CLOCK_50                                                        ; 6.594 ; 6.594 ; Rise       ; CLOCK_50                                                        ;
;  SRAM_DQ[5]    ; CLOCK_50                                                        ; 6.358 ; 6.358 ; Rise       ; CLOCK_50                                                        ;
;  SRAM_DQ[6]    ; CLOCK_50                                                        ; 6.359 ; 6.359 ; Rise       ; CLOCK_50                                                        ;
;  SRAM_DQ[7]    ; CLOCK_50                                                        ; 6.400 ; 6.400 ; Rise       ; CLOCK_50                                                        ;
;  SRAM_DQ[8]    ; CLOCK_50                                                        ; 6.878 ; 6.878 ; Rise       ; CLOCK_50                                                        ;
;  SRAM_DQ[9]    ; CLOCK_50                                                        ; 6.867 ; 6.867 ; Rise       ; CLOCK_50                                                        ;
;  SRAM_DQ[10]   ; CLOCK_50                                                        ; 6.871 ; 6.871 ; Rise       ; CLOCK_50                                                        ;
;  SRAM_DQ[11]   ; CLOCK_50                                                        ; 6.626 ; 6.626 ; Rise       ; CLOCK_50                                                        ;
;  SRAM_DQ[12]   ; CLOCK_50                                                        ; 6.861 ; 6.861 ; Rise       ; CLOCK_50                                                        ;
;  SRAM_DQ[13]   ; CLOCK_50                                                        ; 6.619 ; 6.619 ; Rise       ; CLOCK_50                                                        ;
;  SRAM_DQ[14]   ; CLOCK_50                                                        ; 6.825 ; 6.825 ; Rise       ; CLOCK_50                                                        ;
;  SRAM_DQ[15]   ; CLOCK_50                                                        ; 7.083 ; 7.083 ; Rise       ; CLOCK_50                                                        ;
; SRAM_WE_N      ; CLOCK_50                                                        ; 7.358 ; 7.358 ; Rise       ; CLOCK_50                                                        ;
; LEDR[*]        ; uart_controller:uart_ctrl_inst|baud_rate_gen:brg_inst|ov_tick   ; 7.241 ; 7.241 ; Rise       ; uart_controller:uart_ctrl_inst|baud_rate_gen:brg_inst|ov_tick   ;
;  LEDR[0]       ; uart_controller:uart_ctrl_inst|baud_rate_gen:brg_inst|ov_tick   ; 8.158 ; 8.158 ; Rise       ; uart_controller:uart_ctrl_inst|baud_rate_gen:brg_inst|ov_tick   ;
;  LEDR[1]       ; uart_controller:uart_ctrl_inst|baud_rate_gen:brg_inst|ov_tick   ; 8.860 ; 8.860 ; Rise       ; uart_controller:uart_ctrl_inst|baud_rate_gen:brg_inst|ov_tick   ;
;  LEDR[2]       ; uart_controller:uart_ctrl_inst|baud_rate_gen:brg_inst|ov_tick   ; 7.429 ; 7.429 ; Rise       ; uart_controller:uart_ctrl_inst|baud_rate_gen:brg_inst|ov_tick   ;
;  LEDR[3]       ; uart_controller:uart_ctrl_inst|baud_rate_gen:brg_inst|ov_tick   ; 7.827 ; 7.827 ; Rise       ; uart_controller:uart_ctrl_inst|baud_rate_gen:brg_inst|ov_tick   ;
;  LEDR[4]       ; uart_controller:uart_ctrl_inst|baud_rate_gen:brg_inst|ov_tick   ; 8.024 ; 8.024 ; Rise       ; uart_controller:uart_ctrl_inst|baud_rate_gen:brg_inst|ov_tick   ;
;  LEDR[5]       ; uart_controller:uart_ctrl_inst|baud_rate_gen:brg_inst|ov_tick   ; 7.241 ; 7.241 ; Rise       ; uart_controller:uart_ctrl_inst|baud_rate_gen:brg_inst|ov_tick   ;
;  LEDR[6]       ; uart_controller:uart_ctrl_inst|baud_rate_gen:brg_inst|ov_tick   ; 8.818 ; 8.818 ; Rise       ; uart_controller:uart_ctrl_inst|baud_rate_gen:brg_inst|ov_tick   ;
;  LEDR[7]       ; uart_controller:uart_ctrl_inst|baud_rate_gen:brg_inst|ov_tick   ; 8.523 ; 8.523 ; Rise       ; uart_controller:uart_ctrl_inst|baud_rate_gen:brg_inst|ov_tick   ;
;  LEDR[8]       ; uart_controller:uart_ctrl_inst|baud_rate_gen:brg_inst|ov_tick   ; 7.251 ; 7.251 ; Rise       ; uart_controller:uart_ctrl_inst|baud_rate_gen:brg_inst|ov_tick   ;
; rx_valid_led   ; uart_controller:uart_ctrl_inst|baud_rate_gen:brg_inst|ov_tick   ; 7.059 ; 7.059 ; Rise       ; uart_controller:uart_ctrl_inst|baud_rate_gen:brg_inst|ov_tick   ;
; state_led[*]   ; uart_controller:uart_ctrl_inst|baud_rate_gen:brg_inst|ov_tick   ; 7.264 ; 7.264 ; Rise       ; uart_controller:uart_ctrl_inst|baud_rate_gen:brg_inst|ov_tick   ;
;  state_led[0]  ; uart_controller:uart_ctrl_inst|baud_rate_gen:brg_inst|ov_tick   ; 7.264 ; 7.264 ; Rise       ; uart_controller:uart_ctrl_inst|baud_rate_gen:brg_inst|ov_tick   ;
;  state_led[1]  ; uart_controller:uart_ctrl_inst|baud_rate_gen:brg_inst|ov_tick   ; 7.392 ; 7.392 ; Rise       ; uart_controller:uart_ctrl_inst|baud_rate_gen:brg_inst|ov_tick   ;
; LEDR[*]        ; uart_controller:uart_ctrl_inst|baud_rate_gen:brg_inst|uart_tick ; 7.860 ; 7.860 ; Rise       ; uart_controller:uart_ctrl_inst|baud_rate_gen:brg_inst|uart_tick ;
;  LEDR[14]      ; uart_controller:uart_ctrl_inst|baud_rate_gen:brg_inst|uart_tick ; 7.860 ; 7.860 ; Rise       ; uart_controller:uart_ctrl_inst|baud_rate_gen:brg_inst|uart_tick ;
; UART_TXD       ; uart_controller:uart_ctrl_inst|baud_rate_gen:brg_inst|uart_tick ; 9.078 ; 9.078 ; Rise       ; uart_controller:uart_ctrl_inst|baud_rate_gen:brg_inst|uart_tick ;
; tx_busy_led    ; uart_controller:uart_ctrl_inst|baud_rate_gen:brg_inst|uart_tick ; 7.820 ; 7.820 ; Rise       ; uart_controller:uart_ctrl_inst|baud_rate_gen:brg_inst|uart_tick ;
+----------------+-----------------------------------------------------------------+-------+-------+------------+-----------------------------------------------------------------+


+-------------------------------------------------------------------------+
; Output Enable Times                                                     ;
+--------------+------------+-------+------+------------+-----------------+
; Data Port    ; Clock Port ; Rise  ; Fall ; Clock Edge ; Clock Reference ;
+--------------+------------+-------+------+------------+-----------------+
; SRAM_DQ[*]   ; CLOCK_50   ; 6.358 ;      ; Rise       ; CLOCK_50        ;
;  SRAM_DQ[0]  ; CLOCK_50   ; 6.358 ;      ; Rise       ; CLOCK_50        ;
;  SRAM_DQ[1]  ; CLOCK_50   ; 6.368 ;      ; Rise       ; CLOCK_50        ;
;  SRAM_DQ[2]  ; CLOCK_50   ; 6.614 ;      ; Rise       ; CLOCK_50        ;
;  SRAM_DQ[3]  ; CLOCK_50   ; 6.594 ;      ; Rise       ; CLOCK_50        ;
;  SRAM_DQ[4]  ; CLOCK_50   ; 6.828 ;      ; Rise       ; CLOCK_50        ;
;  SRAM_DQ[5]  ; CLOCK_50   ; 6.828 ;      ; Rise       ; CLOCK_50        ;
;  SRAM_DQ[6]  ; CLOCK_50   ; 6.828 ;      ; Rise       ; CLOCK_50        ;
;  SRAM_DQ[7]  ; CLOCK_50   ; 6.820 ;      ; Rise       ; CLOCK_50        ;
;  SRAM_DQ[8]  ; CLOCK_50   ; 6.870 ;      ; Rise       ; CLOCK_50        ;
;  SRAM_DQ[9]  ; CLOCK_50   ; 6.870 ;      ; Rise       ; CLOCK_50        ;
;  SRAM_DQ[10] ; CLOCK_50   ; 7.102 ;      ; Rise       ; CLOCK_50        ;
;  SRAM_DQ[11] ; CLOCK_50   ; 7.102 ;      ; Rise       ; CLOCK_50        ;
;  SRAM_DQ[12] ; CLOCK_50   ; 7.100 ;      ; Rise       ; CLOCK_50        ;
;  SRAM_DQ[13] ; CLOCK_50   ; 7.100 ;      ; Rise       ; CLOCK_50        ;
;  SRAM_DQ[14] ; CLOCK_50   ; 7.090 ;      ; Rise       ; CLOCK_50        ;
;  SRAM_DQ[15] ; CLOCK_50   ; 7.311 ;      ; Rise       ; CLOCK_50        ;
+--------------+------------+-------+------+------------+-----------------+


+-------------------------------------------------------------------------+
; Minimum Output Enable Times                                             ;
+--------------+------------+-------+------+------------+-----------------+
; Data Port    ; Clock Port ; Rise  ; Fall ; Clock Edge ; Clock Reference ;
+--------------+------------+-------+------+------------+-----------------+
; SRAM_DQ[*]   ; CLOCK_50   ; 6.358 ;      ; Rise       ; CLOCK_50        ;
;  SRAM_DQ[0]  ; CLOCK_50   ; 6.358 ;      ; Rise       ; CLOCK_50        ;
;  SRAM_DQ[1]  ; CLOCK_50   ; 6.368 ;      ; Rise       ; CLOCK_50        ;
;  SRAM_DQ[2]  ; CLOCK_50   ; 6.614 ;      ; Rise       ; CLOCK_50        ;
;  SRAM_DQ[3]  ; CLOCK_50   ; 6.594 ;      ; Rise       ; CLOCK_50        ;
;  SRAM_DQ[4]  ; CLOCK_50   ; 6.828 ;      ; Rise       ; CLOCK_50        ;
;  SRAM_DQ[5]  ; CLOCK_50   ; 6.828 ;      ; Rise       ; CLOCK_50        ;
;  SRAM_DQ[6]  ; CLOCK_50   ; 6.828 ;      ; Rise       ; CLOCK_50        ;
;  SRAM_DQ[7]  ; CLOCK_50   ; 6.820 ;      ; Rise       ; CLOCK_50        ;
;  SRAM_DQ[8]  ; CLOCK_50   ; 6.870 ;      ; Rise       ; CLOCK_50        ;
;  SRAM_DQ[9]  ; CLOCK_50   ; 6.870 ;      ; Rise       ; CLOCK_50        ;
;  SRAM_DQ[10] ; CLOCK_50   ; 7.102 ;      ; Rise       ; CLOCK_50        ;
;  SRAM_DQ[11] ; CLOCK_50   ; 7.102 ;      ; Rise       ; CLOCK_50        ;
;  SRAM_DQ[12] ; CLOCK_50   ; 7.100 ;      ; Rise       ; CLOCK_50        ;
;  SRAM_DQ[13] ; CLOCK_50   ; 7.100 ;      ; Rise       ; CLOCK_50        ;
;  SRAM_DQ[14] ; CLOCK_50   ; 7.090 ;      ; Rise       ; CLOCK_50        ;
;  SRAM_DQ[15] ; CLOCK_50   ; 7.311 ;      ; Rise       ; CLOCK_50        ;
+--------------+------------+-------+------+------------+-----------------+


+----------------------------------------------------------------------------------+
; Output Disable Times                                                             ;
+--------------+------------+-----------+-----------+------------+-----------------+
; Data Port    ; Clock Port ; 0 to Hi-Z ; 1 to Hi-Z ; Clock Edge ; Clock Reference ;
+--------------+------------+-----------+-----------+------------+-----------------+
; SRAM_DQ[*]   ; CLOCK_50   ; 6.358     ;           ; Rise       ; CLOCK_50        ;
;  SRAM_DQ[0]  ; CLOCK_50   ; 6.358     ;           ; Rise       ; CLOCK_50        ;
;  SRAM_DQ[1]  ; CLOCK_50   ; 6.368     ;           ; Rise       ; CLOCK_50        ;
;  SRAM_DQ[2]  ; CLOCK_50   ; 6.614     ;           ; Rise       ; CLOCK_50        ;
;  SRAM_DQ[3]  ; CLOCK_50   ; 6.594     ;           ; Rise       ; CLOCK_50        ;
;  SRAM_DQ[4]  ; CLOCK_50   ; 6.828     ;           ; Rise       ; CLOCK_50        ;
;  SRAM_DQ[5]  ; CLOCK_50   ; 6.828     ;           ; Rise       ; CLOCK_50        ;
;  SRAM_DQ[6]  ; CLOCK_50   ; 6.828     ;           ; Rise       ; CLOCK_50        ;
;  SRAM_DQ[7]  ; CLOCK_50   ; 6.820     ;           ; Rise       ; CLOCK_50        ;
;  SRAM_DQ[8]  ; CLOCK_50   ; 6.870     ;           ; Rise       ; CLOCK_50        ;
;  SRAM_DQ[9]  ; CLOCK_50   ; 6.870     ;           ; Rise       ; CLOCK_50        ;
;  SRAM_DQ[10] ; CLOCK_50   ; 7.102     ;           ; Rise       ; CLOCK_50        ;
;  SRAM_DQ[11] ; CLOCK_50   ; 7.102     ;           ; Rise       ; CLOCK_50        ;
;  SRAM_DQ[12] ; CLOCK_50   ; 7.100     ;           ; Rise       ; CLOCK_50        ;
;  SRAM_DQ[13] ; CLOCK_50   ; 7.100     ;           ; Rise       ; CLOCK_50        ;
;  SRAM_DQ[14] ; CLOCK_50   ; 7.090     ;           ; Rise       ; CLOCK_50        ;
;  SRAM_DQ[15] ; CLOCK_50   ; 7.311     ;           ; Rise       ; CLOCK_50        ;
+--------------+------------+-----------+-----------+------------+-----------------+


+----------------------------------------------------------------------------------+
; Minimum Output Disable Times                                                     ;
+--------------+------------+-----------+-----------+------------+-----------------+
; Data Port    ; Clock Port ; 0 to Hi-Z ; 1 to Hi-Z ; Clock Edge ; Clock Reference ;
+--------------+------------+-----------+-----------+------------+-----------------+
; SRAM_DQ[*]   ; CLOCK_50   ; 6.358     ;           ; Rise       ; CLOCK_50        ;
;  SRAM_DQ[0]  ; CLOCK_50   ; 6.358     ;           ; Rise       ; CLOCK_50        ;
;  SRAM_DQ[1]  ; CLOCK_50   ; 6.368     ;           ; Rise       ; CLOCK_50        ;
;  SRAM_DQ[2]  ; CLOCK_50   ; 6.614     ;           ; Rise       ; CLOCK_50        ;
;  SRAM_DQ[3]  ; CLOCK_50   ; 6.594     ;           ; Rise       ; CLOCK_50        ;
;  SRAM_DQ[4]  ; CLOCK_50   ; 6.828     ;           ; Rise       ; CLOCK_50        ;
;  SRAM_DQ[5]  ; CLOCK_50   ; 6.828     ;           ; Rise       ; CLOCK_50        ;
;  SRAM_DQ[6]  ; CLOCK_50   ; 6.828     ;           ; Rise       ; CLOCK_50        ;
;  SRAM_DQ[7]  ; CLOCK_50   ; 6.820     ;           ; Rise       ; CLOCK_50        ;
;  SRAM_DQ[8]  ; CLOCK_50   ; 6.870     ;           ; Rise       ; CLOCK_50        ;
;  SRAM_DQ[9]  ; CLOCK_50   ; 6.870     ;           ; Rise       ; CLOCK_50        ;
;  SRAM_DQ[10] ; CLOCK_50   ; 7.102     ;           ; Rise       ; CLOCK_50        ;
;  SRAM_DQ[11] ; CLOCK_50   ; 7.102     ;           ; Rise       ; CLOCK_50        ;
;  SRAM_DQ[12] ; CLOCK_50   ; 7.100     ;           ; Rise       ; CLOCK_50        ;
;  SRAM_DQ[13] ; CLOCK_50   ; 7.100     ;           ; Rise       ; CLOCK_50        ;
;  SRAM_DQ[14] ; CLOCK_50   ; 7.090     ;           ; Rise       ; CLOCK_50        ;
;  SRAM_DQ[15] ; CLOCK_50   ; 7.311     ;           ; Rise       ; CLOCK_50        ;
+--------------+------------+-----------+-----------+------------+-----------------+


+------------------------------------------------------------------------------------------+
; Fast Model Setup Summary                                                                 ;
+-----------------------------------------------------------------+--------+---------------+
; Clock                                                           ; Slack  ; End Point TNS ;
+-----------------------------------------------------------------+--------+---------------+
; CLOCK_50                                                        ; -1.918 ; -108.048      ;
; uart_controller:uart_ctrl_inst|baud_rate_gen:brg_inst|ov_tick   ; -0.485 ; -10.904       ;
; uart_controller:uart_ctrl_inst|baud_rate_gen:brg_inst|uart_tick ; -0.006 ; -0.019        ;
+-----------------------------------------------------------------+--------+---------------+


+-----------------------------------------------------------------------------------------+
; Fast Model Hold Summary                                                                 ;
+-----------------------------------------------------------------+-------+---------------+
; Clock                                                           ; Slack ; End Point TNS ;
+-----------------------------------------------------------------+-------+---------------+
; CLOCK_50                                                        ; 0.058 ; 0.000         ;
; uart_controller:uart_ctrl_inst|baud_rate_gen:brg_inst|ov_tick   ; 0.215 ; 0.000         ;
; uart_controller:uart_ctrl_inst|baud_rate_gen:brg_inst|uart_tick ; 0.215 ; 0.000         ;
+-----------------------------------------------------------------+-------+---------------+


+----------------------------------------------------------------------------------------+
; Fast Model Recovery Summary                                                            ;
+---------------------------------------------------------------+--------+---------------+
; Clock                                                         ; Slack  ; End Point TNS ;
+---------------------------------------------------------------+--------+---------------+
; uart_controller:uart_ctrl_inst|baud_rate_gen:brg_inst|ov_tick ; -0.226 ; -2.034        ;
+---------------------------------------------------------------+--------+---------------+


+---------------------------------------------------------------------------------------+
; Fast Model Removal Summary                                                            ;
+---------------------------------------------------------------+-------+---------------+
; Clock                                                         ; Slack ; End Point TNS ;
+---------------------------------------------------------------+-------+---------------+
; uart_controller:uart_ctrl_inst|baud_rate_gen:brg_inst|ov_tick ; 1.106 ; 0.000         ;
+---------------------------------------------------------------+-------+---------------+


+------------------------------------------------------------------------------------------+
; Fast Model Minimum Pulse Width Summary                                                   ;
+-----------------------------------------------------------------+--------+---------------+
; Clock                                                           ; Slack  ; End Point TNS ;
+-----------------------------------------------------------------+--------+---------------+
; CLOCK_50                                                        ; -1.627 ; -305.762      ;
; uart_controller:uart_ctrl_inst|baud_rate_gen:brg_inst|ov_tick   ; -0.500 ; -38.000       ;
; uart_controller:uart_ctrl_inst|baud_rate_gen:brg_inst|uart_tick ; -0.500 ; -14.000       ;
+-----------------------------------------------------------------+--------+---------------+


+--------------------------------------------------------------------------------------------------------------------------------------------------------------------------------------------------------------------------------------------------------+
; Fast Model Setup: 'CLOCK_50'                                                                                                                                                                                                                           ;
+--------+-----------------------------------------------------------------------------------------------------------------------+-------------------------------------------------+--------------+-------------+--------------+------------+------------+
; Slack  ; From Node                                                                                                             ; To Node                                         ; Launch Clock ; Latch Clock ; Relationship ; Clock Skew ; Data Delay ;
+--------+-----------------------------------------------------------------------------------------------------------------------+-------------------------------------------------+--------------+-------------+--------------+------------+------------+
; -1.918 ; uart_rx_packet_new:packet_inst|altsyncram:buffer_rtl_0|altsyncram_09c1:auto_generated|ram_block1a0~portb_address_reg0 ; sram_packet_writer:sram_writer_inst|w_data[12]  ; CLOCK_50     ; CLOCK_50    ; 1.000        ; -0.068     ; 2.882      ;
; -1.918 ; uart_rx_packet_new:packet_inst|altsyncram:buffer_rtl_0|altsyncram_09c1:auto_generated|ram_block1a0~portb_address_reg1 ; sram_packet_writer:sram_writer_inst|w_data[12]  ; CLOCK_50     ; CLOCK_50    ; 1.000        ; -0.068     ; 2.882      ;
; -1.918 ; uart_rx_packet_new:packet_inst|altsyncram:buffer_rtl_0|altsyncram_09c1:auto_generated|ram_block1a0~portb_address_reg2 ; sram_packet_writer:sram_writer_inst|w_data[12]  ; CLOCK_50     ; CLOCK_50    ; 1.000        ; -0.068     ; 2.882      ;
; -1.918 ; uart_rx_packet_new:packet_inst|altsyncram:buffer_rtl_0|altsyncram_09c1:auto_generated|ram_block1a0~portb_address_reg3 ; sram_packet_writer:sram_writer_inst|w_data[12]  ; CLOCK_50     ; CLOCK_50    ; 1.000        ; -0.068     ; 2.882      ;
; -1.918 ; uart_rx_packet_new:packet_inst|altsyncram:buffer_rtl_0|altsyncram_09c1:auto_generated|ram_block1a0~portb_address_reg4 ; sram_packet_writer:sram_writer_inst|w_data[12]  ; CLOCK_50     ; CLOCK_50    ; 1.000        ; -0.068     ; 2.882      ;
; -1.918 ; uart_rx_packet_new:packet_inst|altsyncram:buffer_rtl_0|altsyncram_09c1:auto_generated|ram_block1a0~portb_address_reg5 ; sram_packet_writer:sram_writer_inst|w_data[12]  ; CLOCK_50     ; CLOCK_50    ; 1.000        ; -0.068     ; 2.882      ;
; -1.918 ; uart_rx_packet_new:packet_inst|altsyncram:buffer_rtl_0|altsyncram_09c1:auto_generated|ram_block1a0~portb_address_reg6 ; sram_packet_writer:sram_writer_inst|w_data[12]  ; CLOCK_50     ; CLOCK_50    ; 1.000        ; -0.068     ; 2.882      ;
; -1.918 ; uart_rx_packet_new:packet_inst|altsyncram:buffer_rtl_0|altsyncram_09c1:auto_generated|ram_block1a0~portb_address_reg7 ; sram_packet_writer:sram_writer_inst|w_data[12]  ; CLOCK_50     ; CLOCK_50    ; 1.000        ; -0.068     ; 2.882      ;
; -1.886 ; uart_rx_packet_new:packet_inst|altsyncram:buffer_rtl_0|altsyncram_09c1:auto_generated|ram_block1a0~portb_address_reg0 ; sram_packet_writer:sram_writer_inst|data_low[7] ; CLOCK_50     ; CLOCK_50    ; 1.000        ; -0.068     ; 2.850      ;
; -1.886 ; uart_rx_packet_new:packet_inst|altsyncram:buffer_rtl_0|altsyncram_09c1:auto_generated|ram_block1a0~portb_address_reg1 ; sram_packet_writer:sram_writer_inst|data_low[7] ; CLOCK_50     ; CLOCK_50    ; 1.000        ; -0.068     ; 2.850      ;
; -1.886 ; uart_rx_packet_new:packet_inst|altsyncram:buffer_rtl_0|altsyncram_09c1:auto_generated|ram_block1a0~portb_address_reg2 ; sram_packet_writer:sram_writer_inst|data_low[7] ; CLOCK_50     ; CLOCK_50    ; 1.000        ; -0.068     ; 2.850      ;
; -1.886 ; uart_rx_packet_new:packet_inst|altsyncram:buffer_rtl_0|altsyncram_09c1:auto_generated|ram_block1a0~portb_address_reg3 ; sram_packet_writer:sram_writer_inst|data_low[7] ; CLOCK_50     ; CLOCK_50    ; 1.000        ; -0.068     ; 2.850      ;
; -1.886 ; uart_rx_packet_new:packet_inst|altsyncram:buffer_rtl_0|altsyncram_09c1:auto_generated|ram_block1a0~portb_address_reg4 ; sram_packet_writer:sram_writer_inst|data_low[7] ; CLOCK_50     ; CLOCK_50    ; 1.000        ; -0.068     ; 2.850      ;
; -1.886 ; uart_rx_packet_new:packet_inst|altsyncram:buffer_rtl_0|altsyncram_09c1:auto_generated|ram_block1a0~portb_address_reg5 ; sram_packet_writer:sram_writer_inst|data_low[7] ; CLOCK_50     ; CLOCK_50    ; 1.000        ; -0.068     ; 2.850      ;
; -1.886 ; uart_rx_packet_new:packet_inst|altsyncram:buffer_rtl_0|altsyncram_09c1:auto_generated|ram_block1a0~portb_address_reg6 ; sram_packet_writer:sram_writer_inst|data_low[7] ; CLOCK_50     ; CLOCK_50    ; 1.000        ; -0.068     ; 2.850      ;
; -1.886 ; uart_rx_packet_new:packet_inst|altsyncram:buffer_rtl_0|altsyncram_09c1:auto_generated|ram_block1a0~portb_address_reg7 ; sram_packet_writer:sram_writer_inst|data_low[7] ; CLOCK_50     ; CLOCK_50    ; 1.000        ; -0.068     ; 2.850      ;
; -1.874 ; uart_rx_packet_new:packet_inst|altsyncram:buffer_rtl_0|altsyncram_09c1:auto_generated|ram_block1a0~portb_address_reg0 ; sram_packet_writer:sram_writer_inst|data_low[1] ; CLOCK_50     ; CLOCK_50    ; 1.000        ; -0.068     ; 2.838      ;
; -1.874 ; uart_rx_packet_new:packet_inst|altsyncram:buffer_rtl_0|altsyncram_09c1:auto_generated|ram_block1a0~portb_address_reg1 ; sram_packet_writer:sram_writer_inst|data_low[1] ; CLOCK_50     ; CLOCK_50    ; 1.000        ; -0.068     ; 2.838      ;
; -1.874 ; uart_rx_packet_new:packet_inst|altsyncram:buffer_rtl_0|altsyncram_09c1:auto_generated|ram_block1a0~portb_address_reg2 ; sram_packet_writer:sram_writer_inst|data_low[1] ; CLOCK_50     ; CLOCK_50    ; 1.000        ; -0.068     ; 2.838      ;
; -1.874 ; uart_rx_packet_new:packet_inst|altsyncram:buffer_rtl_0|altsyncram_09c1:auto_generated|ram_block1a0~portb_address_reg3 ; sram_packet_writer:sram_writer_inst|data_low[1] ; CLOCK_50     ; CLOCK_50    ; 1.000        ; -0.068     ; 2.838      ;
; -1.874 ; uart_rx_packet_new:packet_inst|altsyncram:buffer_rtl_0|altsyncram_09c1:auto_generated|ram_block1a0~portb_address_reg4 ; sram_packet_writer:sram_writer_inst|data_low[1] ; CLOCK_50     ; CLOCK_50    ; 1.000        ; -0.068     ; 2.838      ;
; -1.874 ; uart_rx_packet_new:packet_inst|altsyncram:buffer_rtl_0|altsyncram_09c1:auto_generated|ram_block1a0~portb_address_reg5 ; sram_packet_writer:sram_writer_inst|data_low[1] ; CLOCK_50     ; CLOCK_50    ; 1.000        ; -0.068     ; 2.838      ;
; -1.874 ; uart_rx_packet_new:packet_inst|altsyncram:buffer_rtl_0|altsyncram_09c1:auto_generated|ram_block1a0~portb_address_reg6 ; sram_packet_writer:sram_writer_inst|data_low[1] ; CLOCK_50     ; CLOCK_50    ; 1.000        ; -0.068     ; 2.838      ;
; -1.874 ; uart_rx_packet_new:packet_inst|altsyncram:buffer_rtl_0|altsyncram_09c1:auto_generated|ram_block1a0~portb_address_reg7 ; sram_packet_writer:sram_writer_inst|data_low[1] ; CLOCK_50     ; CLOCK_50    ; 1.000        ; -0.068     ; 2.838      ;
; -1.871 ; uart_rx_packet_new:packet_inst|altsyncram:buffer_rtl_0|altsyncram_09c1:auto_generated|ram_block1a0~portb_address_reg0 ; sram_packet_writer:sram_writer_inst|data_low[2] ; CLOCK_50     ; CLOCK_50    ; 1.000        ; -0.068     ; 2.835      ;
; -1.871 ; uart_rx_packet_new:packet_inst|altsyncram:buffer_rtl_0|altsyncram_09c1:auto_generated|ram_block1a0~portb_address_reg1 ; sram_packet_writer:sram_writer_inst|data_low[2] ; CLOCK_50     ; CLOCK_50    ; 1.000        ; -0.068     ; 2.835      ;
; -1.871 ; uart_rx_packet_new:packet_inst|altsyncram:buffer_rtl_0|altsyncram_09c1:auto_generated|ram_block1a0~portb_address_reg2 ; sram_packet_writer:sram_writer_inst|data_low[2] ; CLOCK_50     ; CLOCK_50    ; 1.000        ; -0.068     ; 2.835      ;
; -1.871 ; uart_rx_packet_new:packet_inst|altsyncram:buffer_rtl_0|altsyncram_09c1:auto_generated|ram_block1a0~portb_address_reg3 ; sram_packet_writer:sram_writer_inst|data_low[2] ; CLOCK_50     ; CLOCK_50    ; 1.000        ; -0.068     ; 2.835      ;
; -1.871 ; uart_rx_packet_new:packet_inst|altsyncram:buffer_rtl_0|altsyncram_09c1:auto_generated|ram_block1a0~portb_address_reg4 ; sram_packet_writer:sram_writer_inst|data_low[2] ; CLOCK_50     ; CLOCK_50    ; 1.000        ; -0.068     ; 2.835      ;
; -1.871 ; uart_rx_packet_new:packet_inst|altsyncram:buffer_rtl_0|altsyncram_09c1:auto_generated|ram_block1a0~portb_address_reg5 ; sram_packet_writer:sram_writer_inst|data_low[2] ; CLOCK_50     ; CLOCK_50    ; 1.000        ; -0.068     ; 2.835      ;
; -1.871 ; uart_rx_packet_new:packet_inst|altsyncram:buffer_rtl_0|altsyncram_09c1:auto_generated|ram_block1a0~portb_address_reg6 ; sram_packet_writer:sram_writer_inst|data_low[2] ; CLOCK_50     ; CLOCK_50    ; 1.000        ; -0.068     ; 2.835      ;
; -1.871 ; uart_rx_packet_new:packet_inst|altsyncram:buffer_rtl_0|altsyncram_09c1:auto_generated|ram_block1a0~portb_address_reg7 ; sram_packet_writer:sram_writer_inst|data_low[2] ; CLOCK_50     ; CLOCK_50    ; 1.000        ; -0.068     ; 2.835      ;
; -1.856 ; uart_rx_packet_new:packet_inst|altsyncram:buffer_rtl_0|altsyncram_09c1:auto_generated|ram_block1a0~portb_address_reg0 ; sram_packet_writer:sram_writer_inst|data_low[0] ; CLOCK_50     ; CLOCK_50    ; 1.000        ; -0.068     ; 2.820      ;
; -1.856 ; uart_rx_packet_new:packet_inst|altsyncram:buffer_rtl_0|altsyncram_09c1:auto_generated|ram_block1a0~portb_address_reg1 ; sram_packet_writer:sram_writer_inst|data_low[0] ; CLOCK_50     ; CLOCK_50    ; 1.000        ; -0.068     ; 2.820      ;
; -1.856 ; uart_rx_packet_new:packet_inst|altsyncram:buffer_rtl_0|altsyncram_09c1:auto_generated|ram_block1a0~portb_address_reg2 ; sram_packet_writer:sram_writer_inst|data_low[0] ; CLOCK_50     ; CLOCK_50    ; 1.000        ; -0.068     ; 2.820      ;
; -1.856 ; uart_rx_packet_new:packet_inst|altsyncram:buffer_rtl_0|altsyncram_09c1:auto_generated|ram_block1a0~portb_address_reg3 ; sram_packet_writer:sram_writer_inst|data_low[0] ; CLOCK_50     ; CLOCK_50    ; 1.000        ; -0.068     ; 2.820      ;
; -1.856 ; uart_rx_packet_new:packet_inst|altsyncram:buffer_rtl_0|altsyncram_09c1:auto_generated|ram_block1a0~portb_address_reg4 ; sram_packet_writer:sram_writer_inst|data_low[0] ; CLOCK_50     ; CLOCK_50    ; 1.000        ; -0.068     ; 2.820      ;
; -1.856 ; uart_rx_packet_new:packet_inst|altsyncram:buffer_rtl_0|altsyncram_09c1:auto_generated|ram_block1a0~portb_address_reg5 ; sram_packet_writer:sram_writer_inst|data_low[0] ; CLOCK_50     ; CLOCK_50    ; 1.000        ; -0.068     ; 2.820      ;
; -1.856 ; uart_rx_packet_new:packet_inst|altsyncram:buffer_rtl_0|altsyncram_09c1:auto_generated|ram_block1a0~portb_address_reg6 ; sram_packet_writer:sram_writer_inst|data_low[0] ; CLOCK_50     ; CLOCK_50    ; 1.000        ; -0.068     ; 2.820      ;
; -1.856 ; uart_rx_packet_new:packet_inst|altsyncram:buffer_rtl_0|altsyncram_09c1:auto_generated|ram_block1a0~portb_address_reg7 ; sram_packet_writer:sram_writer_inst|data_low[0] ; CLOCK_50     ; CLOCK_50    ; 1.000        ; -0.068     ; 2.820      ;
; -1.762 ; uart_rx_packet_new:packet_inst|altsyncram:buffer_rtl_0|altsyncram_09c1:auto_generated|ram_block1a0~portb_address_reg0 ; sram_packet_writer:sram_writer_inst|w_data[14]  ; CLOCK_50     ; CLOCK_50    ; 1.000        ; -0.066     ; 2.728      ;
; -1.762 ; uart_rx_packet_new:packet_inst|altsyncram:buffer_rtl_0|altsyncram_09c1:auto_generated|ram_block1a0~portb_address_reg1 ; sram_packet_writer:sram_writer_inst|w_data[14]  ; CLOCK_50     ; CLOCK_50    ; 1.000        ; -0.066     ; 2.728      ;
; -1.762 ; uart_rx_packet_new:packet_inst|altsyncram:buffer_rtl_0|altsyncram_09c1:auto_generated|ram_block1a0~portb_address_reg2 ; sram_packet_writer:sram_writer_inst|w_data[14]  ; CLOCK_50     ; CLOCK_50    ; 1.000        ; -0.066     ; 2.728      ;
; -1.762 ; uart_rx_packet_new:packet_inst|altsyncram:buffer_rtl_0|altsyncram_09c1:auto_generated|ram_block1a0~portb_address_reg3 ; sram_packet_writer:sram_writer_inst|w_data[14]  ; CLOCK_50     ; CLOCK_50    ; 1.000        ; -0.066     ; 2.728      ;
; -1.762 ; uart_rx_packet_new:packet_inst|altsyncram:buffer_rtl_0|altsyncram_09c1:auto_generated|ram_block1a0~portb_address_reg4 ; sram_packet_writer:sram_writer_inst|w_data[14]  ; CLOCK_50     ; CLOCK_50    ; 1.000        ; -0.066     ; 2.728      ;
; -1.762 ; uart_rx_packet_new:packet_inst|altsyncram:buffer_rtl_0|altsyncram_09c1:auto_generated|ram_block1a0~portb_address_reg5 ; sram_packet_writer:sram_writer_inst|w_data[14]  ; CLOCK_50     ; CLOCK_50    ; 1.000        ; -0.066     ; 2.728      ;
; -1.762 ; uart_rx_packet_new:packet_inst|altsyncram:buffer_rtl_0|altsyncram_09c1:auto_generated|ram_block1a0~portb_address_reg6 ; sram_packet_writer:sram_writer_inst|w_data[14]  ; CLOCK_50     ; CLOCK_50    ; 1.000        ; -0.066     ; 2.728      ;
; -1.762 ; uart_rx_packet_new:packet_inst|altsyncram:buffer_rtl_0|altsyncram_09c1:auto_generated|ram_block1a0~portb_address_reg7 ; sram_packet_writer:sram_writer_inst|w_data[14]  ; CLOCK_50     ; CLOCK_50    ; 1.000        ; -0.066     ; 2.728      ;
; -1.761 ; uart_rx_packet_new:packet_inst|altsyncram:buffer_rtl_0|altsyncram_09c1:auto_generated|ram_block1a0~portb_address_reg0 ; sram_packet_writer:sram_writer_inst|w_data[11]  ; CLOCK_50     ; CLOCK_50    ; 1.000        ; -0.066     ; 2.727      ;
; -1.761 ; uart_rx_packet_new:packet_inst|altsyncram:buffer_rtl_0|altsyncram_09c1:auto_generated|ram_block1a0~portb_address_reg1 ; sram_packet_writer:sram_writer_inst|w_data[11]  ; CLOCK_50     ; CLOCK_50    ; 1.000        ; -0.066     ; 2.727      ;
; -1.761 ; uart_rx_packet_new:packet_inst|altsyncram:buffer_rtl_0|altsyncram_09c1:auto_generated|ram_block1a0~portb_address_reg2 ; sram_packet_writer:sram_writer_inst|w_data[11]  ; CLOCK_50     ; CLOCK_50    ; 1.000        ; -0.066     ; 2.727      ;
; -1.761 ; uart_rx_packet_new:packet_inst|altsyncram:buffer_rtl_0|altsyncram_09c1:auto_generated|ram_block1a0~portb_address_reg3 ; sram_packet_writer:sram_writer_inst|w_data[11]  ; CLOCK_50     ; CLOCK_50    ; 1.000        ; -0.066     ; 2.727      ;
; -1.761 ; uart_rx_packet_new:packet_inst|altsyncram:buffer_rtl_0|altsyncram_09c1:auto_generated|ram_block1a0~portb_address_reg4 ; sram_packet_writer:sram_writer_inst|w_data[11]  ; CLOCK_50     ; CLOCK_50    ; 1.000        ; -0.066     ; 2.727      ;
; -1.761 ; uart_rx_packet_new:packet_inst|altsyncram:buffer_rtl_0|altsyncram_09c1:auto_generated|ram_block1a0~portb_address_reg5 ; sram_packet_writer:sram_writer_inst|w_data[11]  ; CLOCK_50     ; CLOCK_50    ; 1.000        ; -0.066     ; 2.727      ;
; -1.761 ; uart_rx_packet_new:packet_inst|altsyncram:buffer_rtl_0|altsyncram_09c1:auto_generated|ram_block1a0~portb_address_reg6 ; sram_packet_writer:sram_writer_inst|w_data[11]  ; CLOCK_50     ; CLOCK_50    ; 1.000        ; -0.066     ; 2.727      ;
; -1.761 ; uart_rx_packet_new:packet_inst|altsyncram:buffer_rtl_0|altsyncram_09c1:auto_generated|ram_block1a0~portb_address_reg7 ; sram_packet_writer:sram_writer_inst|w_data[11]  ; CLOCK_50     ; CLOCK_50    ; 1.000        ; -0.066     ; 2.727      ;
; -1.753 ; uart_rx_packet_new:packet_inst|altsyncram:buffer_rtl_0|altsyncram_09c1:auto_generated|ram_block1a0~portb_address_reg0 ; sram_packet_writer:sram_writer_inst|data_low[5] ; CLOCK_50     ; CLOCK_50    ; 1.000        ; -0.066     ; 2.719      ;
; -1.753 ; uart_rx_packet_new:packet_inst|altsyncram:buffer_rtl_0|altsyncram_09c1:auto_generated|ram_block1a0~portb_address_reg1 ; sram_packet_writer:sram_writer_inst|data_low[5] ; CLOCK_50     ; CLOCK_50    ; 1.000        ; -0.066     ; 2.719      ;
; -1.753 ; uart_rx_packet_new:packet_inst|altsyncram:buffer_rtl_0|altsyncram_09c1:auto_generated|ram_block1a0~portb_address_reg2 ; sram_packet_writer:sram_writer_inst|data_low[5] ; CLOCK_50     ; CLOCK_50    ; 1.000        ; -0.066     ; 2.719      ;
; -1.753 ; uart_rx_packet_new:packet_inst|altsyncram:buffer_rtl_0|altsyncram_09c1:auto_generated|ram_block1a0~portb_address_reg3 ; sram_packet_writer:sram_writer_inst|data_low[5] ; CLOCK_50     ; CLOCK_50    ; 1.000        ; -0.066     ; 2.719      ;
; -1.753 ; uart_rx_packet_new:packet_inst|altsyncram:buffer_rtl_0|altsyncram_09c1:auto_generated|ram_block1a0~portb_address_reg4 ; sram_packet_writer:sram_writer_inst|data_low[5] ; CLOCK_50     ; CLOCK_50    ; 1.000        ; -0.066     ; 2.719      ;
; -1.753 ; uart_rx_packet_new:packet_inst|altsyncram:buffer_rtl_0|altsyncram_09c1:auto_generated|ram_block1a0~portb_address_reg5 ; sram_packet_writer:sram_writer_inst|data_low[5] ; CLOCK_50     ; CLOCK_50    ; 1.000        ; -0.066     ; 2.719      ;
; -1.753 ; uart_rx_packet_new:packet_inst|altsyncram:buffer_rtl_0|altsyncram_09c1:auto_generated|ram_block1a0~portb_address_reg6 ; sram_packet_writer:sram_writer_inst|data_low[5] ; CLOCK_50     ; CLOCK_50    ; 1.000        ; -0.066     ; 2.719      ;
; -1.753 ; uart_rx_packet_new:packet_inst|altsyncram:buffer_rtl_0|altsyncram_09c1:auto_generated|ram_block1a0~portb_address_reg7 ; sram_packet_writer:sram_writer_inst|data_low[5] ; CLOCK_50     ; CLOCK_50    ; 1.000        ; -0.066     ; 2.719      ;
; -1.637 ; uart_rx_packet_new:packet_inst|altsyncram:buffer_rtl_0|altsyncram_09c1:auto_generated|ram_block1a0~portb_address_reg0 ; sram_packet_writer:sram_writer_inst|w_data[15]  ; CLOCK_50     ; CLOCK_50    ; 1.000        ; -0.068     ; 2.601      ;
; -1.637 ; uart_rx_packet_new:packet_inst|altsyncram:buffer_rtl_0|altsyncram_09c1:auto_generated|ram_block1a0~portb_address_reg1 ; sram_packet_writer:sram_writer_inst|w_data[15]  ; CLOCK_50     ; CLOCK_50    ; 1.000        ; -0.068     ; 2.601      ;
; -1.637 ; uart_rx_packet_new:packet_inst|altsyncram:buffer_rtl_0|altsyncram_09c1:auto_generated|ram_block1a0~portb_address_reg2 ; sram_packet_writer:sram_writer_inst|w_data[15]  ; CLOCK_50     ; CLOCK_50    ; 1.000        ; -0.068     ; 2.601      ;
; -1.637 ; uart_rx_packet_new:packet_inst|altsyncram:buffer_rtl_0|altsyncram_09c1:auto_generated|ram_block1a0~portb_address_reg3 ; sram_packet_writer:sram_writer_inst|w_data[15]  ; CLOCK_50     ; CLOCK_50    ; 1.000        ; -0.068     ; 2.601      ;
; -1.637 ; uart_rx_packet_new:packet_inst|altsyncram:buffer_rtl_0|altsyncram_09c1:auto_generated|ram_block1a0~portb_address_reg4 ; sram_packet_writer:sram_writer_inst|w_data[15]  ; CLOCK_50     ; CLOCK_50    ; 1.000        ; -0.068     ; 2.601      ;
; -1.637 ; uart_rx_packet_new:packet_inst|altsyncram:buffer_rtl_0|altsyncram_09c1:auto_generated|ram_block1a0~portb_address_reg5 ; sram_packet_writer:sram_writer_inst|w_data[15]  ; CLOCK_50     ; CLOCK_50    ; 1.000        ; -0.068     ; 2.601      ;
; -1.637 ; uart_rx_packet_new:packet_inst|altsyncram:buffer_rtl_0|altsyncram_09c1:auto_generated|ram_block1a0~portb_address_reg6 ; sram_packet_writer:sram_writer_inst|w_data[15]  ; CLOCK_50     ; CLOCK_50    ; 1.000        ; -0.068     ; 2.601      ;
; -1.637 ; uart_rx_packet_new:packet_inst|altsyncram:buffer_rtl_0|altsyncram_09c1:auto_generated|ram_block1a0~portb_address_reg7 ; sram_packet_writer:sram_writer_inst|w_data[15]  ; CLOCK_50     ; CLOCK_50    ; 1.000        ; -0.068     ; 2.601      ;
; -1.627 ; uart_rx_packet_new:packet_inst|altsyncram:buffer_rtl_0|altsyncram_09c1:auto_generated|ram_block1a0~portb_address_reg0 ; sram_packet_writer:sram_writer_inst|w_data[9]   ; CLOCK_50     ; CLOCK_50    ; 1.000        ; -0.068     ; 2.591      ;
; -1.627 ; uart_rx_packet_new:packet_inst|altsyncram:buffer_rtl_0|altsyncram_09c1:auto_generated|ram_block1a0~portb_address_reg1 ; sram_packet_writer:sram_writer_inst|w_data[9]   ; CLOCK_50     ; CLOCK_50    ; 1.000        ; -0.068     ; 2.591      ;
; -1.627 ; uart_rx_packet_new:packet_inst|altsyncram:buffer_rtl_0|altsyncram_09c1:auto_generated|ram_block1a0~portb_address_reg2 ; sram_packet_writer:sram_writer_inst|w_data[9]   ; CLOCK_50     ; CLOCK_50    ; 1.000        ; -0.068     ; 2.591      ;
; -1.627 ; uart_rx_packet_new:packet_inst|altsyncram:buffer_rtl_0|altsyncram_09c1:auto_generated|ram_block1a0~portb_address_reg3 ; sram_packet_writer:sram_writer_inst|w_data[9]   ; CLOCK_50     ; CLOCK_50    ; 1.000        ; -0.068     ; 2.591      ;
; -1.627 ; uart_rx_packet_new:packet_inst|altsyncram:buffer_rtl_0|altsyncram_09c1:auto_generated|ram_block1a0~portb_address_reg4 ; sram_packet_writer:sram_writer_inst|w_data[9]   ; CLOCK_50     ; CLOCK_50    ; 1.000        ; -0.068     ; 2.591      ;
; -1.627 ; uart_rx_packet_new:packet_inst|altsyncram:buffer_rtl_0|altsyncram_09c1:auto_generated|ram_block1a0~portb_address_reg5 ; sram_packet_writer:sram_writer_inst|w_data[9]   ; CLOCK_50     ; CLOCK_50    ; 1.000        ; -0.068     ; 2.591      ;
; -1.627 ; uart_rx_packet_new:packet_inst|altsyncram:buffer_rtl_0|altsyncram_09c1:auto_generated|ram_block1a0~portb_address_reg6 ; sram_packet_writer:sram_writer_inst|w_data[9]   ; CLOCK_50     ; CLOCK_50    ; 1.000        ; -0.068     ; 2.591      ;
; -1.627 ; uart_rx_packet_new:packet_inst|altsyncram:buffer_rtl_0|altsyncram_09c1:auto_generated|ram_block1a0~portb_address_reg7 ; sram_packet_writer:sram_writer_inst|w_data[9]   ; CLOCK_50     ; CLOCK_50    ; 1.000        ; -0.068     ; 2.591      ;
; -1.592 ; uart_rx_packet_new:packet_inst|altsyncram:buffer_rtl_0|altsyncram_09c1:auto_generated|ram_block1a0~portb_address_reg0 ; sram_packet_writer:sram_writer_inst|w_data[13]  ; CLOCK_50     ; CLOCK_50    ; 1.000        ; -0.066     ; 2.558      ;
; -1.592 ; uart_rx_packet_new:packet_inst|altsyncram:buffer_rtl_0|altsyncram_09c1:auto_generated|ram_block1a0~portb_address_reg1 ; sram_packet_writer:sram_writer_inst|w_data[13]  ; CLOCK_50     ; CLOCK_50    ; 1.000        ; -0.066     ; 2.558      ;
; -1.592 ; uart_rx_packet_new:packet_inst|altsyncram:buffer_rtl_0|altsyncram_09c1:auto_generated|ram_block1a0~portb_address_reg2 ; sram_packet_writer:sram_writer_inst|w_data[13]  ; CLOCK_50     ; CLOCK_50    ; 1.000        ; -0.066     ; 2.558      ;
; -1.592 ; uart_rx_packet_new:packet_inst|altsyncram:buffer_rtl_0|altsyncram_09c1:auto_generated|ram_block1a0~portb_address_reg3 ; sram_packet_writer:sram_writer_inst|w_data[13]  ; CLOCK_50     ; CLOCK_50    ; 1.000        ; -0.066     ; 2.558      ;
; -1.592 ; uart_rx_packet_new:packet_inst|altsyncram:buffer_rtl_0|altsyncram_09c1:auto_generated|ram_block1a0~portb_address_reg4 ; sram_packet_writer:sram_writer_inst|w_data[13]  ; CLOCK_50     ; CLOCK_50    ; 1.000        ; -0.066     ; 2.558      ;
; -1.592 ; uart_rx_packet_new:packet_inst|altsyncram:buffer_rtl_0|altsyncram_09c1:auto_generated|ram_block1a0~portb_address_reg5 ; sram_packet_writer:sram_writer_inst|w_data[13]  ; CLOCK_50     ; CLOCK_50    ; 1.000        ; -0.066     ; 2.558      ;
; -1.592 ; uart_rx_packet_new:packet_inst|altsyncram:buffer_rtl_0|altsyncram_09c1:auto_generated|ram_block1a0~portb_address_reg6 ; sram_packet_writer:sram_writer_inst|w_data[13]  ; CLOCK_50     ; CLOCK_50    ; 1.000        ; -0.066     ; 2.558      ;
; -1.592 ; uart_rx_packet_new:packet_inst|altsyncram:buffer_rtl_0|altsyncram_09c1:auto_generated|ram_block1a0~portb_address_reg7 ; sram_packet_writer:sram_writer_inst|w_data[13]  ; CLOCK_50     ; CLOCK_50    ; 1.000        ; -0.066     ; 2.558      ;
; -1.581 ; uart_rx_packet_new:packet_inst|altsyncram:buffer_rtl_0|altsyncram_09c1:auto_generated|ram_block1a0~portb_address_reg0 ; sram_packet_writer:sram_writer_inst|data_low[4] ; CLOCK_50     ; CLOCK_50    ; 1.000        ; -0.068     ; 2.545      ;
; -1.581 ; uart_rx_packet_new:packet_inst|altsyncram:buffer_rtl_0|altsyncram_09c1:auto_generated|ram_block1a0~portb_address_reg1 ; sram_packet_writer:sram_writer_inst|data_low[4] ; CLOCK_50     ; CLOCK_50    ; 1.000        ; -0.068     ; 2.545      ;
; -1.581 ; uart_rx_packet_new:packet_inst|altsyncram:buffer_rtl_0|altsyncram_09c1:auto_generated|ram_block1a0~portb_address_reg2 ; sram_packet_writer:sram_writer_inst|data_low[4] ; CLOCK_50     ; CLOCK_50    ; 1.000        ; -0.068     ; 2.545      ;
; -1.581 ; uart_rx_packet_new:packet_inst|altsyncram:buffer_rtl_0|altsyncram_09c1:auto_generated|ram_block1a0~portb_address_reg3 ; sram_packet_writer:sram_writer_inst|data_low[4] ; CLOCK_50     ; CLOCK_50    ; 1.000        ; -0.068     ; 2.545      ;
; -1.581 ; uart_rx_packet_new:packet_inst|altsyncram:buffer_rtl_0|altsyncram_09c1:auto_generated|ram_block1a0~portb_address_reg4 ; sram_packet_writer:sram_writer_inst|data_low[4] ; CLOCK_50     ; CLOCK_50    ; 1.000        ; -0.068     ; 2.545      ;
; -1.581 ; uart_rx_packet_new:packet_inst|altsyncram:buffer_rtl_0|altsyncram_09c1:auto_generated|ram_block1a0~portb_address_reg5 ; sram_packet_writer:sram_writer_inst|data_low[4] ; CLOCK_50     ; CLOCK_50    ; 1.000        ; -0.068     ; 2.545      ;
; -1.581 ; uart_rx_packet_new:packet_inst|altsyncram:buffer_rtl_0|altsyncram_09c1:auto_generated|ram_block1a0~portb_address_reg6 ; sram_packet_writer:sram_writer_inst|data_low[4] ; CLOCK_50     ; CLOCK_50    ; 1.000        ; -0.068     ; 2.545      ;
; -1.581 ; uart_rx_packet_new:packet_inst|altsyncram:buffer_rtl_0|altsyncram_09c1:auto_generated|ram_block1a0~portb_address_reg7 ; sram_packet_writer:sram_writer_inst|data_low[4] ; CLOCK_50     ; CLOCK_50    ; 1.000        ; -0.068     ; 2.545      ;
; -1.530 ; uart_rx_packet_new:packet_inst|altsyncram:buffer_rtl_0|altsyncram_09c1:auto_generated|ram_block1a0~portb_address_reg0 ; sram_packet_writer:sram_writer_inst|w_data[10]  ; CLOCK_50     ; CLOCK_50    ; 1.000        ; -0.068     ; 2.494      ;
; -1.530 ; uart_rx_packet_new:packet_inst|altsyncram:buffer_rtl_0|altsyncram_09c1:auto_generated|ram_block1a0~portb_address_reg1 ; sram_packet_writer:sram_writer_inst|w_data[10]  ; CLOCK_50     ; CLOCK_50    ; 1.000        ; -0.068     ; 2.494      ;
; -1.530 ; uart_rx_packet_new:packet_inst|altsyncram:buffer_rtl_0|altsyncram_09c1:auto_generated|ram_block1a0~portb_address_reg2 ; sram_packet_writer:sram_writer_inst|w_data[10]  ; CLOCK_50     ; CLOCK_50    ; 1.000        ; -0.068     ; 2.494      ;
; -1.530 ; uart_rx_packet_new:packet_inst|altsyncram:buffer_rtl_0|altsyncram_09c1:auto_generated|ram_block1a0~portb_address_reg3 ; sram_packet_writer:sram_writer_inst|w_data[10]  ; CLOCK_50     ; CLOCK_50    ; 1.000        ; -0.068     ; 2.494      ;
+--------+-----------------------------------------------------------------------------------------------------------------------+-------------------------------------------------+--------------+-------------+--------------+------------+------------+


+-----------------------------------------------------------------------------------------------------------------------------------------------------------------------------------------------------------------------------------------------------------------------------------------------------------+
; Fast Model Setup: 'uart_controller:uart_ctrl_inst|baud_rate_gen:brg_inst|ov_tick'                                                                                                                                                                                                                         ;
+--------+------------------------------------------------------------+------------------------------------------------------------+---------------------------------------------------------------+---------------------------------------------------------------+--------------+------------+------------+
; Slack  ; From Node                                                  ; To Node                                                    ; Launch Clock                                                  ; Latch Clock                                                   ; Relationship ; Clock Skew ; Data Delay ;
+--------+------------------------------------------------------------+------------------------------------------------------------+---------------------------------------------------------------+---------------------------------------------------------------+--------------+------------+------------+
; -0.485 ; uart_controller:uart_ctrl_inst|uart_rx:rx_inst|tick_cnt[0] ; uart_controller:uart_ctrl_inst|uart_rx:rx_inst|state.START ; uart_controller:uart_ctrl_inst|baud_rate_gen:brg_inst|ov_tick ; uart_controller:uart_ctrl_inst|baud_rate_gen:brg_inst|ov_tick ; 1.000        ; 0.002      ; 1.519      ;
; -0.485 ; uart_controller:uart_ctrl_inst|uart_rx:rx_inst|tick_cnt[0] ; uart_controller:uart_ctrl_inst|uart_rx:rx_inst|state.STOP  ; uart_controller:uart_ctrl_inst|baud_rate_gen:brg_inst|ov_tick ; uart_controller:uart_ctrl_inst|baud_rate_gen:brg_inst|ov_tick ; 1.000        ; 0.002      ; 1.519      ;
; -0.465 ; uart_rx_packet_new:packet_inst|rx_clear                    ; uart_controller:uart_ctrl_inst|uart_rx:rx_inst|state.START ; CLOCK_50                                                      ; uart_controller:uart_ctrl_inst|baud_rate_gen:brg_inst|ov_tick ; 1.000        ; -0.275     ; 1.222      ;
; -0.465 ; uart_rx_packet_new:packet_inst|rx_clear                    ; uart_controller:uart_ctrl_inst|uart_rx:rx_inst|state.STOP  ; CLOCK_50                                                      ; uart_controller:uart_ctrl_inst|baud_rate_gen:brg_inst|ov_tick ; 1.000        ; -0.275     ; 1.222      ;
; -0.461 ; uart_controller:uart_ctrl_inst|uart_rx:rx_inst|bit_cnt[1]  ; uart_controller:uart_ctrl_inst|uart_rx:rx_inst|state.START ; uart_controller:uart_ctrl_inst|baud_rate_gen:brg_inst|ov_tick ; uart_controller:uart_ctrl_inst|baud_rate_gen:brg_inst|ov_tick ; 1.000        ; 0.002      ; 1.495      ;
; -0.461 ; uart_controller:uart_ctrl_inst|uart_rx:rx_inst|bit_cnt[1]  ; uart_controller:uart_ctrl_inst|uart_rx:rx_inst|state.STOP  ; uart_controller:uart_ctrl_inst|baud_rate_gen:brg_inst|ov_tick ; uart_controller:uart_ctrl_inst|baud_rate_gen:brg_inst|ov_tick ; 1.000        ; 0.002      ; 1.495      ;
; -0.453 ; uart_controller:uart_ctrl_inst|uart_rx:rx_inst|tick_cnt[1] ; uart_controller:uart_ctrl_inst|uart_rx:rx_inst|state.START ; uart_controller:uart_ctrl_inst|baud_rate_gen:brg_inst|ov_tick ; uart_controller:uart_ctrl_inst|baud_rate_gen:brg_inst|ov_tick ; 1.000        ; 0.002      ; 1.487      ;
; -0.453 ; uart_controller:uart_ctrl_inst|uart_rx:rx_inst|tick_cnt[1] ; uart_controller:uart_ctrl_inst|uart_rx:rx_inst|state.STOP  ; uart_controller:uart_ctrl_inst|baud_rate_gen:brg_inst|ov_tick ; uart_controller:uart_ctrl_inst|baud_rate_gen:brg_inst|ov_tick ; 1.000        ; 0.002      ; 1.487      ;
; -0.433 ; uart_rx_packet_new:packet_inst|rx_clear                    ; uart_controller:uart_ctrl_inst|uart_rx:rx_inst|state.DATA  ; CLOCK_50                                                      ; uart_controller:uart_ctrl_inst|baud_rate_gen:brg_inst|ov_tick ; 1.000        ; -0.275     ; 1.190      ;
; -0.433 ; uart_rx_packet_new:packet_inst|rx_clear                    ; uart_controller:uart_ctrl_inst|uart_rx:rx_inst|state.IDLE  ; CLOCK_50                                                      ; uart_controller:uart_ctrl_inst|baud_rate_gen:brg_inst|ov_tick ; 1.000        ; -0.275     ; 1.190      ;
; -0.431 ; uart_controller:uart_ctrl_inst|uart_rx:rx_inst|tick_cnt[2] ; uart_controller:uart_ctrl_inst|uart_rx:rx_inst|state.START ; uart_controller:uart_ctrl_inst|baud_rate_gen:brg_inst|ov_tick ; uart_controller:uart_ctrl_inst|baud_rate_gen:brg_inst|ov_tick ; 1.000        ; 0.002      ; 1.465      ;
; -0.431 ; uart_controller:uart_ctrl_inst|uart_rx:rx_inst|tick_cnt[2] ; uart_controller:uart_ctrl_inst|uart_rx:rx_inst|state.STOP  ; uart_controller:uart_ctrl_inst|baud_rate_gen:brg_inst|ov_tick ; uart_controller:uart_ctrl_inst|baud_rate_gen:brg_inst|ov_tick ; 1.000        ; 0.002      ; 1.465      ;
; -0.404 ; uart_rx_packet_new:packet_inst|rx_clear                    ; uart_controller:uart_ctrl_inst|uart_rx:rx_inst|rx_reg[7]   ; CLOCK_50                                                      ; uart_controller:uart_ctrl_inst|baud_rate_gen:brg_inst|ov_tick ; 1.000        ; -0.279     ; 1.157      ;
; -0.404 ; uart_rx_packet_new:packet_inst|rx_clear                    ; uart_controller:uart_ctrl_inst|uart_rx:rx_inst|rx_reg[6]   ; CLOCK_50                                                      ; uart_controller:uart_ctrl_inst|baud_rate_gen:brg_inst|ov_tick ; 1.000        ; -0.279     ; 1.157      ;
; -0.404 ; uart_rx_packet_new:packet_inst|rx_clear                    ; uart_controller:uart_ctrl_inst|uart_rx:rx_inst|rx_reg[5]   ; CLOCK_50                                                      ; uart_controller:uart_ctrl_inst|baud_rate_gen:brg_inst|ov_tick ; 1.000        ; -0.279     ; 1.157      ;
; -0.404 ; uart_rx_packet_new:packet_inst|rx_clear                    ; uart_controller:uart_ctrl_inst|uart_rx:rx_inst|rx_reg[4]   ; CLOCK_50                                                      ; uart_controller:uart_ctrl_inst|baud_rate_gen:brg_inst|ov_tick ; 1.000        ; -0.279     ; 1.157      ;
; -0.404 ; uart_rx_packet_new:packet_inst|rx_clear                    ; uart_controller:uart_ctrl_inst|uart_rx:rx_inst|rx_reg[3]   ; CLOCK_50                                                      ; uart_controller:uart_ctrl_inst|baud_rate_gen:brg_inst|ov_tick ; 1.000        ; -0.279     ; 1.157      ;
; -0.404 ; uart_rx_packet_new:packet_inst|rx_clear                    ; uart_controller:uart_ctrl_inst|uart_rx:rx_inst|rx_reg[2]   ; CLOCK_50                                                      ; uart_controller:uart_ctrl_inst|baud_rate_gen:brg_inst|ov_tick ; 1.000        ; -0.279     ; 1.157      ;
; -0.404 ; uart_rx_packet_new:packet_inst|rx_clear                    ; uart_controller:uart_ctrl_inst|uart_rx:rx_inst|rx_reg[1]   ; CLOCK_50                                                      ; uart_controller:uart_ctrl_inst|baud_rate_gen:brg_inst|ov_tick ; 1.000        ; -0.279     ; 1.157      ;
; -0.404 ; uart_rx_packet_new:packet_inst|rx_clear                    ; uart_controller:uart_ctrl_inst|uart_rx:rx_inst|rx_reg[0]   ; CLOCK_50                                                      ; uart_controller:uart_ctrl_inst|baud_rate_gen:brg_inst|ov_tick ; 1.000        ; -0.279     ; 1.157      ;
; -0.398 ; uart_controller:uart_ctrl_inst|uart_rx:rx_inst|state.STOP  ; uart_controller:uart_ctrl_inst|uart_rx:rx_inst|data_out[1] ; uart_controller:uart_ctrl_inst|baud_rate_gen:brg_inst|ov_tick ; uart_controller:uart_ctrl_inst|baud_rate_gen:brg_inst|ov_tick ; 1.000        ; 0.005      ; 1.435      ;
; -0.398 ; uart_controller:uart_ctrl_inst|uart_rx:rx_inst|state.STOP  ; uart_controller:uart_ctrl_inst|uart_rx:rx_inst|data_out[4] ; uart_controller:uart_ctrl_inst|baud_rate_gen:brg_inst|ov_tick ; uart_controller:uart_ctrl_inst|baud_rate_gen:brg_inst|ov_tick ; 1.000        ; 0.005      ; 1.435      ;
; -0.398 ; uart_controller:uart_ctrl_inst|uart_rx:rx_inst|state.STOP  ; uart_controller:uart_ctrl_inst|uart_rx:rx_inst|data_out[2] ; uart_controller:uart_ctrl_inst|baud_rate_gen:brg_inst|ov_tick ; uart_controller:uart_ctrl_inst|baud_rate_gen:brg_inst|ov_tick ; 1.000        ; 0.005      ; 1.435      ;
; -0.398 ; uart_controller:uart_ctrl_inst|uart_rx:rx_inst|state.STOP  ; uart_controller:uart_ctrl_inst|uart_rx:rx_inst|data_out[3] ; uart_controller:uart_ctrl_inst|baud_rate_gen:brg_inst|ov_tick ; uart_controller:uart_ctrl_inst|baud_rate_gen:brg_inst|ov_tick ; 1.000        ; 0.005      ; 1.435      ;
; -0.398 ; uart_controller:uart_ctrl_inst|uart_rx:rx_inst|state.STOP  ; uart_controller:uart_ctrl_inst|uart_rx:rx_inst|data_out[6] ; uart_controller:uart_ctrl_inst|baud_rate_gen:brg_inst|ov_tick ; uart_controller:uart_ctrl_inst|baud_rate_gen:brg_inst|ov_tick ; 1.000        ; 0.005      ; 1.435      ;
; -0.398 ; uart_controller:uart_ctrl_inst|uart_rx:rx_inst|state.STOP  ; uart_controller:uart_ctrl_inst|uart_rx:rx_inst|data_out[7] ; uart_controller:uart_ctrl_inst|baud_rate_gen:brg_inst|ov_tick ; uart_controller:uart_ctrl_inst|baud_rate_gen:brg_inst|ov_tick ; 1.000        ; 0.005      ; 1.435      ;
; -0.398 ; uart_controller:uart_ctrl_inst|uart_rx:rx_inst|state.STOP  ; uart_controller:uart_ctrl_inst|uart_rx:rx_inst|data_out[5] ; uart_controller:uart_ctrl_inst|baud_rate_gen:brg_inst|ov_tick ; uart_controller:uart_ctrl_inst|baud_rate_gen:brg_inst|ov_tick ; 1.000        ; 0.005      ; 1.435      ;
; -0.398 ; uart_controller:uart_ctrl_inst|uart_rx:rx_inst|state.STOP  ; uart_controller:uart_ctrl_inst|uart_rx:rx_inst|data_out[0] ; uart_controller:uart_ctrl_inst|baud_rate_gen:brg_inst|ov_tick ; uart_controller:uart_ctrl_inst|baud_rate_gen:brg_inst|ov_tick ; 1.000        ; 0.005      ; 1.435      ;
; -0.362 ; uart_controller:uart_ctrl_inst|uart_rx:rx_inst|tick_cnt[0] ; uart_controller:uart_ctrl_inst|uart_rx:rx_inst|state.DATA  ; uart_controller:uart_ctrl_inst|baud_rate_gen:brg_inst|ov_tick ; uart_controller:uart_ctrl_inst|baud_rate_gen:brg_inst|ov_tick ; 1.000        ; 0.002      ; 1.396      ;
; -0.362 ; uart_controller:uart_ctrl_inst|uart_rx:rx_inst|tick_cnt[0] ; uart_controller:uart_ctrl_inst|uart_rx:rx_inst|state.IDLE  ; uart_controller:uart_ctrl_inst|baud_rate_gen:brg_inst|ov_tick ; uart_controller:uart_ctrl_inst|baud_rate_gen:brg_inst|ov_tick ; 1.000        ; 0.002      ; 1.396      ;
; -0.348 ; uart_controller:uart_ctrl_inst|uart_rx:rx_inst|tick_cnt[1] ; uart_controller:uart_ctrl_inst|uart_rx:rx_inst|state.DATA  ; uart_controller:uart_ctrl_inst|baud_rate_gen:brg_inst|ov_tick ; uart_controller:uart_ctrl_inst|baud_rate_gen:brg_inst|ov_tick ; 1.000        ; 0.002      ; 1.382      ;
; -0.348 ; uart_controller:uart_ctrl_inst|uart_rx:rx_inst|tick_cnt[1] ; uart_controller:uart_ctrl_inst|uart_rx:rx_inst|state.IDLE  ; uart_controller:uart_ctrl_inst|baud_rate_gen:brg_inst|ov_tick ; uart_controller:uart_ctrl_inst|baud_rate_gen:brg_inst|ov_tick ; 1.000        ; 0.002      ; 1.382      ;
; -0.338 ; uart_controller:uart_ctrl_inst|uart_rx:rx_inst|bit_cnt[1]  ; uart_controller:uart_ctrl_inst|uart_rx:rx_inst|state.DATA  ; uart_controller:uart_ctrl_inst|baud_rate_gen:brg_inst|ov_tick ; uart_controller:uart_ctrl_inst|baud_rate_gen:brg_inst|ov_tick ; 1.000        ; 0.002      ; 1.372      ;
; -0.338 ; uart_controller:uart_ctrl_inst|uart_rx:rx_inst|bit_cnt[1]  ; uart_controller:uart_ctrl_inst|uart_rx:rx_inst|state.IDLE  ; uart_controller:uart_ctrl_inst|baud_rate_gen:brg_inst|ov_tick ; uart_controller:uart_ctrl_inst|baud_rate_gen:brg_inst|ov_tick ; 1.000        ; 0.002      ; 1.372      ;
; -0.320 ; uart_controller:uart_ctrl_inst|uart_rx:rx_inst|tick_cnt[0] ; uart_controller:uart_ctrl_inst|uart_rx:rx_inst|rx_reg[7]   ; uart_controller:uart_ctrl_inst|baud_rate_gen:brg_inst|ov_tick ; uart_controller:uart_ctrl_inst|baud_rate_gen:brg_inst|ov_tick ; 1.000        ; -0.002     ; 1.350      ;
; -0.320 ; uart_controller:uart_ctrl_inst|uart_rx:rx_inst|tick_cnt[0] ; uart_controller:uart_ctrl_inst|uart_rx:rx_inst|rx_reg[6]   ; uart_controller:uart_ctrl_inst|baud_rate_gen:brg_inst|ov_tick ; uart_controller:uart_ctrl_inst|baud_rate_gen:brg_inst|ov_tick ; 1.000        ; -0.002     ; 1.350      ;
; -0.320 ; uart_controller:uart_ctrl_inst|uart_rx:rx_inst|tick_cnt[0] ; uart_controller:uart_ctrl_inst|uart_rx:rx_inst|rx_reg[5]   ; uart_controller:uart_ctrl_inst|baud_rate_gen:brg_inst|ov_tick ; uart_controller:uart_ctrl_inst|baud_rate_gen:brg_inst|ov_tick ; 1.000        ; -0.002     ; 1.350      ;
; -0.320 ; uart_controller:uart_ctrl_inst|uart_rx:rx_inst|tick_cnt[0] ; uart_controller:uart_ctrl_inst|uart_rx:rx_inst|rx_reg[4]   ; uart_controller:uart_ctrl_inst|baud_rate_gen:brg_inst|ov_tick ; uart_controller:uart_ctrl_inst|baud_rate_gen:brg_inst|ov_tick ; 1.000        ; -0.002     ; 1.350      ;
; -0.320 ; uart_controller:uart_ctrl_inst|uart_rx:rx_inst|tick_cnt[0] ; uart_controller:uart_ctrl_inst|uart_rx:rx_inst|rx_reg[3]   ; uart_controller:uart_ctrl_inst|baud_rate_gen:brg_inst|ov_tick ; uart_controller:uart_ctrl_inst|baud_rate_gen:brg_inst|ov_tick ; 1.000        ; -0.002     ; 1.350      ;
; -0.320 ; uart_controller:uart_ctrl_inst|uart_rx:rx_inst|tick_cnt[0] ; uart_controller:uart_ctrl_inst|uart_rx:rx_inst|rx_reg[2]   ; uart_controller:uart_ctrl_inst|baud_rate_gen:brg_inst|ov_tick ; uart_controller:uart_ctrl_inst|baud_rate_gen:brg_inst|ov_tick ; 1.000        ; -0.002     ; 1.350      ;
; -0.320 ; uart_controller:uart_ctrl_inst|uart_rx:rx_inst|tick_cnt[0] ; uart_controller:uart_ctrl_inst|uart_rx:rx_inst|rx_reg[1]   ; uart_controller:uart_ctrl_inst|baud_rate_gen:brg_inst|ov_tick ; uart_controller:uart_ctrl_inst|baud_rate_gen:brg_inst|ov_tick ; 1.000        ; -0.002     ; 1.350      ;
; -0.320 ; uart_controller:uart_ctrl_inst|uart_rx:rx_inst|tick_cnt[0] ; uart_controller:uart_ctrl_inst|uart_rx:rx_inst|rx_reg[0]   ; uart_controller:uart_ctrl_inst|baud_rate_gen:brg_inst|ov_tick ; uart_controller:uart_ctrl_inst|baud_rate_gen:brg_inst|ov_tick ; 1.000        ; -0.002     ; 1.350      ;
; -0.312 ; uart_controller:uart_ctrl_inst|uart_rx:rx_inst|bit_cnt[0]  ; uart_controller:uart_ctrl_inst|uart_rx:rx_inst|state.DATA  ; uart_controller:uart_ctrl_inst|baud_rate_gen:brg_inst|ov_tick ; uart_controller:uart_ctrl_inst|baud_rate_gen:brg_inst|ov_tick ; 1.000        ; 0.002      ; 1.346      ;
; -0.312 ; uart_controller:uart_ctrl_inst|uart_rx:rx_inst|bit_cnt[0]  ; uart_controller:uart_ctrl_inst|uart_rx:rx_inst|state.IDLE  ; uart_controller:uart_ctrl_inst|baud_rate_gen:brg_inst|ov_tick ; uart_controller:uart_ctrl_inst|baud_rate_gen:brg_inst|ov_tick ; 1.000        ; 0.002      ; 1.346      ;
; -0.312 ; uart_controller:uart_ctrl_inst|uart_rx:rx_inst|tick_cnt[2] ; uart_controller:uart_ctrl_inst|uart_rx:rx_inst|rx_reg[7]   ; uart_controller:uart_ctrl_inst|baud_rate_gen:brg_inst|ov_tick ; uart_controller:uart_ctrl_inst|baud_rate_gen:brg_inst|ov_tick ; 1.000        ; -0.002     ; 1.342      ;
; -0.312 ; uart_controller:uart_ctrl_inst|uart_rx:rx_inst|tick_cnt[2] ; uart_controller:uart_ctrl_inst|uart_rx:rx_inst|rx_reg[6]   ; uart_controller:uart_ctrl_inst|baud_rate_gen:brg_inst|ov_tick ; uart_controller:uart_ctrl_inst|baud_rate_gen:brg_inst|ov_tick ; 1.000        ; -0.002     ; 1.342      ;
; -0.312 ; uart_controller:uart_ctrl_inst|uart_rx:rx_inst|tick_cnt[2] ; uart_controller:uart_ctrl_inst|uart_rx:rx_inst|rx_reg[5]   ; uart_controller:uart_ctrl_inst|baud_rate_gen:brg_inst|ov_tick ; uart_controller:uart_ctrl_inst|baud_rate_gen:brg_inst|ov_tick ; 1.000        ; -0.002     ; 1.342      ;
; -0.312 ; uart_controller:uart_ctrl_inst|uart_rx:rx_inst|tick_cnt[2] ; uart_controller:uart_ctrl_inst|uart_rx:rx_inst|rx_reg[4]   ; uart_controller:uart_ctrl_inst|baud_rate_gen:brg_inst|ov_tick ; uart_controller:uart_ctrl_inst|baud_rate_gen:brg_inst|ov_tick ; 1.000        ; -0.002     ; 1.342      ;
; -0.312 ; uart_controller:uart_ctrl_inst|uart_rx:rx_inst|tick_cnt[2] ; uart_controller:uart_ctrl_inst|uart_rx:rx_inst|rx_reg[3]   ; uart_controller:uart_ctrl_inst|baud_rate_gen:brg_inst|ov_tick ; uart_controller:uart_ctrl_inst|baud_rate_gen:brg_inst|ov_tick ; 1.000        ; -0.002     ; 1.342      ;
; -0.312 ; uart_controller:uart_ctrl_inst|uart_rx:rx_inst|tick_cnt[2] ; uart_controller:uart_ctrl_inst|uart_rx:rx_inst|rx_reg[2]   ; uart_controller:uart_ctrl_inst|baud_rate_gen:brg_inst|ov_tick ; uart_controller:uart_ctrl_inst|baud_rate_gen:brg_inst|ov_tick ; 1.000        ; -0.002     ; 1.342      ;
; -0.312 ; uart_controller:uart_ctrl_inst|uart_rx:rx_inst|tick_cnt[2] ; uart_controller:uart_ctrl_inst|uart_rx:rx_inst|rx_reg[1]   ; uart_controller:uart_ctrl_inst|baud_rate_gen:brg_inst|ov_tick ; uart_controller:uart_ctrl_inst|baud_rate_gen:brg_inst|ov_tick ; 1.000        ; -0.002     ; 1.342      ;
; -0.312 ; uart_controller:uart_ctrl_inst|uart_rx:rx_inst|tick_cnt[2] ; uart_controller:uart_ctrl_inst|uart_rx:rx_inst|rx_reg[0]   ; uart_controller:uart_ctrl_inst|baud_rate_gen:brg_inst|ov_tick ; uart_controller:uart_ctrl_inst|baud_rate_gen:brg_inst|ov_tick ; 1.000        ; -0.002     ; 1.342      ;
; -0.310 ; uart_controller:uart_ctrl_inst|uart_rx:rx_inst|tick_cnt[2] ; uart_controller:uart_ctrl_inst|uart_rx:rx_inst|data_out[1] ; uart_controller:uart_ctrl_inst|baud_rate_gen:brg_inst|ov_tick ; uart_controller:uart_ctrl_inst|baud_rate_gen:brg_inst|ov_tick ; 1.000        ; 0.007      ; 1.349      ;
; -0.310 ; uart_controller:uart_ctrl_inst|uart_rx:rx_inst|tick_cnt[2] ; uart_controller:uart_ctrl_inst|uart_rx:rx_inst|data_out[4] ; uart_controller:uart_ctrl_inst|baud_rate_gen:brg_inst|ov_tick ; uart_controller:uart_ctrl_inst|baud_rate_gen:brg_inst|ov_tick ; 1.000        ; 0.007      ; 1.349      ;
; -0.310 ; uart_controller:uart_ctrl_inst|uart_rx:rx_inst|tick_cnt[2] ; uart_controller:uart_ctrl_inst|uart_rx:rx_inst|data_out[2] ; uart_controller:uart_ctrl_inst|baud_rate_gen:brg_inst|ov_tick ; uart_controller:uart_ctrl_inst|baud_rate_gen:brg_inst|ov_tick ; 1.000        ; 0.007      ; 1.349      ;
; -0.310 ; uart_controller:uart_ctrl_inst|uart_rx:rx_inst|tick_cnt[2] ; uart_controller:uart_ctrl_inst|uart_rx:rx_inst|data_out[3] ; uart_controller:uart_ctrl_inst|baud_rate_gen:brg_inst|ov_tick ; uart_controller:uart_ctrl_inst|baud_rate_gen:brg_inst|ov_tick ; 1.000        ; 0.007      ; 1.349      ;
; -0.310 ; uart_controller:uart_ctrl_inst|uart_rx:rx_inst|tick_cnt[2] ; uart_controller:uart_ctrl_inst|uart_rx:rx_inst|data_out[6] ; uart_controller:uart_ctrl_inst|baud_rate_gen:brg_inst|ov_tick ; uart_controller:uart_ctrl_inst|baud_rate_gen:brg_inst|ov_tick ; 1.000        ; 0.007      ; 1.349      ;
; -0.310 ; uart_controller:uart_ctrl_inst|uart_rx:rx_inst|tick_cnt[2] ; uart_controller:uart_ctrl_inst|uart_rx:rx_inst|data_out[7] ; uart_controller:uart_ctrl_inst|baud_rate_gen:brg_inst|ov_tick ; uart_controller:uart_ctrl_inst|baud_rate_gen:brg_inst|ov_tick ; 1.000        ; 0.007      ; 1.349      ;
; -0.310 ; uart_controller:uart_ctrl_inst|uart_rx:rx_inst|tick_cnt[2] ; uart_controller:uart_ctrl_inst|uart_rx:rx_inst|data_out[5] ; uart_controller:uart_ctrl_inst|baud_rate_gen:brg_inst|ov_tick ; uart_controller:uart_ctrl_inst|baud_rate_gen:brg_inst|ov_tick ; 1.000        ; 0.007      ; 1.349      ;
; -0.310 ; uart_controller:uart_ctrl_inst|uart_rx:rx_inst|tick_cnt[2] ; uart_controller:uart_ctrl_inst|uart_rx:rx_inst|data_out[0] ; uart_controller:uart_ctrl_inst|baud_rate_gen:brg_inst|ov_tick ; uart_controller:uart_ctrl_inst|baud_rate_gen:brg_inst|ov_tick ; 1.000        ; 0.007      ; 1.349      ;
; -0.309 ; uart_controller:uart_ctrl_inst|uart_rx:rx_inst|bit_cnt[0]  ; uart_controller:uart_ctrl_inst|uart_rx:rx_inst|state.START ; uart_controller:uart_ctrl_inst|baud_rate_gen:brg_inst|ov_tick ; uart_controller:uart_ctrl_inst|baud_rate_gen:brg_inst|ov_tick ; 1.000        ; 0.002      ; 1.343      ;
; -0.309 ; uart_controller:uart_ctrl_inst|uart_rx:rx_inst|bit_cnt[0]  ; uart_controller:uart_ctrl_inst|uart_rx:rx_inst|state.STOP  ; uart_controller:uart_ctrl_inst|baud_rate_gen:brg_inst|ov_tick ; uart_controller:uart_ctrl_inst|baud_rate_gen:brg_inst|ov_tick ; 1.000        ; 0.002      ; 1.343      ;
; -0.308 ; uart_controller:uart_ctrl_inst|uart_rx:rx_inst|tick_cnt[2] ; uart_controller:uart_ctrl_inst|uart_rx:rx_inst|state.DATA  ; uart_controller:uart_ctrl_inst|baud_rate_gen:brg_inst|ov_tick ; uart_controller:uart_ctrl_inst|baud_rate_gen:brg_inst|ov_tick ; 1.000        ; 0.002      ; 1.342      ;
; -0.308 ; uart_controller:uart_ctrl_inst|uart_rx:rx_inst|tick_cnt[2] ; uart_controller:uart_ctrl_inst|uart_rx:rx_inst|state.IDLE  ; uart_controller:uart_ctrl_inst|baud_rate_gen:brg_inst|ov_tick ; uart_controller:uart_ctrl_inst|baud_rate_gen:brg_inst|ov_tick ; 1.000        ; 0.002      ; 1.342      ;
; -0.295 ; uart_controller:uart_ctrl_inst|uart_rx:rx_inst|state.DATA  ; uart_controller:uart_ctrl_inst|uart_rx:rx_inst|rx_reg[7]   ; uart_controller:uart_ctrl_inst|baud_rate_gen:brg_inst|ov_tick ; uart_controller:uart_ctrl_inst|baud_rate_gen:brg_inst|ov_tick ; 1.000        ; -0.004     ; 1.323      ;
; -0.295 ; uart_controller:uart_ctrl_inst|uart_rx:rx_inst|state.DATA  ; uart_controller:uart_ctrl_inst|uart_rx:rx_inst|rx_reg[6]   ; uart_controller:uart_ctrl_inst|baud_rate_gen:brg_inst|ov_tick ; uart_controller:uart_ctrl_inst|baud_rate_gen:brg_inst|ov_tick ; 1.000        ; -0.004     ; 1.323      ;
; -0.295 ; uart_controller:uart_ctrl_inst|uart_rx:rx_inst|state.DATA  ; uart_controller:uart_ctrl_inst|uart_rx:rx_inst|rx_reg[5]   ; uart_controller:uart_ctrl_inst|baud_rate_gen:brg_inst|ov_tick ; uart_controller:uart_ctrl_inst|baud_rate_gen:brg_inst|ov_tick ; 1.000        ; -0.004     ; 1.323      ;
; -0.295 ; uart_controller:uart_ctrl_inst|uart_rx:rx_inst|state.DATA  ; uart_controller:uart_ctrl_inst|uart_rx:rx_inst|rx_reg[4]   ; uart_controller:uart_ctrl_inst|baud_rate_gen:brg_inst|ov_tick ; uart_controller:uart_ctrl_inst|baud_rate_gen:brg_inst|ov_tick ; 1.000        ; -0.004     ; 1.323      ;
; -0.295 ; uart_controller:uart_ctrl_inst|uart_rx:rx_inst|state.DATA  ; uart_controller:uart_ctrl_inst|uart_rx:rx_inst|rx_reg[3]   ; uart_controller:uart_ctrl_inst|baud_rate_gen:brg_inst|ov_tick ; uart_controller:uart_ctrl_inst|baud_rate_gen:brg_inst|ov_tick ; 1.000        ; -0.004     ; 1.323      ;
; -0.295 ; uart_controller:uart_ctrl_inst|uart_rx:rx_inst|state.DATA  ; uart_controller:uart_ctrl_inst|uart_rx:rx_inst|rx_reg[2]   ; uart_controller:uart_ctrl_inst|baud_rate_gen:brg_inst|ov_tick ; uart_controller:uart_ctrl_inst|baud_rate_gen:brg_inst|ov_tick ; 1.000        ; -0.004     ; 1.323      ;
; -0.295 ; uart_controller:uart_ctrl_inst|uart_rx:rx_inst|state.DATA  ; uart_controller:uart_ctrl_inst|uart_rx:rx_inst|rx_reg[1]   ; uart_controller:uart_ctrl_inst|baud_rate_gen:brg_inst|ov_tick ; uart_controller:uart_ctrl_inst|baud_rate_gen:brg_inst|ov_tick ; 1.000        ; -0.004     ; 1.323      ;
; -0.295 ; uart_controller:uart_ctrl_inst|uart_rx:rx_inst|state.DATA  ; uart_controller:uart_ctrl_inst|uart_rx:rx_inst|rx_reg[0]   ; uart_controller:uart_ctrl_inst|baud_rate_gen:brg_inst|ov_tick ; uart_controller:uart_ctrl_inst|baud_rate_gen:brg_inst|ov_tick ; 1.000        ; -0.004     ; 1.323      ;
; -0.273 ; uart_controller:uart_ctrl_inst|uart_rx:rx_inst|bit_cnt[2]  ; uart_controller:uart_ctrl_inst|uart_rx:rx_inst|state.DATA  ; uart_controller:uart_ctrl_inst|baud_rate_gen:brg_inst|ov_tick ; uart_controller:uart_ctrl_inst|baud_rate_gen:brg_inst|ov_tick ; 1.000        ; 0.002      ; 1.307      ;
; -0.273 ; uart_controller:uart_ctrl_inst|uart_rx:rx_inst|bit_cnt[2]  ; uart_controller:uart_ctrl_inst|uart_rx:rx_inst|state.IDLE  ; uart_controller:uart_ctrl_inst|baud_rate_gen:brg_inst|ov_tick ; uart_controller:uart_ctrl_inst|baud_rate_gen:brg_inst|ov_tick ; 1.000        ; 0.002      ; 1.307      ;
; -0.270 ; uart_controller:uart_ctrl_inst|uart_rx:rx_inst|bit_cnt[2]  ; uart_controller:uart_ctrl_inst|uart_rx:rx_inst|state.START ; uart_controller:uart_ctrl_inst|baud_rate_gen:brg_inst|ov_tick ; uart_controller:uart_ctrl_inst|baud_rate_gen:brg_inst|ov_tick ; 1.000        ; 0.002      ; 1.304      ;
; -0.270 ; uart_controller:uart_ctrl_inst|uart_rx:rx_inst|bit_cnt[2]  ; uart_controller:uart_ctrl_inst|uart_rx:rx_inst|state.STOP  ; uart_controller:uart_ctrl_inst|baud_rate_gen:brg_inst|ov_tick ; uart_controller:uart_ctrl_inst|baud_rate_gen:brg_inst|ov_tick ; 1.000        ; 0.002      ; 1.304      ;
; -0.262 ; uart_rx_packet_new:packet_inst|rx_clear                    ; uart_controller:uart_ctrl_inst|uart_rx:rx_inst|samples[0]  ; CLOCK_50                                                      ; uart_controller:uart_ctrl_inst|baud_rate_gen:brg_inst|ov_tick ; 1.000        ; -0.279     ; 1.015      ;
; -0.259 ; uart_controller:uart_ctrl_inst|uart_rx:rx_inst|tick_cnt[1] ; uart_controller:uart_ctrl_inst|uart_rx:rx_inst|data_out[1] ; uart_controller:uart_ctrl_inst|baud_rate_gen:brg_inst|ov_tick ; uart_controller:uart_ctrl_inst|baud_rate_gen:brg_inst|ov_tick ; 1.000        ; 0.007      ; 1.298      ;
; -0.259 ; uart_controller:uart_ctrl_inst|uart_rx:rx_inst|tick_cnt[1] ; uart_controller:uart_ctrl_inst|uart_rx:rx_inst|data_out[4] ; uart_controller:uart_ctrl_inst|baud_rate_gen:brg_inst|ov_tick ; uart_controller:uart_ctrl_inst|baud_rate_gen:brg_inst|ov_tick ; 1.000        ; 0.007      ; 1.298      ;
; -0.259 ; uart_controller:uart_ctrl_inst|uart_rx:rx_inst|tick_cnt[1] ; uart_controller:uart_ctrl_inst|uart_rx:rx_inst|data_out[2] ; uart_controller:uart_ctrl_inst|baud_rate_gen:brg_inst|ov_tick ; uart_controller:uart_ctrl_inst|baud_rate_gen:brg_inst|ov_tick ; 1.000        ; 0.007      ; 1.298      ;
; -0.259 ; uart_controller:uart_ctrl_inst|uart_rx:rx_inst|tick_cnt[1] ; uart_controller:uart_ctrl_inst|uart_rx:rx_inst|data_out[3] ; uart_controller:uart_ctrl_inst|baud_rate_gen:brg_inst|ov_tick ; uart_controller:uart_ctrl_inst|baud_rate_gen:brg_inst|ov_tick ; 1.000        ; 0.007      ; 1.298      ;
; -0.259 ; uart_controller:uart_ctrl_inst|uart_rx:rx_inst|tick_cnt[1] ; uart_controller:uart_ctrl_inst|uart_rx:rx_inst|data_out[6] ; uart_controller:uart_ctrl_inst|baud_rate_gen:brg_inst|ov_tick ; uart_controller:uart_ctrl_inst|baud_rate_gen:brg_inst|ov_tick ; 1.000        ; 0.007      ; 1.298      ;
; -0.259 ; uart_controller:uart_ctrl_inst|uart_rx:rx_inst|tick_cnt[1] ; uart_controller:uart_ctrl_inst|uart_rx:rx_inst|data_out[7] ; uart_controller:uart_ctrl_inst|baud_rate_gen:brg_inst|ov_tick ; uart_controller:uart_ctrl_inst|baud_rate_gen:brg_inst|ov_tick ; 1.000        ; 0.007      ; 1.298      ;
; -0.259 ; uart_controller:uart_ctrl_inst|uart_rx:rx_inst|tick_cnt[1] ; uart_controller:uart_ctrl_inst|uart_rx:rx_inst|data_out[5] ; uart_controller:uart_ctrl_inst|baud_rate_gen:brg_inst|ov_tick ; uart_controller:uart_ctrl_inst|baud_rate_gen:brg_inst|ov_tick ; 1.000        ; 0.007      ; 1.298      ;
; -0.259 ; uart_controller:uart_ctrl_inst|uart_rx:rx_inst|tick_cnt[1] ; uart_controller:uart_ctrl_inst|uart_rx:rx_inst|data_out[0] ; uart_controller:uart_ctrl_inst|baud_rate_gen:brg_inst|ov_tick ; uart_controller:uart_ctrl_inst|baud_rate_gen:brg_inst|ov_tick ; 1.000        ; 0.007      ; 1.298      ;
; -0.255 ; uart_controller:uart_ctrl_inst|uart_rx:rx_inst|tick_cnt[1] ; uart_controller:uart_ctrl_inst|uart_rx:rx_inst|rx_reg[7]   ; uart_controller:uart_ctrl_inst|baud_rate_gen:brg_inst|ov_tick ; uart_controller:uart_ctrl_inst|baud_rate_gen:brg_inst|ov_tick ; 1.000        ; -0.002     ; 1.285      ;
; -0.255 ; uart_controller:uart_ctrl_inst|uart_rx:rx_inst|tick_cnt[1] ; uart_controller:uart_ctrl_inst|uart_rx:rx_inst|rx_reg[6]   ; uart_controller:uart_ctrl_inst|baud_rate_gen:brg_inst|ov_tick ; uart_controller:uart_ctrl_inst|baud_rate_gen:brg_inst|ov_tick ; 1.000        ; -0.002     ; 1.285      ;
; -0.255 ; uart_controller:uart_ctrl_inst|uart_rx:rx_inst|tick_cnt[1] ; uart_controller:uart_ctrl_inst|uart_rx:rx_inst|rx_reg[5]   ; uart_controller:uart_ctrl_inst|baud_rate_gen:brg_inst|ov_tick ; uart_controller:uart_ctrl_inst|baud_rate_gen:brg_inst|ov_tick ; 1.000        ; -0.002     ; 1.285      ;
; -0.255 ; uart_controller:uart_ctrl_inst|uart_rx:rx_inst|tick_cnt[1] ; uart_controller:uart_ctrl_inst|uart_rx:rx_inst|rx_reg[4]   ; uart_controller:uart_ctrl_inst|baud_rate_gen:brg_inst|ov_tick ; uart_controller:uart_ctrl_inst|baud_rate_gen:brg_inst|ov_tick ; 1.000        ; -0.002     ; 1.285      ;
; -0.255 ; uart_controller:uart_ctrl_inst|uart_rx:rx_inst|tick_cnt[1] ; uart_controller:uart_ctrl_inst|uart_rx:rx_inst|rx_reg[3]   ; uart_controller:uart_ctrl_inst|baud_rate_gen:brg_inst|ov_tick ; uart_controller:uart_ctrl_inst|baud_rate_gen:brg_inst|ov_tick ; 1.000        ; -0.002     ; 1.285      ;
; -0.255 ; uart_controller:uart_ctrl_inst|uart_rx:rx_inst|tick_cnt[1] ; uart_controller:uart_ctrl_inst|uart_rx:rx_inst|rx_reg[2]   ; uart_controller:uart_ctrl_inst|baud_rate_gen:brg_inst|ov_tick ; uart_controller:uart_ctrl_inst|baud_rate_gen:brg_inst|ov_tick ; 1.000        ; -0.002     ; 1.285      ;
; -0.255 ; uart_controller:uart_ctrl_inst|uart_rx:rx_inst|tick_cnt[1] ; uart_controller:uart_ctrl_inst|uart_rx:rx_inst|rx_reg[1]   ; uart_controller:uart_ctrl_inst|baud_rate_gen:brg_inst|ov_tick ; uart_controller:uart_ctrl_inst|baud_rate_gen:brg_inst|ov_tick ; 1.000        ; -0.002     ; 1.285      ;
; -0.255 ; uart_controller:uart_ctrl_inst|uart_rx:rx_inst|tick_cnt[1] ; uart_controller:uart_ctrl_inst|uart_rx:rx_inst|rx_reg[0]   ; uart_controller:uart_ctrl_inst|baud_rate_gen:brg_inst|ov_tick ; uart_controller:uart_ctrl_inst|baud_rate_gen:brg_inst|ov_tick ; 1.000        ; -0.002     ; 1.285      ;
; -0.235 ; uart_rx_packet_new:packet_inst|rx_clear                    ; uart_controller:uart_ctrl_inst|uart_rx:rx_inst|tick_cnt[1] ; CLOCK_50                                                      ; uart_controller:uart_ctrl_inst|baud_rate_gen:brg_inst|ov_tick ; 1.000        ; -0.277     ; 0.990      ;
; -0.235 ; uart_rx_packet_new:packet_inst|rx_clear                    ; uart_controller:uart_ctrl_inst|uart_rx:rx_inst|bit_cnt[0]  ; CLOCK_50                                                      ; uart_controller:uart_ctrl_inst|baud_rate_gen:brg_inst|ov_tick ; 1.000        ; -0.277     ; 0.990      ;
; -0.235 ; uart_rx_packet_new:packet_inst|rx_clear                    ; uart_controller:uart_ctrl_inst|uart_rx:rx_inst|bit_cnt[1]  ; CLOCK_50                                                      ; uart_controller:uart_ctrl_inst|baud_rate_gen:brg_inst|ov_tick ; 1.000        ; -0.277     ; 0.990      ;
; -0.235 ; uart_rx_packet_new:packet_inst|rx_clear                    ; uart_controller:uart_ctrl_inst|uart_rx:rx_inst|bit_cnt[2]  ; CLOCK_50                                                      ; uart_controller:uart_ctrl_inst|baud_rate_gen:brg_inst|ov_tick ; 1.000        ; -0.277     ; 0.990      ;
; -0.235 ; uart_rx_packet_new:packet_inst|rx_clear                    ; uart_controller:uart_ctrl_inst|uart_rx:rx_inst|tick_cnt[2] ; CLOCK_50                                                      ; uart_controller:uart_ctrl_inst|baud_rate_gen:brg_inst|ov_tick ; 1.000        ; -0.277     ; 0.990      ;
; -0.235 ; uart_rx_packet_new:packet_inst|rx_clear                    ; uart_controller:uart_ctrl_inst|uart_rx:rx_inst|tick_cnt[0] ; CLOCK_50                                                      ; uart_controller:uart_ctrl_inst|baud_rate_gen:brg_inst|ov_tick ; 1.000        ; -0.277     ; 0.990      ;
; -0.194 ; uart_rx_packet_new:packet_inst|rx_clear                    ; uart_controller:uart_ctrl_inst|uart_rx:rx_inst|data_out[1] ; CLOCK_50                                                      ; uart_controller:uart_ctrl_inst|baud_rate_gen:brg_inst|ov_tick ; 1.000        ; -0.270     ; 0.956      ;
+--------+------------------------------------------------------------+------------------------------------------------------------+---------------------------------------------------------------+---------------------------------------------------------------+--------------+------------+------------+


+---------------------------------------------------------------------------------------------------------------------------------------------------------------------------------------------------------------------------------------------------------------------------------------------------------------+
; Fast Model Setup: 'uart_controller:uart_ctrl_inst|baud_rate_gen:brg_inst|uart_tick'                                                                                                                                                                                                                           ;
+--------+------------------------------------------------------------+------------------------------------------------------------+-----------------------------------------------------------------+-----------------------------------------------------------------+--------------+------------+------------+
; Slack  ; From Node                                                  ; To Node                                                    ; Launch Clock                                                    ; Latch Clock                                                     ; Relationship ; Clock Skew ; Data Delay ;
+--------+------------------------------------------------------------+------------------------------------------------------------+-----------------------------------------------------------------+-----------------------------------------------------------------+--------------+------------+------------+
; -0.006 ; uart_controller:uart_ctrl_inst|uart_tx:tx_inst|state.IDLE  ; uart_controller:uart_ctrl_inst|uart_tx:tx_inst|tx_reg[1]   ; uart_controller:uart_ctrl_inst|baud_rate_gen:brg_inst|uart_tick ; uart_controller:uart_ctrl_inst|baud_rate_gen:brg_inst|uart_tick ; 1.000        ; 0.000      ; 1.038      ;
; -0.006 ; uart_controller:uart_ctrl_inst|uart_tx:tx_inst|state.IDLE  ; uart_controller:uart_ctrl_inst|uart_tx:tx_inst|tx_reg[0]   ; uart_controller:uart_ctrl_inst|baud_rate_gen:brg_inst|uart_tick ; uart_controller:uart_ctrl_inst|baud_rate_gen:brg_inst|uart_tick ; 1.000        ; 0.000      ; 1.038      ;
; -0.005 ; uart_rx_packet_new:packet_inst|LEDR[15]                    ; uart_controller:uart_ctrl_inst|uart_tx:tx_inst|state.DATA  ; CLOCK_50                                                        ; uart_controller:uart_ctrl_inst|baud_rate_gen:brg_inst|uart_tick ; 1.000        ; -0.272     ; 0.765      ;
; -0.002 ; uart_rx_packet_new:packet_inst|LEDR[15]                    ; uart_controller:uart_ctrl_inst|uart_tx:tx_inst|state.IDLE  ; CLOCK_50                                                        ; uart_controller:uart_ctrl_inst|baud_rate_gen:brg_inst|uart_tick ; 1.000        ; -0.272     ; 0.762      ;
; 0.006  ; uart_controller:uart_ctrl_inst|uart_tx:tx_inst|state.DATA  ; uart_controller:uart_ctrl_inst|uart_tx:tx_inst|state.DATA  ; uart_controller:uart_ctrl_inst|baud_rate_gen:brg_inst|uart_tick ; uart_controller:uart_ctrl_inst|baud_rate_gen:brg_inst|uart_tick ; 1.000        ; 0.000      ; 1.026      ;
; 0.009  ; uart_controller:uart_ctrl_inst|uart_tx:tx_inst|state.DATA  ; uart_controller:uart_ctrl_inst|uart_tx:tx_inst|state.IDLE  ; uart_controller:uart_ctrl_inst|baud_rate_gen:brg_inst|uart_tick ; uart_controller:uart_ctrl_inst|baud_rate_gen:brg_inst|uart_tick ; 1.000        ; 0.000      ; 1.023      ;
; 0.020  ; uart_controller:uart_ctrl_inst|uart_tx:tx_inst|bit_cnt[1]  ; uart_controller:uart_ctrl_inst|uart_tx:tx_inst|state.DATA  ; uart_controller:uart_ctrl_inst|baud_rate_gen:brg_inst|uart_tick ; uart_controller:uart_ctrl_inst|baud_rate_gen:brg_inst|uart_tick ; 1.000        ; 0.000      ; 1.012      ;
; 0.023  ; uart_controller:uart_ctrl_inst|uart_tx:tx_inst|bit_cnt[1]  ; uart_controller:uart_ctrl_inst|uart_tx:tx_inst|state.IDLE  ; uart_controller:uart_ctrl_inst|baud_rate_gen:brg_inst|uart_tick ; uart_controller:uart_ctrl_inst|baud_rate_gen:brg_inst|uart_tick ; 1.000        ; 0.000      ; 1.009      ;
; 0.039  ; uart_rx_packet_new:packet_inst|LEDR[15]                    ; uart_controller:uart_ctrl_inst|uart_tx:tx_inst|state.START ; CLOCK_50                                                        ; uart_controller:uart_ctrl_inst|baud_rate_gen:brg_inst|uart_tick ; 1.000        ; -0.272     ; 0.721      ;
; 0.079  ; uart_rx_packet_new:packet_inst|LEDR[15]                    ; uart_controller:uart_ctrl_inst|uart_tx:tx_inst|tx_start_d  ; CLOCK_50                                                        ; uart_controller:uart_ctrl_inst|baud_rate_gen:brg_inst|uart_tick ; 1.000        ; -0.272     ; 0.681      ;
; 0.089  ; uart_controller:uart_ctrl_inst|uart_tx:tx_inst|state.STOP  ; uart_controller:uart_ctrl_inst|uart_tx:tx_inst|tx_reg[1]   ; uart_controller:uart_ctrl_inst|baud_rate_gen:brg_inst|uart_tick ; uart_controller:uart_ctrl_inst|baud_rate_gen:brg_inst|uart_tick ; 1.000        ; 0.000      ; 0.943      ;
; 0.089  ; uart_controller:uart_ctrl_inst|uart_tx:tx_inst|state.STOP  ; uart_controller:uart_ctrl_inst|uart_tx:tx_inst|tx_reg[0]   ; uart_controller:uart_ctrl_inst|baud_rate_gen:brg_inst|uart_tick ; uart_controller:uart_ctrl_inst|baud_rate_gen:brg_inst|uart_tick ; 1.000        ; 0.000      ; 0.943      ;
; 0.091  ; uart_controller:uart_ctrl_inst|uart_tx:tx_inst|bit_cnt[2]  ; uart_controller:uart_ctrl_inst|uart_tx:tx_inst|state.DATA  ; uart_controller:uart_ctrl_inst|baud_rate_gen:brg_inst|uart_tick ; uart_controller:uart_ctrl_inst|baud_rate_gen:brg_inst|uart_tick ; 1.000        ; 0.000      ; 0.941      ;
; 0.094  ; uart_controller:uart_ctrl_inst|uart_tx:tx_inst|bit_cnt[2]  ; uart_controller:uart_ctrl_inst|uart_tx:tx_inst|state.IDLE  ; uart_controller:uart_ctrl_inst|baud_rate_gen:brg_inst|uart_tick ; uart_controller:uart_ctrl_inst|baud_rate_gen:brg_inst|uart_tick ; 1.000        ; 0.000      ; 0.938      ;
; 0.114  ; uart_controller:uart_ctrl_inst|uart_tx:tx_inst|state.STOP  ; uart_controller:uart_ctrl_inst|uart_tx:tx_inst|state.DATA  ; uart_controller:uart_ctrl_inst|baud_rate_gen:brg_inst|uart_tick ; uart_controller:uart_ctrl_inst|baud_rate_gen:brg_inst|uart_tick ; 1.000        ; 0.000      ; 0.918      ;
; 0.116  ; uart_controller:uart_ctrl_inst|uart_tx:tx_inst|state.IDLE  ; uart_controller:uart_ctrl_inst|uart_tx:tx_inst|tx_reg[4]   ; uart_controller:uart_ctrl_inst|baud_rate_gen:brg_inst|uart_tick ; uart_controller:uart_ctrl_inst|baud_rate_gen:brg_inst|uart_tick ; 1.000        ; 0.000      ; 0.916      ;
; 0.121  ; uart_controller:uart_ctrl_inst|uart_tx:tx_inst|state.START ; uart_controller:uart_ctrl_inst|uart_tx:tx_inst|bit_cnt[1]  ; uart_controller:uart_ctrl_inst|baud_rate_gen:brg_inst|uart_tick ; uart_controller:uart_ctrl_inst|baud_rate_gen:brg_inst|uart_tick ; 1.000        ; 0.000      ; 0.911      ;
; 0.160  ; uart_controller:uart_ctrl_inst|uart_tx:tx_inst|bit_cnt[0]  ; uart_controller:uart_ctrl_inst|uart_tx:tx_inst|state.DATA  ; uart_controller:uart_ctrl_inst|baud_rate_gen:brg_inst|uart_tick ; uart_controller:uart_ctrl_inst|baud_rate_gen:brg_inst|uart_tick ; 1.000        ; 0.000      ; 0.872      ;
; 0.163  ; uart_controller:uart_ctrl_inst|uart_tx:tx_inst|bit_cnt[0]  ; uart_controller:uart_ctrl_inst|uart_tx:tx_inst|state.IDLE  ; uart_controller:uart_ctrl_inst|baud_rate_gen:brg_inst|uart_tick ; uart_controller:uart_ctrl_inst|baud_rate_gen:brg_inst|uart_tick ; 1.000        ; 0.000      ; 0.869      ;
; 0.165  ; uart_controller:uart_ctrl_inst|uart_tx:tx_inst|tx_start_d  ; uart_controller:uart_ctrl_inst|uart_tx:tx_inst|state.DATA  ; uart_controller:uart_ctrl_inst|baud_rate_gen:brg_inst|uart_tick ; uart_controller:uart_ctrl_inst|baud_rate_gen:brg_inst|uart_tick ; 1.000        ; 0.000      ; 0.867      ;
; 0.168  ; uart_controller:uart_ctrl_inst|uart_tx:tx_inst|tx_start_d  ; uart_controller:uart_ctrl_inst|uart_tx:tx_inst|state.IDLE  ; uart_controller:uart_ctrl_inst|baud_rate_gen:brg_inst|uart_tick ; uart_controller:uart_ctrl_inst|baud_rate_gen:brg_inst|uart_tick ; 1.000        ; 0.000      ; 0.864      ;
; 0.179  ; uart_controller:uart_ctrl_inst|uart_tx:tx_inst|state.DATA  ; uart_controller:uart_ctrl_inst|uart_tx:tx_inst|bit_cnt[2]  ; uart_controller:uart_ctrl_inst|baud_rate_gen:brg_inst|uart_tick ; uart_controller:uart_ctrl_inst|baud_rate_gen:brg_inst|uart_tick ; 1.000        ; 0.000      ; 0.853      ;
; 0.211  ; uart_controller:uart_ctrl_inst|uart_tx:tx_inst|state.STOP  ; uart_controller:uart_ctrl_inst|uart_tx:tx_inst|tx_reg[4]   ; uart_controller:uart_ctrl_inst|baud_rate_gen:brg_inst|uart_tick ; uart_controller:uart_ctrl_inst|baud_rate_gen:brg_inst|uart_tick ; 1.000        ; 0.000      ; 0.821      ;
; 0.215  ; uart_controller:uart_ctrl_inst|uart_tx:tx_inst|bit_cnt[2]  ; uart_controller:uart_ctrl_inst|uart_tx:tx_inst|bit_cnt[2]  ; uart_controller:uart_ctrl_inst|baud_rate_gen:brg_inst|uart_tick ; uart_controller:uart_ctrl_inst|baud_rate_gen:brg_inst|uart_tick ; 1.000        ; 0.000      ; 0.817      ;
; 0.219  ; uart_controller:uart_ctrl_inst|uart_tx:tx_inst|bit_cnt[0]  ; uart_controller:uart_ctrl_inst|uart_tx:tx_inst|bit_cnt[2]  ; uart_controller:uart_ctrl_inst|baud_rate_gen:brg_inst|uart_tick ; uart_controller:uart_ctrl_inst|baud_rate_gen:brg_inst|uart_tick ; 1.000        ; 0.000      ; 0.813      ;
; 0.241  ; uart_controller:uart_ctrl_inst|uart_tx:tx_inst|state.STOP  ; uart_controller:uart_ctrl_inst|uart_tx:tx_inst|bit_cnt[1]  ; uart_controller:uart_ctrl_inst|baud_rate_gen:brg_inst|uart_tick ; uart_controller:uart_ctrl_inst|baud_rate_gen:brg_inst|uart_tick ; 1.000        ; 0.000      ; 0.791      ;
; 0.245  ; uart_controller:uart_ctrl_inst|uart_tx:tx_inst|state.IDLE  ; uart_controller:uart_ctrl_inst|uart_tx:tx_inst|tx_reg[2]   ; uart_controller:uart_ctrl_inst|baud_rate_gen:brg_inst|uart_tick ; uart_controller:uart_ctrl_inst|baud_rate_gen:brg_inst|uart_tick ; 1.000        ; 0.000      ; 0.787      ;
; 0.247  ; uart_controller:uart_ctrl_inst|uart_tx:tx_inst|state.IDLE  ; uart_controller:uart_ctrl_inst|uart_tx:tx_inst|tx_reg[3]   ; uart_controller:uart_ctrl_inst|baud_rate_gen:brg_inst|uart_tick ; uart_controller:uart_ctrl_inst|baud_rate_gen:brg_inst|uart_tick ; 1.000        ; 0.000      ; 0.785      ;
; 0.250  ; uart_controller:uart_ctrl_inst|uart_tx:tx_inst|state.START ; uart_controller:uart_ctrl_inst|uart_tx:tx_inst|state.DATA  ; uart_controller:uart_ctrl_inst|baud_rate_gen:brg_inst|uart_tick ; uart_controller:uart_ctrl_inst|baud_rate_gen:brg_inst|uart_tick ; 1.000        ; 0.000      ; 0.782      ;
; 0.253  ; uart_controller:uart_ctrl_inst|uart_tx:tx_inst|state.START ; uart_controller:uart_ctrl_inst|uart_tx:tx_inst|state.IDLE  ; uart_controller:uart_ctrl_inst|baud_rate_gen:brg_inst|uart_tick ; uart_controller:uart_ctrl_inst|baud_rate_gen:brg_inst|uart_tick ; 1.000        ; 0.000      ; 0.779      ;
; 0.273  ; uart_rx_packet_new:packet_inst|tx_data[0]                  ; uart_controller:uart_ctrl_inst|uart_tx:tx_inst|tx_reg[4]   ; CLOCK_50                                                        ; uart_controller:uart_ctrl_inst|baud_rate_gen:brg_inst|uart_tick ; 1.000        ; -0.272     ; 0.487      ;
; 0.302  ; uart_rx_packet_new:packet_inst|tx_data[0]                  ; uart_controller:uart_ctrl_inst|uart_tx:tx_inst|tx_reg[0]   ; CLOCK_50                                                        ; uart_controller:uart_ctrl_inst|baud_rate_gen:brg_inst|uart_tick ; 1.000        ; -0.272     ; 0.458      ;
; 0.310  ; uart_controller:uart_ctrl_inst|uart_tx:tx_inst|state.STOP  ; uart_controller:uart_ctrl_inst|uart_tx:tx_inst|state.IDLE  ; uart_controller:uart_ctrl_inst|baud_rate_gen:brg_inst|uart_tick ; uart_controller:uart_ctrl_inst|baud_rate_gen:brg_inst|uart_tick ; 1.000        ; 0.000      ; 0.722      ;
; 0.318  ; uart_controller:uart_ctrl_inst|uart_tx:tx_inst|bit_cnt[1]  ; uart_controller:uart_ctrl_inst|uart_tx:tx_inst|bit_cnt[2]  ; uart_controller:uart_ctrl_inst|baud_rate_gen:brg_inst|uart_tick ; uart_controller:uart_ctrl_inst|baud_rate_gen:brg_inst|uart_tick ; 1.000        ; 0.000      ; 0.714      ;
; 0.322  ; uart_controller:uart_ctrl_inst|uart_tx:tx_inst|tx_reg[4]   ; uart_controller:uart_ctrl_inst|uart_tx:tx_inst|tx_reg[3]   ; uart_controller:uart_ctrl_inst|baud_rate_gen:brg_inst|uart_tick ; uart_controller:uart_ctrl_inst|baud_rate_gen:brg_inst|uart_tick ; 1.000        ; 0.000      ; 0.710      ;
; 0.340  ; uart_controller:uart_ctrl_inst|uart_tx:tx_inst|state.STOP  ; uart_controller:uart_ctrl_inst|uart_tx:tx_inst|tx_reg[2]   ; uart_controller:uart_ctrl_inst|baud_rate_gen:brg_inst|uart_tick ; uart_controller:uart_ctrl_inst|baud_rate_gen:brg_inst|uart_tick ; 1.000        ; 0.000      ; 0.692      ;
; 0.342  ; uart_controller:uart_ctrl_inst|uart_tx:tx_inst|state.STOP  ; uart_controller:uart_ctrl_inst|uart_tx:tx_inst|tx_reg[3]   ; uart_controller:uart_ctrl_inst|baud_rate_gen:brg_inst|uart_tick ; uart_controller:uart_ctrl_inst|baud_rate_gen:brg_inst|uart_tick ; 1.000        ; 0.000      ; 0.690      ;
; 0.370  ; uart_rx_packet_new:packet_inst|tx_data[1]                  ; uart_controller:uart_ctrl_inst|uart_tx:tx_inst|tx_reg[1]   ; CLOCK_50                                                        ; uart_controller:uart_ctrl_inst|baud_rate_gen:brg_inst|uart_tick ; 1.000        ; -0.272     ; 0.390      ;
; 0.413  ; uart_controller:uart_ctrl_inst|uart_tx:tx_inst|tx_reg[0]   ; uart_controller:uart_ctrl_inst|uart_tx:tx_inst|tx          ; uart_controller:uart_ctrl_inst|baud_rate_gen:brg_inst|uart_tick ; uart_controller:uart_ctrl_inst|baud_rate_gen:brg_inst|uart_tick ; 1.000        ; 0.000      ; 0.619      ;
; 0.439  ; uart_controller:uart_ctrl_inst|uart_tx:tx_inst|tx_reg[2]   ; uart_controller:uart_ctrl_inst|uart_tx:tx_inst|tx_reg[1]   ; uart_controller:uart_ctrl_inst|baud_rate_gen:brg_inst|uart_tick ; uart_controller:uart_ctrl_inst|baud_rate_gen:brg_inst|uart_tick ; 1.000        ; 0.000      ; 0.593      ;
; 0.473  ; uart_controller:uart_ctrl_inst|uart_tx:tx_inst|state.DATA  ; uart_controller:uart_ctrl_inst|uart_tx:tx_inst|bit_cnt[1]  ; uart_controller:uart_ctrl_inst|baud_rate_gen:brg_inst|uart_tick ; uart_controller:uart_ctrl_inst|baud_rate_gen:brg_inst|uart_tick ; 1.000        ; 0.000      ; 0.559      ;
; 0.474  ; uart_controller:uart_ctrl_inst|uart_tx:tx_inst|state.DATA  ; uart_controller:uart_ctrl_inst|uart_tx:tx_inst|state.STOP  ; uart_controller:uart_ctrl_inst|baud_rate_gen:brg_inst|uart_tick ; uart_controller:uart_ctrl_inst|baud_rate_gen:brg_inst|uart_tick ; 1.000        ; 0.000      ; 0.558      ;
; 0.478  ; uart_controller:uart_ctrl_inst|uart_tx:tx_inst|state.DATA  ; uart_controller:uart_ctrl_inst|uart_tx:tx_inst|tx_reg[3]   ; uart_controller:uart_ctrl_inst|baud_rate_gen:brg_inst|uart_tick ; uart_controller:uart_ctrl_inst|baud_rate_gen:brg_inst|uart_tick ; 1.000        ; 0.000      ; 0.554      ;
; 0.479  ; uart_controller:uart_ctrl_inst|uart_tx:tx_inst|state.DATA  ; uart_controller:uart_ctrl_inst|uart_tx:tx_inst|bit_cnt[0]  ; uart_controller:uart_ctrl_inst|baud_rate_gen:brg_inst|uart_tick ; uart_controller:uart_ctrl_inst|baud_rate_gen:brg_inst|uart_tick ; 1.000        ; 0.000      ; 0.553      ;
; 0.479  ; uart_controller:uart_ctrl_inst|uart_tx:tx_inst|state.DATA  ; uart_controller:uart_ctrl_inst|uart_tx:tx_inst|tx_reg[2]   ; uart_controller:uart_ctrl_inst|baud_rate_gen:brg_inst|uart_tick ; uart_controller:uart_ctrl_inst|baud_rate_gen:brg_inst|uart_tick ; 1.000        ; 0.000      ; 0.553      ;
; 0.480  ; uart_controller:uart_ctrl_inst|uart_tx:tx_inst|state.STOP  ; uart_controller:uart_ctrl_inst|uart_tx:tx_inst|tx          ; uart_controller:uart_ctrl_inst|baud_rate_gen:brg_inst|uart_tick ; uart_controller:uart_ctrl_inst|baud_rate_gen:brg_inst|uart_tick ; 1.000        ; 0.000      ; 0.552      ;
; 0.481  ; uart_controller:uart_ctrl_inst|uart_tx:tx_inst|state.STOP  ; uart_controller:uart_ctrl_inst|uart_tx:tx_inst|bit_cnt[0]  ; uart_controller:uart_ctrl_inst|baud_rate_gen:brg_inst|uart_tick ; uart_controller:uart_ctrl_inst|baud_rate_gen:brg_inst|uart_tick ; 1.000        ; 0.000      ; 0.551      ;
; 0.485  ; uart_controller:uart_ctrl_inst|uart_tx:tx_inst|state.DATA  ; uart_controller:uart_ctrl_inst|uart_tx:tx_inst|tx          ; uart_controller:uart_ctrl_inst|baud_rate_gen:brg_inst|uart_tick ; uart_controller:uart_ctrl_inst|baud_rate_gen:brg_inst|uart_tick ; 1.000        ; 0.000      ; 0.547      ;
; 0.486  ; uart_controller:uart_ctrl_inst|uart_tx:tx_inst|state.START ; uart_controller:uart_ctrl_inst|uart_tx:tx_inst|bit_cnt[2]  ; uart_controller:uart_ctrl_inst|baud_rate_gen:brg_inst|uart_tick ; uart_controller:uart_ctrl_inst|baud_rate_gen:brg_inst|uart_tick ; 1.000        ; 0.000      ; 0.546      ;
; 0.487  ; uart_controller:uart_ctrl_inst|uart_tx:tx_inst|state.START ; uart_controller:uart_ctrl_inst|uart_tx:tx_inst|tx_reg[4]   ; uart_controller:uart_ctrl_inst|baud_rate_gen:brg_inst|uart_tick ; uart_controller:uart_ctrl_inst|baud_rate_gen:brg_inst|uart_tick ; 1.000        ; 0.000      ; 0.545      ;
; 0.488  ; uart_controller:uart_ctrl_inst|uart_tx:tx_inst|bit_cnt[1]  ; uart_controller:uart_ctrl_inst|uart_tx:tx_inst|state.STOP  ; uart_controller:uart_ctrl_inst|baud_rate_gen:brg_inst|uart_tick ; uart_controller:uart_ctrl_inst|baud_rate_gen:brg_inst|uart_tick ; 1.000        ; 0.000      ; 0.544      ;
; 0.494  ; uart_controller:uart_ctrl_inst|uart_tx:tx_inst|state.DATA  ; uart_controller:uart_ctrl_inst|uart_tx:tx_inst|tx_reg[0]   ; uart_controller:uart_ctrl_inst|baud_rate_gen:brg_inst|uart_tick ; uart_controller:uart_ctrl_inst|baud_rate_gen:brg_inst|uart_tick ; 1.000        ; 0.000      ; 0.538      ;
; 0.494  ; uart_controller:uart_ctrl_inst|uart_tx:tx_inst|state.DATA  ; uart_controller:uart_ctrl_inst|uart_tx:tx_inst|tx_reg[1]   ; uart_controller:uart_ctrl_inst|baud_rate_gen:brg_inst|uart_tick ; uart_controller:uart_ctrl_inst|baud_rate_gen:brg_inst|uart_tick ; 1.000        ; 0.000      ; 0.538      ;
; 0.509  ; uart_controller:uart_ctrl_inst|uart_tx:tx_inst|bit_cnt[0]  ; uart_controller:uart_ctrl_inst|uart_tx:tx_inst|bit_cnt[1]  ; uart_controller:uart_ctrl_inst|baud_rate_gen:brg_inst|uart_tick ; uart_controller:uart_ctrl_inst|baud_rate_gen:brg_inst|uart_tick ; 1.000        ; 0.000      ; 0.523      ;
; 0.519  ; uart_controller:uart_ctrl_inst|uart_tx:tx_inst|tx_reg[3]   ; uart_controller:uart_ctrl_inst|uart_tx:tx_inst|tx_reg[2]   ; uart_controller:uart_ctrl_inst|baud_rate_gen:brg_inst|uart_tick ; uart_controller:uart_ctrl_inst|baud_rate_gen:brg_inst|uart_tick ; 1.000        ; 0.000      ; 0.513      ;
; 0.525  ; uart_controller:uart_ctrl_inst|uart_tx:tx_inst|tx_reg[1]   ; uart_controller:uart_ctrl_inst|uart_tx:tx_inst|tx_reg[0]   ; uart_controller:uart_ctrl_inst|baud_rate_gen:brg_inst|uart_tick ; uart_controller:uart_ctrl_inst|baud_rate_gen:brg_inst|uart_tick ; 1.000        ; 0.000      ; 0.507      ;
; 0.559  ; uart_controller:uart_ctrl_inst|uart_tx:tx_inst|bit_cnt[2]  ; uart_controller:uart_ctrl_inst|uart_tx:tx_inst|state.STOP  ; uart_controller:uart_ctrl_inst|baud_rate_gen:brg_inst|uart_tick ; uart_controller:uart_ctrl_inst|baud_rate_gen:brg_inst|uart_tick ; 1.000        ; 0.000      ; 0.473      ;
; 0.583  ; uart_controller:uart_ctrl_inst|uart_tx:tx_inst|tx_start_d  ; uart_controller:uart_ctrl_inst|uart_tx:tx_inst|state.START ; uart_controller:uart_ctrl_inst|baud_rate_gen:brg_inst|uart_tick ; uart_controller:uart_ctrl_inst|baud_rate_gen:brg_inst|uart_tick ; 1.000        ; 0.000      ; 0.449      ;
; 0.599  ; uart_controller:uart_ctrl_inst|uart_tx:tx_inst|state.STOP  ; uart_controller:uart_ctrl_inst|uart_tx:tx_inst|bit_cnt[2]  ; uart_controller:uart_ctrl_inst|baud_rate_gen:brg_inst|uart_tick ; uart_controller:uart_ctrl_inst|baud_rate_gen:brg_inst|uart_tick ; 1.000        ; 0.000      ; 0.433      ;
; 0.604  ; uart_controller:uart_ctrl_inst|uart_tx:tx_inst|state.START ; uart_controller:uart_ctrl_inst|uart_tx:tx_inst|bit_cnt[0]  ; uart_controller:uart_ctrl_inst|baud_rate_gen:brg_inst|uart_tick ; uart_controller:uart_ctrl_inst|baud_rate_gen:brg_inst|uart_tick ; 1.000        ; 0.000      ; 0.428      ;
; 0.627  ; uart_controller:uart_ctrl_inst|uart_tx:tx_inst|state.IDLE  ; uart_controller:uart_ctrl_inst|uart_tx:tx_inst|state.START ; uart_controller:uart_ctrl_inst|baud_rate_gen:brg_inst|uart_tick ; uart_controller:uart_ctrl_inst|baud_rate_gen:brg_inst|uart_tick ; 1.000        ; 0.000      ; 0.405      ;
; 0.628  ; uart_controller:uart_ctrl_inst|uart_tx:tx_inst|bit_cnt[0]  ; uart_controller:uart_ctrl_inst|uart_tx:tx_inst|state.STOP  ; uart_controller:uart_ctrl_inst|baud_rate_gen:brg_inst|uart_tick ; uart_controller:uart_ctrl_inst|baud_rate_gen:brg_inst|uart_tick ; 1.000        ; 0.000      ; 0.404      ;
; 0.631  ; uart_controller:uart_ctrl_inst|uart_tx:tx_inst|state.IDLE  ; uart_controller:uart_ctrl_inst|uart_tx:tx_inst|tx          ; uart_controller:uart_ctrl_inst|baud_rate_gen:brg_inst|uart_tick ; uart_controller:uart_ctrl_inst|baud_rate_gen:brg_inst|uart_tick ; 1.000        ; 0.000      ; 0.401      ;
; 0.665  ; uart_controller:uart_ctrl_inst|uart_tx:tx_inst|state.IDLE  ; uart_controller:uart_ctrl_inst|uart_tx:tx_inst|state.IDLE  ; uart_controller:uart_ctrl_inst|baud_rate_gen:brg_inst|uart_tick ; uart_controller:uart_ctrl_inst|baud_rate_gen:brg_inst|uart_tick ; 1.000        ; 0.000      ; 0.367      ;
; 0.665  ; uart_controller:uart_ctrl_inst|uart_tx:tx_inst|tx_reg[4]   ; uart_controller:uart_ctrl_inst|uart_tx:tx_inst|tx_reg[4]   ; uart_controller:uart_ctrl_inst|baud_rate_gen:brg_inst|uart_tick ; uart_controller:uart_ctrl_inst|baud_rate_gen:brg_inst|uart_tick ; 1.000        ; 0.000      ; 0.367      ;
; 0.665  ; uart_controller:uart_ctrl_inst|uart_tx:tx_inst|bit_cnt[1]  ; uart_controller:uart_ctrl_inst|uart_tx:tx_inst|bit_cnt[1]  ; uart_controller:uart_ctrl_inst|baud_rate_gen:brg_inst|uart_tick ; uart_controller:uart_ctrl_inst|baud_rate_gen:brg_inst|uart_tick ; 1.000        ; 0.000      ; 0.367      ;
; 0.665  ; uart_controller:uart_ctrl_inst|uart_tx:tx_inst|tx_reg[2]   ; uart_controller:uart_ctrl_inst|uart_tx:tx_inst|tx_reg[2]   ; uart_controller:uart_ctrl_inst|baud_rate_gen:brg_inst|uart_tick ; uart_controller:uart_ctrl_inst|baud_rate_gen:brg_inst|uart_tick ; 1.000        ; 0.000      ; 0.367      ;
; 0.665  ; uart_controller:uart_ctrl_inst|uart_tx:tx_inst|tx_reg[3]   ; uart_controller:uart_ctrl_inst|uart_tx:tx_inst|tx_reg[3]   ; uart_controller:uart_ctrl_inst|baud_rate_gen:brg_inst|uart_tick ; uart_controller:uart_ctrl_inst|baud_rate_gen:brg_inst|uart_tick ; 1.000        ; 0.000      ; 0.367      ;
; 0.665  ; uart_controller:uart_ctrl_inst|uart_tx:tx_inst|bit_cnt[0]  ; uart_controller:uart_ctrl_inst|uart_tx:tx_inst|bit_cnt[0]  ; uart_controller:uart_ctrl_inst|baud_rate_gen:brg_inst|uart_tick ; uart_controller:uart_ctrl_inst|baud_rate_gen:brg_inst|uart_tick ; 1.000        ; 0.000      ; 0.367      ;
+--------+------------------------------------------------------------+------------------------------------------------------------+-----------------------------------------------------------------+-----------------------------------------------------------------+--------------+------------+------------+


+-------------------------------------------------------------------------------------------------------------------------------------------------------------------------------------------------------------------------------------------------------------------------------------------------------------------------------+
; Fast Model Hold: 'CLOCK_50'                                                                                                                                                                                                                                                                                                   ;
+-------+-----------------------------------------------------------------------+----------------------------------------------------------------------------------------------------------------------+-----------------------------------------------------------------+-------------+--------------+------------+------------+
; Slack ; From Node                                                             ; To Node                                                                                                              ; Launch Clock                                                    ; Latch Clock ; Relationship ; Clock Skew ; Data Delay ;
+-------+-----------------------------------------------------------------------+----------------------------------------------------------------------------------------------------------------------+-----------------------------------------------------------------+-------------+--------------+------------+------------+
; 0.058 ; uart_controller:uart_ctrl_inst|uart_rx:rx_inst|data_out[2]            ; uart_rx_packet_new:packet_inst|buffer_rtl_0_bypass[19]                                                               ; uart_controller:uart_ctrl_inst|baud_rate_gen:brg_inst|ov_tick   ; CLOCK_50    ; 0.000        ; 0.270      ; 0.480      ;
; 0.167 ; uart_controller:uart_ctrl_inst|uart_rx:rx_inst|data_out[3]            ; uart_rx_packet_new:packet_inst|crc_rec[3]                                                                            ; uart_controller:uart_ctrl_inst|baud_rate_gen:brg_inst|ov_tick   ; CLOCK_50    ; 0.000        ; 0.284      ; 0.603      ;
; 0.167 ; uart_controller:uart_ctrl_inst|uart_rx:rx_inst|data_out[3]            ; uart_rx_packet_new:packet_inst|buffer_rtl_0_bypass[20]                                                               ; uart_controller:uart_ctrl_inst|baud_rate_gen:brg_inst|ov_tick   ; CLOCK_50    ; 0.000        ; 0.284      ; 0.603      ;
; 0.168 ; uart_controller:uart_ctrl_inst|uart_rx:rx_inst|data_out[6]            ; uart_rx_packet_new:packet_inst|crc_rec[6]                                                                            ; uart_controller:uart_ctrl_inst|baud_rate_gen:brg_inst|ov_tick   ; CLOCK_50    ; 0.000        ; 0.284      ; 0.604      ;
; 0.168 ; uart_controller:uart_ctrl_inst|uart_rx:rx_inst|data_out[6]            ; uart_rx_packet_new:packet_inst|buffer_rtl_0_bypass[23]                                                               ; uart_controller:uart_ctrl_inst|baud_rate_gen:brg_inst|ov_tick   ; CLOCK_50    ; 0.000        ; 0.284      ; 0.604      ;
; 0.169 ; uart_controller:uart_ctrl_inst|uart_rx:rx_inst|data_out[1]            ; uart_rx_packet_new:packet_inst|buffer_rtl_0_bypass[18]                                                               ; uart_controller:uart_ctrl_inst|baud_rate_gen:brg_inst|ov_tick   ; CLOCK_50    ; 0.000        ; 0.284      ; 0.605      ;
; 0.171 ; uart_controller:uart_ctrl_inst|uart_rx:rx_inst|data_out[1]            ; uart_rx_packet_new:packet_inst|crc_rec[1]                                                                            ; uart_controller:uart_ctrl_inst|baud_rate_gen:brg_inst|ov_tick   ; CLOCK_50    ; 0.000        ; 0.284      ; 0.607      ;
; 0.177 ; uart_controller:uart_ctrl_inst|uart_tx:tx_inst|state.IDLE             ; uart_rx_packet_new:packet_inst|state.CLEAR_IDLE                                                                      ; uart_controller:uart_ctrl_inst|baud_rate_gen:brg_inst|uart_tick ; CLOCK_50    ; 0.000        ; 0.251      ; 0.580      ;
; 0.189 ; uart_controller:uart_ctrl_inst|uart_rx:rx_inst|data_out[2]            ; uart_rx_packet_new:packet_inst|crc[2]                                                                                ; uart_controller:uart_ctrl_inst|baud_rate_gen:brg_inst|ov_tick   ; CLOCK_50    ; 0.000        ; 0.272      ; 0.613      ;
; 0.199 ; uart_controller:uart_ctrl_inst|uart_rx:rx_inst|data_out[1]            ; uart_rx_packet_new:packet_inst|crc[3]                                                                                ; uart_controller:uart_ctrl_inst|baud_rate_gen:brg_inst|ov_tick   ; CLOCK_50    ; 0.000        ; 0.272      ; 0.623      ;
; 0.202 ; uart_controller:uart_ctrl_inst|uart_rx:rx_inst|data_out[0]            ; uart_rx_packet_new:packet_inst|crc[2]                                                                                ; uart_controller:uart_ctrl_inst|baud_rate_gen:brg_inst|ov_tick   ; CLOCK_50    ; 0.000        ; 0.272      ; 0.626      ;
; 0.204 ; uart_controller:uart_ctrl_inst|uart_rx:rx_inst|data_out[0]            ; uart_rx_packet_new:packet_inst|crc[1]                                                                                ; uart_controller:uart_ctrl_inst|baud_rate_gen:brg_inst|ov_tick   ; CLOCK_50    ; 0.000        ; 0.272      ; 0.628      ;
; 0.215 ; sram_packet_writer:sram_writer_inst|current_state.FINISH              ; sram_packet_writer:sram_writer_inst|current_state.FINISH                                                             ; CLOCK_50                                                        ; CLOCK_50    ; 0.000        ; 0.000      ; 0.367      ;
; 0.215 ; sram_packet_writer:sram_writer_inst|packet_cnt[0]                     ; sram_packet_writer:sram_writer_inst|packet_cnt[0]                                                                    ; CLOCK_50                                                        ; CLOCK_50    ; 0.000        ; 0.000      ; 0.367      ;
; 0.215 ; uart_controller:uart_ctrl_inst|baud_rate_gen:brg_inst|ov_counter[1]   ; uart_controller:uart_ctrl_inst|baud_rate_gen:brg_inst|ov_counter[1]                                                  ; CLOCK_50                                                        ; CLOCK_50    ; 0.000        ; 0.000      ; 0.367      ;
; 0.215 ; uart_rx_packet_new:packet_inst|state.REC_CRC8                         ; uart_rx_packet_new:packet_inst|state.REC_CRC8                                                                        ; CLOCK_50                                                        ; CLOCK_50    ; 0.000        ; 0.000      ; 0.367      ;
; 0.215 ; uart_rx_packet_new:packet_inst|byte_cnt[0]                            ; uart_rx_packet_new:packet_inst|byte_cnt[0]                                                                           ; CLOCK_50                                                        ; CLOCK_50    ; 0.000        ; 0.000      ; 0.367      ;
; 0.215 ; uart_rx_packet_new:packet_inst|byte_cnt[1]                            ; uart_rx_packet_new:packet_inst|byte_cnt[1]                                                                           ; CLOCK_50                                                        ; CLOCK_50    ; 0.000        ; 0.000      ; 0.367      ;
; 0.215 ; uart_rx_packet_new:packet_inst|byte_cnt[2]                            ; uart_rx_packet_new:packet_inst|byte_cnt[2]                                                                           ; CLOCK_50                                                        ; CLOCK_50    ; 0.000        ; 0.000      ; 0.367      ;
; 0.215 ; uart_rx_packet_new:packet_inst|byte_cnt[3]                            ; uart_rx_packet_new:packet_inst|byte_cnt[3]                                                                           ; CLOCK_50                                                        ; CLOCK_50    ; 0.000        ; 0.000      ; 0.367      ;
; 0.215 ; uart_rx_packet_new:packet_inst|byte_cnt[4]                            ; uart_rx_packet_new:packet_inst|byte_cnt[4]                                                                           ; CLOCK_50                                                        ; CLOCK_50    ; 0.000        ; 0.000      ; 0.367      ;
; 0.215 ; uart_rx_packet_new:packet_inst|byte_cnt[5]                            ; uart_rx_packet_new:packet_inst|byte_cnt[5]                                                                           ; CLOCK_50                                                        ; CLOCK_50    ; 0.000        ; 0.000      ; 0.367      ;
; 0.215 ; uart_rx_packet_new:packet_inst|byte_cnt[6]                            ; uart_rx_packet_new:packet_inst|byte_cnt[6]                                                                           ; CLOCK_50                                                        ; CLOCK_50    ; 0.000        ; 0.000      ; 0.367      ;
; 0.215 ; uart_rx_packet_new:packet_inst|byte_cnt[7]                            ; uart_rx_packet_new:packet_inst|byte_cnt[7]                                                                           ; CLOCK_50                                                        ; CLOCK_50    ; 0.000        ; 0.000      ; 0.367      ;
; 0.215 ; uart_rx_packet_new:packet_inst|state.CLEAR_DATA                       ; uart_rx_packet_new:packet_inst|state.CLEAR_DATA                                                                      ; CLOCK_50                                                        ; CLOCK_50    ; 0.000        ; 0.000      ; 0.367      ;
; 0.215 ; uart_rx_packet_new:packet_inst|state.DATA                             ; uart_rx_packet_new:packet_inst|state.DATA                                                                            ; CLOCK_50                                                        ; CLOCK_50    ; 0.000        ; 0.000      ; 0.367      ;
; 0.215 ; uart_rx_packet_new:packet_inst|state.CLEAR_CRC                        ; uart_rx_packet_new:packet_inst|state.CLEAR_CRC                                                                       ; CLOCK_50                                                        ; CLOCK_50    ; 0.000        ; 0.000      ; 0.367      ;
; 0.215 ; uart_rx_packet_new:packet_inst|crc[2]                                 ; uart_rx_packet_new:packet_inst|crc[2]                                                                                ; CLOCK_50                                                        ; CLOCK_50    ; 0.000        ; 0.000      ; 0.367      ;
; 0.215 ; uart_rx_packet_new:packet_inst|crc[4]                                 ; uart_rx_packet_new:packet_inst|crc[4]                                                                                ; CLOCK_50                                                        ; CLOCK_50    ; 0.000        ; 0.000      ; 0.367      ;
; 0.215 ; uart_rx_packet_new:packet_inst|crc[6]                                 ; uart_rx_packet_new:packet_inst|crc[6]                                                                                ; CLOCK_50                                                        ; CLOCK_50    ; 0.000        ; 0.000      ; 0.367      ;
; 0.215 ; uart_rx_packet_new:packet_inst|crc[0]                                 ; uart_rx_packet_new:packet_inst|crc[0]                                                                                ; CLOCK_50                                                        ; CLOCK_50    ; 0.000        ; 0.000      ; 0.367      ;
; 0.215 ; uart_controller:uart_ctrl_inst|baud_rate_gen:brg_inst|uart_counter[0] ; uart_controller:uart_ctrl_inst|baud_rate_gen:brg_inst|uart_counter[0]                                                ; CLOCK_50                                                        ; CLOCK_50    ; 0.000        ; 0.000      ; 0.367      ;
; 0.215 ; uart_controller:uart_ctrl_inst|baud_rate_gen:brg_inst|uart_counter[1] ; uart_controller:uart_ctrl_inst|baud_rate_gen:brg_inst|uart_counter[1]                                                ; CLOCK_50                                                        ; CLOCK_50    ; 0.000        ; 0.000      ; 0.367      ;
; 0.215 ; uart_controller:uart_ctrl_inst|baud_rate_gen:brg_inst|uart_counter[2] ; uart_controller:uart_ctrl_inst|baud_rate_gen:brg_inst|uart_counter[2]                                                ; CLOCK_50                                                        ; CLOCK_50    ; 0.000        ; 0.000      ; 0.367      ;
; 0.215 ; sram_packet_writer:sram_writer_inst|current_state.IDLE                ; sram_packet_writer:sram_writer_inst|current_state.IDLE                                                               ; CLOCK_50                                                        ; CLOCK_50    ; 0.000        ; 0.000      ; 0.367      ;
; 0.215 ; packet_cnt[0]                                                         ; packet_cnt[0]                                                                                                        ; CLOCK_50                                                        ; CLOCK_50    ; 0.000        ; 0.000      ; 0.367      ;
; 0.233 ; uart_controller:uart_ctrl_inst|uart_rx:rx_inst|data_out[3]            ; uart_rx_packet_new:packet_inst|altsyncram:buffer_rtl_0|altsyncram_09c1:auto_generated|ram_block1a0~porta_datain_reg3 ; uart_controller:uart_ctrl_inst|baud_rate_gen:brg_inst|ov_tick   ; CLOCK_50    ; 0.000        ; 0.348      ; 0.719      ;
; 0.238 ; sram_packet_writer:sram_writer_inst|data_low[5]                       ; sram_packet_writer:sram_writer_inst|w_data[5]                                                                        ; CLOCK_50                                                        ; CLOCK_50    ; 0.000        ; 0.000      ; 0.390      ;
; 0.239 ; uart_controller:uart_ctrl_inst|uart_rx:rx_inst|data_out[7]            ; uart_rx_packet_new:packet_inst|altsyncram:buffer_rtl_0|altsyncram_09c1:auto_generated|ram_block1a0~porta_datain_reg7 ; uart_controller:uart_ctrl_inst|baud_rate_gen:brg_inst|ov_tick   ; CLOCK_50    ; 0.000        ; 0.348      ; 0.725      ;
; 0.240 ; sram_packet_writer:sram_writer_inst|data_low[4]                       ; sram_packet_writer:sram_writer_inst|w_data[4]                                                                        ; CLOCK_50                                                        ; CLOCK_50    ; 0.000        ; 0.000      ; 0.392      ;
; 0.240 ; uart_controller:uart_ctrl_inst|uart_rx:rx_inst|data_out[0]            ; uart_rx_packet_new:packet_inst|altsyncram:buffer_rtl_0|altsyncram_09c1:auto_generated|ram_block1a0~porta_datain_reg0 ; uart_controller:uart_ctrl_inst|baud_rate_gen:brg_inst|ov_tick   ; CLOCK_50    ; 0.000        ; 0.348      ; 0.726      ;
; 0.243 ; uart_rx_packet_new:packet_inst|timeout_cnt[31]                        ; uart_rx_packet_new:packet_inst|timeout_cnt[31]                                                                       ; CLOCK_50                                                        ; CLOCK_50    ; 0.000        ; 0.000      ; 0.395      ;
; 0.243 ; packet_cnt[11]                                                        ; packet_cnt[11]                                                                                                       ; CLOCK_50                                                        ; CLOCK_50    ; 0.000        ; 0.000      ; 0.395      ;
; 0.246 ; uart_controller:uart_ctrl_inst|uart_rx:rx_inst|data_out[1]            ; uart_rx_packet_new:packet_inst|altsyncram:buffer_rtl_0|altsyncram_09c1:auto_generated|ram_block1a0~porta_datain_reg1 ; uart_controller:uart_ctrl_inst|baud_rate_gen:brg_inst|ov_tick   ; CLOCK_50    ; 0.000        ; 0.348      ; 0.732      ;
; 0.247 ; uart_controller:uart_ctrl_inst|uart_rx:rx_inst|data_out[5]            ; uart_rx_packet_new:packet_inst|crc_rec[5]                                                                            ; uart_controller:uart_ctrl_inst|baud_rate_gen:brg_inst|ov_tick   ; CLOCK_50    ; 0.000        ; 0.284      ; 0.683      ;
; 0.247 ; uart_controller:uart_ctrl_inst|uart_rx:rx_inst|data_out[5]            ; uart_rx_packet_new:packet_inst|buffer_rtl_0_bypass[22]                                                               ; uart_controller:uart_ctrl_inst|baud_rate_gen:brg_inst|ov_tick   ; CLOCK_50    ; 0.000        ; 0.284      ; 0.683      ;
; 0.249 ; uart_rx_packet_new:packet_inst|crc[3]                                 ; uart_rx_packet_new:packet_inst|crc[5]                                                                                ; CLOCK_50                                                        ; CLOCK_50    ; 0.000        ; 0.000      ; 0.401      ;
; 0.252 ; uart_controller:uart_ctrl_inst|uart_rx:rx_inst|data_out[7]            ; uart_rx_packet_new:packet_inst|crc_rec[7]                                                                            ; uart_controller:uart_ctrl_inst|baud_rate_gen:brg_inst|ov_tick   ; CLOCK_50    ; 0.000        ; 0.284      ; 0.688      ;
; 0.253 ; uart_rx_packet_new:packet_inst|state.REC_CRC8                         ; uart_rx_packet_new:packet_inst|state.ACK                                                                             ; CLOCK_50                                                        ; CLOCK_50    ; 0.000        ; 0.000      ; 0.405      ;
; 0.259 ; sram_packet_writer:sram_writer_inst|current_state.SRAM_WRITE          ; sram_packet_writer:sram_writer_inst|current_state.WRITE_DATA_1                                                       ; CLOCK_50                                                        ; CLOCK_50    ; 0.000        ; 0.000      ; 0.411      ;
; 0.264 ; uart_controller:uart_ctrl_inst|uart_rx:rx_inst|data_out[0]            ; uart_rx_packet_new:packet_inst|buffer_rtl_0_bypass[17]                                                               ; uart_controller:uart_ctrl_inst|baud_rate_gen:brg_inst|ov_tick   ; CLOCK_50    ; 0.000        ; 0.284      ; 0.700      ;
; 0.266 ; uart_controller:uart_ctrl_inst|uart_rx:rx_inst|data_out[0]            ; uart_rx_packet_new:packet_inst|crc_rec[0]                                                                            ; uart_controller:uart_ctrl_inst|baud_rate_gen:brg_inst|ov_tick   ; CLOCK_50    ; 0.000        ; 0.284      ; 0.702      ;
; 0.273 ; uart_controller:uart_ctrl_inst|uart_rx:rx_inst|data_out[6]            ; uart_rx_packet_new:packet_inst|crc[6]                                                                                ; uart_controller:uart_ctrl_inst|baud_rate_gen:brg_inst|ov_tick   ; CLOCK_50    ; 0.000        ; 0.272      ; 0.697      ;
; 0.286 ; uart_controller:uart_ctrl_inst|uart_rx:rx_inst|data_out[4]            ; uart_rx_packet_new:packet_inst|crc[4]                                                                                ; uart_controller:uart_ctrl_inst|baud_rate_gen:brg_inst|ov_tick   ; CLOCK_50    ; 0.000        ; 0.272      ; 0.710      ;
; 0.290 ; uart_controller:uart_ctrl_inst|uart_rx:rx_inst|data_out[5]            ; uart_rx_packet_new:packet_inst|crc[7]                                                                                ; uart_controller:uart_ctrl_inst|baud_rate_gen:brg_inst|ov_tick   ; CLOCK_50    ; 0.000        ; 0.272      ; 0.714      ;
; 0.298 ; uart_controller:uart_ctrl_inst|uart_rx:rx_inst|data_out[0]            ; uart_rx_packet_new:packet_inst|buffer~1                                                                              ; uart_controller:uart_ctrl_inst|baud_rate_gen:brg_inst|ov_tick   ; CLOCK_50    ; 0.000        ; 0.287      ; 0.737      ;
; 0.299 ; uart_controller:uart_ctrl_inst|uart_rx:rx_inst|data_out[7]            ; uart_rx_packet_new:packet_inst|buffer~8                                                                              ; uart_controller:uart_ctrl_inst|baud_rate_gen:brg_inst|ov_tick   ; CLOCK_50    ; 0.000        ; 0.287      ; 0.738      ;
; 0.300 ; uart_controller:uart_ctrl_inst|uart_rx:rx_inst|data_out[3]            ; uart_rx_packet_new:packet_inst|crc[5]                                                                                ; uart_controller:uart_ctrl_inst|baud_rate_gen:brg_inst|ov_tick   ; CLOCK_50    ; 0.000        ; 0.272      ; 0.724      ;
; 0.325 ; uart_controller:uart_ctrl_inst|baud_rate_gen:brg_inst|uart_counter[1] ; uart_controller:uart_ctrl_inst|baud_rate_gen:brg_inst|uart_tick                                                      ; CLOCK_50                                                        ; CLOCK_50    ; 0.000        ; 0.000      ; 0.477      ;
; 0.329 ; sram_packet_writer:sram_writer_inst|data_low[1]                       ; sram_packet_writer:sram_writer_inst|w_data[1]                                                                        ; CLOCK_50                                                        ; CLOCK_50    ; 0.000        ; 0.000      ; 0.481      ;
; 0.330 ; sram_packet_writer:sram_writer_inst|word_index[6]                     ; sram_packet_writer:sram_writer_inst|addr_latch[6]                                                                    ; CLOCK_50                                                        ; CLOCK_50    ; 0.000        ; -0.002     ; 0.480      ;
; 0.331 ; uart_controller:uart_ctrl_inst|uart_rx:rx_inst|data_out[4]            ; uart_rx_packet_new:packet_inst|altsyncram:buffer_rtl_0|altsyncram_09c1:auto_generated|ram_block1a0~porta_datain_reg4 ; uart_controller:uart_ctrl_inst|baud_rate_gen:brg_inst|ov_tick   ; CLOCK_50    ; 0.000        ; 0.348      ; 0.817      ;
; 0.332 ; sram_packet_writer:sram_writer_inst|word_index[4]                     ; sram_packet_writer:sram_writer_inst|addr_latch[4]                                                                    ; CLOCK_50                                                        ; CLOCK_50    ; 0.000        ; -0.002     ; 0.482      ;
; 0.339 ; uart_controller:uart_ctrl_inst|uart_rx:rx_inst|data_out[2]            ; uart_rx_packet_new:packet_inst|crc[4]                                                                                ; uart_controller:uart_ctrl_inst|baud_rate_gen:brg_inst|ov_tick   ; CLOCK_50    ; 0.000        ; 0.272      ; 0.763      ;
; 0.345 ; uart_controller:uart_ctrl_inst|uart_rx:rx_inst|data_out[0]            ; uart_rx_packet_new:packet_inst|crc[0]                                                                                ; uart_controller:uart_ctrl_inst|baud_rate_gen:brg_inst|ov_tick   ; CLOCK_50    ; 0.000        ; 0.272      ; 0.769      ;
; 0.352 ; uart_controller:uart_ctrl_inst|uart_rx:rx_inst|data_out[5]            ; uart_rx_packet_new:packet_inst|crc[6]                                                                                ; uart_controller:uart_ctrl_inst|baud_rate_gen:brg_inst|ov_tick   ; CLOCK_50    ; 0.000        ; 0.272      ; 0.776      ;
; 0.355 ; uart_rx_packet_new:packet_inst|timeout_cnt[0]                         ; uart_rx_packet_new:packet_inst|timeout_cnt[0]                                                                        ; CLOCK_50                                                        ; CLOCK_50    ; 0.000        ; 0.000      ; 0.507      ;
; 0.355 ; uart_rx_packet_new:packet_inst|timeout_cnt[16]                        ; uart_rx_packet_new:packet_inst|timeout_cnt[16]                                                                       ; CLOCK_50                                                        ; CLOCK_50    ; 0.000        ; 0.000      ; 0.507      ;
; 0.356 ; packet_cnt[3]                                                         ; packet_cnt[3]                                                                                                        ; CLOCK_50                                                        ; CLOCK_50    ; 0.000        ; 0.000      ; 0.508      ;
; 0.358 ; uart_rx_packet_new:packet_inst|timeout_cnt[13]                        ; uart_rx_packet_new:packet_inst|timeout_cnt[13]                                                                       ; CLOCK_50                                                        ; CLOCK_50    ; 0.000        ; 0.000      ; 0.510      ;
; 0.358 ; uart_rx_packet_new:packet_inst|timeout_cnt[14]                        ; uart_rx_packet_new:packet_inst|timeout_cnt[14]                                                                       ; CLOCK_50                                                        ; CLOCK_50    ; 0.000        ; 0.000      ; 0.510      ;
; 0.358 ; packet_cnt[5]                                                         ; packet_cnt[5]                                                                                                        ; CLOCK_50                                                        ; CLOCK_50    ; 0.000        ; 0.000      ; 0.510      ;
; 0.358 ; packet_cnt[7]                                                         ; packet_cnt[7]                                                                                                        ; CLOCK_50                                                        ; CLOCK_50    ; 0.000        ; 0.000      ; 0.510      ;
; 0.359 ; uart_rx_packet_new:packet_inst|timeout_cnt[1]                         ; uart_rx_packet_new:packet_inst|timeout_cnt[1]                                                                        ; CLOCK_50                                                        ; CLOCK_50    ; 0.000        ; 0.000      ; 0.511      ;
; 0.359 ; uart_rx_packet_new:packet_inst|timeout_cnt[17]                        ; uart_rx_packet_new:packet_inst|timeout_cnt[17]                                                                       ; CLOCK_50                                                        ; CLOCK_50    ; 0.000        ; 0.000      ; 0.511      ;
; 0.360 ; uart_rx_packet_new:packet_inst|timeout_cnt[2]                         ; uart_rx_packet_new:packet_inst|timeout_cnt[2]                                                                        ; CLOCK_50                                                        ; CLOCK_50    ; 0.000        ; 0.000      ; 0.512      ;
; 0.360 ; uart_rx_packet_new:packet_inst|timeout_cnt[9]                         ; uart_rx_packet_new:packet_inst|timeout_cnt[9]                                                                        ; CLOCK_50                                                        ; CLOCK_50    ; 0.000        ; 0.000      ; 0.512      ;
; 0.360 ; uart_rx_packet_new:packet_inst|timeout_cnt[11]                        ; uart_rx_packet_new:packet_inst|timeout_cnt[11]                                                                       ; CLOCK_50                                                        ; CLOCK_50    ; 0.000        ; 0.000      ; 0.512      ;
; 0.360 ; uart_rx_packet_new:packet_inst|timeout_cnt[18]                        ; uart_rx_packet_new:packet_inst|timeout_cnt[18]                                                                       ; CLOCK_50                                                        ; CLOCK_50    ; 0.000        ; 0.000      ; 0.512      ;
; 0.360 ; uart_rx_packet_new:packet_inst|timeout_cnt[25]                        ; uart_rx_packet_new:packet_inst|timeout_cnt[25]                                                                       ; CLOCK_50                                                        ; CLOCK_50    ; 0.000        ; 0.000      ; 0.512      ;
; 0.360 ; uart_rx_packet_new:packet_inst|timeout_cnt[27]                        ; uart_rx_packet_new:packet_inst|timeout_cnt[27]                                                                       ; CLOCK_50                                                        ; CLOCK_50    ; 0.000        ; 0.000      ; 0.512      ;
; 0.361 ; uart_rx_packet_new:packet_inst|timeout_cnt[4]                         ; uart_rx_packet_new:packet_inst|timeout_cnt[4]                                                                        ; CLOCK_50                                                        ; CLOCK_50    ; 0.000        ; 0.000      ; 0.513      ;
; 0.361 ; uart_rx_packet_new:packet_inst|timeout_cnt[7]                         ; uart_rx_packet_new:packet_inst|timeout_cnt[7]                                                                        ; CLOCK_50                                                        ; CLOCK_50    ; 0.000        ; 0.000      ; 0.513      ;
; 0.361 ; uart_rx_packet_new:packet_inst|timeout_cnt[20]                        ; uart_rx_packet_new:packet_inst|timeout_cnt[20]                                                                       ; CLOCK_50                                                        ; CLOCK_50    ; 0.000        ; 0.000      ; 0.513      ;
; 0.361 ; uart_rx_packet_new:packet_inst|timeout_cnt[23]                        ; uart_rx_packet_new:packet_inst|timeout_cnt[23]                                                                       ; CLOCK_50                                                        ; CLOCK_50    ; 0.000        ; 0.000      ; 0.513      ;
; 0.361 ; uart_rx_packet_new:packet_inst|timeout_cnt[29]                        ; uart_rx_packet_new:packet_inst|timeout_cnt[29]                                                                       ; CLOCK_50                                                        ; CLOCK_50    ; 0.000        ; 0.000      ; 0.513      ;
; 0.361 ; uart_rx_packet_new:packet_inst|timeout_cnt[30]                        ; uart_rx_packet_new:packet_inst|timeout_cnt[30]                                                                       ; CLOCK_50                                                        ; CLOCK_50    ; 0.000        ; 0.000      ; 0.513      ;
; 0.361 ; packet_cnt[9]                                                         ; packet_cnt[9]                                                                                                        ; CLOCK_50                                                        ; CLOCK_50    ; 0.000        ; 0.000      ; 0.513      ;
; 0.361 ; packet_cnt[10]                                                        ; packet_cnt[10]                                                                                                       ; CLOCK_50                                                        ; CLOCK_50    ; 0.000        ; 0.000      ; 0.513      ;
; 0.362 ; sram_packet_writer:sram_writer_inst|packet_cnt[8]                     ; sram_packet_writer:sram_writer_inst|packet_cnt[8]                                                                    ; CLOCK_50                                                        ; CLOCK_50    ; 0.000        ; 0.000      ; 0.514      ;
; 0.363 ; uart_controller:uart_ctrl_inst|baud_rate_gen:brg_inst|ov_counter[0]   ; uart_controller:uart_ctrl_inst|baud_rate_gen:brg_inst|ov_counter[0]                                                  ; CLOCK_50                                                        ; CLOCK_50    ; 0.000        ; 0.000      ; 0.515      ;
; 0.363 ; uart_rx_packet_new:packet_inst|state.CLEAR_DATA                       ; uart_rx_packet_new:packet_inst|state.DATA                                                                            ; CLOCK_50                                                        ; CLOCK_50    ; 0.000        ; 0.000      ; 0.515      ;
; 0.364 ; sram_packet_writer:sram_writer_inst|word_index[4]                     ; sram_packet_writer:sram_writer_inst|word_index[4]                                                                    ; CLOCK_50                                                        ; CLOCK_50    ; 0.000        ; 0.000      ; 0.516      ;
; 0.364 ; sram_packet_writer:sram_writer_inst|word_index[6]                     ; sram_packet_writer:sram_writer_inst|word_index[6]                                                                    ; CLOCK_50                                                        ; CLOCK_50    ; 0.000        ; 0.000      ; 0.516      ;
; 0.366 ; sram_packet_writer:sram_writer_inst|word_index[2]                     ; sram_packet_writer:sram_writer_inst|word_index[2]                                                                    ; CLOCK_50                                                        ; CLOCK_50    ; 0.000        ; 0.000      ; 0.518      ;
; 0.367 ; uart_controller:uart_ctrl_inst|uart_tx:tx_inst|state.IDLE             ; uart_rx_packet_new:packet_inst|tx_busy_d                                                                             ; uart_controller:uart_ctrl_inst|baud_rate_gen:brg_inst|uart_tick ; CLOCK_50    ; 0.000        ; 0.245      ; 0.764      ;
; 0.369 ; sram_packet_writer:sram_writer_inst|packet_cnt[3]                     ; sram_packet_writer:sram_writer_inst|packet_cnt[3]                                                                    ; CLOCK_50                                                        ; CLOCK_50    ; 0.000        ; 0.000      ; 0.521      ;
; 0.369 ; packet_cnt[1]                                                         ; packet_cnt[1]                                                                                                        ; CLOCK_50                                                        ; CLOCK_50    ; 0.000        ; 0.000      ; 0.521      ;
; 0.369 ; packet_cnt[2]                                                         ; packet_cnt[2]                                                                                                        ; CLOCK_50                                                        ; CLOCK_50    ; 0.000        ; 0.000      ; 0.521      ;
; 0.369 ; uart_rx_packet_new:packet_inst|state.DATA                             ; uart_rx_packet_new:packet_inst|byte_cnt[7]                                                                           ; CLOCK_50                                                        ; CLOCK_50    ; 0.000        ; 0.000      ; 0.521      ;
+-------+-----------------------------------------------------------------------+----------------------------------------------------------------------------------------------------------------------+-----------------------------------------------------------------+-------------+--------------+------------+------------+


+----------------------------------------------------------------------------------------------------------------------------------------------------------------------------------------------------------------------------------------------------------------------------------------------------------------------------+
; Fast Model Hold: 'uart_controller:uart_ctrl_inst|baud_rate_gen:brg_inst|ov_tick'                                                                                                                                                                                                                                           ;
+-------+---------------------------------------------------------------------+---------------------------------------------------------------------+---------------------------------------------------------------+---------------------------------------------------------------+--------------+------------+------------+
; Slack ; From Node                                                           ; To Node                                                             ; Launch Clock                                                  ; Latch Clock                                                   ; Relationship ; Clock Skew ; Data Delay ;
+-------+---------------------------------------------------------------------+---------------------------------------------------------------------+---------------------------------------------------------------+---------------------------------------------------------------+--------------+------------+------------+
; 0.215 ; uart_controller:uart_ctrl_inst|uart_rx:rx_inst|tick_cnt[1]          ; uart_controller:uart_ctrl_inst|uart_rx:rx_inst|tick_cnt[1]          ; uart_controller:uart_ctrl_inst|baud_rate_gen:brg_inst|ov_tick ; uart_controller:uart_ctrl_inst|baud_rate_gen:brg_inst|ov_tick ; 0.000        ; 0.000      ; 0.367      ;
; 0.215 ; uart_controller:uart_ctrl_inst|uart_rx:rx_inst|bit_cnt[0]           ; uart_controller:uart_ctrl_inst|uart_rx:rx_inst|bit_cnt[0]           ; uart_controller:uart_ctrl_inst|baud_rate_gen:brg_inst|ov_tick ; uart_controller:uart_ctrl_inst|baud_rate_gen:brg_inst|ov_tick ; 0.000        ; 0.000      ; 0.367      ;
; 0.215 ; uart_controller:uart_ctrl_inst|uart_rx:rx_inst|bit_cnt[1]           ; uart_controller:uart_ctrl_inst|uart_rx:rx_inst|bit_cnt[1]           ; uart_controller:uart_ctrl_inst|baud_rate_gen:brg_inst|ov_tick ; uart_controller:uart_ctrl_inst|baud_rate_gen:brg_inst|ov_tick ; 0.000        ; 0.000      ; 0.367      ;
; 0.215 ; uart_controller:uart_ctrl_inst|uart_rx:rx_inst|tick_cnt[0]          ; uart_controller:uart_ctrl_inst|uart_rx:rx_inst|tick_cnt[0]          ; uart_controller:uart_ctrl_inst|baud_rate_gen:brg_inst|ov_tick ; uart_controller:uart_ctrl_inst|baud_rate_gen:brg_inst|ov_tick ; 0.000        ; 0.000      ; 0.367      ;
; 0.215 ; uart_controller:uart_ctrl_inst|uart_rx:rx_inst|samples[0]           ; uart_controller:uart_ctrl_inst|uart_rx:rx_inst|samples[0]           ; uart_controller:uart_ctrl_inst|baud_rate_gen:brg_inst|ov_tick ; uart_controller:uart_ctrl_inst|baud_rate_gen:brg_inst|ov_tick ; 0.000        ; 0.000      ; 0.367      ;
; 0.215 ; uart_controller:uart_ctrl_inst|uart_rx:rx_inst|samples[2]           ; uart_controller:uart_ctrl_inst|uart_rx:rx_inst|samples[2]           ; uart_controller:uart_ctrl_inst|baud_rate_gen:brg_inst|ov_tick ; uart_controller:uart_ctrl_inst|baud_rate_gen:brg_inst|ov_tick ; 0.000        ; 0.000      ; 0.367      ;
; 0.215 ; uart_controller:uart_ctrl_inst|uart_rx:rx_inst|samples[1]           ; uart_controller:uart_ctrl_inst|uart_rx:rx_inst|samples[1]           ; uart_controller:uart_ctrl_inst|baud_rate_gen:brg_inst|ov_tick ; uart_controller:uart_ctrl_inst|baud_rate_gen:brg_inst|ov_tick ; 0.000        ; 0.000      ; 0.367      ;
; 0.241 ; uart_controller:uart_ctrl_inst|uart_rx:rx_inst|samples[0]           ; uart_controller:uart_ctrl_inst|uart_rx:rx_inst|rx_reg[7]            ; uart_controller:uart_ctrl_inst|baud_rate_gen:brg_inst|ov_tick ; uart_controller:uart_ctrl_inst|baud_rate_gen:brg_inst|ov_tick ; 0.000        ; 0.000      ; 0.393      ;
; 0.243 ; uart_controller:uart_ctrl_inst|uart_rx:rx_inst|rx_reg[3]            ; uart_controller:uart_ctrl_inst|uart_rx:rx_inst|rx_reg[2]            ; uart_controller:uart_ctrl_inst|baud_rate_gen:brg_inst|ov_tick ; uart_controller:uart_ctrl_inst|baud_rate_gen:brg_inst|ov_tick ; 0.000        ; 0.000      ; 0.395      ;
; 0.244 ; uart_controller:uart_ctrl_inst|uart_rx:rx_inst|rx_reg[2]            ; uart_controller:uart_ctrl_inst|uart_rx:rx_inst|rx_reg[1]            ; uart_controller:uart_ctrl_inst|baud_rate_gen:brg_inst|ov_tick ; uart_controller:uart_ctrl_inst|baud_rate_gen:brg_inst|ov_tick ; 0.000        ; 0.000      ; 0.396      ;
; 0.248 ; uart_controller:uart_ctrl_inst|uart_rx:rx_inst|rx_reg[7]            ; uart_controller:uart_ctrl_inst|uart_rx:rx_inst|rx_reg[6]            ; uart_controller:uart_ctrl_inst|baud_rate_gen:brg_inst|ov_tick ; uart_controller:uart_ctrl_inst|baud_rate_gen:brg_inst|ov_tick ; 0.000        ; 0.000      ; 0.400      ;
; 0.249 ; uart_controller:uart_ctrl_inst|uart_rx:rx_inst|rx_reg[5]            ; uart_controller:uart_ctrl_inst|uart_rx:rx_inst|rx_reg[4]            ; uart_controller:uart_ctrl_inst|baud_rate_gen:brg_inst|ov_tick ; uart_controller:uart_ctrl_inst|baud_rate_gen:brg_inst|ov_tick ; 0.000        ; 0.000      ; 0.401      ;
; 0.251 ; uart_controller:uart_ctrl_inst|uart_rx:rx_inst|valid_timeout_cnt[7] ; uart_controller:uart_ctrl_inst|uart_rx:rx_inst|valid_timeout_cnt[7] ; uart_controller:uart_ctrl_inst|baud_rate_gen:brg_inst|ov_tick ; uart_controller:uart_ctrl_inst|baud_rate_gen:brg_inst|ov_tick ; 0.000        ; 0.000      ; 0.403      ;
; 0.252 ; uart_controller:uart_ctrl_inst|uart_rx:rx_inst|state.START          ; uart_controller:uart_ctrl_inst|uart_rx:rx_inst|state.DATA           ; uart_controller:uart_ctrl_inst|baud_rate_gen:brg_inst|ov_tick ; uart_controller:uart_ctrl_inst|baud_rate_gen:brg_inst|ov_tick ; 0.000        ; 0.000      ; 0.404      ;
; 0.275 ; uart_controller:uart_ctrl_inst|uart_rx:rx_inst|state.IDLE           ; uart_controller:uart_ctrl_inst|uart_rx:rx_inst|state.START          ; uart_controller:uart_ctrl_inst|baud_rate_gen:brg_inst|ov_tick ; uart_controller:uart_ctrl_inst|baud_rate_gen:brg_inst|ov_tick ; 0.000        ; 0.000      ; 0.427      ;
; 0.291 ; uart_controller:uart_ctrl_inst|uart_rx:rx_inst|samples[2]           ; uart_controller:uart_ctrl_inst|uart_rx:rx_inst|rx_reg[7]            ; uart_controller:uart_ctrl_inst|baud_rate_gen:brg_inst|ov_tick ; uart_controller:uart_ctrl_inst|baud_rate_gen:brg_inst|ov_tick ; 0.000        ; 0.000      ; 0.443      ;
; 0.300 ; uart_controller:uart_ctrl_inst|uart_rx:rx_inst|state.STOP           ; uart_controller:uart_ctrl_inst|uart_rx:rx_inst|state.IDLE           ; uart_controller:uart_ctrl_inst|baud_rate_gen:brg_inst|ov_tick ; uart_controller:uart_ctrl_inst|baud_rate_gen:brg_inst|ov_tick ; 0.000        ; 0.000      ; 0.452      ;
; 0.331 ; uart_controller:uart_ctrl_inst|uart_rx:rx_inst|rx_reg[4]            ; uart_controller:uart_ctrl_inst|uart_rx:rx_inst|rx_reg[3]            ; uart_controller:uart_ctrl_inst|baud_rate_gen:brg_inst|ov_tick ; uart_controller:uart_ctrl_inst|baud_rate_gen:brg_inst|ov_tick ; 0.000        ; 0.000      ; 0.483      ;
; 0.331 ; uart_controller:uart_ctrl_inst|uart_rx:rx_inst|rx_reg[1]            ; uart_controller:uart_ctrl_inst|uart_rx:rx_inst|rx_reg[0]            ; uart_controller:uart_ctrl_inst|baud_rate_gen:brg_inst|ov_tick ; uart_controller:uart_ctrl_inst|baud_rate_gen:brg_inst|ov_tick ; 0.000        ; 0.000      ; 0.483      ;
; 0.332 ; uart_controller:uart_ctrl_inst|uart_rx:rx_inst|rx_reg[6]            ; uart_controller:uart_ctrl_inst|uart_rx:rx_inst|rx_reg[5]            ; uart_controller:uart_ctrl_inst|baud_rate_gen:brg_inst|ov_tick ; uart_controller:uart_ctrl_inst|baud_rate_gen:brg_inst|ov_tick ; 0.000        ; 0.000      ; 0.484      ;
; 0.335 ; uart_controller:uart_ctrl_inst|uart_rx:rx_inst|state.IDLE           ; uart_controller:uart_ctrl_inst|uart_rx:rx_inst|tick_cnt[1]          ; uart_controller:uart_ctrl_inst|baud_rate_gen:brg_inst|ov_tick ; uart_controller:uart_ctrl_inst|baud_rate_gen:brg_inst|ov_tick ; 0.000        ; -0.002     ; 0.485      ;
; 0.335 ; uart_controller:uart_ctrl_inst|uart_rx:rx_inst|state.IDLE           ; uart_controller:uart_ctrl_inst|uart_rx:rx_inst|tick_cnt[0]          ; uart_controller:uart_ctrl_inst|baud_rate_gen:brg_inst|ov_tick ; uart_controller:uart_ctrl_inst|baud_rate_gen:brg_inst|ov_tick ; 0.000        ; -0.002     ; 0.485      ;
; 0.337 ; uart_controller:uart_ctrl_inst|uart_rx:rx_inst|state.DATA           ; uart_controller:uart_ctrl_inst|uart_rx:rx_inst|state.STOP           ; uart_controller:uart_ctrl_inst|baud_rate_gen:brg_inst|ov_tick ; uart_controller:uart_ctrl_inst|baud_rate_gen:brg_inst|ov_tick ; 0.000        ; 0.000      ; 0.489      ;
; 0.356 ; uart_controller:uart_ctrl_inst|uart_rx:rx_inst|valid_timeout_cnt[0] ; uart_controller:uart_ctrl_inst|uart_rx:rx_inst|valid_timeout_cnt[0] ; uart_controller:uart_ctrl_inst|baud_rate_gen:brg_inst|ov_tick ; uart_controller:uart_ctrl_inst|baud_rate_gen:brg_inst|ov_tick ; 0.000        ; 0.000      ; 0.508      ;
; 0.364 ; uart_controller:uart_ctrl_inst|uart_rx:rx_inst|valid_timeout_cnt[2] ; uart_controller:uart_ctrl_inst|uart_rx:rx_inst|valid_timeout_cnt[2] ; uart_controller:uart_ctrl_inst|baud_rate_gen:brg_inst|ov_tick ; uart_controller:uart_ctrl_inst|baud_rate_gen:brg_inst|ov_tick ; 0.000        ; 0.000      ; 0.516      ;
; 0.365 ; uart_controller:uart_ctrl_inst|uart_rx:rx_inst|valid_timeout_cnt[4] ; uart_controller:uart_ctrl_inst|uart_rx:rx_inst|valid_timeout_cnt[4] ; uart_controller:uart_ctrl_inst|baud_rate_gen:brg_inst|ov_tick ; uart_controller:uart_ctrl_inst|baud_rate_gen:brg_inst|ov_tick ; 0.000        ; 0.000      ; 0.517      ;
; 0.368 ; uart_controller:uart_ctrl_inst|uart_rx:rx_inst|valid_timeout_cnt[6] ; uart_controller:uart_ctrl_inst|uart_rx:rx_inst|valid_timeout_cnt[6] ; uart_controller:uart_ctrl_inst|baud_rate_gen:brg_inst|ov_tick ; uart_controller:uart_ctrl_inst|baud_rate_gen:brg_inst|ov_tick ; 0.000        ; 0.000      ; 0.520      ;
; 0.371 ; uart_controller:uart_ctrl_inst|uart_rx:rx_inst|samples[1]           ; uart_controller:uart_ctrl_inst|uart_rx:rx_inst|rx_reg[7]            ; uart_controller:uart_ctrl_inst|baud_rate_gen:brg_inst|ov_tick ; uart_controller:uart_ctrl_inst|baud_rate_gen:brg_inst|ov_tick ; 0.000        ; 0.000      ; 0.523      ;
; 0.373 ; uart_controller:uart_ctrl_inst|uart_rx:rx_inst|valid_timeout_cnt[1] ; uart_controller:uart_ctrl_inst|uart_rx:rx_inst|valid_timeout_cnt[1] ; uart_controller:uart_ctrl_inst|baud_rate_gen:brg_inst|ov_tick ; uart_controller:uart_ctrl_inst|baud_rate_gen:brg_inst|ov_tick ; 0.000        ; 0.000      ; 0.525      ;
; 0.374 ; uart_controller:uart_ctrl_inst|uart_rx:rx_inst|valid_timeout_cnt[6] ; uart_controller:uart_ctrl_inst|uart_rx:rx_inst|rx_valid             ; uart_controller:uart_ctrl_inst|baud_rate_gen:brg_inst|ov_tick ; uart_controller:uart_ctrl_inst|baud_rate_gen:brg_inst|ov_tick ; 0.000        ; 0.000      ; 0.526      ;
; 0.376 ; uart_controller:uart_ctrl_inst|uart_rx:rx_inst|valid_timeout_cnt[3] ; uart_controller:uart_ctrl_inst|uart_rx:rx_inst|valid_timeout_cnt[3] ; uart_controller:uart_ctrl_inst|baud_rate_gen:brg_inst|ov_tick ; uart_controller:uart_ctrl_inst|baud_rate_gen:brg_inst|ov_tick ; 0.000        ; 0.000      ; 0.528      ;
; 0.376 ; uart_controller:uart_ctrl_inst|uart_rx:rx_inst|valid_timeout_cnt[5] ; uart_controller:uart_ctrl_inst|uart_rx:rx_inst|valid_timeout_cnt[5] ; uart_controller:uart_ctrl_inst|baud_rate_gen:brg_inst|ov_tick ; uart_controller:uart_ctrl_inst|baud_rate_gen:brg_inst|ov_tick ; 0.000        ; 0.000      ; 0.528      ;
; 0.444 ; uart_controller:uart_ctrl_inst|uart_rx:rx_inst|tick_cnt[2]          ; uart_controller:uart_ctrl_inst|uart_rx:rx_inst|samples[0]           ; uart_controller:uart_ctrl_inst|baud_rate_gen:brg_inst|ov_tick ; uart_controller:uart_ctrl_inst|baud_rate_gen:brg_inst|ov_tick ; 0.000        ; -0.002     ; 0.594      ;
; 0.454 ; uart_controller:uart_ctrl_inst|uart_rx:rx_inst|bit_cnt[0]           ; uart_controller:uart_ctrl_inst|uart_rx:rx_inst|bit_cnt[1]           ; uart_controller:uart_ctrl_inst|baud_rate_gen:brg_inst|ov_tick ; uart_controller:uart_ctrl_inst|baud_rate_gen:brg_inst|ov_tick ; 0.000        ; 0.000      ; 0.606      ;
; 0.479 ; uart_controller:uart_ctrl_inst|uart_rx:rx_inst|tick_cnt[2]          ; uart_controller:uart_ctrl_inst|uart_rx:rx_inst|tick_cnt[2]          ; uart_controller:uart_ctrl_inst|baud_rate_gen:brg_inst|ov_tick ; uart_controller:uart_ctrl_inst|baud_rate_gen:brg_inst|ov_tick ; 0.000        ; 0.000      ; 0.631      ;
; 0.481 ; uart_controller:uart_ctrl_inst|uart_rx:rx_inst|state.STOP           ; uart_controller:uart_ctrl_inst|uart_rx:rx_inst|tick_cnt[2]          ; uart_controller:uart_ctrl_inst|baud_rate_gen:brg_inst|ov_tick ; uart_controller:uart_ctrl_inst|baud_rate_gen:brg_inst|ov_tick ; 0.000        ; -0.002     ; 0.631      ;
; 0.486 ; uart_controller:uart_ctrl_inst|uart_rx:rx_inst|state.DATA           ; uart_controller:uart_ctrl_inst|uart_rx:rx_inst|tick_cnt[2]          ; uart_controller:uart_ctrl_inst|baud_rate_gen:brg_inst|ov_tick ; uart_controller:uart_ctrl_inst|baud_rate_gen:brg_inst|ov_tick ; 0.000        ; -0.002     ; 0.636      ;
; 0.492 ; uart_controller:uart_ctrl_inst|uart_rx:rx_inst|state.DATA           ; uart_controller:uart_ctrl_inst|uart_rx:rx_inst|bit_cnt[0]           ; uart_controller:uart_ctrl_inst|baud_rate_gen:brg_inst|ov_tick ; uart_controller:uart_ctrl_inst|baud_rate_gen:brg_inst|ov_tick ; 0.000        ; -0.002     ; 0.642      ;
; 0.500 ; uart_controller:uart_ctrl_inst|uart_rx:rx_inst|valid_timeout_cnt[4] ; uart_controller:uart_ctrl_inst|uart_rx:rx_inst|rx_valid             ; uart_controller:uart_ctrl_inst|baud_rate_gen:brg_inst|ov_tick ; uart_controller:uart_ctrl_inst|baud_rate_gen:brg_inst|ov_tick ; 0.000        ; 0.000      ; 0.652      ;
; 0.502 ; uart_controller:uart_ctrl_inst|uart_rx:rx_inst|valid_timeout_cnt[2] ; uart_controller:uart_ctrl_inst|uart_rx:rx_inst|valid_timeout_cnt[3] ; uart_controller:uart_ctrl_inst|baud_rate_gen:brg_inst|ov_tick ; uart_controller:uart_ctrl_inst|baud_rate_gen:brg_inst|ov_tick ; 0.000        ; 0.000      ; 0.654      ;
; 0.503 ; uart_controller:uart_ctrl_inst|uart_rx:rx_inst|valid_timeout_cnt[4] ; uart_controller:uart_ctrl_inst|uart_rx:rx_inst|valid_timeout_cnt[5] ; uart_controller:uart_ctrl_inst|baud_rate_gen:brg_inst|ov_tick ; uart_controller:uart_ctrl_inst|baud_rate_gen:brg_inst|ov_tick ; 0.000        ; 0.000      ; 0.655      ;
; 0.506 ; uart_controller:uart_ctrl_inst|uart_rx:rx_inst|valid_timeout_cnt[6] ; uart_controller:uart_ctrl_inst|uart_rx:rx_inst|valid_timeout_cnt[7] ; uart_controller:uart_ctrl_inst|baud_rate_gen:brg_inst|ov_tick ; uart_controller:uart_ctrl_inst|baud_rate_gen:brg_inst|ov_tick ; 0.000        ; 0.000      ; 0.658      ;
; 0.513 ; uart_controller:uart_ctrl_inst|uart_rx:rx_inst|valid_timeout_cnt[1] ; uart_controller:uart_ctrl_inst|uart_rx:rx_inst|valid_timeout_cnt[2] ; uart_controller:uart_ctrl_inst|baud_rate_gen:brg_inst|ov_tick ; uart_controller:uart_ctrl_inst|baud_rate_gen:brg_inst|ov_tick ; 0.000        ; 0.000      ; 0.665      ;
; 0.516 ; uart_controller:uart_ctrl_inst|uart_rx:rx_inst|valid_timeout_cnt[3] ; uart_controller:uart_ctrl_inst|uart_rx:rx_inst|valid_timeout_cnt[4] ; uart_controller:uart_ctrl_inst|baud_rate_gen:brg_inst|ov_tick ; uart_controller:uart_ctrl_inst|baud_rate_gen:brg_inst|ov_tick ; 0.000        ; 0.000      ; 0.668      ;
; 0.516 ; uart_controller:uart_ctrl_inst|uart_rx:rx_inst|valid_timeout_cnt[5] ; uart_controller:uart_ctrl_inst|uart_rx:rx_inst|valid_timeout_cnt[6] ; uart_controller:uart_ctrl_inst|baud_rate_gen:brg_inst|ov_tick ; uart_controller:uart_ctrl_inst|baud_rate_gen:brg_inst|ov_tick ; 0.000        ; 0.000      ; 0.668      ;
; 0.534 ; uart_controller:uart_ctrl_inst|uart_rx:rx_inst|state.START          ; uart_controller:uart_ctrl_inst|uart_rx:rx_inst|bit_cnt[0]           ; uart_controller:uart_ctrl_inst|baud_rate_gen:brg_inst|ov_tick ; uart_controller:uart_ctrl_inst|baud_rate_gen:brg_inst|ov_tick ; 0.000        ; -0.002     ; 0.684      ;
; 0.537 ; uart_controller:uart_ctrl_inst|uart_rx:rx_inst|valid_timeout_cnt[2] ; uart_controller:uart_ctrl_inst|uart_rx:rx_inst|valid_timeout_cnt[4] ; uart_controller:uart_ctrl_inst|baud_rate_gen:brg_inst|ov_tick ; uart_controller:uart_ctrl_inst|baud_rate_gen:brg_inst|ov_tick ; 0.000        ; 0.000      ; 0.689      ;
; 0.538 ; uart_controller:uart_ctrl_inst|uart_rx:rx_inst|valid_timeout_cnt[4] ; uart_controller:uart_ctrl_inst|uart_rx:rx_inst|valid_timeout_cnt[6] ; uart_controller:uart_ctrl_inst|baud_rate_gen:brg_inst|ov_tick ; uart_controller:uart_ctrl_inst|baud_rate_gen:brg_inst|ov_tick ; 0.000        ; 0.000      ; 0.690      ;
; 0.546 ; uart_controller:uart_ctrl_inst|uart_rx:rx_inst|bit_cnt[2]           ; uart_controller:uart_ctrl_inst|uart_rx:rx_inst|bit_cnt[2]           ; uart_controller:uart_ctrl_inst|baud_rate_gen:brg_inst|ov_tick ; uart_controller:uart_ctrl_inst|baud_rate_gen:brg_inst|ov_tick ; 0.000        ; 0.000      ; 0.698      ;
; 0.546 ; uart_controller:uart_ctrl_inst|uart_rx:rx_inst|rx_reg[5]            ; uart_controller:uart_ctrl_inst|uart_rx:rx_inst|data_out[5]          ; uart_controller:uart_ctrl_inst|baud_rate_gen:brg_inst|ov_tick ; uart_controller:uart_ctrl_inst|baud_rate_gen:brg_inst|ov_tick ; 0.000        ; 0.009      ; 0.707      ;
; 0.548 ; uart_controller:uart_ctrl_inst|uart_rx:rx_inst|valid_timeout_cnt[1] ; uart_controller:uart_ctrl_inst|uart_rx:rx_inst|valid_timeout_cnt[3] ; uart_controller:uart_ctrl_inst|baud_rate_gen:brg_inst|ov_tick ; uart_controller:uart_ctrl_inst|baud_rate_gen:brg_inst|ov_tick ; 0.000        ; 0.000      ; 0.700      ;
; 0.549 ; uart_controller:uart_ctrl_inst|uart_rx:rx_inst|valid_timeout_cnt[0] ; uart_controller:uart_ctrl_inst|uart_rx:rx_inst|valid_timeout_cnt[1] ; uart_controller:uart_ctrl_inst|baud_rate_gen:brg_inst|ov_tick ; uart_controller:uart_ctrl_inst|baud_rate_gen:brg_inst|ov_tick ; 0.000        ; 0.000      ; 0.701      ;
; 0.550 ; uart_controller:uart_ctrl_inst|uart_rx:rx_inst|valid_timeout_cnt[3] ; uart_controller:uart_ctrl_inst|uart_rx:rx_inst|rx_valid             ; uart_controller:uart_ctrl_inst|baud_rate_gen:brg_inst|ov_tick ; uart_controller:uart_ctrl_inst|baud_rate_gen:brg_inst|ov_tick ; 0.000        ; 0.000      ; 0.702      ;
; 0.551 ; uart_controller:uart_ctrl_inst|uart_rx:rx_inst|valid_timeout_cnt[3] ; uart_controller:uart_ctrl_inst|uart_rx:rx_inst|valid_timeout_cnt[5] ; uart_controller:uart_ctrl_inst|baud_rate_gen:brg_inst|ov_tick ; uart_controller:uart_ctrl_inst|baud_rate_gen:brg_inst|ov_tick ; 0.000        ; 0.000      ; 0.703      ;
; 0.551 ; uart_controller:uart_ctrl_inst|uart_rx:rx_inst|valid_timeout_cnt[5] ; uart_controller:uart_ctrl_inst|uart_rx:rx_inst|valid_timeout_cnt[7] ; uart_controller:uart_ctrl_inst|baud_rate_gen:brg_inst|ov_tick ; uart_controller:uart_ctrl_inst|baud_rate_gen:brg_inst|ov_tick ; 0.000        ; 0.000      ; 0.703      ;
; 0.552 ; uart_controller:uart_ctrl_inst|uart_rx:rx_inst|tick_cnt[0]          ; uart_controller:uart_ctrl_inst|uart_rx:rx_inst|tick_cnt[1]          ; uart_controller:uart_ctrl_inst|baud_rate_gen:brg_inst|ov_tick ; uart_controller:uart_ctrl_inst|baud_rate_gen:brg_inst|ov_tick ; 0.000        ; 0.000      ; 0.704      ;
; 0.555 ; uart_controller:uart_ctrl_inst|uart_rx:rx_inst|tick_cnt[0]          ; uart_controller:uart_ctrl_inst|uart_rx:rx_inst|samples[2]           ; uart_controller:uart_ctrl_inst|baud_rate_gen:brg_inst|ov_tick ; uart_controller:uart_ctrl_inst|baud_rate_gen:brg_inst|ov_tick ; 0.000        ; -0.002     ; 0.705      ;
; 0.558 ; uart_controller:uart_ctrl_inst|uart_rx:rx_inst|tick_cnt[0]          ; uart_controller:uart_ctrl_inst|uart_rx:rx_inst|samples[1]           ; uart_controller:uart_ctrl_inst|baud_rate_gen:brg_inst|ov_tick ; uart_controller:uart_ctrl_inst|baud_rate_gen:brg_inst|ov_tick ; 0.000        ; -0.002     ; 0.708      ;
; 0.572 ; uart_controller:uart_ctrl_inst|uart_rx:rx_inst|valid_timeout_cnt[2] ; uart_controller:uart_ctrl_inst|uart_rx:rx_inst|valid_timeout_cnt[5] ; uart_controller:uart_ctrl_inst|baud_rate_gen:brg_inst|ov_tick ; uart_controller:uart_ctrl_inst|baud_rate_gen:brg_inst|ov_tick ; 0.000        ; 0.000      ; 0.724      ;
; 0.573 ; uart_controller:uart_ctrl_inst|uart_rx:rx_inst|valid_timeout_cnt[4] ; uart_controller:uart_ctrl_inst|uart_rx:rx_inst|valid_timeout_cnt[7] ; uart_controller:uart_ctrl_inst|baud_rate_gen:brg_inst|ov_tick ; uart_controller:uart_ctrl_inst|baud_rate_gen:brg_inst|ov_tick ; 0.000        ; 0.000      ; 0.725      ;
; 0.583 ; uart_controller:uart_ctrl_inst|uart_rx:rx_inst|valid_timeout_cnt[1] ; uart_controller:uart_ctrl_inst|uart_rx:rx_inst|valid_timeout_cnt[4] ; uart_controller:uart_ctrl_inst|baud_rate_gen:brg_inst|ov_tick ; uart_controller:uart_ctrl_inst|baud_rate_gen:brg_inst|ov_tick ; 0.000        ; 0.000      ; 0.735      ;
; 0.584 ; uart_controller:uart_ctrl_inst|uart_rx:rx_inst|valid_timeout_cnt[0] ; uart_controller:uart_ctrl_inst|uart_rx:rx_inst|valid_timeout_cnt[2] ; uart_controller:uart_ctrl_inst|baud_rate_gen:brg_inst|ov_tick ; uart_controller:uart_ctrl_inst|baud_rate_gen:brg_inst|ov_tick ; 0.000        ; 0.000      ; 0.736      ;
; 0.586 ; uart_controller:uart_ctrl_inst|uart_rx:rx_inst|valid_timeout_cnt[3] ; uart_controller:uart_ctrl_inst|uart_rx:rx_inst|valid_timeout_cnt[6] ; uart_controller:uart_ctrl_inst|baud_rate_gen:brg_inst|ov_tick ; uart_controller:uart_ctrl_inst|baud_rate_gen:brg_inst|ov_tick ; 0.000        ; 0.000      ; 0.738      ;
; 0.587 ; uart_controller:uart_ctrl_inst|uart_rx:rx_inst|state.STOP           ; uart_controller:uart_ctrl_inst|uart_rx:rx_inst|bit_cnt[0]           ; uart_controller:uart_ctrl_inst|baud_rate_gen:brg_inst|ov_tick ; uart_controller:uart_ctrl_inst|baud_rate_gen:brg_inst|ov_tick ; 0.000        ; -0.002     ; 0.737      ;
; 0.602 ; uart_controller:uart_ctrl_inst|uart_rx:rx_inst|tick_cnt[0]          ; uart_controller:uart_ctrl_inst|uart_rx:rx_inst|samples[0]           ; uart_controller:uart_ctrl_inst|baud_rate_gen:brg_inst|ov_tick ; uart_controller:uart_ctrl_inst|baud_rate_gen:brg_inst|ov_tick ; 0.000        ; -0.002     ; 0.752      ;
; 0.607 ; uart_controller:uart_ctrl_inst|uart_rx:rx_inst|valid_timeout_cnt[2] ; uart_controller:uart_ctrl_inst|uart_rx:rx_inst|valid_timeout_cnt[6] ; uart_controller:uart_ctrl_inst|baud_rate_gen:brg_inst|ov_tick ; uart_controller:uart_ctrl_inst|baud_rate_gen:brg_inst|ov_tick ; 0.000        ; 0.000      ; 0.759      ;
; 0.612 ; uart_controller:uart_ctrl_inst|uart_rx:rx_inst|valid_timeout_cnt[6] ; uart_controller:uart_ctrl_inst|uart_rx:rx_inst|valid_timeout_cnt[0] ; uart_controller:uart_ctrl_inst|baud_rate_gen:brg_inst|ov_tick ; uart_controller:uart_ctrl_inst|baud_rate_gen:brg_inst|ov_tick ; 0.000        ; 0.000      ; 0.764      ;
; 0.612 ; uart_controller:uart_ctrl_inst|uart_rx:rx_inst|valid_timeout_cnt[6] ; uart_controller:uart_ctrl_inst|uart_rx:rx_inst|valid_timeout_cnt[1] ; uart_controller:uart_ctrl_inst|baud_rate_gen:brg_inst|ov_tick ; uart_controller:uart_ctrl_inst|baud_rate_gen:brg_inst|ov_tick ; 0.000        ; 0.000      ; 0.764      ;
; 0.612 ; uart_controller:uart_ctrl_inst|uart_rx:rx_inst|valid_timeout_cnt[6] ; uart_controller:uart_ctrl_inst|uart_rx:rx_inst|valid_timeout_cnt[2] ; uart_controller:uart_ctrl_inst|baud_rate_gen:brg_inst|ov_tick ; uart_controller:uart_ctrl_inst|baud_rate_gen:brg_inst|ov_tick ; 0.000        ; 0.000      ; 0.764      ;
; 0.612 ; uart_controller:uart_ctrl_inst|uart_rx:rx_inst|valid_timeout_cnt[6] ; uart_controller:uart_ctrl_inst|uart_rx:rx_inst|valid_timeout_cnt[3] ; uart_controller:uart_ctrl_inst|baud_rate_gen:brg_inst|ov_tick ; uart_controller:uart_ctrl_inst|baud_rate_gen:brg_inst|ov_tick ; 0.000        ; 0.000      ; 0.764      ;
; 0.612 ; uart_controller:uart_ctrl_inst|uart_rx:rx_inst|valid_timeout_cnt[6] ; uart_controller:uart_ctrl_inst|uart_rx:rx_inst|valid_timeout_cnt[5] ; uart_controller:uart_ctrl_inst|baud_rate_gen:brg_inst|ov_tick ; uart_controller:uart_ctrl_inst|baud_rate_gen:brg_inst|ov_tick ; 0.000        ; 0.000      ; 0.764      ;
; 0.612 ; uart_controller:uart_ctrl_inst|uart_rx:rx_inst|valid_timeout_cnt[6] ; uart_controller:uart_ctrl_inst|uart_rx:rx_inst|valid_timeout_cnt[4] ; uart_controller:uart_ctrl_inst|baud_rate_gen:brg_inst|ov_tick ; uart_controller:uart_ctrl_inst|baud_rate_gen:brg_inst|ov_tick ; 0.000        ; 0.000      ; 0.764      ;
; 0.618 ; uart_controller:uart_ctrl_inst|uart_rx:rx_inst|valid_timeout_cnt[2] ; uart_controller:uart_ctrl_inst|uart_rx:rx_inst|rx_valid             ; uart_controller:uart_ctrl_inst|baud_rate_gen:brg_inst|ov_tick ; uart_controller:uart_ctrl_inst|baud_rate_gen:brg_inst|ov_tick ; 0.000        ; 0.000      ; 0.770      ;
; 0.618 ; uart_controller:uart_ctrl_inst|uart_rx:rx_inst|valid_timeout_cnt[1] ; uart_controller:uart_ctrl_inst|uart_rx:rx_inst|valid_timeout_cnt[5] ; uart_controller:uart_ctrl_inst|baud_rate_gen:brg_inst|ov_tick ; uart_controller:uart_ctrl_inst|baud_rate_gen:brg_inst|ov_tick ; 0.000        ; 0.000      ; 0.770      ;
; 0.619 ; uart_controller:uart_ctrl_inst|uart_rx:rx_inst|valid_timeout_cnt[0] ; uart_controller:uart_ctrl_inst|uart_rx:rx_inst|valid_timeout_cnt[3] ; uart_controller:uart_ctrl_inst|baud_rate_gen:brg_inst|ov_tick ; uart_controller:uart_ctrl_inst|baud_rate_gen:brg_inst|ov_tick ; 0.000        ; 0.000      ; 0.771      ;
; 0.620 ; uart_controller:uart_ctrl_inst|uart_rx:rx_inst|tick_cnt[2]          ; uart_controller:uart_ctrl_inst|uart_rx:rx_inst|samples[2]           ; uart_controller:uart_ctrl_inst|baud_rate_gen:brg_inst|ov_tick ; uart_controller:uart_ctrl_inst|baud_rate_gen:brg_inst|ov_tick ; 0.000        ; -0.002     ; 0.770      ;
; 0.620 ; uart_controller:uart_ctrl_inst|uart_rx:rx_inst|tick_cnt[2]          ; uart_controller:uart_ctrl_inst|uart_rx:rx_inst|samples[1]           ; uart_controller:uart_ctrl_inst|baud_rate_gen:brg_inst|ov_tick ; uart_controller:uart_ctrl_inst|baud_rate_gen:brg_inst|ov_tick ; 0.000        ; -0.002     ; 0.770      ;
; 0.621 ; uart_controller:uart_ctrl_inst|uart_rx:rx_inst|valid_timeout_cnt[3] ; uart_controller:uart_ctrl_inst|uart_rx:rx_inst|valid_timeout_cnt[7] ; uart_controller:uart_ctrl_inst|baud_rate_gen:brg_inst|ov_tick ; uart_controller:uart_ctrl_inst|baud_rate_gen:brg_inst|ov_tick ; 0.000        ; 0.000      ; 0.773      ;
; 0.621 ; uart_controller:uart_ctrl_inst|uart_rx:rx_inst|tick_cnt[1]          ; uart_controller:uart_ctrl_inst|uart_rx:rx_inst|samples[0]           ; uart_controller:uart_ctrl_inst|baud_rate_gen:brg_inst|ov_tick ; uart_controller:uart_ctrl_inst|baud_rate_gen:brg_inst|ov_tick ; 0.000        ; -0.002     ; 0.771      ;
; 0.622 ; uart_controller:uart_ctrl_inst|uart_rx:rx_inst|state.IDLE           ; uart_controller:uart_ctrl_inst|uart_rx:rx_inst|tick_cnt[2]          ; uart_controller:uart_ctrl_inst|baud_rate_gen:brg_inst|ov_tick ; uart_controller:uart_ctrl_inst|baud_rate_gen:brg_inst|ov_tick ; 0.000        ; -0.002     ; 0.772      ;
; 0.628 ; uart_controller:uart_ctrl_inst|uart_rx:rx_inst|valid_timeout_cnt[5] ; uart_controller:uart_ctrl_inst|uart_rx:rx_inst|rx_valid             ; uart_controller:uart_ctrl_inst|baud_rate_gen:brg_inst|ov_tick ; uart_controller:uart_ctrl_inst|baud_rate_gen:brg_inst|ov_tick ; 0.000        ; 0.000      ; 0.780      ;
; 0.640 ; uart_controller:uart_ctrl_inst|uart_rx:rx_inst|rx_reg[4]            ; uart_controller:uart_ctrl_inst|uart_rx:rx_inst|data_out[4]          ; uart_controller:uart_ctrl_inst|baud_rate_gen:brg_inst|ov_tick ; uart_controller:uart_ctrl_inst|baud_rate_gen:brg_inst|ov_tick ; 0.000        ; 0.009      ; 0.801      ;
; 0.642 ; uart_controller:uart_ctrl_inst|uart_rx:rx_inst|valid_timeout_cnt[2] ; uart_controller:uart_ctrl_inst|uart_rx:rx_inst|valid_timeout_cnt[7] ; uart_controller:uart_ctrl_inst|baud_rate_gen:brg_inst|ov_tick ; uart_controller:uart_ctrl_inst|baud_rate_gen:brg_inst|ov_tick ; 0.000        ; 0.000      ; 0.794      ;
; 0.644 ; uart_controller:uart_ctrl_inst|uart_rx:rx_inst|tick_cnt[0]          ; uart_controller:uart_ctrl_inst|uart_rx:rx_inst|tick_cnt[2]          ; uart_controller:uart_ctrl_inst|baud_rate_gen:brg_inst|ov_tick ; uart_controller:uart_ctrl_inst|baud_rate_gen:brg_inst|ov_tick ; 0.000        ; 0.000      ; 0.796      ;
; 0.650 ; uart_controller:uart_ctrl_inst|uart_rx:rx_inst|state.DATA           ; uart_controller:uart_ctrl_inst|uart_rx:rx_inst|bit_cnt[2]           ; uart_controller:uart_ctrl_inst|baud_rate_gen:brg_inst|ov_tick ; uart_controller:uart_ctrl_inst|baud_rate_gen:brg_inst|ov_tick ; 0.000        ; -0.002     ; 0.800      ;
; 0.651 ; uart_controller:uart_ctrl_inst|uart_rx:rx_inst|tick_cnt[0]          ; uart_controller:uart_ctrl_inst|uart_rx:rx_inst|bit_cnt[0]           ; uart_controller:uart_ctrl_inst|baud_rate_gen:brg_inst|ov_tick ; uart_controller:uart_ctrl_inst|baud_rate_gen:brg_inst|ov_tick ; 0.000        ; 0.000      ; 0.803      ;
; 0.653 ; uart_controller:uart_ctrl_inst|uart_rx:rx_inst|valid_timeout_cnt[1] ; uart_controller:uart_ctrl_inst|uart_rx:rx_inst|valid_timeout_cnt[6] ; uart_controller:uart_ctrl_inst|baud_rate_gen:brg_inst|ov_tick ; uart_controller:uart_ctrl_inst|baud_rate_gen:brg_inst|ov_tick ; 0.000        ; 0.000      ; 0.805      ;
; 0.654 ; uart_controller:uart_ctrl_inst|uart_rx:rx_inst|valid_timeout_cnt[0] ; uart_controller:uart_ctrl_inst|uart_rx:rx_inst|valid_timeout_cnt[4] ; uart_controller:uart_ctrl_inst|baud_rate_gen:brg_inst|ov_tick ; uart_controller:uart_ctrl_inst|baud_rate_gen:brg_inst|ov_tick ; 0.000        ; 0.000      ; 0.806      ;
; 0.656 ; uart_controller:uart_ctrl_inst|uart_rx:rx_inst|state.DATA           ; uart_controller:uart_ctrl_inst|uart_rx:rx_inst|bit_cnt[1]           ; uart_controller:uart_ctrl_inst|baud_rate_gen:brg_inst|ov_tick ; uart_controller:uart_ctrl_inst|baud_rate_gen:brg_inst|ov_tick ; 0.000        ; -0.002     ; 0.806      ;
; 0.666 ; uart_controller:uart_ctrl_inst|uart_rx:rx_inst|tick_cnt[1]          ; uart_controller:uart_ctrl_inst|uart_rx:rx_inst|samples[2]           ; uart_controller:uart_ctrl_inst|baud_rate_gen:brg_inst|ov_tick ; uart_controller:uart_ctrl_inst|baud_rate_gen:brg_inst|ov_tick ; 0.000        ; -0.002     ; 0.816      ;
; 0.666 ; uart_controller:uart_ctrl_inst|uart_rx:rx_inst|tick_cnt[1]          ; uart_controller:uart_ctrl_inst|uart_rx:rx_inst|samples[1]           ; uart_controller:uart_ctrl_inst|baud_rate_gen:brg_inst|ov_tick ; uart_controller:uart_ctrl_inst|baud_rate_gen:brg_inst|ov_tick ; 0.000        ; -0.002     ; 0.816      ;
; 0.670 ; uart_controller:uart_ctrl_inst|uart_rx:rx_inst|bit_cnt[0]           ; uart_controller:uart_ctrl_inst|uart_rx:rx_inst|bit_cnt[2]           ; uart_controller:uart_ctrl_inst|baud_rate_gen:brg_inst|ov_tick ; uart_controller:uart_ctrl_inst|baud_rate_gen:brg_inst|ov_tick ; 0.000        ; 0.000      ; 0.822      ;
; 0.675 ; uart_controller:uart_ctrl_inst|uart_rx:rx_inst|state.DATA           ; uart_controller:uart_ctrl_inst|uart_rx:rx_inst|samples[0]           ; uart_controller:uart_ctrl_inst|baud_rate_gen:brg_inst|ov_tick ; uart_controller:uart_ctrl_inst|baud_rate_gen:brg_inst|ov_tick ; 0.000        ; -0.004     ; 0.823      ;
; 0.679 ; uart_controller:uart_ctrl_inst|uart_rx:rx_inst|rx_reg[2]            ; uart_controller:uart_ctrl_inst|uart_rx:rx_inst|data_out[2]          ; uart_controller:uart_ctrl_inst|baud_rate_gen:brg_inst|ov_tick ; uart_controller:uart_ctrl_inst|baud_rate_gen:brg_inst|ov_tick ; 0.000        ; 0.009      ; 0.840      ;
; 0.681 ; uart_controller:uart_ctrl_inst|uart_rx:rx_inst|rx_reg[1]            ; uart_controller:uart_ctrl_inst|uart_rx:rx_inst|data_out[1]          ; uart_controller:uart_ctrl_inst|baud_rate_gen:brg_inst|ov_tick ; uart_controller:uart_ctrl_inst|baud_rate_gen:brg_inst|ov_tick ; 0.000        ; 0.009      ; 0.842      ;
; 0.688 ; uart_controller:uart_ctrl_inst|uart_rx:rx_inst|valid_timeout_cnt[1] ; uart_controller:uart_ctrl_inst|uart_rx:rx_inst|valid_timeout_cnt[7] ; uart_controller:uart_ctrl_inst|baud_rate_gen:brg_inst|ov_tick ; uart_controller:uart_ctrl_inst|baud_rate_gen:brg_inst|ov_tick ; 0.000        ; 0.000      ; 0.840      ;
; 0.689 ; uart_controller:uart_ctrl_inst|uart_rx:rx_inst|valid_timeout_cnt[0] ; uart_controller:uart_ctrl_inst|uart_rx:rx_inst|valid_timeout_cnt[5] ; uart_controller:uart_ctrl_inst|baud_rate_gen:brg_inst|ov_tick ; uart_controller:uart_ctrl_inst|baud_rate_gen:brg_inst|ov_tick ; 0.000        ; 0.000      ; 0.841      ;
; 0.690 ; uart_controller:uart_ctrl_inst|uart_rx:rx_inst|state.START          ; uart_controller:uart_ctrl_inst|uart_rx:rx_inst|bit_cnt[2]           ; uart_controller:uart_ctrl_inst|baud_rate_gen:brg_inst|ov_tick ; uart_controller:uart_ctrl_inst|baud_rate_gen:brg_inst|ov_tick ; 0.000        ; -0.002     ; 0.840      ;
; 0.696 ; uart_controller:uart_ctrl_inst|uart_rx:rx_inst|tick_cnt[1]          ; uart_controller:uart_ctrl_inst|uart_rx:rx_inst|bit_cnt[2]           ; uart_controller:uart_ctrl_inst|baud_rate_gen:brg_inst|ov_tick ; uart_controller:uart_ctrl_inst|baud_rate_gen:brg_inst|ov_tick ; 0.000        ; 0.000      ; 0.848      ;
; 0.697 ; uart_controller:uart_ctrl_inst|uart_rx:rx_inst|state.START          ; uart_controller:uart_ctrl_inst|uart_rx:rx_inst|bit_cnt[1]           ; uart_controller:uart_ctrl_inst|baud_rate_gen:brg_inst|ov_tick ; uart_controller:uart_ctrl_inst|baud_rate_gen:brg_inst|ov_tick ; 0.000        ; -0.002     ; 0.847      ;
+-------+---------------------------------------------------------------------+---------------------------------------------------------------------+---------------------------------------------------------------+---------------------------------------------------------------+--------------+------------+------------+


+--------------------------------------------------------------------------------------------------------------------------------------------------------------------------------------------------------------------------------------------------------------------------------------------------------------+
; Fast Model Hold: 'uart_controller:uart_ctrl_inst|baud_rate_gen:brg_inst|uart_tick'                                                                                                                                                                                                                           ;
+-------+------------------------------------------------------------+------------------------------------------------------------+-----------------------------------------------------------------+-----------------------------------------------------------------+--------------+------------+------------+
; Slack ; From Node                                                  ; To Node                                                    ; Launch Clock                                                    ; Latch Clock                                                     ; Relationship ; Clock Skew ; Data Delay ;
+-------+------------------------------------------------------------+------------------------------------------------------------+-----------------------------------------------------------------+-----------------------------------------------------------------+--------------+------------+------------+
; 0.215 ; uart_controller:uart_ctrl_inst|uart_tx:tx_inst|bit_cnt[0]  ; uart_controller:uart_ctrl_inst|uart_tx:tx_inst|bit_cnt[0]  ; uart_controller:uart_ctrl_inst|baud_rate_gen:brg_inst|uart_tick ; uart_controller:uart_ctrl_inst|baud_rate_gen:brg_inst|uart_tick ; 0.000        ; 0.000      ; 0.367      ;
; 0.215 ; uart_controller:uart_ctrl_inst|uart_tx:tx_inst|bit_cnt[1]  ; uart_controller:uart_ctrl_inst|uart_tx:tx_inst|bit_cnt[1]  ; uart_controller:uart_ctrl_inst|baud_rate_gen:brg_inst|uart_tick ; uart_controller:uart_ctrl_inst|baud_rate_gen:brg_inst|uart_tick ; 0.000        ; 0.000      ; 0.367      ;
; 0.215 ; uart_controller:uart_ctrl_inst|uart_tx:tx_inst|bit_cnt[2]  ; uart_controller:uart_ctrl_inst|uart_tx:tx_inst|bit_cnt[2]  ; uart_controller:uart_ctrl_inst|baud_rate_gen:brg_inst|uart_tick ; uart_controller:uart_ctrl_inst|baud_rate_gen:brg_inst|uart_tick ; 0.000        ; 0.000      ; 0.367      ;
; 0.215 ; uart_controller:uart_ctrl_inst|uart_tx:tx_inst|state.DATA  ; uart_controller:uart_ctrl_inst|uart_tx:tx_inst|state.DATA  ; uart_controller:uart_ctrl_inst|baud_rate_gen:brg_inst|uart_tick ; uart_controller:uart_ctrl_inst|baud_rate_gen:brg_inst|uart_tick ; 0.000        ; 0.000      ; 0.367      ;
; 0.215 ; uart_controller:uart_ctrl_inst|uart_tx:tx_inst|state.IDLE  ; uart_controller:uart_ctrl_inst|uart_tx:tx_inst|state.IDLE  ; uart_controller:uart_ctrl_inst|baud_rate_gen:brg_inst|uart_tick ; uart_controller:uart_ctrl_inst|baud_rate_gen:brg_inst|uart_tick ; 0.000        ; 0.000      ; 0.367      ;
; 0.215 ; uart_controller:uart_ctrl_inst|uart_tx:tx_inst|tx_reg[4]   ; uart_controller:uart_ctrl_inst|uart_tx:tx_inst|tx_reg[4]   ; uart_controller:uart_ctrl_inst|baud_rate_gen:brg_inst|uart_tick ; uart_controller:uart_ctrl_inst|baud_rate_gen:brg_inst|uart_tick ; 0.000        ; 0.000      ; 0.367      ;
; 0.215 ; uart_controller:uart_ctrl_inst|uart_tx:tx_inst|tx_reg[3]   ; uart_controller:uart_ctrl_inst|uart_tx:tx_inst|tx_reg[3]   ; uart_controller:uart_ctrl_inst|baud_rate_gen:brg_inst|uart_tick ; uart_controller:uart_ctrl_inst|baud_rate_gen:brg_inst|uart_tick ; 0.000        ; 0.000      ; 0.367      ;
; 0.215 ; uart_controller:uart_ctrl_inst|uart_tx:tx_inst|tx_reg[2]   ; uart_controller:uart_ctrl_inst|uart_tx:tx_inst|tx_reg[2]   ; uart_controller:uart_ctrl_inst|baud_rate_gen:brg_inst|uart_tick ; uart_controller:uart_ctrl_inst|baud_rate_gen:brg_inst|uart_tick ; 0.000        ; 0.000      ; 0.367      ;
; 0.249 ; uart_controller:uart_ctrl_inst|uart_tx:tx_inst|state.IDLE  ; uart_controller:uart_ctrl_inst|uart_tx:tx_inst|tx          ; uart_controller:uart_ctrl_inst|baud_rate_gen:brg_inst|uart_tick ; uart_controller:uart_ctrl_inst|baud_rate_gen:brg_inst|uart_tick ; 0.000        ; 0.000      ; 0.401      ;
; 0.252 ; uart_controller:uart_ctrl_inst|uart_tx:tx_inst|bit_cnt[0]  ; uart_controller:uart_ctrl_inst|uart_tx:tx_inst|state.STOP  ; uart_controller:uart_ctrl_inst|baud_rate_gen:brg_inst|uart_tick ; uart_controller:uart_ctrl_inst|baud_rate_gen:brg_inst|uart_tick ; 0.000        ; 0.000      ; 0.404      ;
; 0.253 ; uart_controller:uart_ctrl_inst|uart_tx:tx_inst|state.IDLE  ; uart_controller:uart_ctrl_inst|uart_tx:tx_inst|state.START ; uart_controller:uart_ctrl_inst|baud_rate_gen:brg_inst|uart_tick ; uart_controller:uart_ctrl_inst|baud_rate_gen:brg_inst|uart_tick ; 0.000        ; 0.000      ; 0.405      ;
; 0.276 ; uart_controller:uart_ctrl_inst|uart_tx:tx_inst|state.START ; uart_controller:uart_ctrl_inst|uart_tx:tx_inst|bit_cnt[0]  ; uart_controller:uart_ctrl_inst|baud_rate_gen:brg_inst|uart_tick ; uart_controller:uart_ctrl_inst|baud_rate_gen:brg_inst|uart_tick ; 0.000        ; 0.000      ; 0.428      ;
; 0.281 ; uart_controller:uart_ctrl_inst|uart_tx:tx_inst|state.STOP  ; uart_controller:uart_ctrl_inst|uart_tx:tx_inst|bit_cnt[2]  ; uart_controller:uart_ctrl_inst|baud_rate_gen:brg_inst|uart_tick ; uart_controller:uart_ctrl_inst|baud_rate_gen:brg_inst|uart_tick ; 0.000        ; 0.000      ; 0.433      ;
; 0.297 ; uart_controller:uart_ctrl_inst|uart_tx:tx_inst|tx_start_d  ; uart_controller:uart_ctrl_inst|uart_tx:tx_inst|state.START ; uart_controller:uart_ctrl_inst|baud_rate_gen:brg_inst|uart_tick ; uart_controller:uart_ctrl_inst|baud_rate_gen:brg_inst|uart_tick ; 0.000        ; 0.000      ; 0.449      ;
; 0.321 ; uart_controller:uart_ctrl_inst|uart_tx:tx_inst|bit_cnt[2]  ; uart_controller:uart_ctrl_inst|uart_tx:tx_inst|state.STOP  ; uart_controller:uart_ctrl_inst|baud_rate_gen:brg_inst|uart_tick ; uart_controller:uart_ctrl_inst|baud_rate_gen:brg_inst|uart_tick ; 0.000        ; 0.000      ; 0.473      ;
; 0.355 ; uart_controller:uart_ctrl_inst|uart_tx:tx_inst|tx_reg[1]   ; uart_controller:uart_ctrl_inst|uart_tx:tx_inst|tx_reg[0]   ; uart_controller:uart_ctrl_inst|baud_rate_gen:brg_inst|uart_tick ; uart_controller:uart_ctrl_inst|baud_rate_gen:brg_inst|uart_tick ; 0.000        ; 0.000      ; 0.507      ;
; 0.361 ; uart_controller:uart_ctrl_inst|uart_tx:tx_inst|tx_reg[3]   ; uart_controller:uart_ctrl_inst|uart_tx:tx_inst|tx_reg[2]   ; uart_controller:uart_ctrl_inst|baud_rate_gen:brg_inst|uart_tick ; uart_controller:uart_ctrl_inst|baud_rate_gen:brg_inst|uart_tick ; 0.000        ; 0.000      ; 0.513      ;
; 0.371 ; uart_controller:uart_ctrl_inst|uart_tx:tx_inst|bit_cnt[0]  ; uart_controller:uart_ctrl_inst|uart_tx:tx_inst|bit_cnt[1]  ; uart_controller:uart_ctrl_inst|baud_rate_gen:brg_inst|uart_tick ; uart_controller:uart_ctrl_inst|baud_rate_gen:brg_inst|uart_tick ; 0.000        ; 0.000      ; 0.523      ;
; 0.386 ; uart_controller:uart_ctrl_inst|uart_tx:tx_inst|state.DATA  ; uart_controller:uart_ctrl_inst|uart_tx:tx_inst|tx_reg[1]   ; uart_controller:uart_ctrl_inst|baud_rate_gen:brg_inst|uart_tick ; uart_controller:uart_ctrl_inst|baud_rate_gen:brg_inst|uart_tick ; 0.000        ; 0.000      ; 0.538      ;
; 0.386 ; uart_controller:uart_ctrl_inst|uart_tx:tx_inst|state.DATA  ; uart_controller:uart_ctrl_inst|uart_tx:tx_inst|tx_reg[0]   ; uart_controller:uart_ctrl_inst|baud_rate_gen:brg_inst|uart_tick ; uart_controller:uart_ctrl_inst|baud_rate_gen:brg_inst|uart_tick ; 0.000        ; 0.000      ; 0.538      ;
; 0.392 ; uart_controller:uart_ctrl_inst|uart_tx:tx_inst|bit_cnt[1]  ; uart_controller:uart_ctrl_inst|uart_tx:tx_inst|state.STOP  ; uart_controller:uart_ctrl_inst|baud_rate_gen:brg_inst|uart_tick ; uart_controller:uart_ctrl_inst|baud_rate_gen:brg_inst|uart_tick ; 0.000        ; 0.000      ; 0.544      ;
; 0.393 ; uart_controller:uart_ctrl_inst|uart_tx:tx_inst|state.START ; uart_controller:uart_ctrl_inst|uart_tx:tx_inst|tx_reg[4]   ; uart_controller:uart_ctrl_inst|baud_rate_gen:brg_inst|uart_tick ; uart_controller:uart_ctrl_inst|baud_rate_gen:brg_inst|uart_tick ; 0.000        ; 0.000      ; 0.545      ;
; 0.394 ; uart_controller:uart_ctrl_inst|uart_tx:tx_inst|state.START ; uart_controller:uart_ctrl_inst|uart_tx:tx_inst|bit_cnt[2]  ; uart_controller:uart_ctrl_inst|baud_rate_gen:brg_inst|uart_tick ; uart_controller:uart_ctrl_inst|baud_rate_gen:brg_inst|uart_tick ; 0.000        ; 0.000      ; 0.546      ;
; 0.395 ; uart_controller:uart_ctrl_inst|uart_tx:tx_inst|state.DATA  ; uart_controller:uart_ctrl_inst|uart_tx:tx_inst|tx          ; uart_controller:uart_ctrl_inst|baud_rate_gen:brg_inst|uart_tick ; uart_controller:uart_ctrl_inst|baud_rate_gen:brg_inst|uart_tick ; 0.000        ; 0.000      ; 0.547      ;
; 0.399 ; uart_controller:uart_ctrl_inst|uart_tx:tx_inst|state.STOP  ; uart_controller:uart_ctrl_inst|uart_tx:tx_inst|bit_cnt[0]  ; uart_controller:uart_ctrl_inst|baud_rate_gen:brg_inst|uart_tick ; uart_controller:uart_ctrl_inst|baud_rate_gen:brg_inst|uart_tick ; 0.000        ; 0.000      ; 0.551      ;
; 0.400 ; uart_controller:uart_ctrl_inst|uart_tx:tx_inst|state.STOP  ; uart_controller:uart_ctrl_inst|uart_tx:tx_inst|state.IDLE  ; uart_controller:uart_ctrl_inst|baud_rate_gen:brg_inst|uart_tick ; uart_controller:uart_ctrl_inst|baud_rate_gen:brg_inst|uart_tick ; 0.000        ; 0.000      ; 0.552      ;
; 0.400 ; uart_controller:uart_ctrl_inst|uart_tx:tx_inst|state.STOP  ; uart_controller:uart_ctrl_inst|uart_tx:tx_inst|tx          ; uart_controller:uart_ctrl_inst|baud_rate_gen:brg_inst|uart_tick ; uart_controller:uart_ctrl_inst|baud_rate_gen:brg_inst|uart_tick ; 0.000        ; 0.000      ; 0.552      ;
; 0.401 ; uart_controller:uart_ctrl_inst|uart_tx:tx_inst|state.DATA  ; uart_controller:uart_ctrl_inst|uart_tx:tx_inst|bit_cnt[0]  ; uart_controller:uart_ctrl_inst|baud_rate_gen:brg_inst|uart_tick ; uart_controller:uart_ctrl_inst|baud_rate_gen:brg_inst|uart_tick ; 0.000        ; 0.000      ; 0.553      ;
; 0.401 ; uart_controller:uart_ctrl_inst|uart_tx:tx_inst|state.START ; uart_controller:uart_ctrl_inst|uart_tx:tx_inst|state.DATA  ; uart_controller:uart_ctrl_inst|baud_rate_gen:brg_inst|uart_tick ; uart_controller:uart_ctrl_inst|baud_rate_gen:brg_inst|uart_tick ; 0.000        ; 0.000      ; 0.553      ;
; 0.401 ; uart_controller:uart_ctrl_inst|uart_tx:tx_inst|state.DATA  ; uart_controller:uart_ctrl_inst|uart_tx:tx_inst|tx_reg[2]   ; uart_controller:uart_ctrl_inst|baud_rate_gen:brg_inst|uart_tick ; uart_controller:uart_ctrl_inst|baud_rate_gen:brg_inst|uart_tick ; 0.000        ; 0.000      ; 0.553      ;
; 0.402 ; uart_controller:uart_ctrl_inst|uart_tx:tx_inst|state.DATA  ; uart_controller:uart_ctrl_inst|uart_tx:tx_inst|tx_reg[3]   ; uart_controller:uart_ctrl_inst|baud_rate_gen:brg_inst|uart_tick ; uart_controller:uart_ctrl_inst|baud_rate_gen:brg_inst|uart_tick ; 0.000        ; 0.000      ; 0.554      ;
; 0.406 ; uart_controller:uart_ctrl_inst|uart_tx:tx_inst|state.DATA  ; uart_controller:uart_ctrl_inst|uart_tx:tx_inst|state.STOP  ; uart_controller:uart_ctrl_inst|baud_rate_gen:brg_inst|uart_tick ; uart_controller:uart_ctrl_inst|baud_rate_gen:brg_inst|uart_tick ; 0.000        ; 0.000      ; 0.558      ;
; 0.407 ; uart_controller:uart_ctrl_inst|uart_tx:tx_inst|state.DATA  ; uart_controller:uart_ctrl_inst|uart_tx:tx_inst|bit_cnt[1]  ; uart_controller:uart_ctrl_inst|baud_rate_gen:brg_inst|uart_tick ; uart_controller:uart_ctrl_inst|baud_rate_gen:brg_inst|uart_tick ; 0.000        ; 0.000      ; 0.559      ;
; 0.441 ; uart_controller:uart_ctrl_inst|uart_tx:tx_inst|tx_reg[2]   ; uart_controller:uart_ctrl_inst|uart_tx:tx_inst|tx_reg[1]   ; uart_controller:uart_ctrl_inst|baud_rate_gen:brg_inst|uart_tick ; uart_controller:uart_ctrl_inst|baud_rate_gen:brg_inst|uart_tick ; 0.000        ; 0.000      ; 0.593      ;
; 0.467 ; uart_controller:uart_ctrl_inst|uart_tx:tx_inst|tx_reg[0]   ; uart_controller:uart_ctrl_inst|uart_tx:tx_inst|tx          ; uart_controller:uart_ctrl_inst|baud_rate_gen:brg_inst|uart_tick ; uart_controller:uart_ctrl_inst|baud_rate_gen:brg_inst|uart_tick ; 0.000        ; 0.000      ; 0.619      ;
; 0.510 ; uart_rx_packet_new:packet_inst|tx_data[1]                  ; uart_controller:uart_ctrl_inst|uart_tx:tx_inst|tx_reg[1]   ; CLOCK_50                                                        ; uart_controller:uart_ctrl_inst|baud_rate_gen:brg_inst|uart_tick ; 0.000        ; -0.272     ; 0.390      ;
; 0.538 ; uart_controller:uart_ctrl_inst|uart_tx:tx_inst|state.STOP  ; uart_controller:uart_ctrl_inst|uart_tx:tx_inst|tx_reg[3]   ; uart_controller:uart_ctrl_inst|baud_rate_gen:brg_inst|uart_tick ; uart_controller:uart_ctrl_inst|baud_rate_gen:brg_inst|uart_tick ; 0.000        ; 0.000      ; 0.690      ;
; 0.540 ; uart_controller:uart_ctrl_inst|uart_tx:tx_inst|state.STOP  ; uart_controller:uart_ctrl_inst|uart_tx:tx_inst|tx_reg[2]   ; uart_controller:uart_ctrl_inst|baud_rate_gen:brg_inst|uart_tick ; uart_controller:uart_ctrl_inst|baud_rate_gen:brg_inst|uart_tick ; 0.000        ; 0.000      ; 0.692      ;
; 0.558 ; uart_controller:uart_ctrl_inst|uart_tx:tx_inst|tx_reg[4]   ; uart_controller:uart_ctrl_inst|uart_tx:tx_inst|tx_reg[3]   ; uart_controller:uart_ctrl_inst|baud_rate_gen:brg_inst|uart_tick ; uart_controller:uart_ctrl_inst|baud_rate_gen:brg_inst|uart_tick ; 0.000        ; 0.000      ; 0.710      ;
; 0.562 ; uart_controller:uart_ctrl_inst|uart_tx:tx_inst|bit_cnt[1]  ; uart_controller:uart_ctrl_inst|uart_tx:tx_inst|bit_cnt[2]  ; uart_controller:uart_ctrl_inst|baud_rate_gen:brg_inst|uart_tick ; uart_controller:uart_ctrl_inst|baud_rate_gen:brg_inst|uart_tick ; 0.000        ; 0.000      ; 0.714      ;
; 0.573 ; uart_controller:uart_ctrl_inst|uart_tx:tx_inst|state.STOP  ; uart_controller:uart_ctrl_inst|uart_tx:tx_inst|state.DATA  ; uart_controller:uart_ctrl_inst|baud_rate_gen:brg_inst|uart_tick ; uart_controller:uart_ctrl_inst|baud_rate_gen:brg_inst|uart_tick ; 0.000        ; 0.000      ; 0.725      ;
; 0.578 ; uart_rx_packet_new:packet_inst|tx_data[0]                  ; uart_controller:uart_ctrl_inst|uart_tx:tx_inst|tx_reg[0]   ; CLOCK_50                                                        ; uart_controller:uart_ctrl_inst|baud_rate_gen:brg_inst|uart_tick ; 0.000        ; -0.272     ; 0.458      ;
; 0.607 ; uart_rx_packet_new:packet_inst|tx_data[0]                  ; uart_controller:uart_ctrl_inst|uart_tx:tx_inst|tx_reg[4]   ; CLOCK_50                                                        ; uart_controller:uart_ctrl_inst|baud_rate_gen:brg_inst|uart_tick ; 0.000        ; -0.272     ; 0.487      ;
; 0.627 ; uart_controller:uart_ctrl_inst|uart_tx:tx_inst|state.START ; uart_controller:uart_ctrl_inst|uart_tx:tx_inst|state.IDLE  ; uart_controller:uart_ctrl_inst|baud_rate_gen:brg_inst|uart_tick ; uart_controller:uart_ctrl_inst|baud_rate_gen:brg_inst|uart_tick ; 0.000        ; 0.000      ; 0.779      ;
; 0.633 ; uart_controller:uart_ctrl_inst|uart_tx:tx_inst|state.IDLE  ; uart_controller:uart_ctrl_inst|uart_tx:tx_inst|tx_reg[3]   ; uart_controller:uart_ctrl_inst|baud_rate_gen:brg_inst|uart_tick ; uart_controller:uart_ctrl_inst|baud_rate_gen:brg_inst|uart_tick ; 0.000        ; 0.000      ; 0.785      ;
; 0.635 ; uart_controller:uart_ctrl_inst|uart_tx:tx_inst|state.IDLE  ; uart_controller:uart_ctrl_inst|uart_tx:tx_inst|tx_reg[2]   ; uart_controller:uart_ctrl_inst|baud_rate_gen:brg_inst|uart_tick ; uart_controller:uart_ctrl_inst|baud_rate_gen:brg_inst|uart_tick ; 0.000        ; 0.000      ; 0.787      ;
; 0.639 ; uart_controller:uart_ctrl_inst|uart_tx:tx_inst|state.STOP  ; uart_controller:uart_ctrl_inst|uart_tx:tx_inst|bit_cnt[1]  ; uart_controller:uart_ctrl_inst|baud_rate_gen:brg_inst|uart_tick ; uart_controller:uart_ctrl_inst|baud_rate_gen:brg_inst|uart_tick ; 0.000        ; 0.000      ; 0.791      ;
; 0.661 ; uart_controller:uart_ctrl_inst|uart_tx:tx_inst|bit_cnt[0]  ; uart_controller:uart_ctrl_inst|uart_tx:tx_inst|bit_cnt[2]  ; uart_controller:uart_ctrl_inst|baud_rate_gen:brg_inst|uart_tick ; uart_controller:uart_ctrl_inst|baud_rate_gen:brg_inst|uart_tick ; 0.000        ; 0.000      ; 0.813      ;
; 0.669 ; uart_controller:uart_ctrl_inst|uart_tx:tx_inst|state.STOP  ; uart_controller:uart_ctrl_inst|uart_tx:tx_inst|tx_reg[4]   ; uart_controller:uart_ctrl_inst|baud_rate_gen:brg_inst|uart_tick ; uart_controller:uart_ctrl_inst|baud_rate_gen:brg_inst|uart_tick ; 0.000        ; 0.000      ; 0.821      ;
; 0.701 ; uart_controller:uart_ctrl_inst|uart_tx:tx_inst|state.DATA  ; uart_controller:uart_ctrl_inst|uart_tx:tx_inst|bit_cnt[2]  ; uart_controller:uart_ctrl_inst|baud_rate_gen:brg_inst|uart_tick ; uart_controller:uart_ctrl_inst|baud_rate_gen:brg_inst|uart_tick ; 0.000        ; 0.000      ; 0.853      ;
; 0.712 ; uart_controller:uart_ctrl_inst|uart_tx:tx_inst|tx_start_d  ; uart_controller:uart_ctrl_inst|uart_tx:tx_inst|state.IDLE  ; uart_controller:uart_ctrl_inst|baud_rate_gen:brg_inst|uart_tick ; uart_controller:uart_ctrl_inst|baud_rate_gen:brg_inst|uart_tick ; 0.000        ; 0.000      ; 0.864      ;
; 0.715 ; uart_controller:uart_ctrl_inst|uart_tx:tx_inst|tx_start_d  ; uart_controller:uart_ctrl_inst|uart_tx:tx_inst|state.DATA  ; uart_controller:uart_ctrl_inst|baud_rate_gen:brg_inst|uart_tick ; uart_controller:uart_ctrl_inst|baud_rate_gen:brg_inst|uart_tick ; 0.000        ; 0.000      ; 0.867      ;
; 0.717 ; uart_controller:uart_ctrl_inst|uart_tx:tx_inst|bit_cnt[0]  ; uart_controller:uart_ctrl_inst|uart_tx:tx_inst|state.IDLE  ; uart_controller:uart_ctrl_inst|baud_rate_gen:brg_inst|uart_tick ; uart_controller:uart_ctrl_inst|baud_rate_gen:brg_inst|uart_tick ; 0.000        ; 0.000      ; 0.869      ;
; 0.720 ; uart_controller:uart_ctrl_inst|uart_tx:tx_inst|bit_cnt[0]  ; uart_controller:uart_ctrl_inst|uart_tx:tx_inst|state.DATA  ; uart_controller:uart_ctrl_inst|baud_rate_gen:brg_inst|uart_tick ; uart_controller:uart_ctrl_inst|baud_rate_gen:brg_inst|uart_tick ; 0.000        ; 0.000      ; 0.872      ;
; 0.748 ; uart_controller:uart_ctrl_inst|uart_tx:tx_inst|state.DATA  ; uart_controller:uart_ctrl_inst|uart_tx:tx_inst|state.IDLE  ; uart_controller:uart_ctrl_inst|baud_rate_gen:brg_inst|uart_tick ; uart_controller:uart_ctrl_inst|baud_rate_gen:brg_inst|uart_tick ; 0.000        ; 0.000      ; 0.900      ;
; 0.759 ; uart_controller:uart_ctrl_inst|uart_tx:tx_inst|state.START ; uart_controller:uart_ctrl_inst|uart_tx:tx_inst|bit_cnt[1]  ; uart_controller:uart_ctrl_inst|baud_rate_gen:brg_inst|uart_tick ; uart_controller:uart_ctrl_inst|baud_rate_gen:brg_inst|uart_tick ; 0.000        ; 0.000      ; 0.911      ;
; 0.764 ; uart_controller:uart_ctrl_inst|uart_tx:tx_inst|state.IDLE  ; uart_controller:uart_ctrl_inst|uart_tx:tx_inst|tx_reg[4]   ; uart_controller:uart_ctrl_inst|baud_rate_gen:brg_inst|uart_tick ; uart_controller:uart_ctrl_inst|baud_rate_gen:brg_inst|uart_tick ; 0.000        ; 0.000      ; 0.916      ;
; 0.786 ; uart_controller:uart_ctrl_inst|uart_tx:tx_inst|bit_cnt[2]  ; uart_controller:uart_ctrl_inst|uart_tx:tx_inst|state.IDLE  ; uart_controller:uart_ctrl_inst|baud_rate_gen:brg_inst|uart_tick ; uart_controller:uart_ctrl_inst|baud_rate_gen:brg_inst|uart_tick ; 0.000        ; 0.000      ; 0.938      ;
; 0.789 ; uart_controller:uart_ctrl_inst|uart_tx:tx_inst|bit_cnt[2]  ; uart_controller:uart_ctrl_inst|uart_tx:tx_inst|state.DATA  ; uart_controller:uart_ctrl_inst|baud_rate_gen:brg_inst|uart_tick ; uart_controller:uart_ctrl_inst|baud_rate_gen:brg_inst|uart_tick ; 0.000        ; 0.000      ; 0.941      ;
; 0.791 ; uart_controller:uart_ctrl_inst|uart_tx:tx_inst|state.STOP  ; uart_controller:uart_ctrl_inst|uart_tx:tx_inst|tx_reg[1]   ; uart_controller:uart_ctrl_inst|baud_rate_gen:brg_inst|uart_tick ; uart_controller:uart_ctrl_inst|baud_rate_gen:brg_inst|uart_tick ; 0.000        ; 0.000      ; 0.943      ;
; 0.791 ; uart_controller:uart_ctrl_inst|uart_tx:tx_inst|state.STOP  ; uart_controller:uart_ctrl_inst|uart_tx:tx_inst|tx_reg[0]   ; uart_controller:uart_ctrl_inst|baud_rate_gen:brg_inst|uart_tick ; uart_controller:uart_ctrl_inst|baud_rate_gen:brg_inst|uart_tick ; 0.000        ; 0.000      ; 0.943      ;
; 0.801 ; uart_rx_packet_new:packet_inst|LEDR[15]                    ; uart_controller:uart_ctrl_inst|uart_tx:tx_inst|tx_start_d  ; CLOCK_50                                                        ; uart_controller:uart_ctrl_inst|baud_rate_gen:brg_inst|uart_tick ; 0.000        ; -0.272     ; 0.681      ;
; 0.841 ; uart_rx_packet_new:packet_inst|LEDR[15]                    ; uart_controller:uart_ctrl_inst|uart_tx:tx_inst|state.START ; CLOCK_50                                                        ; uart_controller:uart_ctrl_inst|baud_rate_gen:brg_inst|uart_tick ; 0.000        ; -0.272     ; 0.721      ;
; 0.857 ; uart_controller:uart_ctrl_inst|uart_tx:tx_inst|bit_cnt[1]  ; uart_controller:uart_ctrl_inst|uart_tx:tx_inst|state.IDLE  ; uart_controller:uart_ctrl_inst|baud_rate_gen:brg_inst|uart_tick ; uart_controller:uart_ctrl_inst|baud_rate_gen:brg_inst|uart_tick ; 0.000        ; 0.000      ; 1.009      ;
; 0.860 ; uart_controller:uart_ctrl_inst|uart_tx:tx_inst|bit_cnt[1]  ; uart_controller:uart_ctrl_inst|uart_tx:tx_inst|state.DATA  ; uart_controller:uart_ctrl_inst|baud_rate_gen:brg_inst|uart_tick ; uart_controller:uart_ctrl_inst|baud_rate_gen:brg_inst|uart_tick ; 0.000        ; 0.000      ; 1.012      ;
; 0.882 ; uart_rx_packet_new:packet_inst|LEDR[15]                    ; uart_controller:uart_ctrl_inst|uart_tx:tx_inst|state.IDLE  ; CLOCK_50                                                        ; uart_controller:uart_ctrl_inst|baud_rate_gen:brg_inst|uart_tick ; 0.000        ; -0.272     ; 0.762      ;
; 0.885 ; uart_rx_packet_new:packet_inst|LEDR[15]                    ; uart_controller:uart_ctrl_inst|uart_tx:tx_inst|state.DATA  ; CLOCK_50                                                        ; uart_controller:uart_ctrl_inst|baud_rate_gen:brg_inst|uart_tick ; 0.000        ; -0.272     ; 0.765      ;
; 0.886 ; uart_controller:uart_ctrl_inst|uart_tx:tx_inst|state.IDLE  ; uart_controller:uart_ctrl_inst|uart_tx:tx_inst|tx_reg[1]   ; uart_controller:uart_ctrl_inst|baud_rate_gen:brg_inst|uart_tick ; uart_controller:uart_ctrl_inst|baud_rate_gen:brg_inst|uart_tick ; 0.000        ; 0.000      ; 1.038      ;
; 0.886 ; uart_controller:uart_ctrl_inst|uart_tx:tx_inst|state.IDLE  ; uart_controller:uart_ctrl_inst|uart_tx:tx_inst|tx_reg[0]   ; uart_controller:uart_ctrl_inst|baud_rate_gen:brg_inst|uart_tick ; uart_controller:uart_ctrl_inst|baud_rate_gen:brg_inst|uart_tick ; 0.000        ; 0.000      ; 1.038      ;
+-------+------------------------------------------------------------+------------------------------------------------------------+-----------------------------------------------------------------+-----------------------------------------------------------------+--------------+------------+------------+


+------------------------------------------------------------------------------------------------------------------------------------------------------------------------------------------------------------------------------------------------+
; Fast Model Recovery: 'uart_controller:uart_ctrl_inst|baud_rate_gen:brg_inst|ov_tick'                                                                                                                                                           ;
+--------+-----------------------------------------+---------------------------------------------------------------------+--------------+---------------------------------------------------------------+--------------+------------+------------+
; Slack  ; From Node                               ; To Node                                                             ; Launch Clock ; Latch Clock                                                   ; Relationship ; Clock Skew ; Data Delay ;
+--------+-----------------------------------------+---------------------------------------------------------------------+--------------+---------------------------------------------------------------+--------------+------------+------------+
; -0.226 ; uart_rx_packet_new:packet_inst|rx_clear ; uart_controller:uart_ctrl_inst|uart_rx:rx_inst|valid_timeout_cnt[0] ; CLOCK_50     ; uart_controller:uart_ctrl_inst|baud_rate_gen:brg_inst|ov_tick ; 1.000        ; -0.272     ; 0.986      ;
; -0.226 ; uart_rx_packet_new:packet_inst|rx_clear ; uart_controller:uart_ctrl_inst|uart_rx:rx_inst|valid_timeout_cnt[1] ; CLOCK_50     ; uart_controller:uart_ctrl_inst|baud_rate_gen:brg_inst|ov_tick ; 1.000        ; -0.272     ; 0.986      ;
; -0.226 ; uart_rx_packet_new:packet_inst|rx_clear ; uart_controller:uart_ctrl_inst|uart_rx:rx_inst|valid_timeout_cnt[2] ; CLOCK_50     ; uart_controller:uart_ctrl_inst|baud_rate_gen:brg_inst|ov_tick ; 1.000        ; -0.272     ; 0.986      ;
; -0.226 ; uart_rx_packet_new:packet_inst|rx_clear ; uart_controller:uart_ctrl_inst|uart_rx:rx_inst|valid_timeout_cnt[3] ; CLOCK_50     ; uart_controller:uart_ctrl_inst|baud_rate_gen:brg_inst|ov_tick ; 1.000        ; -0.272     ; 0.986      ;
; -0.226 ; uart_rx_packet_new:packet_inst|rx_clear ; uart_controller:uart_ctrl_inst|uart_rx:rx_inst|valid_timeout_cnt[5] ; CLOCK_50     ; uart_controller:uart_ctrl_inst|baud_rate_gen:brg_inst|ov_tick ; 1.000        ; -0.272     ; 0.986      ;
; -0.226 ; uart_rx_packet_new:packet_inst|rx_clear ; uart_controller:uart_ctrl_inst|uart_rx:rx_inst|valid_timeout_cnt[6] ; CLOCK_50     ; uart_controller:uart_ctrl_inst|baud_rate_gen:brg_inst|ov_tick ; 1.000        ; -0.272     ; 0.986      ;
; -0.226 ; uart_rx_packet_new:packet_inst|rx_clear ; uart_controller:uart_ctrl_inst|uart_rx:rx_inst|valid_timeout_cnt[7] ; CLOCK_50     ; uart_controller:uart_ctrl_inst|baud_rate_gen:brg_inst|ov_tick ; 1.000        ; -0.272     ; 0.986      ;
; -0.226 ; uart_rx_packet_new:packet_inst|rx_clear ; uart_controller:uart_ctrl_inst|uart_rx:rx_inst|valid_timeout_cnt[4] ; CLOCK_50     ; uart_controller:uart_ctrl_inst|baud_rate_gen:brg_inst|ov_tick ; 1.000        ; -0.272     ; 0.986      ;
; -0.226 ; uart_rx_packet_new:packet_inst|rx_clear ; uart_controller:uart_ctrl_inst|uart_rx:rx_inst|rx_valid             ; CLOCK_50     ; uart_controller:uart_ctrl_inst|baud_rate_gen:brg_inst|ov_tick ; 1.000        ; -0.272     ; 0.986      ;
+--------+-----------------------------------------+---------------------------------------------------------------------+--------------+---------------------------------------------------------------+--------------+------------+------------+


+-----------------------------------------------------------------------------------------------------------------------------------------------------------------------------------------------------------------------------------------------+
; Fast Model Removal: 'uart_controller:uart_ctrl_inst|baud_rate_gen:brg_inst|ov_tick'                                                                                                                                                           ;
+-------+-----------------------------------------+---------------------------------------------------------------------+--------------+---------------------------------------------------------------+--------------+------------+------------+
; Slack ; From Node                               ; To Node                                                             ; Launch Clock ; Latch Clock                                                   ; Relationship ; Clock Skew ; Data Delay ;
+-------+-----------------------------------------+---------------------------------------------------------------------+--------------+---------------------------------------------------------------+--------------+------------+------------+
; 1.106 ; uart_rx_packet_new:packet_inst|rx_clear ; uart_controller:uart_ctrl_inst|uart_rx:rx_inst|valid_timeout_cnt[0] ; CLOCK_50     ; uart_controller:uart_ctrl_inst|baud_rate_gen:brg_inst|ov_tick ; 0.000        ; -0.272     ; 0.986      ;
; 1.106 ; uart_rx_packet_new:packet_inst|rx_clear ; uart_controller:uart_ctrl_inst|uart_rx:rx_inst|valid_timeout_cnt[1] ; CLOCK_50     ; uart_controller:uart_ctrl_inst|baud_rate_gen:brg_inst|ov_tick ; 0.000        ; -0.272     ; 0.986      ;
; 1.106 ; uart_rx_packet_new:packet_inst|rx_clear ; uart_controller:uart_ctrl_inst|uart_rx:rx_inst|valid_timeout_cnt[2] ; CLOCK_50     ; uart_controller:uart_ctrl_inst|baud_rate_gen:brg_inst|ov_tick ; 0.000        ; -0.272     ; 0.986      ;
; 1.106 ; uart_rx_packet_new:packet_inst|rx_clear ; uart_controller:uart_ctrl_inst|uart_rx:rx_inst|valid_timeout_cnt[3] ; CLOCK_50     ; uart_controller:uart_ctrl_inst|baud_rate_gen:brg_inst|ov_tick ; 0.000        ; -0.272     ; 0.986      ;
; 1.106 ; uart_rx_packet_new:packet_inst|rx_clear ; uart_controller:uart_ctrl_inst|uart_rx:rx_inst|valid_timeout_cnt[5] ; CLOCK_50     ; uart_controller:uart_ctrl_inst|baud_rate_gen:brg_inst|ov_tick ; 0.000        ; -0.272     ; 0.986      ;
; 1.106 ; uart_rx_packet_new:packet_inst|rx_clear ; uart_controller:uart_ctrl_inst|uart_rx:rx_inst|valid_timeout_cnt[6] ; CLOCK_50     ; uart_controller:uart_ctrl_inst|baud_rate_gen:brg_inst|ov_tick ; 0.000        ; -0.272     ; 0.986      ;
; 1.106 ; uart_rx_packet_new:packet_inst|rx_clear ; uart_controller:uart_ctrl_inst|uart_rx:rx_inst|valid_timeout_cnt[7] ; CLOCK_50     ; uart_controller:uart_ctrl_inst|baud_rate_gen:brg_inst|ov_tick ; 0.000        ; -0.272     ; 0.986      ;
; 1.106 ; uart_rx_packet_new:packet_inst|rx_clear ; uart_controller:uart_ctrl_inst|uart_rx:rx_inst|valid_timeout_cnt[4] ; CLOCK_50     ; uart_controller:uart_ctrl_inst|baud_rate_gen:brg_inst|ov_tick ; 0.000        ; -0.272     ; 0.986      ;
; 1.106 ; uart_rx_packet_new:packet_inst|rx_clear ; uart_controller:uart_ctrl_inst|uart_rx:rx_inst|rx_valid             ; CLOCK_50     ; uart_controller:uart_ctrl_inst|baud_rate_gen:brg_inst|ov_tick ; 0.000        ; -0.272     ; 0.986      ;
+-------+-----------------------------------------+---------------------------------------------------------------------+--------------+---------------------------------------------------------------+--------------+------------+------------+


+-----------------------------------------------------------------------------------------------------------------------------------------------------------------------------------------------------------+
; Fast Model Minimum Pulse Width: 'CLOCK_50'                                                                                                                                                                ;
+--------+--------------+----------------+------------------+----------+------------+-----------------------------------------------------------------------------------------------------------------------+
; Slack  ; Actual Width ; Required Width ; Type             ; Clock    ; Clock Edge ; Target                                                                                                                ;
+--------+--------------+----------------+------------------+----------+------------+-----------------------------------------------------------------------------------------------------------------------+
; -1.627 ; 0.500        ; 2.127          ; High Pulse Width ; CLOCK_50 ; Rise       ; uart_rx_packet_new:packet_inst|altsyncram:buffer_rtl_0|altsyncram_09c1:auto_generated|ram_block1a0~porta_address_reg0 ;
; -1.627 ; 0.500        ; 2.127          ; Low Pulse Width  ; CLOCK_50 ; Rise       ; uart_rx_packet_new:packet_inst|altsyncram:buffer_rtl_0|altsyncram_09c1:auto_generated|ram_block1a0~porta_address_reg0 ;
; -1.627 ; 0.500        ; 2.127          ; High Pulse Width ; CLOCK_50 ; Rise       ; uart_rx_packet_new:packet_inst|altsyncram:buffer_rtl_0|altsyncram_09c1:auto_generated|ram_block1a0~porta_address_reg1 ;
; -1.627 ; 0.500        ; 2.127          ; Low Pulse Width  ; CLOCK_50 ; Rise       ; uart_rx_packet_new:packet_inst|altsyncram:buffer_rtl_0|altsyncram_09c1:auto_generated|ram_block1a0~porta_address_reg1 ;
; -1.627 ; 0.500        ; 2.127          ; High Pulse Width ; CLOCK_50 ; Rise       ; uart_rx_packet_new:packet_inst|altsyncram:buffer_rtl_0|altsyncram_09c1:auto_generated|ram_block1a0~porta_address_reg2 ;
; -1.627 ; 0.500        ; 2.127          ; Low Pulse Width  ; CLOCK_50 ; Rise       ; uart_rx_packet_new:packet_inst|altsyncram:buffer_rtl_0|altsyncram_09c1:auto_generated|ram_block1a0~porta_address_reg2 ;
; -1.627 ; 0.500        ; 2.127          ; High Pulse Width ; CLOCK_50 ; Rise       ; uart_rx_packet_new:packet_inst|altsyncram:buffer_rtl_0|altsyncram_09c1:auto_generated|ram_block1a0~porta_address_reg3 ;
; -1.627 ; 0.500        ; 2.127          ; Low Pulse Width  ; CLOCK_50 ; Rise       ; uart_rx_packet_new:packet_inst|altsyncram:buffer_rtl_0|altsyncram_09c1:auto_generated|ram_block1a0~porta_address_reg3 ;
; -1.627 ; 0.500        ; 2.127          ; High Pulse Width ; CLOCK_50 ; Rise       ; uart_rx_packet_new:packet_inst|altsyncram:buffer_rtl_0|altsyncram_09c1:auto_generated|ram_block1a0~porta_address_reg4 ;
; -1.627 ; 0.500        ; 2.127          ; Low Pulse Width  ; CLOCK_50 ; Rise       ; uart_rx_packet_new:packet_inst|altsyncram:buffer_rtl_0|altsyncram_09c1:auto_generated|ram_block1a0~porta_address_reg4 ;
; -1.627 ; 0.500        ; 2.127          ; High Pulse Width ; CLOCK_50 ; Rise       ; uart_rx_packet_new:packet_inst|altsyncram:buffer_rtl_0|altsyncram_09c1:auto_generated|ram_block1a0~porta_address_reg5 ;
; -1.627 ; 0.500        ; 2.127          ; Low Pulse Width  ; CLOCK_50 ; Rise       ; uart_rx_packet_new:packet_inst|altsyncram:buffer_rtl_0|altsyncram_09c1:auto_generated|ram_block1a0~porta_address_reg5 ;
; -1.627 ; 0.500        ; 2.127          ; High Pulse Width ; CLOCK_50 ; Rise       ; uart_rx_packet_new:packet_inst|altsyncram:buffer_rtl_0|altsyncram_09c1:auto_generated|ram_block1a0~porta_address_reg6 ;
; -1.627 ; 0.500        ; 2.127          ; Low Pulse Width  ; CLOCK_50 ; Rise       ; uart_rx_packet_new:packet_inst|altsyncram:buffer_rtl_0|altsyncram_09c1:auto_generated|ram_block1a0~porta_address_reg6 ;
; -1.627 ; 0.500        ; 2.127          ; High Pulse Width ; CLOCK_50 ; Rise       ; uart_rx_packet_new:packet_inst|altsyncram:buffer_rtl_0|altsyncram_09c1:auto_generated|ram_block1a0~porta_address_reg7 ;
; -1.627 ; 0.500        ; 2.127          ; Low Pulse Width  ; CLOCK_50 ; Rise       ; uart_rx_packet_new:packet_inst|altsyncram:buffer_rtl_0|altsyncram_09c1:auto_generated|ram_block1a0~porta_address_reg7 ;
; -1.627 ; 0.500        ; 2.127          ; High Pulse Width ; CLOCK_50 ; Rise       ; uart_rx_packet_new:packet_inst|altsyncram:buffer_rtl_0|altsyncram_09c1:auto_generated|ram_block1a0~porta_datain_reg0  ;
; -1.627 ; 0.500        ; 2.127          ; Low Pulse Width  ; CLOCK_50 ; Rise       ; uart_rx_packet_new:packet_inst|altsyncram:buffer_rtl_0|altsyncram_09c1:auto_generated|ram_block1a0~porta_datain_reg0  ;
; -1.627 ; 0.500        ; 2.127          ; High Pulse Width ; CLOCK_50 ; Rise       ; uart_rx_packet_new:packet_inst|altsyncram:buffer_rtl_0|altsyncram_09c1:auto_generated|ram_block1a0~porta_datain_reg1  ;
; -1.627 ; 0.500        ; 2.127          ; Low Pulse Width  ; CLOCK_50 ; Rise       ; uart_rx_packet_new:packet_inst|altsyncram:buffer_rtl_0|altsyncram_09c1:auto_generated|ram_block1a0~porta_datain_reg1  ;
; -1.627 ; 0.500        ; 2.127          ; High Pulse Width ; CLOCK_50 ; Rise       ; uart_rx_packet_new:packet_inst|altsyncram:buffer_rtl_0|altsyncram_09c1:auto_generated|ram_block1a0~porta_datain_reg2  ;
; -1.627 ; 0.500        ; 2.127          ; Low Pulse Width  ; CLOCK_50 ; Rise       ; uart_rx_packet_new:packet_inst|altsyncram:buffer_rtl_0|altsyncram_09c1:auto_generated|ram_block1a0~porta_datain_reg2  ;
; -1.627 ; 0.500        ; 2.127          ; High Pulse Width ; CLOCK_50 ; Rise       ; uart_rx_packet_new:packet_inst|altsyncram:buffer_rtl_0|altsyncram_09c1:auto_generated|ram_block1a0~porta_datain_reg3  ;
; -1.627 ; 0.500        ; 2.127          ; Low Pulse Width  ; CLOCK_50 ; Rise       ; uart_rx_packet_new:packet_inst|altsyncram:buffer_rtl_0|altsyncram_09c1:auto_generated|ram_block1a0~porta_datain_reg3  ;
; -1.627 ; 0.500        ; 2.127          ; High Pulse Width ; CLOCK_50 ; Rise       ; uart_rx_packet_new:packet_inst|altsyncram:buffer_rtl_0|altsyncram_09c1:auto_generated|ram_block1a0~porta_datain_reg4  ;
; -1.627 ; 0.500        ; 2.127          ; Low Pulse Width  ; CLOCK_50 ; Rise       ; uart_rx_packet_new:packet_inst|altsyncram:buffer_rtl_0|altsyncram_09c1:auto_generated|ram_block1a0~porta_datain_reg4  ;
; -1.627 ; 0.500        ; 2.127          ; High Pulse Width ; CLOCK_50 ; Rise       ; uart_rx_packet_new:packet_inst|altsyncram:buffer_rtl_0|altsyncram_09c1:auto_generated|ram_block1a0~porta_datain_reg5  ;
; -1.627 ; 0.500        ; 2.127          ; Low Pulse Width  ; CLOCK_50 ; Rise       ; uart_rx_packet_new:packet_inst|altsyncram:buffer_rtl_0|altsyncram_09c1:auto_generated|ram_block1a0~porta_datain_reg5  ;
; -1.627 ; 0.500        ; 2.127          ; High Pulse Width ; CLOCK_50 ; Rise       ; uart_rx_packet_new:packet_inst|altsyncram:buffer_rtl_0|altsyncram_09c1:auto_generated|ram_block1a0~porta_datain_reg6  ;
; -1.627 ; 0.500        ; 2.127          ; Low Pulse Width  ; CLOCK_50 ; Rise       ; uart_rx_packet_new:packet_inst|altsyncram:buffer_rtl_0|altsyncram_09c1:auto_generated|ram_block1a0~porta_datain_reg6  ;
; -1.627 ; 0.500        ; 2.127          ; High Pulse Width ; CLOCK_50 ; Rise       ; uart_rx_packet_new:packet_inst|altsyncram:buffer_rtl_0|altsyncram_09c1:auto_generated|ram_block1a0~porta_datain_reg7  ;
; -1.627 ; 0.500        ; 2.127          ; Low Pulse Width  ; CLOCK_50 ; Rise       ; uart_rx_packet_new:packet_inst|altsyncram:buffer_rtl_0|altsyncram_09c1:auto_generated|ram_block1a0~porta_datain_reg7  ;
; -1.627 ; 0.500        ; 2.127          ; High Pulse Width ; CLOCK_50 ; Rise       ; uart_rx_packet_new:packet_inst|altsyncram:buffer_rtl_0|altsyncram_09c1:auto_generated|ram_block1a0~porta_memory_reg0  ;
; -1.627 ; 0.500        ; 2.127          ; Low Pulse Width  ; CLOCK_50 ; Rise       ; uart_rx_packet_new:packet_inst|altsyncram:buffer_rtl_0|altsyncram_09c1:auto_generated|ram_block1a0~porta_memory_reg0  ;
; -1.627 ; 0.500        ; 2.127          ; High Pulse Width ; CLOCK_50 ; Rise       ; uart_rx_packet_new:packet_inst|altsyncram:buffer_rtl_0|altsyncram_09c1:auto_generated|ram_block1a0~porta_we_reg       ;
; -1.627 ; 0.500        ; 2.127          ; Low Pulse Width  ; CLOCK_50 ; Rise       ; uart_rx_packet_new:packet_inst|altsyncram:buffer_rtl_0|altsyncram_09c1:auto_generated|ram_block1a0~porta_we_reg       ;
; -1.627 ; 0.500        ; 2.127          ; High Pulse Width ; CLOCK_50 ; Rise       ; uart_rx_packet_new:packet_inst|altsyncram:buffer_rtl_0|altsyncram_09c1:auto_generated|ram_block1a0~portb_address_reg0 ;
; -1.627 ; 0.500        ; 2.127          ; Low Pulse Width  ; CLOCK_50 ; Rise       ; uart_rx_packet_new:packet_inst|altsyncram:buffer_rtl_0|altsyncram_09c1:auto_generated|ram_block1a0~portb_address_reg0 ;
; -1.627 ; 0.500        ; 2.127          ; High Pulse Width ; CLOCK_50 ; Rise       ; uart_rx_packet_new:packet_inst|altsyncram:buffer_rtl_0|altsyncram_09c1:auto_generated|ram_block1a0~portb_address_reg1 ;
; -1.627 ; 0.500        ; 2.127          ; Low Pulse Width  ; CLOCK_50 ; Rise       ; uart_rx_packet_new:packet_inst|altsyncram:buffer_rtl_0|altsyncram_09c1:auto_generated|ram_block1a0~portb_address_reg1 ;
; -1.627 ; 0.500        ; 2.127          ; High Pulse Width ; CLOCK_50 ; Rise       ; uart_rx_packet_new:packet_inst|altsyncram:buffer_rtl_0|altsyncram_09c1:auto_generated|ram_block1a0~portb_address_reg2 ;
; -1.627 ; 0.500        ; 2.127          ; Low Pulse Width  ; CLOCK_50 ; Rise       ; uart_rx_packet_new:packet_inst|altsyncram:buffer_rtl_0|altsyncram_09c1:auto_generated|ram_block1a0~portb_address_reg2 ;
; -1.627 ; 0.500        ; 2.127          ; High Pulse Width ; CLOCK_50 ; Rise       ; uart_rx_packet_new:packet_inst|altsyncram:buffer_rtl_0|altsyncram_09c1:auto_generated|ram_block1a0~portb_address_reg3 ;
; -1.627 ; 0.500        ; 2.127          ; Low Pulse Width  ; CLOCK_50 ; Rise       ; uart_rx_packet_new:packet_inst|altsyncram:buffer_rtl_0|altsyncram_09c1:auto_generated|ram_block1a0~portb_address_reg3 ;
; -1.627 ; 0.500        ; 2.127          ; High Pulse Width ; CLOCK_50 ; Rise       ; uart_rx_packet_new:packet_inst|altsyncram:buffer_rtl_0|altsyncram_09c1:auto_generated|ram_block1a0~portb_address_reg4 ;
; -1.627 ; 0.500        ; 2.127          ; Low Pulse Width  ; CLOCK_50 ; Rise       ; uart_rx_packet_new:packet_inst|altsyncram:buffer_rtl_0|altsyncram_09c1:auto_generated|ram_block1a0~portb_address_reg4 ;
; -1.627 ; 0.500        ; 2.127          ; High Pulse Width ; CLOCK_50 ; Rise       ; uart_rx_packet_new:packet_inst|altsyncram:buffer_rtl_0|altsyncram_09c1:auto_generated|ram_block1a0~portb_address_reg5 ;
; -1.627 ; 0.500        ; 2.127          ; Low Pulse Width  ; CLOCK_50 ; Rise       ; uart_rx_packet_new:packet_inst|altsyncram:buffer_rtl_0|altsyncram_09c1:auto_generated|ram_block1a0~portb_address_reg5 ;
; -1.627 ; 0.500        ; 2.127          ; High Pulse Width ; CLOCK_50 ; Rise       ; uart_rx_packet_new:packet_inst|altsyncram:buffer_rtl_0|altsyncram_09c1:auto_generated|ram_block1a0~portb_address_reg6 ;
; -1.627 ; 0.500        ; 2.127          ; Low Pulse Width  ; CLOCK_50 ; Rise       ; uart_rx_packet_new:packet_inst|altsyncram:buffer_rtl_0|altsyncram_09c1:auto_generated|ram_block1a0~portb_address_reg6 ;
; -1.627 ; 0.500        ; 2.127          ; High Pulse Width ; CLOCK_50 ; Rise       ; uart_rx_packet_new:packet_inst|altsyncram:buffer_rtl_0|altsyncram_09c1:auto_generated|ram_block1a0~portb_address_reg7 ;
; -1.627 ; 0.500        ; 2.127          ; Low Pulse Width  ; CLOCK_50 ; Rise       ; uart_rx_packet_new:packet_inst|altsyncram:buffer_rtl_0|altsyncram_09c1:auto_generated|ram_block1a0~portb_address_reg7 ;
; -1.627 ; 0.500        ; 2.127          ; High Pulse Width ; CLOCK_50 ; Rise       ; uart_rx_packet_new:packet_inst|altsyncram:buffer_rtl_0|altsyncram_09c1:auto_generated|ram_block1a1~porta_memory_reg0  ;
; -1.627 ; 0.500        ; 2.127          ; Low Pulse Width  ; CLOCK_50 ; Rise       ; uart_rx_packet_new:packet_inst|altsyncram:buffer_rtl_0|altsyncram_09c1:auto_generated|ram_block1a1~porta_memory_reg0  ;
; -1.627 ; 0.500        ; 2.127          ; High Pulse Width ; CLOCK_50 ; Rise       ; uart_rx_packet_new:packet_inst|altsyncram:buffer_rtl_0|altsyncram_09c1:auto_generated|ram_block1a2~porta_memory_reg0  ;
; -1.627 ; 0.500        ; 2.127          ; Low Pulse Width  ; CLOCK_50 ; Rise       ; uart_rx_packet_new:packet_inst|altsyncram:buffer_rtl_0|altsyncram_09c1:auto_generated|ram_block1a2~porta_memory_reg0  ;
; -1.627 ; 0.500        ; 2.127          ; High Pulse Width ; CLOCK_50 ; Rise       ; uart_rx_packet_new:packet_inst|altsyncram:buffer_rtl_0|altsyncram_09c1:auto_generated|ram_block1a3~porta_memory_reg0  ;
; -1.627 ; 0.500        ; 2.127          ; Low Pulse Width  ; CLOCK_50 ; Rise       ; uart_rx_packet_new:packet_inst|altsyncram:buffer_rtl_0|altsyncram_09c1:auto_generated|ram_block1a3~porta_memory_reg0  ;
; -1.627 ; 0.500        ; 2.127          ; High Pulse Width ; CLOCK_50 ; Rise       ; uart_rx_packet_new:packet_inst|altsyncram:buffer_rtl_0|altsyncram_09c1:auto_generated|ram_block1a4~porta_memory_reg0  ;
; -1.627 ; 0.500        ; 2.127          ; Low Pulse Width  ; CLOCK_50 ; Rise       ; uart_rx_packet_new:packet_inst|altsyncram:buffer_rtl_0|altsyncram_09c1:auto_generated|ram_block1a4~porta_memory_reg0  ;
; -1.627 ; 0.500        ; 2.127          ; High Pulse Width ; CLOCK_50 ; Rise       ; uart_rx_packet_new:packet_inst|altsyncram:buffer_rtl_0|altsyncram_09c1:auto_generated|ram_block1a5~porta_memory_reg0  ;
; -1.627 ; 0.500        ; 2.127          ; Low Pulse Width  ; CLOCK_50 ; Rise       ; uart_rx_packet_new:packet_inst|altsyncram:buffer_rtl_0|altsyncram_09c1:auto_generated|ram_block1a5~porta_memory_reg0  ;
; -1.627 ; 0.500        ; 2.127          ; High Pulse Width ; CLOCK_50 ; Rise       ; uart_rx_packet_new:packet_inst|altsyncram:buffer_rtl_0|altsyncram_09c1:auto_generated|ram_block1a6~porta_memory_reg0  ;
; -1.627 ; 0.500        ; 2.127          ; Low Pulse Width  ; CLOCK_50 ; Rise       ; uart_rx_packet_new:packet_inst|altsyncram:buffer_rtl_0|altsyncram_09c1:auto_generated|ram_block1a6~porta_memory_reg0  ;
; -1.627 ; 0.500        ; 2.127          ; High Pulse Width ; CLOCK_50 ; Rise       ; uart_rx_packet_new:packet_inst|altsyncram:buffer_rtl_0|altsyncram_09c1:auto_generated|ram_block1a7~porta_memory_reg0  ;
; -1.627 ; 0.500        ; 2.127          ; Low Pulse Width  ; CLOCK_50 ; Rise       ; uart_rx_packet_new:packet_inst|altsyncram:buffer_rtl_0|altsyncram_09c1:auto_generated|ram_block1a7~porta_memory_reg0  ;
; -1.380 ; 1.000        ; 2.380          ; Port Rate        ; CLOCK_50 ; Rise       ; CLOCK_50                                                                                                              ;
; -0.500 ; 0.500        ; 1.000          ; High Pulse Width ; CLOCK_50 ; Rise       ; packet_cnt[0]                                                                                                         ;
; -0.500 ; 0.500        ; 1.000          ; Low Pulse Width  ; CLOCK_50 ; Rise       ; packet_cnt[0]                                                                                                         ;
; -0.500 ; 0.500        ; 1.000          ; High Pulse Width ; CLOCK_50 ; Rise       ; packet_cnt[10]                                                                                                        ;
; -0.500 ; 0.500        ; 1.000          ; Low Pulse Width  ; CLOCK_50 ; Rise       ; packet_cnt[10]                                                                                                        ;
; -0.500 ; 0.500        ; 1.000          ; High Pulse Width ; CLOCK_50 ; Rise       ; packet_cnt[11]                                                                                                        ;
; -0.500 ; 0.500        ; 1.000          ; Low Pulse Width  ; CLOCK_50 ; Rise       ; packet_cnt[11]                                                                                                        ;
; -0.500 ; 0.500        ; 1.000          ; High Pulse Width ; CLOCK_50 ; Rise       ; packet_cnt[1]                                                                                                         ;
; -0.500 ; 0.500        ; 1.000          ; Low Pulse Width  ; CLOCK_50 ; Rise       ; packet_cnt[1]                                                                                                         ;
; -0.500 ; 0.500        ; 1.000          ; High Pulse Width ; CLOCK_50 ; Rise       ; packet_cnt[2]                                                                                                         ;
; -0.500 ; 0.500        ; 1.000          ; Low Pulse Width  ; CLOCK_50 ; Rise       ; packet_cnt[2]                                                                                                         ;
; -0.500 ; 0.500        ; 1.000          ; High Pulse Width ; CLOCK_50 ; Rise       ; packet_cnt[3]                                                                                                         ;
; -0.500 ; 0.500        ; 1.000          ; Low Pulse Width  ; CLOCK_50 ; Rise       ; packet_cnt[3]                                                                                                         ;
; -0.500 ; 0.500        ; 1.000          ; High Pulse Width ; CLOCK_50 ; Rise       ; packet_cnt[4]                                                                                                         ;
; -0.500 ; 0.500        ; 1.000          ; Low Pulse Width  ; CLOCK_50 ; Rise       ; packet_cnt[4]                                                                                                         ;
; -0.500 ; 0.500        ; 1.000          ; High Pulse Width ; CLOCK_50 ; Rise       ; packet_cnt[5]                                                                                                         ;
; -0.500 ; 0.500        ; 1.000          ; Low Pulse Width  ; CLOCK_50 ; Rise       ; packet_cnt[5]                                                                                                         ;
; -0.500 ; 0.500        ; 1.000          ; High Pulse Width ; CLOCK_50 ; Rise       ; packet_cnt[6]                                                                                                         ;
; -0.500 ; 0.500        ; 1.000          ; Low Pulse Width  ; CLOCK_50 ; Rise       ; packet_cnt[6]                                                                                                         ;
; -0.500 ; 0.500        ; 1.000          ; High Pulse Width ; CLOCK_50 ; Rise       ; packet_cnt[7]                                                                                                         ;
; -0.500 ; 0.500        ; 1.000          ; Low Pulse Width  ; CLOCK_50 ; Rise       ; packet_cnt[7]                                                                                                         ;
; -0.500 ; 0.500        ; 1.000          ; High Pulse Width ; CLOCK_50 ; Rise       ; packet_cnt[8]                                                                                                         ;
; -0.500 ; 0.500        ; 1.000          ; Low Pulse Width  ; CLOCK_50 ; Rise       ; packet_cnt[8]                                                                                                         ;
; -0.500 ; 0.500        ; 1.000          ; High Pulse Width ; CLOCK_50 ; Rise       ; packet_cnt[9]                                                                                                         ;
; -0.500 ; 0.500        ; 1.000          ; Low Pulse Width  ; CLOCK_50 ; Rise       ; packet_cnt[9]                                                                                                         ;
; -0.500 ; 0.500        ; 1.000          ; High Pulse Width ; CLOCK_50 ; Rise       ; packet_valid_d                                                                                                        ;
; -0.500 ; 0.500        ; 1.000          ; Low Pulse Width  ; CLOCK_50 ; Rise       ; packet_valid_d                                                                                                        ;
; -0.500 ; 0.500        ; 1.000          ; High Pulse Width ; CLOCK_50 ; Rise       ; sram_packet_writer:sram_writer_inst|addr_latch[0]                                                                     ;
; -0.500 ; 0.500        ; 1.000          ; Low Pulse Width  ; CLOCK_50 ; Rise       ; sram_packet_writer:sram_writer_inst|addr_latch[0]                                                                     ;
; -0.500 ; 0.500        ; 1.000          ; High Pulse Width ; CLOCK_50 ; Rise       ; sram_packet_writer:sram_writer_inst|addr_latch[10]                                                                    ;
; -0.500 ; 0.500        ; 1.000          ; Low Pulse Width  ; CLOCK_50 ; Rise       ; sram_packet_writer:sram_writer_inst|addr_latch[10]                                                                    ;
; -0.500 ; 0.500        ; 1.000          ; High Pulse Width ; CLOCK_50 ; Rise       ; sram_packet_writer:sram_writer_inst|addr_latch[11]                                                                    ;
; -0.500 ; 0.500        ; 1.000          ; Low Pulse Width  ; CLOCK_50 ; Rise       ; sram_packet_writer:sram_writer_inst|addr_latch[11]                                                                    ;
; -0.500 ; 0.500        ; 1.000          ; High Pulse Width ; CLOCK_50 ; Rise       ; sram_packet_writer:sram_writer_inst|addr_latch[12]                                                                    ;
+--------+--------------+----------------+------------------+----------+------------+-----------------------------------------------------------------------------------------------------------------------+


+--------------------------------------------------------------------------------------------------------------------------------------------------------------------------------------------------------------+
; Fast Model Minimum Pulse Width: 'uart_controller:uart_ctrl_inst|baud_rate_gen:brg_inst|ov_tick'                                                                                                              ;
+--------+--------------+----------------+------------------+---------------------------------------------------------------+------------+---------------------------------------------------------------------+
; Slack  ; Actual Width ; Required Width ; Type             ; Clock                                                         ; Clock Edge ; Target                                                              ;
+--------+--------------+----------------+------------------+---------------------------------------------------------------+------------+---------------------------------------------------------------------+
; -0.500 ; 0.500        ; 1.000          ; High Pulse Width ; uart_controller:uart_ctrl_inst|baud_rate_gen:brg_inst|ov_tick ; Rise       ; uart_controller:uart_ctrl_inst|uart_rx:rx_inst|bit_cnt[0]           ;
; -0.500 ; 0.500        ; 1.000          ; Low Pulse Width  ; uart_controller:uart_ctrl_inst|baud_rate_gen:brg_inst|ov_tick ; Rise       ; uart_controller:uart_ctrl_inst|uart_rx:rx_inst|bit_cnt[0]           ;
; -0.500 ; 0.500        ; 1.000          ; High Pulse Width ; uart_controller:uart_ctrl_inst|baud_rate_gen:brg_inst|ov_tick ; Rise       ; uart_controller:uart_ctrl_inst|uart_rx:rx_inst|bit_cnt[1]           ;
; -0.500 ; 0.500        ; 1.000          ; Low Pulse Width  ; uart_controller:uart_ctrl_inst|baud_rate_gen:brg_inst|ov_tick ; Rise       ; uart_controller:uart_ctrl_inst|uart_rx:rx_inst|bit_cnt[1]           ;
; -0.500 ; 0.500        ; 1.000          ; High Pulse Width ; uart_controller:uart_ctrl_inst|baud_rate_gen:brg_inst|ov_tick ; Rise       ; uart_controller:uart_ctrl_inst|uart_rx:rx_inst|bit_cnt[2]           ;
; -0.500 ; 0.500        ; 1.000          ; Low Pulse Width  ; uart_controller:uart_ctrl_inst|baud_rate_gen:brg_inst|ov_tick ; Rise       ; uart_controller:uart_ctrl_inst|uart_rx:rx_inst|bit_cnt[2]           ;
; -0.500 ; 0.500        ; 1.000          ; High Pulse Width ; uart_controller:uart_ctrl_inst|baud_rate_gen:brg_inst|ov_tick ; Rise       ; uart_controller:uart_ctrl_inst|uart_rx:rx_inst|data_out[0]          ;
; -0.500 ; 0.500        ; 1.000          ; Low Pulse Width  ; uart_controller:uart_ctrl_inst|baud_rate_gen:brg_inst|ov_tick ; Rise       ; uart_controller:uart_ctrl_inst|uart_rx:rx_inst|data_out[0]          ;
; -0.500 ; 0.500        ; 1.000          ; High Pulse Width ; uart_controller:uart_ctrl_inst|baud_rate_gen:brg_inst|ov_tick ; Rise       ; uart_controller:uart_ctrl_inst|uart_rx:rx_inst|data_out[1]          ;
; -0.500 ; 0.500        ; 1.000          ; Low Pulse Width  ; uart_controller:uart_ctrl_inst|baud_rate_gen:brg_inst|ov_tick ; Rise       ; uart_controller:uart_ctrl_inst|uart_rx:rx_inst|data_out[1]          ;
; -0.500 ; 0.500        ; 1.000          ; High Pulse Width ; uart_controller:uart_ctrl_inst|baud_rate_gen:brg_inst|ov_tick ; Rise       ; uart_controller:uart_ctrl_inst|uart_rx:rx_inst|data_out[2]          ;
; -0.500 ; 0.500        ; 1.000          ; Low Pulse Width  ; uart_controller:uart_ctrl_inst|baud_rate_gen:brg_inst|ov_tick ; Rise       ; uart_controller:uart_ctrl_inst|uart_rx:rx_inst|data_out[2]          ;
; -0.500 ; 0.500        ; 1.000          ; High Pulse Width ; uart_controller:uart_ctrl_inst|baud_rate_gen:brg_inst|ov_tick ; Rise       ; uart_controller:uart_ctrl_inst|uart_rx:rx_inst|data_out[3]          ;
; -0.500 ; 0.500        ; 1.000          ; Low Pulse Width  ; uart_controller:uart_ctrl_inst|baud_rate_gen:brg_inst|ov_tick ; Rise       ; uart_controller:uart_ctrl_inst|uart_rx:rx_inst|data_out[3]          ;
; -0.500 ; 0.500        ; 1.000          ; High Pulse Width ; uart_controller:uart_ctrl_inst|baud_rate_gen:brg_inst|ov_tick ; Rise       ; uart_controller:uart_ctrl_inst|uart_rx:rx_inst|data_out[4]          ;
; -0.500 ; 0.500        ; 1.000          ; Low Pulse Width  ; uart_controller:uart_ctrl_inst|baud_rate_gen:brg_inst|ov_tick ; Rise       ; uart_controller:uart_ctrl_inst|uart_rx:rx_inst|data_out[4]          ;
; -0.500 ; 0.500        ; 1.000          ; High Pulse Width ; uart_controller:uart_ctrl_inst|baud_rate_gen:brg_inst|ov_tick ; Rise       ; uart_controller:uart_ctrl_inst|uart_rx:rx_inst|data_out[5]          ;
; -0.500 ; 0.500        ; 1.000          ; Low Pulse Width  ; uart_controller:uart_ctrl_inst|baud_rate_gen:brg_inst|ov_tick ; Rise       ; uart_controller:uart_ctrl_inst|uart_rx:rx_inst|data_out[5]          ;
; -0.500 ; 0.500        ; 1.000          ; High Pulse Width ; uart_controller:uart_ctrl_inst|baud_rate_gen:brg_inst|ov_tick ; Rise       ; uart_controller:uart_ctrl_inst|uart_rx:rx_inst|data_out[6]          ;
; -0.500 ; 0.500        ; 1.000          ; Low Pulse Width  ; uart_controller:uart_ctrl_inst|baud_rate_gen:brg_inst|ov_tick ; Rise       ; uart_controller:uart_ctrl_inst|uart_rx:rx_inst|data_out[6]          ;
; -0.500 ; 0.500        ; 1.000          ; High Pulse Width ; uart_controller:uart_ctrl_inst|baud_rate_gen:brg_inst|ov_tick ; Rise       ; uart_controller:uart_ctrl_inst|uart_rx:rx_inst|data_out[7]          ;
; -0.500 ; 0.500        ; 1.000          ; Low Pulse Width  ; uart_controller:uart_ctrl_inst|baud_rate_gen:brg_inst|ov_tick ; Rise       ; uart_controller:uart_ctrl_inst|uart_rx:rx_inst|data_out[7]          ;
; -0.500 ; 0.500        ; 1.000          ; High Pulse Width ; uart_controller:uart_ctrl_inst|baud_rate_gen:brg_inst|ov_tick ; Rise       ; uart_controller:uart_ctrl_inst|uart_rx:rx_inst|rx_reg[0]            ;
; -0.500 ; 0.500        ; 1.000          ; Low Pulse Width  ; uart_controller:uart_ctrl_inst|baud_rate_gen:brg_inst|ov_tick ; Rise       ; uart_controller:uart_ctrl_inst|uart_rx:rx_inst|rx_reg[0]            ;
; -0.500 ; 0.500        ; 1.000          ; High Pulse Width ; uart_controller:uart_ctrl_inst|baud_rate_gen:brg_inst|ov_tick ; Rise       ; uart_controller:uart_ctrl_inst|uart_rx:rx_inst|rx_reg[1]            ;
; -0.500 ; 0.500        ; 1.000          ; Low Pulse Width  ; uart_controller:uart_ctrl_inst|baud_rate_gen:brg_inst|ov_tick ; Rise       ; uart_controller:uart_ctrl_inst|uart_rx:rx_inst|rx_reg[1]            ;
; -0.500 ; 0.500        ; 1.000          ; High Pulse Width ; uart_controller:uart_ctrl_inst|baud_rate_gen:brg_inst|ov_tick ; Rise       ; uart_controller:uart_ctrl_inst|uart_rx:rx_inst|rx_reg[2]            ;
; -0.500 ; 0.500        ; 1.000          ; Low Pulse Width  ; uart_controller:uart_ctrl_inst|baud_rate_gen:brg_inst|ov_tick ; Rise       ; uart_controller:uart_ctrl_inst|uart_rx:rx_inst|rx_reg[2]            ;
; -0.500 ; 0.500        ; 1.000          ; High Pulse Width ; uart_controller:uart_ctrl_inst|baud_rate_gen:brg_inst|ov_tick ; Rise       ; uart_controller:uart_ctrl_inst|uart_rx:rx_inst|rx_reg[3]            ;
; -0.500 ; 0.500        ; 1.000          ; Low Pulse Width  ; uart_controller:uart_ctrl_inst|baud_rate_gen:brg_inst|ov_tick ; Rise       ; uart_controller:uart_ctrl_inst|uart_rx:rx_inst|rx_reg[3]            ;
; -0.500 ; 0.500        ; 1.000          ; High Pulse Width ; uart_controller:uart_ctrl_inst|baud_rate_gen:brg_inst|ov_tick ; Rise       ; uart_controller:uart_ctrl_inst|uart_rx:rx_inst|rx_reg[4]            ;
; -0.500 ; 0.500        ; 1.000          ; Low Pulse Width  ; uart_controller:uart_ctrl_inst|baud_rate_gen:brg_inst|ov_tick ; Rise       ; uart_controller:uart_ctrl_inst|uart_rx:rx_inst|rx_reg[4]            ;
; -0.500 ; 0.500        ; 1.000          ; High Pulse Width ; uart_controller:uart_ctrl_inst|baud_rate_gen:brg_inst|ov_tick ; Rise       ; uart_controller:uart_ctrl_inst|uart_rx:rx_inst|rx_reg[5]            ;
; -0.500 ; 0.500        ; 1.000          ; Low Pulse Width  ; uart_controller:uart_ctrl_inst|baud_rate_gen:brg_inst|ov_tick ; Rise       ; uart_controller:uart_ctrl_inst|uart_rx:rx_inst|rx_reg[5]            ;
; -0.500 ; 0.500        ; 1.000          ; High Pulse Width ; uart_controller:uart_ctrl_inst|baud_rate_gen:brg_inst|ov_tick ; Rise       ; uart_controller:uart_ctrl_inst|uart_rx:rx_inst|rx_reg[6]            ;
; -0.500 ; 0.500        ; 1.000          ; Low Pulse Width  ; uart_controller:uart_ctrl_inst|baud_rate_gen:brg_inst|ov_tick ; Rise       ; uart_controller:uart_ctrl_inst|uart_rx:rx_inst|rx_reg[6]            ;
; -0.500 ; 0.500        ; 1.000          ; High Pulse Width ; uart_controller:uart_ctrl_inst|baud_rate_gen:brg_inst|ov_tick ; Rise       ; uart_controller:uart_ctrl_inst|uart_rx:rx_inst|rx_reg[7]            ;
; -0.500 ; 0.500        ; 1.000          ; Low Pulse Width  ; uart_controller:uart_ctrl_inst|baud_rate_gen:brg_inst|ov_tick ; Rise       ; uart_controller:uart_ctrl_inst|uart_rx:rx_inst|rx_reg[7]            ;
; -0.500 ; 0.500        ; 1.000          ; High Pulse Width ; uart_controller:uart_ctrl_inst|baud_rate_gen:brg_inst|ov_tick ; Rise       ; uart_controller:uart_ctrl_inst|uart_rx:rx_inst|rx_valid             ;
; -0.500 ; 0.500        ; 1.000          ; Low Pulse Width  ; uart_controller:uart_ctrl_inst|baud_rate_gen:brg_inst|ov_tick ; Rise       ; uart_controller:uart_ctrl_inst|uart_rx:rx_inst|rx_valid             ;
; -0.500 ; 0.500        ; 1.000          ; High Pulse Width ; uart_controller:uart_ctrl_inst|baud_rate_gen:brg_inst|ov_tick ; Rise       ; uart_controller:uart_ctrl_inst|uart_rx:rx_inst|samples[0]           ;
; -0.500 ; 0.500        ; 1.000          ; Low Pulse Width  ; uart_controller:uart_ctrl_inst|baud_rate_gen:brg_inst|ov_tick ; Rise       ; uart_controller:uart_ctrl_inst|uart_rx:rx_inst|samples[0]           ;
; -0.500 ; 0.500        ; 1.000          ; High Pulse Width ; uart_controller:uart_ctrl_inst|baud_rate_gen:brg_inst|ov_tick ; Rise       ; uart_controller:uart_ctrl_inst|uart_rx:rx_inst|samples[1]           ;
; -0.500 ; 0.500        ; 1.000          ; Low Pulse Width  ; uart_controller:uart_ctrl_inst|baud_rate_gen:brg_inst|ov_tick ; Rise       ; uart_controller:uart_ctrl_inst|uart_rx:rx_inst|samples[1]           ;
; -0.500 ; 0.500        ; 1.000          ; High Pulse Width ; uart_controller:uart_ctrl_inst|baud_rate_gen:brg_inst|ov_tick ; Rise       ; uart_controller:uart_ctrl_inst|uart_rx:rx_inst|samples[2]           ;
; -0.500 ; 0.500        ; 1.000          ; Low Pulse Width  ; uart_controller:uart_ctrl_inst|baud_rate_gen:brg_inst|ov_tick ; Rise       ; uart_controller:uart_ctrl_inst|uart_rx:rx_inst|samples[2]           ;
; -0.500 ; 0.500        ; 1.000          ; High Pulse Width ; uart_controller:uart_ctrl_inst|baud_rate_gen:brg_inst|ov_tick ; Rise       ; uart_controller:uart_ctrl_inst|uart_rx:rx_inst|state.DATA           ;
; -0.500 ; 0.500        ; 1.000          ; Low Pulse Width  ; uart_controller:uart_ctrl_inst|baud_rate_gen:brg_inst|ov_tick ; Rise       ; uart_controller:uart_ctrl_inst|uart_rx:rx_inst|state.DATA           ;
; -0.500 ; 0.500        ; 1.000          ; High Pulse Width ; uart_controller:uart_ctrl_inst|baud_rate_gen:brg_inst|ov_tick ; Rise       ; uart_controller:uart_ctrl_inst|uart_rx:rx_inst|state.IDLE           ;
; -0.500 ; 0.500        ; 1.000          ; Low Pulse Width  ; uart_controller:uart_ctrl_inst|baud_rate_gen:brg_inst|ov_tick ; Rise       ; uart_controller:uart_ctrl_inst|uart_rx:rx_inst|state.IDLE           ;
; -0.500 ; 0.500        ; 1.000          ; High Pulse Width ; uart_controller:uart_ctrl_inst|baud_rate_gen:brg_inst|ov_tick ; Rise       ; uart_controller:uart_ctrl_inst|uart_rx:rx_inst|state.START          ;
; -0.500 ; 0.500        ; 1.000          ; Low Pulse Width  ; uart_controller:uart_ctrl_inst|baud_rate_gen:brg_inst|ov_tick ; Rise       ; uart_controller:uart_ctrl_inst|uart_rx:rx_inst|state.START          ;
; -0.500 ; 0.500        ; 1.000          ; High Pulse Width ; uart_controller:uart_ctrl_inst|baud_rate_gen:brg_inst|ov_tick ; Rise       ; uart_controller:uart_ctrl_inst|uart_rx:rx_inst|state.STOP           ;
; -0.500 ; 0.500        ; 1.000          ; Low Pulse Width  ; uart_controller:uart_ctrl_inst|baud_rate_gen:brg_inst|ov_tick ; Rise       ; uart_controller:uart_ctrl_inst|uart_rx:rx_inst|state.STOP           ;
; -0.500 ; 0.500        ; 1.000          ; High Pulse Width ; uart_controller:uart_ctrl_inst|baud_rate_gen:brg_inst|ov_tick ; Rise       ; uart_controller:uart_ctrl_inst|uart_rx:rx_inst|tick_cnt[0]          ;
; -0.500 ; 0.500        ; 1.000          ; Low Pulse Width  ; uart_controller:uart_ctrl_inst|baud_rate_gen:brg_inst|ov_tick ; Rise       ; uart_controller:uart_ctrl_inst|uart_rx:rx_inst|tick_cnt[0]          ;
; -0.500 ; 0.500        ; 1.000          ; High Pulse Width ; uart_controller:uart_ctrl_inst|baud_rate_gen:brg_inst|ov_tick ; Rise       ; uart_controller:uart_ctrl_inst|uart_rx:rx_inst|tick_cnt[1]          ;
; -0.500 ; 0.500        ; 1.000          ; Low Pulse Width  ; uart_controller:uart_ctrl_inst|baud_rate_gen:brg_inst|ov_tick ; Rise       ; uart_controller:uart_ctrl_inst|uart_rx:rx_inst|tick_cnt[1]          ;
; -0.500 ; 0.500        ; 1.000          ; High Pulse Width ; uart_controller:uart_ctrl_inst|baud_rate_gen:brg_inst|ov_tick ; Rise       ; uart_controller:uart_ctrl_inst|uart_rx:rx_inst|tick_cnt[2]          ;
; -0.500 ; 0.500        ; 1.000          ; Low Pulse Width  ; uart_controller:uart_ctrl_inst|baud_rate_gen:brg_inst|ov_tick ; Rise       ; uart_controller:uart_ctrl_inst|uart_rx:rx_inst|tick_cnt[2]          ;
; -0.500 ; 0.500        ; 1.000          ; High Pulse Width ; uart_controller:uart_ctrl_inst|baud_rate_gen:brg_inst|ov_tick ; Rise       ; uart_controller:uart_ctrl_inst|uart_rx:rx_inst|valid_timeout_cnt[0] ;
; -0.500 ; 0.500        ; 1.000          ; Low Pulse Width  ; uart_controller:uart_ctrl_inst|baud_rate_gen:brg_inst|ov_tick ; Rise       ; uart_controller:uart_ctrl_inst|uart_rx:rx_inst|valid_timeout_cnt[0] ;
; -0.500 ; 0.500        ; 1.000          ; High Pulse Width ; uart_controller:uart_ctrl_inst|baud_rate_gen:brg_inst|ov_tick ; Rise       ; uart_controller:uart_ctrl_inst|uart_rx:rx_inst|valid_timeout_cnt[1] ;
; -0.500 ; 0.500        ; 1.000          ; Low Pulse Width  ; uart_controller:uart_ctrl_inst|baud_rate_gen:brg_inst|ov_tick ; Rise       ; uart_controller:uart_ctrl_inst|uart_rx:rx_inst|valid_timeout_cnt[1] ;
; -0.500 ; 0.500        ; 1.000          ; High Pulse Width ; uart_controller:uart_ctrl_inst|baud_rate_gen:brg_inst|ov_tick ; Rise       ; uart_controller:uart_ctrl_inst|uart_rx:rx_inst|valid_timeout_cnt[2] ;
; -0.500 ; 0.500        ; 1.000          ; Low Pulse Width  ; uart_controller:uart_ctrl_inst|baud_rate_gen:brg_inst|ov_tick ; Rise       ; uart_controller:uart_ctrl_inst|uart_rx:rx_inst|valid_timeout_cnt[2] ;
; -0.500 ; 0.500        ; 1.000          ; High Pulse Width ; uart_controller:uart_ctrl_inst|baud_rate_gen:brg_inst|ov_tick ; Rise       ; uart_controller:uart_ctrl_inst|uart_rx:rx_inst|valid_timeout_cnt[3] ;
; -0.500 ; 0.500        ; 1.000          ; Low Pulse Width  ; uart_controller:uart_ctrl_inst|baud_rate_gen:brg_inst|ov_tick ; Rise       ; uart_controller:uart_ctrl_inst|uart_rx:rx_inst|valid_timeout_cnt[3] ;
; -0.500 ; 0.500        ; 1.000          ; High Pulse Width ; uart_controller:uart_ctrl_inst|baud_rate_gen:brg_inst|ov_tick ; Rise       ; uart_controller:uart_ctrl_inst|uart_rx:rx_inst|valid_timeout_cnt[4] ;
; -0.500 ; 0.500        ; 1.000          ; Low Pulse Width  ; uart_controller:uart_ctrl_inst|baud_rate_gen:brg_inst|ov_tick ; Rise       ; uart_controller:uart_ctrl_inst|uart_rx:rx_inst|valid_timeout_cnt[4] ;
; -0.500 ; 0.500        ; 1.000          ; High Pulse Width ; uart_controller:uart_ctrl_inst|baud_rate_gen:brg_inst|ov_tick ; Rise       ; uart_controller:uart_ctrl_inst|uart_rx:rx_inst|valid_timeout_cnt[5] ;
; -0.500 ; 0.500        ; 1.000          ; Low Pulse Width  ; uart_controller:uart_ctrl_inst|baud_rate_gen:brg_inst|ov_tick ; Rise       ; uart_controller:uart_ctrl_inst|uart_rx:rx_inst|valid_timeout_cnt[5] ;
; -0.500 ; 0.500        ; 1.000          ; High Pulse Width ; uart_controller:uart_ctrl_inst|baud_rate_gen:brg_inst|ov_tick ; Rise       ; uart_controller:uart_ctrl_inst|uart_rx:rx_inst|valid_timeout_cnt[6] ;
; -0.500 ; 0.500        ; 1.000          ; Low Pulse Width  ; uart_controller:uart_ctrl_inst|baud_rate_gen:brg_inst|ov_tick ; Rise       ; uart_controller:uart_ctrl_inst|uart_rx:rx_inst|valid_timeout_cnt[6] ;
; -0.500 ; 0.500        ; 1.000          ; High Pulse Width ; uart_controller:uart_ctrl_inst|baud_rate_gen:brg_inst|ov_tick ; Rise       ; uart_controller:uart_ctrl_inst|uart_rx:rx_inst|valid_timeout_cnt[7] ;
; -0.500 ; 0.500        ; 1.000          ; Low Pulse Width  ; uart_controller:uart_ctrl_inst|baud_rate_gen:brg_inst|ov_tick ; Rise       ; uart_controller:uart_ctrl_inst|uart_rx:rx_inst|valid_timeout_cnt[7] ;
; 0.500  ; 0.500        ; 0.000          ; High Pulse Width ; uart_controller:uart_ctrl_inst|baud_rate_gen:brg_inst|ov_tick ; Rise       ; uart_ctrl_inst|brg_inst|ov_tick|regout                              ;
; 0.500  ; 0.500        ; 0.000          ; Low Pulse Width  ; uart_controller:uart_ctrl_inst|baud_rate_gen:brg_inst|ov_tick ; Rise       ; uart_ctrl_inst|brg_inst|ov_tick|regout                              ;
; 0.500  ; 0.500        ; 0.000          ; High Pulse Width ; uart_controller:uart_ctrl_inst|baud_rate_gen:brg_inst|ov_tick ; Rise       ; uart_ctrl_inst|brg_inst|ov_tick~clkctrl|inclk[0]                    ;
; 0.500  ; 0.500        ; 0.000          ; Low Pulse Width  ; uart_controller:uart_ctrl_inst|baud_rate_gen:brg_inst|ov_tick ; Rise       ; uart_ctrl_inst|brg_inst|ov_tick~clkctrl|inclk[0]                    ;
; 0.500  ; 0.500        ; 0.000          ; High Pulse Width ; uart_controller:uart_ctrl_inst|baud_rate_gen:brg_inst|ov_tick ; Rise       ; uart_ctrl_inst|brg_inst|ov_tick~clkctrl|outclk                      ;
; 0.500  ; 0.500        ; 0.000          ; Low Pulse Width  ; uart_controller:uart_ctrl_inst|baud_rate_gen:brg_inst|ov_tick ; Rise       ; uart_ctrl_inst|brg_inst|ov_tick~clkctrl|outclk                      ;
; 0.500  ; 0.500        ; 0.000          ; High Pulse Width ; uart_controller:uart_ctrl_inst|baud_rate_gen:brg_inst|ov_tick ; Rise       ; uart_ctrl_inst|rx_inst|bit_cnt[0]|clk                               ;
; 0.500  ; 0.500        ; 0.000          ; Low Pulse Width  ; uart_controller:uart_ctrl_inst|baud_rate_gen:brg_inst|ov_tick ; Rise       ; uart_ctrl_inst|rx_inst|bit_cnt[0]|clk                               ;
; 0.500  ; 0.500        ; 0.000          ; High Pulse Width ; uart_controller:uart_ctrl_inst|baud_rate_gen:brg_inst|ov_tick ; Rise       ; uart_ctrl_inst|rx_inst|bit_cnt[1]|clk                               ;
; 0.500  ; 0.500        ; 0.000          ; Low Pulse Width  ; uart_controller:uart_ctrl_inst|baud_rate_gen:brg_inst|ov_tick ; Rise       ; uart_ctrl_inst|rx_inst|bit_cnt[1]|clk                               ;
; 0.500  ; 0.500        ; 0.000          ; High Pulse Width ; uart_controller:uart_ctrl_inst|baud_rate_gen:brg_inst|ov_tick ; Rise       ; uart_ctrl_inst|rx_inst|bit_cnt[2]|clk                               ;
; 0.500  ; 0.500        ; 0.000          ; Low Pulse Width  ; uart_controller:uart_ctrl_inst|baud_rate_gen:brg_inst|ov_tick ; Rise       ; uart_ctrl_inst|rx_inst|bit_cnt[2]|clk                               ;
; 0.500  ; 0.500        ; 0.000          ; High Pulse Width ; uart_controller:uart_ctrl_inst|baud_rate_gen:brg_inst|ov_tick ; Rise       ; uart_ctrl_inst|rx_inst|data_out[0]|clk                              ;
; 0.500  ; 0.500        ; 0.000          ; Low Pulse Width  ; uart_controller:uart_ctrl_inst|baud_rate_gen:brg_inst|ov_tick ; Rise       ; uart_ctrl_inst|rx_inst|data_out[0]|clk                              ;
; 0.500  ; 0.500        ; 0.000          ; High Pulse Width ; uart_controller:uart_ctrl_inst|baud_rate_gen:brg_inst|ov_tick ; Rise       ; uart_ctrl_inst|rx_inst|data_out[1]|clk                              ;
; 0.500  ; 0.500        ; 0.000          ; Low Pulse Width  ; uart_controller:uart_ctrl_inst|baud_rate_gen:brg_inst|ov_tick ; Rise       ; uart_ctrl_inst|rx_inst|data_out[1]|clk                              ;
; 0.500  ; 0.500        ; 0.000          ; High Pulse Width ; uart_controller:uart_ctrl_inst|baud_rate_gen:brg_inst|ov_tick ; Rise       ; uart_ctrl_inst|rx_inst|data_out[2]|clk                              ;
; 0.500  ; 0.500        ; 0.000          ; Low Pulse Width  ; uart_controller:uart_ctrl_inst|baud_rate_gen:brg_inst|ov_tick ; Rise       ; uart_ctrl_inst|rx_inst|data_out[2]|clk                              ;
; 0.500  ; 0.500        ; 0.000          ; High Pulse Width ; uart_controller:uart_ctrl_inst|baud_rate_gen:brg_inst|ov_tick ; Rise       ; uart_ctrl_inst|rx_inst|data_out[3]|clk                              ;
; 0.500  ; 0.500        ; 0.000          ; Low Pulse Width  ; uart_controller:uart_ctrl_inst|baud_rate_gen:brg_inst|ov_tick ; Rise       ; uart_ctrl_inst|rx_inst|data_out[3]|clk                              ;
; 0.500  ; 0.500        ; 0.000          ; High Pulse Width ; uart_controller:uart_ctrl_inst|baud_rate_gen:brg_inst|ov_tick ; Rise       ; uart_ctrl_inst|rx_inst|data_out[4]|clk                              ;
; 0.500  ; 0.500        ; 0.000          ; Low Pulse Width  ; uart_controller:uart_ctrl_inst|baud_rate_gen:brg_inst|ov_tick ; Rise       ; uart_ctrl_inst|rx_inst|data_out[4]|clk                              ;
; 0.500  ; 0.500        ; 0.000          ; High Pulse Width ; uart_controller:uart_ctrl_inst|baud_rate_gen:brg_inst|ov_tick ; Rise       ; uart_ctrl_inst|rx_inst|data_out[5]|clk                              ;
; 0.500  ; 0.500        ; 0.000          ; Low Pulse Width  ; uart_controller:uart_ctrl_inst|baud_rate_gen:brg_inst|ov_tick ; Rise       ; uart_ctrl_inst|rx_inst|data_out[5]|clk                              ;
+--------+--------------+----------------+------------------+---------------------------------------------------------------+------------+---------------------------------------------------------------------+


+-------------------------------------------------------------------------------------------------------------------------------------------------------------------------------------------------------+
; Fast Model Minimum Pulse Width: 'uart_controller:uart_ctrl_inst|baud_rate_gen:brg_inst|uart_tick'                                                                                                     ;
+--------+--------------+----------------+------------------+-----------------------------------------------------------------+------------+------------------------------------------------------------+
; Slack  ; Actual Width ; Required Width ; Type             ; Clock                                                           ; Clock Edge ; Target                                                     ;
+--------+--------------+----------------+------------------+-----------------------------------------------------------------+------------+------------------------------------------------------------+
; -0.500 ; 0.500        ; 1.000          ; High Pulse Width ; uart_controller:uart_ctrl_inst|baud_rate_gen:brg_inst|uart_tick ; Rise       ; uart_controller:uart_ctrl_inst|uart_tx:tx_inst|bit_cnt[0]  ;
; -0.500 ; 0.500        ; 1.000          ; Low Pulse Width  ; uart_controller:uart_ctrl_inst|baud_rate_gen:brg_inst|uart_tick ; Rise       ; uart_controller:uart_ctrl_inst|uart_tx:tx_inst|bit_cnt[0]  ;
; -0.500 ; 0.500        ; 1.000          ; High Pulse Width ; uart_controller:uart_ctrl_inst|baud_rate_gen:brg_inst|uart_tick ; Rise       ; uart_controller:uart_ctrl_inst|uart_tx:tx_inst|bit_cnt[1]  ;
; -0.500 ; 0.500        ; 1.000          ; Low Pulse Width  ; uart_controller:uart_ctrl_inst|baud_rate_gen:brg_inst|uart_tick ; Rise       ; uart_controller:uart_ctrl_inst|uart_tx:tx_inst|bit_cnt[1]  ;
; -0.500 ; 0.500        ; 1.000          ; High Pulse Width ; uart_controller:uart_ctrl_inst|baud_rate_gen:brg_inst|uart_tick ; Rise       ; uart_controller:uart_ctrl_inst|uart_tx:tx_inst|bit_cnt[2]  ;
; -0.500 ; 0.500        ; 1.000          ; Low Pulse Width  ; uart_controller:uart_ctrl_inst|baud_rate_gen:brg_inst|uart_tick ; Rise       ; uart_controller:uart_ctrl_inst|uart_tx:tx_inst|bit_cnt[2]  ;
; -0.500 ; 0.500        ; 1.000          ; High Pulse Width ; uart_controller:uart_ctrl_inst|baud_rate_gen:brg_inst|uart_tick ; Rise       ; uart_controller:uart_ctrl_inst|uart_tx:tx_inst|state.DATA  ;
; -0.500 ; 0.500        ; 1.000          ; Low Pulse Width  ; uart_controller:uart_ctrl_inst|baud_rate_gen:brg_inst|uart_tick ; Rise       ; uart_controller:uart_ctrl_inst|uart_tx:tx_inst|state.DATA  ;
; -0.500 ; 0.500        ; 1.000          ; High Pulse Width ; uart_controller:uart_ctrl_inst|baud_rate_gen:brg_inst|uart_tick ; Rise       ; uart_controller:uart_ctrl_inst|uart_tx:tx_inst|state.IDLE  ;
; -0.500 ; 0.500        ; 1.000          ; Low Pulse Width  ; uart_controller:uart_ctrl_inst|baud_rate_gen:brg_inst|uart_tick ; Rise       ; uart_controller:uart_ctrl_inst|uart_tx:tx_inst|state.IDLE  ;
; -0.500 ; 0.500        ; 1.000          ; High Pulse Width ; uart_controller:uart_ctrl_inst|baud_rate_gen:brg_inst|uart_tick ; Rise       ; uart_controller:uart_ctrl_inst|uart_tx:tx_inst|state.START ;
; -0.500 ; 0.500        ; 1.000          ; Low Pulse Width  ; uart_controller:uart_ctrl_inst|baud_rate_gen:brg_inst|uart_tick ; Rise       ; uart_controller:uart_ctrl_inst|uart_tx:tx_inst|state.START ;
; -0.500 ; 0.500        ; 1.000          ; High Pulse Width ; uart_controller:uart_ctrl_inst|baud_rate_gen:brg_inst|uart_tick ; Rise       ; uart_controller:uart_ctrl_inst|uart_tx:tx_inst|state.STOP  ;
; -0.500 ; 0.500        ; 1.000          ; Low Pulse Width  ; uart_controller:uart_ctrl_inst|baud_rate_gen:brg_inst|uart_tick ; Rise       ; uart_controller:uart_ctrl_inst|uart_tx:tx_inst|state.STOP  ;
; -0.500 ; 0.500        ; 1.000          ; High Pulse Width ; uart_controller:uart_ctrl_inst|baud_rate_gen:brg_inst|uart_tick ; Rise       ; uart_controller:uart_ctrl_inst|uart_tx:tx_inst|tx          ;
; -0.500 ; 0.500        ; 1.000          ; Low Pulse Width  ; uart_controller:uart_ctrl_inst|baud_rate_gen:brg_inst|uart_tick ; Rise       ; uart_controller:uart_ctrl_inst|uart_tx:tx_inst|tx          ;
; -0.500 ; 0.500        ; 1.000          ; High Pulse Width ; uart_controller:uart_ctrl_inst|baud_rate_gen:brg_inst|uart_tick ; Rise       ; uart_controller:uart_ctrl_inst|uart_tx:tx_inst|tx_reg[0]   ;
; -0.500 ; 0.500        ; 1.000          ; Low Pulse Width  ; uart_controller:uart_ctrl_inst|baud_rate_gen:brg_inst|uart_tick ; Rise       ; uart_controller:uart_ctrl_inst|uart_tx:tx_inst|tx_reg[0]   ;
; -0.500 ; 0.500        ; 1.000          ; High Pulse Width ; uart_controller:uart_ctrl_inst|baud_rate_gen:brg_inst|uart_tick ; Rise       ; uart_controller:uart_ctrl_inst|uart_tx:tx_inst|tx_reg[1]   ;
; -0.500 ; 0.500        ; 1.000          ; Low Pulse Width  ; uart_controller:uart_ctrl_inst|baud_rate_gen:brg_inst|uart_tick ; Rise       ; uart_controller:uart_ctrl_inst|uart_tx:tx_inst|tx_reg[1]   ;
; -0.500 ; 0.500        ; 1.000          ; High Pulse Width ; uart_controller:uart_ctrl_inst|baud_rate_gen:brg_inst|uart_tick ; Rise       ; uart_controller:uart_ctrl_inst|uart_tx:tx_inst|tx_reg[2]   ;
; -0.500 ; 0.500        ; 1.000          ; Low Pulse Width  ; uart_controller:uart_ctrl_inst|baud_rate_gen:brg_inst|uart_tick ; Rise       ; uart_controller:uart_ctrl_inst|uart_tx:tx_inst|tx_reg[2]   ;
; -0.500 ; 0.500        ; 1.000          ; High Pulse Width ; uart_controller:uart_ctrl_inst|baud_rate_gen:brg_inst|uart_tick ; Rise       ; uart_controller:uart_ctrl_inst|uart_tx:tx_inst|tx_reg[3]   ;
; -0.500 ; 0.500        ; 1.000          ; Low Pulse Width  ; uart_controller:uart_ctrl_inst|baud_rate_gen:brg_inst|uart_tick ; Rise       ; uart_controller:uart_ctrl_inst|uart_tx:tx_inst|tx_reg[3]   ;
; -0.500 ; 0.500        ; 1.000          ; High Pulse Width ; uart_controller:uart_ctrl_inst|baud_rate_gen:brg_inst|uart_tick ; Rise       ; uart_controller:uart_ctrl_inst|uart_tx:tx_inst|tx_reg[4]   ;
; -0.500 ; 0.500        ; 1.000          ; Low Pulse Width  ; uart_controller:uart_ctrl_inst|baud_rate_gen:brg_inst|uart_tick ; Rise       ; uart_controller:uart_ctrl_inst|uart_tx:tx_inst|tx_reg[4]   ;
; -0.500 ; 0.500        ; 1.000          ; High Pulse Width ; uart_controller:uart_ctrl_inst|baud_rate_gen:brg_inst|uart_tick ; Rise       ; uart_controller:uart_ctrl_inst|uart_tx:tx_inst|tx_start_d  ;
; -0.500 ; 0.500        ; 1.000          ; Low Pulse Width  ; uart_controller:uart_ctrl_inst|baud_rate_gen:brg_inst|uart_tick ; Rise       ; uart_controller:uart_ctrl_inst|uart_tx:tx_inst|tx_start_d  ;
; 0.500  ; 0.500        ; 0.000          ; High Pulse Width ; uart_controller:uart_ctrl_inst|baud_rate_gen:brg_inst|uart_tick ; Rise       ; uart_ctrl_inst|brg_inst|uart_tick|regout                   ;
; 0.500  ; 0.500        ; 0.000          ; Low Pulse Width  ; uart_controller:uart_ctrl_inst|baud_rate_gen:brg_inst|uart_tick ; Rise       ; uart_ctrl_inst|brg_inst|uart_tick|regout                   ;
; 0.500  ; 0.500        ; 0.000          ; High Pulse Width ; uart_controller:uart_ctrl_inst|baud_rate_gen:brg_inst|uart_tick ; Rise       ; uart_ctrl_inst|brg_inst|uart_tick~clkctrl|inclk[0]         ;
; 0.500  ; 0.500        ; 0.000          ; Low Pulse Width  ; uart_controller:uart_ctrl_inst|baud_rate_gen:brg_inst|uart_tick ; Rise       ; uart_ctrl_inst|brg_inst|uart_tick~clkctrl|inclk[0]         ;
; 0.500  ; 0.500        ; 0.000          ; High Pulse Width ; uart_controller:uart_ctrl_inst|baud_rate_gen:brg_inst|uart_tick ; Rise       ; uart_ctrl_inst|brg_inst|uart_tick~clkctrl|outclk           ;
; 0.500  ; 0.500        ; 0.000          ; Low Pulse Width  ; uart_controller:uart_ctrl_inst|baud_rate_gen:brg_inst|uart_tick ; Rise       ; uart_ctrl_inst|brg_inst|uart_tick~clkctrl|outclk           ;
; 0.500  ; 0.500        ; 0.000          ; High Pulse Width ; uart_controller:uart_ctrl_inst|baud_rate_gen:brg_inst|uart_tick ; Rise       ; uart_ctrl_inst|tx_inst|bit_cnt[0]|clk                      ;
; 0.500  ; 0.500        ; 0.000          ; Low Pulse Width  ; uart_controller:uart_ctrl_inst|baud_rate_gen:brg_inst|uart_tick ; Rise       ; uart_ctrl_inst|tx_inst|bit_cnt[0]|clk                      ;
; 0.500  ; 0.500        ; 0.000          ; High Pulse Width ; uart_controller:uart_ctrl_inst|baud_rate_gen:brg_inst|uart_tick ; Rise       ; uart_ctrl_inst|tx_inst|bit_cnt[1]|clk                      ;
; 0.500  ; 0.500        ; 0.000          ; Low Pulse Width  ; uart_controller:uart_ctrl_inst|baud_rate_gen:brg_inst|uart_tick ; Rise       ; uart_ctrl_inst|tx_inst|bit_cnt[1]|clk                      ;
; 0.500  ; 0.500        ; 0.000          ; High Pulse Width ; uart_controller:uart_ctrl_inst|baud_rate_gen:brg_inst|uart_tick ; Rise       ; uart_ctrl_inst|tx_inst|bit_cnt[2]|clk                      ;
; 0.500  ; 0.500        ; 0.000          ; Low Pulse Width  ; uart_controller:uart_ctrl_inst|baud_rate_gen:brg_inst|uart_tick ; Rise       ; uart_ctrl_inst|tx_inst|bit_cnt[2]|clk                      ;
; 0.500  ; 0.500        ; 0.000          ; High Pulse Width ; uart_controller:uart_ctrl_inst|baud_rate_gen:brg_inst|uart_tick ; Rise       ; uart_ctrl_inst|tx_inst|state.DATA|clk                      ;
; 0.500  ; 0.500        ; 0.000          ; Low Pulse Width  ; uart_controller:uart_ctrl_inst|baud_rate_gen:brg_inst|uart_tick ; Rise       ; uart_ctrl_inst|tx_inst|state.DATA|clk                      ;
; 0.500  ; 0.500        ; 0.000          ; High Pulse Width ; uart_controller:uart_ctrl_inst|baud_rate_gen:brg_inst|uart_tick ; Rise       ; uart_ctrl_inst|tx_inst|state.IDLE|clk                      ;
; 0.500  ; 0.500        ; 0.000          ; Low Pulse Width  ; uart_controller:uart_ctrl_inst|baud_rate_gen:brg_inst|uart_tick ; Rise       ; uart_ctrl_inst|tx_inst|state.IDLE|clk                      ;
; 0.500  ; 0.500        ; 0.000          ; High Pulse Width ; uart_controller:uart_ctrl_inst|baud_rate_gen:brg_inst|uart_tick ; Rise       ; uart_ctrl_inst|tx_inst|state.START|clk                     ;
; 0.500  ; 0.500        ; 0.000          ; Low Pulse Width  ; uart_controller:uart_ctrl_inst|baud_rate_gen:brg_inst|uart_tick ; Rise       ; uart_ctrl_inst|tx_inst|state.START|clk                     ;
; 0.500  ; 0.500        ; 0.000          ; High Pulse Width ; uart_controller:uart_ctrl_inst|baud_rate_gen:brg_inst|uart_tick ; Rise       ; uart_ctrl_inst|tx_inst|state.STOP|clk                      ;
; 0.500  ; 0.500        ; 0.000          ; Low Pulse Width  ; uart_controller:uart_ctrl_inst|baud_rate_gen:brg_inst|uart_tick ; Rise       ; uart_ctrl_inst|tx_inst|state.STOP|clk                      ;
; 0.500  ; 0.500        ; 0.000          ; High Pulse Width ; uart_controller:uart_ctrl_inst|baud_rate_gen:brg_inst|uart_tick ; Rise       ; uart_ctrl_inst|tx_inst|tx_reg[0]|clk                       ;
; 0.500  ; 0.500        ; 0.000          ; Low Pulse Width  ; uart_controller:uart_ctrl_inst|baud_rate_gen:brg_inst|uart_tick ; Rise       ; uart_ctrl_inst|tx_inst|tx_reg[0]|clk                       ;
; 0.500  ; 0.500        ; 0.000          ; High Pulse Width ; uart_controller:uart_ctrl_inst|baud_rate_gen:brg_inst|uart_tick ; Rise       ; uart_ctrl_inst|tx_inst|tx_reg[1]|clk                       ;
; 0.500  ; 0.500        ; 0.000          ; Low Pulse Width  ; uart_controller:uart_ctrl_inst|baud_rate_gen:brg_inst|uart_tick ; Rise       ; uart_ctrl_inst|tx_inst|tx_reg[1]|clk                       ;
; 0.500  ; 0.500        ; 0.000          ; High Pulse Width ; uart_controller:uart_ctrl_inst|baud_rate_gen:brg_inst|uart_tick ; Rise       ; uart_ctrl_inst|tx_inst|tx_reg[2]|clk                       ;
; 0.500  ; 0.500        ; 0.000          ; Low Pulse Width  ; uart_controller:uart_ctrl_inst|baud_rate_gen:brg_inst|uart_tick ; Rise       ; uart_ctrl_inst|tx_inst|tx_reg[2]|clk                       ;
; 0.500  ; 0.500        ; 0.000          ; High Pulse Width ; uart_controller:uart_ctrl_inst|baud_rate_gen:brg_inst|uart_tick ; Rise       ; uart_ctrl_inst|tx_inst|tx_reg[3]|clk                       ;
; 0.500  ; 0.500        ; 0.000          ; Low Pulse Width  ; uart_controller:uart_ctrl_inst|baud_rate_gen:brg_inst|uart_tick ; Rise       ; uart_ctrl_inst|tx_inst|tx_reg[3]|clk                       ;
; 0.500  ; 0.500        ; 0.000          ; High Pulse Width ; uart_controller:uart_ctrl_inst|baud_rate_gen:brg_inst|uart_tick ; Rise       ; uart_ctrl_inst|tx_inst|tx_reg[4]|clk                       ;
; 0.500  ; 0.500        ; 0.000          ; Low Pulse Width  ; uart_controller:uart_ctrl_inst|baud_rate_gen:brg_inst|uart_tick ; Rise       ; uart_ctrl_inst|tx_inst|tx_reg[4]|clk                       ;
; 0.500  ; 0.500        ; 0.000          ; High Pulse Width ; uart_controller:uart_ctrl_inst|baud_rate_gen:brg_inst|uart_tick ; Rise       ; uart_ctrl_inst|tx_inst|tx_start_d|clk                      ;
; 0.500  ; 0.500        ; 0.000          ; Low Pulse Width  ; uart_controller:uart_ctrl_inst|baud_rate_gen:brg_inst|uart_tick ; Rise       ; uart_ctrl_inst|tx_inst|tx_start_d|clk                      ;
; 0.500  ; 0.500        ; 0.000          ; High Pulse Width ; uart_controller:uart_ctrl_inst|baud_rate_gen:brg_inst|uart_tick ; Rise       ; uart_ctrl_inst|tx_inst|tx|clk                              ;
; 0.500  ; 0.500        ; 0.000          ; Low Pulse Width  ; uart_controller:uart_ctrl_inst|baud_rate_gen:brg_inst|uart_tick ; Rise       ; uart_ctrl_inst|tx_inst|tx|clk                              ;
+--------+--------------+----------------+------------------+-----------------------------------------------------------------+------------+------------------------------------------------------------+


+------------------------------------------------------------------------------------------------------------------------------------------------------------------------+
; Setup Times                                                                                                                                                            ;
+-----------+---------------------------------------------------------------+-------+-------+------------+---------------------------------------------------------------+
; Data Port ; Clock Port                                                    ; Rise  ; Fall  ; Clock Edge ; Clock Reference                                               ;
+-----------+---------------------------------------------------------------+-------+-------+------------+---------------------------------------------------------------+
; UART_RXD  ; uart_controller:uart_ctrl_inst|baud_rate_gen:brg_inst|ov_tick ; 3.880 ; 3.880 ; Rise       ; uart_controller:uart_ctrl_inst|baud_rate_gen:brg_inst|ov_tick ;
+-----------+---------------------------------------------------------------+-------+-------+------------+---------------------------------------------------------------+


+--------------------------------------------------------------------------------------------------------------------------------------------------------------------------+
; Hold Times                                                                                                                                                               ;
+-----------+---------------------------------------------------------------+--------+--------+------------+---------------------------------------------------------------+
; Data Port ; Clock Port                                                    ; Rise   ; Fall   ; Clock Edge ; Clock Reference                                               ;
+-----------+---------------------------------------------------------------+--------+--------+------------+---------------------------------------------------------------+
; UART_RXD  ; uart_controller:uart_ctrl_inst|baud_rate_gen:brg_inst|ov_tick ; -3.101 ; -3.101 ; Rise       ; uart_controller:uart_ctrl_inst|baud_rate_gen:brg_inst|ov_tick ;
+-----------+---------------------------------------------------------------+--------+--------+------------+---------------------------------------------------------------+


+---------------------------------------------------------------------------------------------------------------------------------------------------------------------------------+
; Clock to Output Times                                                                                                                                                           ;
+----------------+-----------------------------------------------------------------+-------+-------+------------+-----------------------------------------------------------------+
; Data Port      ; Clock Port                                                      ; Rise  ; Fall  ; Clock Edge ; Clock Reference                                                 ;
+----------------+-----------------------------------------------------------------+-------+-------+------------+-----------------------------------------------------------------+
; HEX0[*]        ; CLOCK_50                                                        ; 5.187 ; 5.187 ; Rise       ; CLOCK_50                                                        ;
;  HEX0[0]       ; CLOCK_50                                                        ; 5.187 ; 5.187 ; Rise       ; CLOCK_50                                                        ;
;  HEX0[1]       ; CLOCK_50                                                        ; 5.158 ; 5.158 ; Rise       ; CLOCK_50                                                        ;
;  HEX0[2]       ; CLOCK_50                                                        ; 5.162 ; 5.162 ; Rise       ; CLOCK_50                                                        ;
;  HEX0[3]       ; CLOCK_50                                                        ; 5.072 ; 5.072 ; Rise       ; CLOCK_50                                                        ;
;  HEX0[4]       ; CLOCK_50                                                        ; 5.065 ; 5.065 ; Rise       ; CLOCK_50                                                        ;
;  HEX0[5]       ; CLOCK_50                                                        ; 5.053 ; 5.053 ; Rise       ; CLOCK_50                                                        ;
;  HEX0[6]       ; CLOCK_50                                                        ; 5.056 ; 5.056 ; Rise       ; CLOCK_50                                                        ;
; HEX1[*]        ; CLOCK_50                                                        ; 4.186 ; 4.186 ; Rise       ; CLOCK_50                                                        ;
;  HEX1[0]       ; CLOCK_50                                                        ; 4.186 ; 4.186 ; Rise       ; CLOCK_50                                                        ;
;  HEX1[1]       ; CLOCK_50                                                        ; 4.183 ; 4.183 ; Rise       ; CLOCK_50                                                        ;
;  HEX1[2]       ; CLOCK_50                                                        ; 3.959 ; 3.959 ; Rise       ; CLOCK_50                                                        ;
;  HEX1[3]       ; CLOCK_50                                                        ; 3.934 ; 3.934 ; Rise       ; CLOCK_50                                                        ;
;  HEX1[4]       ; CLOCK_50                                                        ; 3.979 ; 3.979 ; Rise       ; CLOCK_50                                                        ;
;  HEX1[5]       ; CLOCK_50                                                        ; 4.069 ; 4.069 ; Rise       ; CLOCK_50                                                        ;
;  HEX1[6]       ; CLOCK_50                                                        ; 4.090 ; 4.090 ; Rise       ; CLOCK_50                                                        ;
; HEX2[*]        ; CLOCK_50                                                        ; 4.178 ; 4.178 ; Rise       ; CLOCK_50                                                        ;
;  HEX2[0]       ; CLOCK_50                                                        ; 4.106 ; 4.106 ; Rise       ; CLOCK_50                                                        ;
;  HEX2[1]       ; CLOCK_50                                                        ; 4.000 ; 4.000 ; Rise       ; CLOCK_50                                                        ;
;  HEX2[2]       ; CLOCK_50                                                        ; 4.066 ; 4.066 ; Rise       ; CLOCK_50                                                        ;
;  HEX2[3]       ; CLOCK_50                                                        ; 4.053 ; 4.053 ; Rise       ; CLOCK_50                                                        ;
;  HEX2[4]       ; CLOCK_50                                                        ; 4.125 ; 4.125 ; Rise       ; CLOCK_50                                                        ;
;  HEX2[5]       ; CLOCK_50                                                        ; 4.178 ; 4.178 ; Rise       ; CLOCK_50                                                        ;
;  HEX2[6]       ; CLOCK_50                                                        ; 4.144 ; 4.144 ; Rise       ; CLOCK_50                                                        ;
; LEDR[*]        ; CLOCK_50                                                        ; 5.705 ; 5.705 ; Rise       ; CLOCK_50                                                        ;
;  LEDR[9]       ; CLOCK_50                                                        ; 5.157 ; 5.157 ; Rise       ; CLOCK_50                                                        ;
;  LEDR[10]      ; CLOCK_50                                                        ; 4.901 ; 4.901 ; Rise       ; CLOCK_50                                                        ;
;  LEDR[11]      ; CLOCK_50                                                        ; 4.865 ; 4.865 ; Rise       ; CLOCK_50                                                        ;
;  LEDR[12]      ; CLOCK_50                                                        ; 4.855 ; 4.855 ; Rise       ; CLOCK_50                                                        ;
;  LEDR[13]      ; CLOCK_50                                                        ; 5.705 ; 5.705 ; Rise       ; CLOCK_50                                                        ;
;  LEDR[15]      ; CLOCK_50                                                        ; 4.329 ; 4.329 ; Rise       ; CLOCK_50                                                        ;
;  LEDR[16]      ; CLOCK_50                                                        ; 4.302 ; 4.302 ; Rise       ; CLOCK_50                                                        ;
;  LEDR[17]      ; CLOCK_50                                                        ; 4.996 ; 4.996 ; Rise       ; CLOCK_50                                                        ;
; SRAM_ADDR[*]   ; CLOCK_50                                                        ; 3.774 ; 3.774 ; Rise       ; CLOCK_50                                                        ;
;  SRAM_ADDR[0]  ; CLOCK_50                                                        ; 3.771 ; 3.771 ; Rise       ; CLOCK_50                                                        ;
;  SRAM_ADDR[1]  ; CLOCK_50                                                        ; 3.774 ; 3.774 ; Rise       ; CLOCK_50                                                        ;
;  SRAM_ADDR[2]  ; CLOCK_50                                                        ; 3.752 ; 3.752 ; Rise       ; CLOCK_50                                                        ;
;  SRAM_ADDR[3]  ; CLOCK_50                                                        ; 3.754 ; 3.754 ; Rise       ; CLOCK_50                                                        ;
;  SRAM_ADDR[4]  ; CLOCK_50                                                        ; 3.749 ; 3.749 ; Rise       ; CLOCK_50                                                        ;
;  SRAM_ADDR[5]  ; CLOCK_50                                                        ; 3.750 ; 3.750 ; Rise       ; CLOCK_50                                                        ;
;  SRAM_ADDR[6]  ; CLOCK_50                                                        ; 3.674 ; 3.674 ; Rise       ; CLOCK_50                                                        ;
;  SRAM_ADDR[7]  ; CLOCK_50                                                        ; 3.773 ; 3.773 ; Rise       ; CLOCK_50                                                        ;
;  SRAM_ADDR[8]  ; CLOCK_50                                                        ; 3.745 ; 3.745 ; Rise       ; CLOCK_50                                                        ;
;  SRAM_ADDR[9]  ; CLOCK_50                                                        ; 3.755 ; 3.755 ; Rise       ; CLOCK_50                                                        ;
;  SRAM_ADDR[10] ; CLOCK_50                                                        ; 3.656 ; 3.656 ; Rise       ; CLOCK_50                                                        ;
;  SRAM_ADDR[11] ; CLOCK_50                                                        ; 3.658 ; 3.658 ; Rise       ; CLOCK_50                                                        ;
;  SRAM_ADDR[12] ; CLOCK_50                                                        ; 3.647 ; 3.647 ; Rise       ; CLOCK_50                                                        ;
;  SRAM_ADDR[13] ; CLOCK_50                                                        ; 3.689 ; 3.689 ; Rise       ; CLOCK_50                                                        ;
;  SRAM_ADDR[14] ; CLOCK_50                                                        ; 3.628 ; 3.628 ; Rise       ; CLOCK_50                                                        ;
;  SRAM_ADDR[15] ; CLOCK_50                                                        ; 3.628 ; 3.628 ; Rise       ; CLOCK_50                                                        ;
;  SRAM_ADDR[16] ; CLOCK_50                                                        ; 3.753 ; 3.753 ; Rise       ; CLOCK_50                                                        ;
;  SRAM_ADDR[17] ; CLOCK_50                                                        ; 3.750 ; 3.750 ; Rise       ; CLOCK_50                                                        ;
; SRAM_DQ[*]     ; CLOCK_50                                                        ; 3.980 ; 3.980 ; Rise       ; CLOCK_50                                                        ;
;  SRAM_DQ[0]    ; CLOCK_50                                                        ; 3.758 ; 3.758 ; Rise       ; CLOCK_50                                                        ;
;  SRAM_DQ[1]    ; CLOCK_50                                                        ; 3.672 ; 3.672 ; Rise       ; CLOCK_50                                                        ;
;  SRAM_DQ[2]    ; CLOCK_50                                                        ; 3.671 ; 3.671 ; Rise       ; CLOCK_50                                                        ;
;  SRAM_DQ[3]    ; CLOCK_50                                                        ; 3.652 ; 3.652 ; Rise       ; CLOCK_50                                                        ;
;  SRAM_DQ[4]    ; CLOCK_50                                                        ; 3.749 ; 3.749 ; Rise       ; CLOCK_50                                                        ;
;  SRAM_DQ[5]    ; CLOCK_50                                                        ; 3.639 ; 3.639 ; Rise       ; CLOCK_50                                                        ;
;  SRAM_DQ[6]    ; CLOCK_50                                                        ; 3.640 ; 3.640 ; Rise       ; CLOCK_50                                                        ;
;  SRAM_DQ[7]    ; CLOCK_50                                                        ; 3.662 ; 3.662 ; Rise       ; CLOCK_50                                                        ;
;  SRAM_DQ[8]    ; CLOCK_50                                                        ; 3.901 ; 3.901 ; Rise       ; CLOCK_50                                                        ;
;  SRAM_DQ[9]    ; CLOCK_50                                                        ; 3.894 ; 3.894 ; Rise       ; CLOCK_50                                                        ;
;  SRAM_DQ[10]   ; CLOCK_50                                                        ; 3.896 ; 3.896 ; Rise       ; CLOCK_50                                                        ;
;  SRAM_DQ[11]   ; CLOCK_50                                                        ; 3.782 ; 3.782 ; Rise       ; CLOCK_50                                                        ;
;  SRAM_DQ[12]   ; CLOCK_50                                                        ; 3.886 ; 3.886 ; Rise       ; CLOCK_50                                                        ;
;  SRAM_DQ[13]   ; CLOCK_50                                                        ; 3.775 ; 3.775 ; Rise       ; CLOCK_50                                                        ;
;  SRAM_DQ[14]   ; CLOCK_50                                                        ; 3.857 ; 3.857 ; Rise       ; CLOCK_50                                                        ;
;  SRAM_DQ[15]   ; CLOCK_50                                                        ; 3.980 ; 3.980 ; Rise       ; CLOCK_50                                                        ;
; SRAM_WE_N      ; CLOCK_50                                                        ; 4.113 ; 4.113 ; Rise       ; CLOCK_50                                                        ;
; LEDR[*]        ; uart_controller:uart_ctrl_inst|baud_rate_gen:brg_inst|ov_tick   ; 4.704 ; 4.704 ; Rise       ; uart_controller:uart_ctrl_inst|baud_rate_gen:brg_inst|ov_tick   ;
;  LEDR[0]       ; uart_controller:uart_ctrl_inst|baud_rate_gen:brg_inst|ov_tick   ; 4.423 ; 4.423 ; Rise       ; uart_controller:uart_ctrl_inst|baud_rate_gen:brg_inst|ov_tick   ;
;  LEDR[1]       ; uart_controller:uart_ctrl_inst|baud_rate_gen:brg_inst|ov_tick   ; 4.704 ; 4.704 ; Rise       ; uart_controller:uart_ctrl_inst|baud_rate_gen:brg_inst|ov_tick   ;
;  LEDR[2]       ; uart_controller:uart_ctrl_inst|baud_rate_gen:brg_inst|ov_tick   ; 4.112 ; 4.112 ; Rise       ; uart_controller:uart_ctrl_inst|baud_rate_gen:brg_inst|ov_tick   ;
;  LEDR[3]       ; uart_controller:uart_ctrl_inst|baud_rate_gen:brg_inst|ov_tick   ; 4.279 ; 4.279 ; Rise       ; uart_controller:uart_ctrl_inst|baud_rate_gen:brg_inst|ov_tick   ;
;  LEDR[4]       ; uart_controller:uart_ctrl_inst|baud_rate_gen:brg_inst|ov_tick   ; 4.368 ; 4.368 ; Rise       ; uart_controller:uart_ctrl_inst|baud_rate_gen:brg_inst|ov_tick   ;
;  LEDR[5]       ; uart_controller:uart_ctrl_inst|baud_rate_gen:brg_inst|ov_tick   ; 4.048 ; 4.048 ; Rise       ; uart_controller:uart_ctrl_inst|baud_rate_gen:brg_inst|ov_tick   ;
;  LEDR[6]       ; uart_controller:uart_ctrl_inst|baud_rate_gen:brg_inst|ov_tick   ; 4.672 ; 4.672 ; Rise       ; uart_controller:uart_ctrl_inst|baud_rate_gen:brg_inst|ov_tick   ;
;  LEDR[7]       ; uart_controller:uart_ctrl_inst|baud_rate_gen:brg_inst|ov_tick   ; 4.560 ; 4.560 ; Rise       ; uart_controller:uart_ctrl_inst|baud_rate_gen:brg_inst|ov_tick   ;
;  LEDR[8]       ; uart_controller:uart_ctrl_inst|baud_rate_gen:brg_inst|ov_tick   ; 3.997 ; 3.997 ; Rise       ; uart_controller:uart_ctrl_inst|baud_rate_gen:brg_inst|ov_tick   ;
; rx_valid_led   ; uart_controller:uart_ctrl_inst|baud_rate_gen:brg_inst|ov_tick   ; 3.893 ; 3.893 ; Rise       ; uart_controller:uart_ctrl_inst|baud_rate_gen:brg_inst|ov_tick   ;
; state_led[*]   ; uart_controller:uart_ctrl_inst|baud_rate_gen:brg_inst|ov_tick   ; 4.026 ; 4.026 ; Rise       ; uart_controller:uart_ctrl_inst|baud_rate_gen:brg_inst|ov_tick   ;
;  state_led[0]  ; uart_controller:uart_ctrl_inst|baud_rate_gen:brg_inst|ov_tick   ; 3.954 ; 3.954 ; Rise       ; uart_controller:uart_ctrl_inst|baud_rate_gen:brg_inst|ov_tick   ;
;  state_led[1]  ; uart_controller:uart_ctrl_inst|baud_rate_gen:brg_inst|ov_tick   ; 4.026 ; 4.026 ; Rise       ; uart_controller:uart_ctrl_inst|baud_rate_gen:brg_inst|ov_tick   ;
; LEDR[*]        ; uart_controller:uart_ctrl_inst|baud_rate_gen:brg_inst|uart_tick ; 4.265 ; 4.265 ; Rise       ; uart_controller:uart_ctrl_inst|baud_rate_gen:brg_inst|uart_tick ;
;  LEDR[14]      ; uart_controller:uart_ctrl_inst|baud_rate_gen:brg_inst|uart_tick ; 4.265 ; 4.265 ; Rise       ; uart_controller:uart_ctrl_inst|baud_rate_gen:brg_inst|uart_tick ;
; UART_TXD       ; uart_controller:uart_ctrl_inst|baud_rate_gen:brg_inst|uart_tick ; 4.892 ; 4.892 ; Rise       ; uart_controller:uart_ctrl_inst|baud_rate_gen:brg_inst|uart_tick ;
; tx_busy_led    ; uart_controller:uart_ctrl_inst|baud_rate_gen:brg_inst|uart_tick ; 4.224 ; 4.224 ; Rise       ; uart_controller:uart_ctrl_inst|baud_rate_gen:brg_inst|uart_tick ;
+----------------+-----------------------------------------------------------------+-------+-------+------------+-----------------------------------------------------------------+


+---------------------------------------------------------------------------------------------------------------------------------------------------------------------------------+
; Minimum Clock to Output Times                                                                                                                                                   ;
+----------------+-----------------------------------------------------------------+-------+-------+------------+-----------------------------------------------------------------+
; Data Port      ; Clock Port                                                      ; Rise  ; Fall  ; Clock Edge ; Clock Reference                                                 ;
+----------------+-----------------------------------------------------------------+-------+-------+------------+-----------------------------------------------------------------+
; HEX0[*]        ; CLOCK_50                                                        ; 4.138 ; 4.138 ; Rise       ; CLOCK_50                                                        ;
;  HEX0[0]       ; CLOCK_50                                                        ; 4.281 ; 4.281 ; Rise       ; CLOCK_50                                                        ;
;  HEX0[1]       ; CLOCK_50                                                        ; 4.250 ; 4.250 ; Rise       ; CLOCK_50                                                        ;
;  HEX0[2]       ; CLOCK_50                                                        ; 4.251 ; 4.251 ; Rise       ; CLOCK_50                                                        ;
;  HEX0[3]       ; CLOCK_50                                                        ; 4.160 ; 4.160 ; Rise       ; CLOCK_50                                                        ;
;  HEX0[4]       ; CLOCK_50                                                        ; 4.159 ; 4.159 ; Rise       ; CLOCK_50                                                        ;
;  HEX0[5]       ; CLOCK_50                                                        ; 4.138 ; 4.138 ; Rise       ; CLOCK_50                                                        ;
;  HEX0[6]       ; CLOCK_50                                                        ; 4.143 ; 4.143 ; Rise       ; CLOCK_50                                                        ;
; HEX1[*]        ; CLOCK_50                                                        ; 3.728 ; 3.728 ; Rise       ; CLOCK_50                                                        ;
;  HEX1[0]       ; CLOCK_50                                                        ; 3.978 ; 3.978 ; Rise       ; CLOCK_50                                                        ;
;  HEX1[1]       ; CLOCK_50                                                        ; 3.976 ; 3.976 ; Rise       ; CLOCK_50                                                        ;
;  HEX1[2]       ; CLOCK_50                                                        ; 3.742 ; 3.742 ; Rise       ; CLOCK_50                                                        ;
;  HEX1[3]       ; CLOCK_50                                                        ; 3.728 ; 3.728 ; Rise       ; CLOCK_50                                                        ;
;  HEX1[4]       ; CLOCK_50                                                        ; 3.773 ; 3.773 ; Rise       ; CLOCK_50                                                        ;
;  HEX1[5]       ; CLOCK_50                                                        ; 3.863 ; 3.863 ; Rise       ; CLOCK_50                                                        ;
;  HEX1[6]       ; CLOCK_50                                                        ; 3.884 ; 3.884 ; Rise       ; CLOCK_50                                                        ;
; HEX2[*]        ; CLOCK_50                                                        ; 3.887 ; 3.887 ; Rise       ; CLOCK_50                                                        ;
;  HEX2[0]       ; CLOCK_50                                                        ; 3.992 ; 3.992 ; Rise       ; CLOCK_50                                                        ;
;  HEX2[1]       ; CLOCK_50                                                        ; 3.887 ; 3.887 ; Rise       ; CLOCK_50                                                        ;
;  HEX2[2]       ; CLOCK_50                                                        ; 3.953 ; 3.953 ; Rise       ; CLOCK_50                                                        ;
;  HEX2[3]       ; CLOCK_50                                                        ; 3.935 ; 3.935 ; Rise       ; CLOCK_50                                                        ;
;  HEX2[4]       ; CLOCK_50                                                        ; 4.015 ; 4.015 ; Rise       ; CLOCK_50                                                        ;
;  HEX2[5]       ; CLOCK_50                                                        ; 4.065 ; 4.065 ; Rise       ; CLOCK_50                                                        ;
;  HEX2[6]       ; CLOCK_50                                                        ; 4.030 ; 4.030 ; Rise       ; CLOCK_50                                                        ;
; LEDR[*]        ; CLOCK_50                                                        ; 4.302 ; 4.302 ; Rise       ; CLOCK_50                                                        ;
;  LEDR[9]       ; CLOCK_50                                                        ; 4.895 ; 4.895 ; Rise       ; CLOCK_50                                                        ;
;  LEDR[10]      ; CLOCK_50                                                        ; 4.749 ; 4.749 ; Rise       ; CLOCK_50                                                        ;
;  LEDR[11]      ; CLOCK_50                                                        ; 4.601 ; 4.601 ; Rise       ; CLOCK_50                                                        ;
;  LEDR[12]      ; CLOCK_50                                                        ; 4.521 ; 4.521 ; Rise       ; CLOCK_50                                                        ;
;  LEDR[13]      ; CLOCK_50                                                        ; 5.092 ; 5.092 ; Rise       ; CLOCK_50                                                        ;
;  LEDR[15]      ; CLOCK_50                                                        ; 4.329 ; 4.329 ; Rise       ; CLOCK_50                                                        ;
;  LEDR[16]      ; CLOCK_50                                                        ; 4.302 ; 4.302 ; Rise       ; CLOCK_50                                                        ;
;  LEDR[17]      ; CLOCK_50                                                        ; 4.448 ; 4.448 ; Rise       ; CLOCK_50                                                        ;
; SRAM_ADDR[*]   ; CLOCK_50                                                        ; 3.628 ; 3.628 ; Rise       ; CLOCK_50                                                        ;
;  SRAM_ADDR[0]  ; CLOCK_50                                                        ; 3.771 ; 3.771 ; Rise       ; CLOCK_50                                                        ;
;  SRAM_ADDR[1]  ; CLOCK_50                                                        ; 3.774 ; 3.774 ; Rise       ; CLOCK_50                                                        ;
;  SRAM_ADDR[2]  ; CLOCK_50                                                        ; 3.752 ; 3.752 ; Rise       ; CLOCK_50                                                        ;
;  SRAM_ADDR[3]  ; CLOCK_50                                                        ; 3.754 ; 3.754 ; Rise       ; CLOCK_50                                                        ;
;  SRAM_ADDR[4]  ; CLOCK_50                                                        ; 3.749 ; 3.749 ; Rise       ; CLOCK_50                                                        ;
;  SRAM_ADDR[5]  ; CLOCK_50                                                        ; 3.750 ; 3.750 ; Rise       ; CLOCK_50                                                        ;
;  SRAM_ADDR[6]  ; CLOCK_50                                                        ; 3.674 ; 3.674 ; Rise       ; CLOCK_50                                                        ;
;  SRAM_ADDR[7]  ; CLOCK_50                                                        ; 3.773 ; 3.773 ; Rise       ; CLOCK_50                                                        ;
;  SRAM_ADDR[8]  ; CLOCK_50                                                        ; 3.745 ; 3.745 ; Rise       ; CLOCK_50                                                        ;
;  SRAM_ADDR[9]  ; CLOCK_50                                                        ; 3.755 ; 3.755 ; Rise       ; CLOCK_50                                                        ;
;  SRAM_ADDR[10] ; CLOCK_50                                                        ; 3.656 ; 3.656 ; Rise       ; CLOCK_50                                                        ;
;  SRAM_ADDR[11] ; CLOCK_50                                                        ; 3.658 ; 3.658 ; Rise       ; CLOCK_50                                                        ;
;  SRAM_ADDR[12] ; CLOCK_50                                                        ; 3.647 ; 3.647 ; Rise       ; CLOCK_50                                                        ;
;  SRAM_ADDR[13] ; CLOCK_50                                                        ; 3.689 ; 3.689 ; Rise       ; CLOCK_50                                                        ;
;  SRAM_ADDR[14] ; CLOCK_50                                                        ; 3.628 ; 3.628 ; Rise       ; CLOCK_50                                                        ;
;  SRAM_ADDR[15] ; CLOCK_50                                                        ; 3.628 ; 3.628 ; Rise       ; CLOCK_50                                                        ;
;  SRAM_ADDR[16] ; CLOCK_50                                                        ; 3.753 ; 3.753 ; Rise       ; CLOCK_50                                                        ;
;  SRAM_ADDR[17] ; CLOCK_50                                                        ; 3.750 ; 3.750 ; Rise       ; CLOCK_50                                                        ;
; SRAM_DQ[*]     ; CLOCK_50                                                        ; 3.639 ; 3.639 ; Rise       ; CLOCK_50                                                        ;
;  SRAM_DQ[0]    ; CLOCK_50                                                        ; 3.758 ; 3.758 ; Rise       ; CLOCK_50                                                        ;
;  SRAM_DQ[1]    ; CLOCK_50                                                        ; 3.672 ; 3.672 ; Rise       ; CLOCK_50                                                        ;
;  SRAM_DQ[2]    ; CLOCK_50                                                        ; 3.671 ; 3.671 ; Rise       ; CLOCK_50                                                        ;
;  SRAM_DQ[3]    ; CLOCK_50                                                        ; 3.652 ; 3.652 ; Rise       ; CLOCK_50                                                        ;
;  SRAM_DQ[4]    ; CLOCK_50                                                        ; 3.749 ; 3.749 ; Rise       ; CLOCK_50                                                        ;
;  SRAM_DQ[5]    ; CLOCK_50                                                        ; 3.639 ; 3.639 ; Rise       ; CLOCK_50                                                        ;
;  SRAM_DQ[6]    ; CLOCK_50                                                        ; 3.640 ; 3.640 ; Rise       ; CLOCK_50                                                        ;
;  SRAM_DQ[7]    ; CLOCK_50                                                        ; 3.662 ; 3.662 ; Rise       ; CLOCK_50                                                        ;
;  SRAM_DQ[8]    ; CLOCK_50                                                        ; 3.901 ; 3.901 ; Rise       ; CLOCK_50                                                        ;
;  SRAM_DQ[9]    ; CLOCK_50                                                        ; 3.894 ; 3.894 ; Rise       ; CLOCK_50                                                        ;
;  SRAM_DQ[10]   ; CLOCK_50                                                        ; 3.896 ; 3.896 ; Rise       ; CLOCK_50                                                        ;
;  SRAM_DQ[11]   ; CLOCK_50                                                        ; 3.782 ; 3.782 ; Rise       ; CLOCK_50                                                        ;
;  SRAM_DQ[12]   ; CLOCK_50                                                        ; 3.886 ; 3.886 ; Rise       ; CLOCK_50                                                        ;
;  SRAM_DQ[13]   ; CLOCK_50                                                        ; 3.775 ; 3.775 ; Rise       ; CLOCK_50                                                        ;
;  SRAM_DQ[14]   ; CLOCK_50                                                        ; 3.857 ; 3.857 ; Rise       ; CLOCK_50                                                        ;
;  SRAM_DQ[15]   ; CLOCK_50                                                        ; 3.980 ; 3.980 ; Rise       ; CLOCK_50                                                        ;
; SRAM_WE_N      ; CLOCK_50                                                        ; 4.113 ; 4.113 ; Rise       ; CLOCK_50                                                        ;
; LEDR[*]        ; uart_controller:uart_ctrl_inst|baud_rate_gen:brg_inst|ov_tick   ; 3.997 ; 3.997 ; Rise       ; uart_controller:uart_ctrl_inst|baud_rate_gen:brg_inst|ov_tick   ;
;  LEDR[0]       ; uart_controller:uart_ctrl_inst|baud_rate_gen:brg_inst|ov_tick   ; 4.423 ; 4.423 ; Rise       ; uart_controller:uart_ctrl_inst|baud_rate_gen:brg_inst|ov_tick   ;
;  LEDR[1]       ; uart_controller:uart_ctrl_inst|baud_rate_gen:brg_inst|ov_tick   ; 4.704 ; 4.704 ; Rise       ; uart_controller:uart_ctrl_inst|baud_rate_gen:brg_inst|ov_tick   ;
;  LEDR[2]       ; uart_controller:uart_ctrl_inst|baud_rate_gen:brg_inst|ov_tick   ; 4.112 ; 4.112 ; Rise       ; uart_controller:uart_ctrl_inst|baud_rate_gen:brg_inst|ov_tick   ;
;  LEDR[3]       ; uart_controller:uart_ctrl_inst|baud_rate_gen:brg_inst|ov_tick   ; 4.279 ; 4.279 ; Rise       ; uart_controller:uart_ctrl_inst|baud_rate_gen:brg_inst|ov_tick   ;
;  LEDR[4]       ; uart_controller:uart_ctrl_inst|baud_rate_gen:brg_inst|ov_tick   ; 4.368 ; 4.368 ; Rise       ; uart_controller:uart_ctrl_inst|baud_rate_gen:brg_inst|ov_tick   ;
;  LEDR[5]       ; uart_controller:uart_ctrl_inst|baud_rate_gen:brg_inst|ov_tick   ; 4.048 ; 4.048 ; Rise       ; uart_controller:uart_ctrl_inst|baud_rate_gen:brg_inst|ov_tick   ;
;  LEDR[6]       ; uart_controller:uart_ctrl_inst|baud_rate_gen:brg_inst|ov_tick   ; 4.672 ; 4.672 ; Rise       ; uart_controller:uart_ctrl_inst|baud_rate_gen:brg_inst|ov_tick   ;
;  LEDR[7]       ; uart_controller:uart_ctrl_inst|baud_rate_gen:brg_inst|ov_tick   ; 4.560 ; 4.560 ; Rise       ; uart_controller:uart_ctrl_inst|baud_rate_gen:brg_inst|ov_tick   ;
;  LEDR[8]       ; uart_controller:uart_ctrl_inst|baud_rate_gen:brg_inst|ov_tick   ; 3.997 ; 3.997 ; Rise       ; uart_controller:uart_ctrl_inst|baud_rate_gen:brg_inst|ov_tick   ;
; rx_valid_led   ; uart_controller:uart_ctrl_inst|baud_rate_gen:brg_inst|ov_tick   ; 3.893 ; 3.893 ; Rise       ; uart_controller:uart_ctrl_inst|baud_rate_gen:brg_inst|ov_tick   ;
; state_led[*]   ; uart_controller:uart_ctrl_inst|baud_rate_gen:brg_inst|ov_tick   ; 3.928 ; 3.928 ; Rise       ; uart_controller:uart_ctrl_inst|baud_rate_gen:brg_inst|ov_tick   ;
;  state_led[0]  ; uart_controller:uart_ctrl_inst|baud_rate_gen:brg_inst|ov_tick   ; 3.928 ; 3.928 ; Rise       ; uart_controller:uart_ctrl_inst|baud_rate_gen:brg_inst|ov_tick   ;
;  state_led[1]  ; uart_controller:uart_ctrl_inst|baud_rate_gen:brg_inst|ov_tick   ; 3.998 ; 3.998 ; Rise       ; uart_controller:uart_ctrl_inst|baud_rate_gen:brg_inst|ov_tick   ;
; LEDR[*]        ; uart_controller:uart_ctrl_inst|baud_rate_gen:brg_inst|uart_tick ; 4.265 ; 4.265 ; Rise       ; uart_controller:uart_ctrl_inst|baud_rate_gen:brg_inst|uart_tick ;
;  LEDR[14]      ; uart_controller:uart_ctrl_inst|baud_rate_gen:brg_inst|uart_tick ; 4.265 ; 4.265 ; Rise       ; uart_controller:uart_ctrl_inst|baud_rate_gen:brg_inst|uart_tick ;
; UART_TXD       ; uart_controller:uart_ctrl_inst|baud_rate_gen:brg_inst|uart_tick ; 4.892 ; 4.892 ; Rise       ; uart_controller:uart_ctrl_inst|baud_rate_gen:brg_inst|uart_tick ;
; tx_busy_led    ; uart_controller:uart_ctrl_inst|baud_rate_gen:brg_inst|uart_tick ; 4.224 ; 4.224 ; Rise       ; uart_controller:uart_ctrl_inst|baud_rate_gen:brg_inst|uart_tick ;
+----------------+-----------------------------------------------------------------+-------+-------+------------+-----------------------------------------------------------------+


+-------------------------------------------------------------------------+
; Output Enable Times                                                     ;
+--------------+------------+-------+------+------------+-----------------+
; Data Port    ; Clock Port ; Rise  ; Fall ; Clock Edge ; Clock Reference ;
+--------------+------------+-------+------+------------+-----------------+
; SRAM_DQ[*]   ; CLOCK_50   ; 3.639 ;      ; Rise       ; CLOCK_50        ;
;  SRAM_DQ[0]  ; CLOCK_50   ; 3.639 ;      ; Rise       ; CLOCK_50        ;
;  SRAM_DQ[1]  ; CLOCK_50   ; 3.649 ;      ; Rise       ; CLOCK_50        ;
;  SRAM_DQ[2]  ; CLOCK_50   ; 3.762 ;      ; Rise       ; CLOCK_50        ;
;  SRAM_DQ[3]  ; CLOCK_50   ; 3.742 ;      ; Rise       ; CLOCK_50        ;
;  SRAM_DQ[4]  ; CLOCK_50   ; 3.842 ;      ; Rise       ; CLOCK_50        ;
;  SRAM_DQ[5]  ; CLOCK_50   ; 3.842 ;      ; Rise       ; CLOCK_50        ;
;  SRAM_DQ[6]  ; CLOCK_50   ; 3.842 ;      ; Rise       ; CLOCK_50        ;
;  SRAM_DQ[7]  ; CLOCK_50   ; 3.835 ;      ; Rise       ; CLOCK_50        ;
;  SRAM_DQ[8]  ; CLOCK_50   ; 3.885 ;      ; Rise       ; CLOCK_50        ;
;  SRAM_DQ[9]  ; CLOCK_50   ; 3.885 ;      ; Rise       ; CLOCK_50        ;
;  SRAM_DQ[10] ; CLOCK_50   ; 3.987 ;      ; Rise       ; CLOCK_50        ;
;  SRAM_DQ[11] ; CLOCK_50   ; 3.987 ;      ; Rise       ; CLOCK_50        ;
;  SRAM_DQ[12] ; CLOCK_50   ; 3.983 ;      ; Rise       ; CLOCK_50        ;
;  SRAM_DQ[13] ; CLOCK_50   ; 3.983 ;      ; Rise       ; CLOCK_50        ;
;  SRAM_DQ[14] ; CLOCK_50   ; 3.973 ;      ; Rise       ; CLOCK_50        ;
;  SRAM_DQ[15] ; CLOCK_50   ; 4.068 ;      ; Rise       ; CLOCK_50        ;
+--------------+------------+-------+------+------------+-----------------+


+-------------------------------------------------------------------------+
; Minimum Output Enable Times                                             ;
+--------------+------------+-------+------+------------+-----------------+
; Data Port    ; Clock Port ; Rise  ; Fall ; Clock Edge ; Clock Reference ;
+--------------+------------+-------+------+------------+-----------------+
; SRAM_DQ[*]   ; CLOCK_50   ; 3.639 ;      ; Rise       ; CLOCK_50        ;
;  SRAM_DQ[0]  ; CLOCK_50   ; 3.639 ;      ; Rise       ; CLOCK_50        ;
;  SRAM_DQ[1]  ; CLOCK_50   ; 3.649 ;      ; Rise       ; CLOCK_50        ;
;  SRAM_DQ[2]  ; CLOCK_50   ; 3.762 ;      ; Rise       ; CLOCK_50        ;
;  SRAM_DQ[3]  ; CLOCK_50   ; 3.742 ;      ; Rise       ; CLOCK_50        ;
;  SRAM_DQ[4]  ; CLOCK_50   ; 3.842 ;      ; Rise       ; CLOCK_50        ;
;  SRAM_DQ[5]  ; CLOCK_50   ; 3.842 ;      ; Rise       ; CLOCK_50        ;
;  SRAM_DQ[6]  ; CLOCK_50   ; 3.842 ;      ; Rise       ; CLOCK_50        ;
;  SRAM_DQ[7]  ; CLOCK_50   ; 3.835 ;      ; Rise       ; CLOCK_50        ;
;  SRAM_DQ[8]  ; CLOCK_50   ; 3.885 ;      ; Rise       ; CLOCK_50        ;
;  SRAM_DQ[9]  ; CLOCK_50   ; 3.885 ;      ; Rise       ; CLOCK_50        ;
;  SRAM_DQ[10] ; CLOCK_50   ; 3.987 ;      ; Rise       ; CLOCK_50        ;
;  SRAM_DQ[11] ; CLOCK_50   ; 3.987 ;      ; Rise       ; CLOCK_50        ;
;  SRAM_DQ[12] ; CLOCK_50   ; 3.983 ;      ; Rise       ; CLOCK_50        ;
;  SRAM_DQ[13] ; CLOCK_50   ; 3.983 ;      ; Rise       ; CLOCK_50        ;
;  SRAM_DQ[14] ; CLOCK_50   ; 3.973 ;      ; Rise       ; CLOCK_50        ;
;  SRAM_DQ[15] ; CLOCK_50   ; 4.068 ;      ; Rise       ; CLOCK_50        ;
+--------------+------------+-------+------+------------+-----------------+


+----------------------------------------------------------------------------------+
; Output Disable Times                                                             ;
+--------------+------------+-----------+-----------+------------+-----------------+
; Data Port    ; Clock Port ; 0 to Hi-Z ; 1 to Hi-Z ; Clock Edge ; Clock Reference ;
+--------------+------------+-----------+-----------+------------+-----------------+
; SRAM_DQ[*]   ; CLOCK_50   ; 3.639     ;           ; Rise       ; CLOCK_50        ;
;  SRAM_DQ[0]  ; CLOCK_50   ; 3.639     ;           ; Rise       ; CLOCK_50        ;
;  SRAM_DQ[1]  ; CLOCK_50   ; 3.649     ;           ; Rise       ; CLOCK_50        ;
;  SRAM_DQ[2]  ; CLOCK_50   ; 3.762     ;           ; Rise       ; CLOCK_50        ;
;  SRAM_DQ[3]  ; CLOCK_50   ; 3.742     ;           ; Rise       ; CLOCK_50        ;
;  SRAM_DQ[4]  ; CLOCK_50   ; 3.842     ;           ; Rise       ; CLOCK_50        ;
;  SRAM_DQ[5]  ; CLOCK_50   ; 3.842     ;           ; Rise       ; CLOCK_50        ;
;  SRAM_DQ[6]  ; CLOCK_50   ; 3.842     ;           ; Rise       ; CLOCK_50        ;
;  SRAM_DQ[7]  ; CLOCK_50   ; 3.835     ;           ; Rise       ; CLOCK_50        ;
;  SRAM_DQ[8]  ; CLOCK_50   ; 3.885     ;           ; Rise       ; CLOCK_50        ;
;  SRAM_DQ[9]  ; CLOCK_50   ; 3.885     ;           ; Rise       ; CLOCK_50        ;
;  SRAM_DQ[10] ; CLOCK_50   ; 3.987     ;           ; Rise       ; CLOCK_50        ;
;  SRAM_DQ[11] ; CLOCK_50   ; 3.987     ;           ; Rise       ; CLOCK_50        ;
;  SRAM_DQ[12] ; CLOCK_50   ; 3.983     ;           ; Rise       ; CLOCK_50        ;
;  SRAM_DQ[13] ; CLOCK_50   ; 3.983     ;           ; Rise       ; CLOCK_50        ;
;  SRAM_DQ[14] ; CLOCK_50   ; 3.973     ;           ; Rise       ; CLOCK_50        ;
;  SRAM_DQ[15] ; CLOCK_50   ; 4.068     ;           ; Rise       ; CLOCK_50        ;
+--------------+------------+-----------+-----------+------------+-----------------+


+----------------------------------------------------------------------------------+
; Minimum Output Disable Times                                                     ;
+--------------+------------+-----------+-----------+------------+-----------------+
; Data Port    ; Clock Port ; 0 to Hi-Z ; 1 to Hi-Z ; Clock Edge ; Clock Reference ;
+--------------+------------+-----------+-----------+------------+-----------------+
; SRAM_DQ[*]   ; CLOCK_50   ; 3.639     ;           ; Rise       ; CLOCK_50        ;
;  SRAM_DQ[0]  ; CLOCK_50   ; 3.639     ;           ; Rise       ; CLOCK_50        ;
;  SRAM_DQ[1]  ; CLOCK_50   ; 3.649     ;           ; Rise       ; CLOCK_50        ;
;  SRAM_DQ[2]  ; CLOCK_50   ; 3.762     ;           ; Rise       ; CLOCK_50        ;
;  SRAM_DQ[3]  ; CLOCK_50   ; 3.742     ;           ; Rise       ; CLOCK_50        ;
;  SRAM_DQ[4]  ; CLOCK_50   ; 3.842     ;           ; Rise       ; CLOCK_50        ;
;  SRAM_DQ[5]  ; CLOCK_50   ; 3.842     ;           ; Rise       ; CLOCK_50        ;
;  SRAM_DQ[6]  ; CLOCK_50   ; 3.842     ;           ; Rise       ; CLOCK_50        ;
;  SRAM_DQ[7]  ; CLOCK_50   ; 3.835     ;           ; Rise       ; CLOCK_50        ;
;  SRAM_DQ[8]  ; CLOCK_50   ; 3.885     ;           ; Rise       ; CLOCK_50        ;
;  SRAM_DQ[9]  ; CLOCK_50   ; 3.885     ;           ; Rise       ; CLOCK_50        ;
;  SRAM_DQ[10] ; CLOCK_50   ; 3.987     ;           ; Rise       ; CLOCK_50        ;
;  SRAM_DQ[11] ; CLOCK_50   ; 3.987     ;           ; Rise       ; CLOCK_50        ;
;  SRAM_DQ[12] ; CLOCK_50   ; 3.983     ;           ; Rise       ; CLOCK_50        ;
;  SRAM_DQ[13] ; CLOCK_50   ; 3.983     ;           ; Rise       ; CLOCK_50        ;
;  SRAM_DQ[14] ; CLOCK_50   ; 3.973     ;           ; Rise       ; CLOCK_50        ;
;  SRAM_DQ[15] ; CLOCK_50   ; 4.068     ;           ; Rise       ; CLOCK_50        ;
+--------------+------------+-----------+-----------+------------+-----------------+


+--------------------------------------------------------------------------------------------------------------------------------+
; Multicorner Timing Analysis Summary                                                                                            ;
+------------------------------------------------------------------+----------+-------+----------+---------+---------------------+
; Clock                                                            ; Setup    ; Hold  ; Recovery ; Removal ; Minimum Pulse Width ;
+------------------------------------------------------------------+----------+-------+----------+---------+---------------------+
; Worst-case Slack                                                 ; -4.154   ; 0.058 ; -1.224   ; 1.106   ; -1.627              ;
;  CLOCK_50                                                        ; -4.154   ; 0.058 ; N/A      ; N/A     ; -1.627              ;
;  uart_controller:uart_ctrl_inst|baud_rate_gen:brg_inst|ov_tick   ; -2.155   ; 0.215 ; -1.224   ; 1.106   ; -0.500              ;
;  uart_controller:uart_ctrl_inst|baud_rate_gen:brg_inst|uart_tick ; -1.151   ; 0.215 ; N/A      ; N/A     ; -0.500              ;
; Design-wide TNS                                                  ; -492.249 ; 0.0   ; -11.016  ; 0.0     ; -357.762            ;
;  CLOCK_50                                                        ; -421.167 ; 0.000 ; N/A      ; N/A     ; -305.762            ;
;  uart_controller:uart_ctrl_inst|baud_rate_gen:brg_inst|ov_tick   ; -60.806  ; 0.000 ; -11.016  ; 0.000   ; -38.000             ;
;  uart_controller:uart_ctrl_inst|baud_rate_gen:brg_inst|uart_tick ; -10.276  ; 0.000 ; N/A      ; N/A     ; -14.000             ;
+------------------------------------------------------------------+----------+-------+----------+---------+---------------------+


+------------------------------------------------------------------------------------------------------------------------------------------------------------------------+
; Setup Times                                                                                                                                                            ;
+-----------+---------------------------------------------------------------+-------+-------+------------+---------------------------------------------------------------+
; Data Port ; Clock Port                                                    ; Rise  ; Fall  ; Clock Edge ; Clock Reference                                               ;
+-----------+---------------------------------------------------------------+-------+-------+------------+---------------------------------------------------------------+
; UART_RXD  ; uart_controller:uart_ctrl_inst|baud_rate_gen:brg_inst|ov_tick ; 7.119 ; 7.119 ; Rise       ; uart_controller:uart_ctrl_inst|baud_rate_gen:brg_inst|ov_tick ;
+-----------+---------------------------------------------------------------+-------+-------+------------+---------------------------------------------------------------+


+--------------------------------------------------------------------------------------------------------------------------------------------------------------------------+
; Hold Times                                                                                                                                                               ;
+-----------+---------------------------------------------------------------+--------+--------+------------+---------------------------------------------------------------+
; Data Port ; Clock Port                                                    ; Rise   ; Fall   ; Clock Edge ; Clock Reference                                               ;
+-----------+---------------------------------------------------------------+--------+--------+------------+---------------------------------------------------------------+
; UART_RXD  ; uart_controller:uart_ctrl_inst|baud_rate_gen:brg_inst|ov_tick ; -3.101 ; -3.101 ; Rise       ; uart_controller:uart_ctrl_inst|baud_rate_gen:brg_inst|ov_tick ;
+-----------+---------------------------------------------------------------+--------+--------+------------+---------------------------------------------------------------+


+-----------------------------------------------------------------------------------------------------------------------------------------------------------------------------------+
; Clock to Output Times                                                                                                                                                             ;
+----------------+-----------------------------------------------------------------+--------+--------+------------+-----------------------------------------------------------------+
; Data Port      ; Clock Port                                                      ; Rise   ; Fall   ; Clock Edge ; Clock Reference                                                 ;
+----------------+-----------------------------------------------------------------+--------+--------+------------+-----------------------------------------------------------------+
; HEX0[*]        ; CLOCK_50                                                        ; 9.756  ; 9.756  ; Rise       ; CLOCK_50                                                        ;
;  HEX0[0]       ; CLOCK_50                                                        ; 9.756  ; 9.756  ; Rise       ; CLOCK_50                                                        ;
;  HEX0[1]       ; CLOCK_50                                                        ; 9.729  ; 9.729  ; Rise       ; CLOCK_50                                                        ;
;  HEX0[2]       ; CLOCK_50                                                        ; 9.727  ; 9.727  ; Rise       ; CLOCK_50                                                        ;
;  HEX0[3]       ; CLOCK_50                                                        ; 9.518  ; 9.518  ; Rise       ; CLOCK_50                                                        ;
;  HEX0[4]       ; CLOCK_50                                                        ; 9.503  ; 9.503  ; Rise       ; CLOCK_50                                                        ;
;  HEX0[5]       ; CLOCK_50                                                        ; 9.485  ; 9.485  ; Rise       ; CLOCK_50                                                        ;
;  HEX0[6]       ; CLOCK_50                                                        ; 9.499  ; 9.499  ; Rise       ; CLOCK_50                                                        ;
; HEX1[*]        ; CLOCK_50                                                        ; 7.611  ; 7.611  ; Rise       ; CLOCK_50                                                        ;
;  HEX1[0]       ; CLOCK_50                                                        ; 7.591  ; 7.591  ; Rise       ; CLOCK_50                                                        ;
;  HEX1[1]       ; CLOCK_50                                                        ; 7.611  ; 7.611  ; Rise       ; CLOCK_50                                                        ;
;  HEX1[2]       ; CLOCK_50                                                        ; 7.209  ; 7.209  ; Rise       ; CLOCK_50                                                        ;
;  HEX1[3]       ; CLOCK_50                                                        ; 7.172  ; 7.172  ; Rise       ; CLOCK_50                                                        ;
;  HEX1[4]       ; CLOCK_50                                                        ; 7.207  ; 7.207  ; Rise       ; CLOCK_50                                                        ;
;  HEX1[5]       ; CLOCK_50                                                        ; 7.437  ; 7.437  ; Rise       ; CLOCK_50                                                        ;
;  HEX1[6]       ; CLOCK_50                                                        ; 7.484  ; 7.484  ; Rise       ; CLOCK_50                                                        ;
; HEX2[*]        ; CLOCK_50                                                        ; 7.653  ; 7.653  ; Rise       ; CLOCK_50                                                        ;
;  HEX2[0]       ; CLOCK_50                                                        ; 7.512  ; 7.512  ; Rise       ; CLOCK_50                                                        ;
;  HEX2[1]       ; CLOCK_50                                                        ; 7.303  ; 7.303  ; Rise       ; CLOCK_50                                                        ;
;  HEX2[2]       ; CLOCK_50                                                        ; 7.388  ; 7.388  ; Rise       ; CLOCK_50                                                        ;
;  HEX2[3]       ; CLOCK_50                                                        ; 7.352  ; 7.352  ; Rise       ; CLOCK_50                                                        ;
;  HEX2[4]       ; CLOCK_50                                                        ; 7.543  ; 7.543  ; Rise       ; CLOCK_50                                                        ;
;  HEX2[5]       ; CLOCK_50                                                        ; 7.653  ; 7.653  ; Rise       ; CLOCK_50                                                        ;
;  HEX2[6]       ; CLOCK_50                                                        ; 7.597  ; 7.597  ; Rise       ; CLOCK_50                                                        ;
; LEDR[*]        ; CLOCK_50                                                        ; 10.931 ; 10.931 ; Rise       ; CLOCK_50                                                        ;
;  LEDR[9]       ; CLOCK_50                                                        ; 9.780  ; 9.780  ; Rise       ; CLOCK_50                                                        ;
;  LEDR[10]      ; CLOCK_50                                                        ; 9.063  ; 9.063  ; Rise       ; CLOCK_50                                                        ;
;  LEDR[11]      ; CLOCK_50                                                        ; 9.065  ; 9.065  ; Rise       ; CLOCK_50                                                        ;
;  LEDR[12]      ; CLOCK_50                                                        ; 9.060  ; 9.060  ; Rise       ; CLOCK_50                                                        ;
;  LEDR[13]      ; CLOCK_50                                                        ; 10.931 ; 10.931 ; Rise       ; CLOCK_50                                                        ;
;  LEDR[15]      ; CLOCK_50                                                        ; 7.849  ; 7.849  ; Rise       ; CLOCK_50                                                        ;
;  LEDR[16]      ; CLOCK_50                                                        ; 7.741  ; 7.741  ; Rise       ; CLOCK_50                                                        ;
;  LEDR[17]      ; CLOCK_50                                                        ; 9.307  ; 9.307  ; Rise       ; CLOCK_50                                                        ;
; SRAM_ADDR[*]   ; CLOCK_50                                                        ; 6.611  ; 6.611  ; Rise       ; CLOCK_50                                                        ;
;  SRAM_ADDR[0]  ; CLOCK_50                                                        ; 6.607  ; 6.607  ; Rise       ; CLOCK_50                                                        ;
;  SRAM_ADDR[1]  ; CLOCK_50                                                        ; 6.611  ; 6.611  ; Rise       ; CLOCK_50                                                        ;
;  SRAM_ADDR[2]  ; CLOCK_50                                                        ; 6.591  ; 6.591  ; Rise       ; CLOCK_50                                                        ;
;  SRAM_ADDR[3]  ; CLOCK_50                                                        ; 6.593  ; 6.593  ; Rise       ; CLOCK_50                                                        ;
;  SRAM_ADDR[4]  ; CLOCK_50                                                        ; 6.586  ; 6.586  ; Rise       ; CLOCK_50                                                        ;
;  SRAM_ADDR[5]  ; CLOCK_50                                                        ; 6.587  ; 6.587  ; Rise       ; CLOCK_50                                                        ;
;  SRAM_ADDR[6]  ; CLOCK_50                                                        ; 6.390  ; 6.390  ; Rise       ; CLOCK_50                                                        ;
;  SRAM_ADDR[7]  ; CLOCK_50                                                        ; 6.611  ; 6.611  ; Rise       ; CLOCK_50                                                        ;
;  SRAM_ADDR[8]  ; CLOCK_50                                                        ; 6.583  ; 6.583  ; Rise       ; CLOCK_50                                                        ;
;  SRAM_ADDR[9]  ; CLOCK_50                                                        ; 6.594  ; 6.594  ; Rise       ; CLOCK_50                                                        ;
;  SRAM_ADDR[10] ; CLOCK_50                                                        ; 6.379  ; 6.379  ; Rise       ; CLOCK_50                                                        ;
;  SRAM_ADDR[11] ; CLOCK_50                                                        ; 6.375  ; 6.375  ; Rise       ; CLOCK_50                                                        ;
;  SRAM_ADDR[12] ; CLOCK_50                                                        ; 6.363  ; 6.363  ; Rise       ; CLOCK_50                                                        ;
;  SRAM_ADDR[13] ; CLOCK_50                                                        ; 6.407  ; 6.407  ; Rise       ; CLOCK_50                                                        ;
;  SRAM_ADDR[14] ; CLOCK_50                                                        ; 6.344  ; 6.344  ; Rise       ; CLOCK_50                                                        ;
;  SRAM_ADDR[15] ; CLOCK_50                                                        ; 6.345  ; 6.345  ; Rise       ; CLOCK_50                                                        ;
;  SRAM_ADDR[16] ; CLOCK_50                                                        ; 6.591  ; 6.591  ; Rise       ; CLOCK_50                                                        ;
;  SRAM_ADDR[17] ; CLOCK_50                                                        ; 6.590  ; 6.590  ; Rise       ; CLOCK_50                                                        ;
; SRAM_DQ[*]     ; CLOCK_50                                                        ; 7.083  ; 7.083  ; Rise       ; CLOCK_50                                                        ;
;  SRAM_DQ[0]    ; CLOCK_50                                                        ; 6.594  ; 6.594  ; Rise       ; CLOCK_50                                                        ;
;  SRAM_DQ[1]    ; CLOCK_50                                                        ; 6.388  ; 6.388  ; Rise       ; CLOCK_50                                                        ;
;  SRAM_DQ[2]    ; CLOCK_50                                                        ; 6.384  ; 6.384  ; Rise       ; CLOCK_50                                                        ;
;  SRAM_DQ[3]    ; CLOCK_50                                                        ; 6.367  ; 6.367  ; Rise       ; CLOCK_50                                                        ;
;  SRAM_DQ[4]    ; CLOCK_50                                                        ; 6.594  ; 6.594  ; Rise       ; CLOCK_50                                                        ;
;  SRAM_DQ[5]    ; CLOCK_50                                                        ; 6.358  ; 6.358  ; Rise       ; CLOCK_50                                                        ;
;  SRAM_DQ[6]    ; CLOCK_50                                                        ; 6.359  ; 6.359  ; Rise       ; CLOCK_50                                                        ;
;  SRAM_DQ[7]    ; CLOCK_50                                                        ; 6.400  ; 6.400  ; Rise       ; CLOCK_50                                                        ;
;  SRAM_DQ[8]    ; CLOCK_50                                                        ; 6.878  ; 6.878  ; Rise       ; CLOCK_50                                                        ;
;  SRAM_DQ[9]    ; CLOCK_50                                                        ; 6.867  ; 6.867  ; Rise       ; CLOCK_50                                                        ;
;  SRAM_DQ[10]   ; CLOCK_50                                                        ; 6.871  ; 6.871  ; Rise       ; CLOCK_50                                                        ;
;  SRAM_DQ[11]   ; CLOCK_50                                                        ; 6.626  ; 6.626  ; Rise       ; CLOCK_50                                                        ;
;  SRAM_DQ[12]   ; CLOCK_50                                                        ; 6.861  ; 6.861  ; Rise       ; CLOCK_50                                                        ;
;  SRAM_DQ[13]   ; CLOCK_50                                                        ; 6.619  ; 6.619  ; Rise       ; CLOCK_50                                                        ;
;  SRAM_DQ[14]   ; CLOCK_50                                                        ; 6.825  ; 6.825  ; Rise       ; CLOCK_50                                                        ;
;  SRAM_DQ[15]   ; CLOCK_50                                                        ; 7.083  ; 7.083  ; Rise       ; CLOCK_50                                                        ;
; SRAM_WE_N      ; CLOCK_50                                                        ; 7.358  ; 7.358  ; Rise       ; CLOCK_50                                                        ;
; LEDR[*]        ; uart_controller:uart_ctrl_inst|baud_rate_gen:brg_inst|ov_tick   ; 8.860  ; 8.860  ; Rise       ; uart_controller:uart_ctrl_inst|baud_rate_gen:brg_inst|ov_tick   ;
;  LEDR[0]       ; uart_controller:uart_ctrl_inst|baud_rate_gen:brg_inst|ov_tick   ; 8.158  ; 8.158  ; Rise       ; uart_controller:uart_ctrl_inst|baud_rate_gen:brg_inst|ov_tick   ;
;  LEDR[1]       ; uart_controller:uart_ctrl_inst|baud_rate_gen:brg_inst|ov_tick   ; 8.860  ; 8.860  ; Rise       ; uart_controller:uart_ctrl_inst|baud_rate_gen:brg_inst|ov_tick   ;
;  LEDR[2]       ; uart_controller:uart_ctrl_inst|baud_rate_gen:brg_inst|ov_tick   ; 7.429  ; 7.429  ; Rise       ; uart_controller:uart_ctrl_inst|baud_rate_gen:brg_inst|ov_tick   ;
;  LEDR[3]       ; uart_controller:uart_ctrl_inst|baud_rate_gen:brg_inst|ov_tick   ; 7.827  ; 7.827  ; Rise       ; uart_controller:uart_ctrl_inst|baud_rate_gen:brg_inst|ov_tick   ;
;  LEDR[4]       ; uart_controller:uart_ctrl_inst|baud_rate_gen:brg_inst|ov_tick   ; 8.024  ; 8.024  ; Rise       ; uart_controller:uart_ctrl_inst|baud_rate_gen:brg_inst|ov_tick   ;
;  LEDR[5]       ; uart_controller:uart_ctrl_inst|baud_rate_gen:brg_inst|ov_tick   ; 7.241  ; 7.241  ; Rise       ; uart_controller:uart_ctrl_inst|baud_rate_gen:brg_inst|ov_tick   ;
;  LEDR[6]       ; uart_controller:uart_ctrl_inst|baud_rate_gen:brg_inst|ov_tick   ; 8.818  ; 8.818  ; Rise       ; uart_controller:uart_ctrl_inst|baud_rate_gen:brg_inst|ov_tick   ;
;  LEDR[7]       ; uart_controller:uart_ctrl_inst|baud_rate_gen:brg_inst|ov_tick   ; 8.523  ; 8.523  ; Rise       ; uart_controller:uart_ctrl_inst|baud_rate_gen:brg_inst|ov_tick   ;
;  LEDR[8]       ; uart_controller:uart_ctrl_inst|baud_rate_gen:brg_inst|ov_tick   ; 7.251  ; 7.251  ; Rise       ; uart_controller:uart_ctrl_inst|baud_rate_gen:brg_inst|ov_tick   ;
; rx_valid_led   ; uart_controller:uart_ctrl_inst|baud_rate_gen:brg_inst|ov_tick   ; 7.059  ; 7.059  ; Rise       ; uart_controller:uart_ctrl_inst|baud_rate_gen:brg_inst|ov_tick   ;
; state_led[*]   ; uart_controller:uart_ctrl_inst|baud_rate_gen:brg_inst|ov_tick   ; 7.508  ; 7.508  ; Rise       ; uart_controller:uart_ctrl_inst|baud_rate_gen:brg_inst|ov_tick   ;
;  state_led[0]  ; uart_controller:uart_ctrl_inst|baud_rate_gen:brg_inst|ov_tick   ; 7.354  ; 7.354  ; Rise       ; uart_controller:uart_ctrl_inst|baud_rate_gen:brg_inst|ov_tick   ;
;  state_led[1]  ; uart_controller:uart_ctrl_inst|baud_rate_gen:brg_inst|ov_tick   ; 7.508  ; 7.508  ; Rise       ; uart_controller:uart_ctrl_inst|baud_rate_gen:brg_inst|ov_tick   ;
; LEDR[*]        ; uart_controller:uart_ctrl_inst|baud_rate_gen:brg_inst|uart_tick ; 7.860  ; 7.860  ; Rise       ; uart_controller:uart_ctrl_inst|baud_rate_gen:brg_inst|uart_tick ;
;  LEDR[14]      ; uart_controller:uart_ctrl_inst|baud_rate_gen:brg_inst|uart_tick ; 7.860  ; 7.860  ; Rise       ; uart_controller:uart_ctrl_inst|baud_rate_gen:brg_inst|uart_tick ;
; UART_TXD       ; uart_controller:uart_ctrl_inst|baud_rate_gen:brg_inst|uart_tick ; 9.078  ; 9.078  ; Rise       ; uart_controller:uart_ctrl_inst|baud_rate_gen:brg_inst|uart_tick ;
; tx_busy_led    ; uart_controller:uart_ctrl_inst|baud_rate_gen:brg_inst|uart_tick ; 7.820  ; 7.820  ; Rise       ; uart_controller:uart_ctrl_inst|baud_rate_gen:brg_inst|uart_tick ;
+----------------+-----------------------------------------------------------------+--------+--------+------------+-----------------------------------------------------------------+


+---------------------------------------------------------------------------------------------------------------------------------------------------------------------------------+
; Minimum Clock to Output Times                                                                                                                                                   ;
+----------------+-----------------------------------------------------------------+-------+-------+------------+-----------------------------------------------------------------+
; Data Port      ; Clock Port                                                      ; Rise  ; Fall  ; Clock Edge ; Clock Reference                                                 ;
+----------------+-----------------------------------------------------------------+-------+-------+------------+-----------------------------------------------------------------+
; HEX0[*]        ; CLOCK_50                                                        ; 4.138 ; 4.138 ; Rise       ; CLOCK_50                                                        ;
;  HEX0[0]       ; CLOCK_50                                                        ; 4.281 ; 4.281 ; Rise       ; CLOCK_50                                                        ;
;  HEX0[1]       ; CLOCK_50                                                        ; 4.250 ; 4.250 ; Rise       ; CLOCK_50                                                        ;
;  HEX0[2]       ; CLOCK_50                                                        ; 4.251 ; 4.251 ; Rise       ; CLOCK_50                                                        ;
;  HEX0[3]       ; CLOCK_50                                                        ; 4.160 ; 4.160 ; Rise       ; CLOCK_50                                                        ;
;  HEX0[4]       ; CLOCK_50                                                        ; 4.159 ; 4.159 ; Rise       ; CLOCK_50                                                        ;
;  HEX0[5]       ; CLOCK_50                                                        ; 4.138 ; 4.138 ; Rise       ; CLOCK_50                                                        ;
;  HEX0[6]       ; CLOCK_50                                                        ; 4.143 ; 4.143 ; Rise       ; CLOCK_50                                                        ;
; HEX1[*]        ; CLOCK_50                                                        ; 3.728 ; 3.728 ; Rise       ; CLOCK_50                                                        ;
;  HEX1[0]       ; CLOCK_50                                                        ; 3.978 ; 3.978 ; Rise       ; CLOCK_50                                                        ;
;  HEX1[1]       ; CLOCK_50                                                        ; 3.976 ; 3.976 ; Rise       ; CLOCK_50                                                        ;
;  HEX1[2]       ; CLOCK_50                                                        ; 3.742 ; 3.742 ; Rise       ; CLOCK_50                                                        ;
;  HEX1[3]       ; CLOCK_50                                                        ; 3.728 ; 3.728 ; Rise       ; CLOCK_50                                                        ;
;  HEX1[4]       ; CLOCK_50                                                        ; 3.773 ; 3.773 ; Rise       ; CLOCK_50                                                        ;
;  HEX1[5]       ; CLOCK_50                                                        ; 3.863 ; 3.863 ; Rise       ; CLOCK_50                                                        ;
;  HEX1[6]       ; CLOCK_50                                                        ; 3.884 ; 3.884 ; Rise       ; CLOCK_50                                                        ;
; HEX2[*]        ; CLOCK_50                                                        ; 3.887 ; 3.887 ; Rise       ; CLOCK_50                                                        ;
;  HEX2[0]       ; CLOCK_50                                                        ; 3.992 ; 3.992 ; Rise       ; CLOCK_50                                                        ;
;  HEX2[1]       ; CLOCK_50                                                        ; 3.887 ; 3.887 ; Rise       ; CLOCK_50                                                        ;
;  HEX2[2]       ; CLOCK_50                                                        ; 3.953 ; 3.953 ; Rise       ; CLOCK_50                                                        ;
;  HEX2[3]       ; CLOCK_50                                                        ; 3.935 ; 3.935 ; Rise       ; CLOCK_50                                                        ;
;  HEX2[4]       ; CLOCK_50                                                        ; 4.015 ; 4.015 ; Rise       ; CLOCK_50                                                        ;
;  HEX2[5]       ; CLOCK_50                                                        ; 4.065 ; 4.065 ; Rise       ; CLOCK_50                                                        ;
;  HEX2[6]       ; CLOCK_50                                                        ; 4.030 ; 4.030 ; Rise       ; CLOCK_50                                                        ;
; LEDR[*]        ; CLOCK_50                                                        ; 4.302 ; 4.302 ; Rise       ; CLOCK_50                                                        ;
;  LEDR[9]       ; CLOCK_50                                                        ; 4.895 ; 4.895 ; Rise       ; CLOCK_50                                                        ;
;  LEDR[10]      ; CLOCK_50                                                        ; 4.749 ; 4.749 ; Rise       ; CLOCK_50                                                        ;
;  LEDR[11]      ; CLOCK_50                                                        ; 4.601 ; 4.601 ; Rise       ; CLOCK_50                                                        ;
;  LEDR[12]      ; CLOCK_50                                                        ; 4.521 ; 4.521 ; Rise       ; CLOCK_50                                                        ;
;  LEDR[13]      ; CLOCK_50                                                        ; 5.092 ; 5.092 ; Rise       ; CLOCK_50                                                        ;
;  LEDR[15]      ; CLOCK_50                                                        ; 4.329 ; 4.329 ; Rise       ; CLOCK_50                                                        ;
;  LEDR[16]      ; CLOCK_50                                                        ; 4.302 ; 4.302 ; Rise       ; CLOCK_50                                                        ;
;  LEDR[17]      ; CLOCK_50                                                        ; 4.448 ; 4.448 ; Rise       ; CLOCK_50                                                        ;
; SRAM_ADDR[*]   ; CLOCK_50                                                        ; 3.628 ; 3.628 ; Rise       ; CLOCK_50                                                        ;
;  SRAM_ADDR[0]  ; CLOCK_50                                                        ; 3.771 ; 3.771 ; Rise       ; CLOCK_50                                                        ;
;  SRAM_ADDR[1]  ; CLOCK_50                                                        ; 3.774 ; 3.774 ; Rise       ; CLOCK_50                                                        ;
;  SRAM_ADDR[2]  ; CLOCK_50                                                        ; 3.752 ; 3.752 ; Rise       ; CLOCK_50                                                        ;
;  SRAM_ADDR[3]  ; CLOCK_50                                                        ; 3.754 ; 3.754 ; Rise       ; CLOCK_50                                                        ;
;  SRAM_ADDR[4]  ; CLOCK_50                                                        ; 3.749 ; 3.749 ; Rise       ; CLOCK_50                                                        ;
;  SRAM_ADDR[5]  ; CLOCK_50                                                        ; 3.750 ; 3.750 ; Rise       ; CLOCK_50                                                        ;
;  SRAM_ADDR[6]  ; CLOCK_50                                                        ; 3.674 ; 3.674 ; Rise       ; CLOCK_50                                                        ;
;  SRAM_ADDR[7]  ; CLOCK_50                                                        ; 3.773 ; 3.773 ; Rise       ; CLOCK_50                                                        ;
;  SRAM_ADDR[8]  ; CLOCK_50                                                        ; 3.745 ; 3.745 ; Rise       ; CLOCK_50                                                        ;
;  SRAM_ADDR[9]  ; CLOCK_50                                                        ; 3.755 ; 3.755 ; Rise       ; CLOCK_50                                                        ;
;  SRAM_ADDR[10] ; CLOCK_50                                                        ; 3.656 ; 3.656 ; Rise       ; CLOCK_50                                                        ;
;  SRAM_ADDR[11] ; CLOCK_50                                                        ; 3.658 ; 3.658 ; Rise       ; CLOCK_50                                                        ;
;  SRAM_ADDR[12] ; CLOCK_50                                                        ; 3.647 ; 3.647 ; Rise       ; CLOCK_50                                                        ;
;  SRAM_ADDR[13] ; CLOCK_50                                                        ; 3.689 ; 3.689 ; Rise       ; CLOCK_50                                                        ;
;  SRAM_ADDR[14] ; CLOCK_50                                                        ; 3.628 ; 3.628 ; Rise       ; CLOCK_50                                                        ;
;  SRAM_ADDR[15] ; CLOCK_50                                                        ; 3.628 ; 3.628 ; Rise       ; CLOCK_50                                                        ;
;  SRAM_ADDR[16] ; CLOCK_50                                                        ; 3.753 ; 3.753 ; Rise       ; CLOCK_50                                                        ;
;  SRAM_ADDR[17] ; CLOCK_50                                                        ; 3.750 ; 3.750 ; Rise       ; CLOCK_50                                                        ;
; SRAM_DQ[*]     ; CLOCK_50                                                        ; 3.639 ; 3.639 ; Rise       ; CLOCK_50                                                        ;
;  SRAM_DQ[0]    ; CLOCK_50                                                        ; 3.758 ; 3.758 ; Rise       ; CLOCK_50                                                        ;
;  SRAM_DQ[1]    ; CLOCK_50                                                        ; 3.672 ; 3.672 ; Rise       ; CLOCK_50                                                        ;
;  SRAM_DQ[2]    ; CLOCK_50                                                        ; 3.671 ; 3.671 ; Rise       ; CLOCK_50                                                        ;
;  SRAM_DQ[3]    ; CLOCK_50                                                        ; 3.652 ; 3.652 ; Rise       ; CLOCK_50                                                        ;
;  SRAM_DQ[4]    ; CLOCK_50                                                        ; 3.749 ; 3.749 ; Rise       ; CLOCK_50                                                        ;
;  SRAM_DQ[5]    ; CLOCK_50                                                        ; 3.639 ; 3.639 ; Rise       ; CLOCK_50                                                        ;
;  SRAM_DQ[6]    ; CLOCK_50                                                        ; 3.640 ; 3.640 ; Rise       ; CLOCK_50                                                        ;
;  SRAM_DQ[7]    ; CLOCK_50                                                        ; 3.662 ; 3.662 ; Rise       ; CLOCK_50                                                        ;
;  SRAM_DQ[8]    ; CLOCK_50                                                        ; 3.901 ; 3.901 ; Rise       ; CLOCK_50                                                        ;
;  SRAM_DQ[9]    ; CLOCK_50                                                        ; 3.894 ; 3.894 ; Rise       ; CLOCK_50                                                        ;
;  SRAM_DQ[10]   ; CLOCK_50                                                        ; 3.896 ; 3.896 ; Rise       ; CLOCK_50                                                        ;
;  SRAM_DQ[11]   ; CLOCK_50                                                        ; 3.782 ; 3.782 ; Rise       ; CLOCK_50                                                        ;
;  SRAM_DQ[12]   ; CLOCK_50                                                        ; 3.886 ; 3.886 ; Rise       ; CLOCK_50                                                        ;
;  SRAM_DQ[13]   ; CLOCK_50                                                        ; 3.775 ; 3.775 ; Rise       ; CLOCK_50                                                        ;
;  SRAM_DQ[14]   ; CLOCK_50                                                        ; 3.857 ; 3.857 ; Rise       ; CLOCK_50                                                        ;
;  SRAM_DQ[15]   ; CLOCK_50                                                        ; 3.980 ; 3.980 ; Rise       ; CLOCK_50                                                        ;
; SRAM_WE_N      ; CLOCK_50                                                        ; 4.113 ; 4.113 ; Rise       ; CLOCK_50                                                        ;
; LEDR[*]        ; uart_controller:uart_ctrl_inst|baud_rate_gen:brg_inst|ov_tick   ; 3.997 ; 3.997 ; Rise       ; uart_controller:uart_ctrl_inst|baud_rate_gen:brg_inst|ov_tick   ;
;  LEDR[0]       ; uart_controller:uart_ctrl_inst|baud_rate_gen:brg_inst|ov_tick   ; 4.423 ; 4.423 ; Rise       ; uart_controller:uart_ctrl_inst|baud_rate_gen:brg_inst|ov_tick   ;
;  LEDR[1]       ; uart_controller:uart_ctrl_inst|baud_rate_gen:brg_inst|ov_tick   ; 4.704 ; 4.704 ; Rise       ; uart_controller:uart_ctrl_inst|baud_rate_gen:brg_inst|ov_tick   ;
;  LEDR[2]       ; uart_controller:uart_ctrl_inst|baud_rate_gen:brg_inst|ov_tick   ; 4.112 ; 4.112 ; Rise       ; uart_controller:uart_ctrl_inst|baud_rate_gen:brg_inst|ov_tick   ;
;  LEDR[3]       ; uart_controller:uart_ctrl_inst|baud_rate_gen:brg_inst|ov_tick   ; 4.279 ; 4.279 ; Rise       ; uart_controller:uart_ctrl_inst|baud_rate_gen:brg_inst|ov_tick   ;
;  LEDR[4]       ; uart_controller:uart_ctrl_inst|baud_rate_gen:brg_inst|ov_tick   ; 4.368 ; 4.368 ; Rise       ; uart_controller:uart_ctrl_inst|baud_rate_gen:brg_inst|ov_tick   ;
;  LEDR[5]       ; uart_controller:uart_ctrl_inst|baud_rate_gen:brg_inst|ov_tick   ; 4.048 ; 4.048 ; Rise       ; uart_controller:uart_ctrl_inst|baud_rate_gen:brg_inst|ov_tick   ;
;  LEDR[6]       ; uart_controller:uart_ctrl_inst|baud_rate_gen:brg_inst|ov_tick   ; 4.672 ; 4.672 ; Rise       ; uart_controller:uart_ctrl_inst|baud_rate_gen:brg_inst|ov_tick   ;
;  LEDR[7]       ; uart_controller:uart_ctrl_inst|baud_rate_gen:brg_inst|ov_tick   ; 4.560 ; 4.560 ; Rise       ; uart_controller:uart_ctrl_inst|baud_rate_gen:brg_inst|ov_tick   ;
;  LEDR[8]       ; uart_controller:uart_ctrl_inst|baud_rate_gen:brg_inst|ov_tick   ; 3.997 ; 3.997 ; Rise       ; uart_controller:uart_ctrl_inst|baud_rate_gen:brg_inst|ov_tick   ;
; rx_valid_led   ; uart_controller:uart_ctrl_inst|baud_rate_gen:brg_inst|ov_tick   ; 3.893 ; 3.893 ; Rise       ; uart_controller:uart_ctrl_inst|baud_rate_gen:brg_inst|ov_tick   ;
; state_led[*]   ; uart_controller:uart_ctrl_inst|baud_rate_gen:brg_inst|ov_tick   ; 3.928 ; 3.928 ; Rise       ; uart_controller:uart_ctrl_inst|baud_rate_gen:brg_inst|ov_tick   ;
;  state_led[0]  ; uart_controller:uart_ctrl_inst|baud_rate_gen:brg_inst|ov_tick   ; 3.928 ; 3.928 ; Rise       ; uart_controller:uart_ctrl_inst|baud_rate_gen:brg_inst|ov_tick   ;
;  state_led[1]  ; uart_controller:uart_ctrl_inst|baud_rate_gen:brg_inst|ov_tick   ; 3.998 ; 3.998 ; Rise       ; uart_controller:uart_ctrl_inst|baud_rate_gen:brg_inst|ov_tick   ;
; LEDR[*]        ; uart_controller:uart_ctrl_inst|baud_rate_gen:brg_inst|uart_tick ; 4.265 ; 4.265 ; Rise       ; uart_controller:uart_ctrl_inst|baud_rate_gen:brg_inst|uart_tick ;
;  LEDR[14]      ; uart_controller:uart_ctrl_inst|baud_rate_gen:brg_inst|uart_tick ; 4.265 ; 4.265 ; Rise       ; uart_controller:uart_ctrl_inst|baud_rate_gen:brg_inst|uart_tick ;
; UART_TXD       ; uart_controller:uart_ctrl_inst|baud_rate_gen:brg_inst|uart_tick ; 4.892 ; 4.892 ; Rise       ; uart_controller:uart_ctrl_inst|baud_rate_gen:brg_inst|uart_tick ;
; tx_busy_led    ; uart_controller:uart_ctrl_inst|baud_rate_gen:brg_inst|uart_tick ; 4.224 ; 4.224 ; Rise       ; uart_controller:uart_ctrl_inst|baud_rate_gen:brg_inst|uart_tick ;
+----------------+-----------------------------------------------------------------+-------+-------+------------+-----------------------------------------------------------------+


+-------------------------------------------------------------------------------------------------------------------------------------------------------------------------------+
; Setup Transfers                                                                                                                                                               ;
+-----------------------------------------------------------------+-----------------------------------------------------------------+----------+----------+----------+----------+
; From Clock                                                      ; To Clock                                                        ; RR Paths ; FR Paths ; RF Paths ; FF Paths ;
+-----------------------------------------------------------------+-----------------------------------------------------------------+----------+----------+----------+----------+
; CLOCK_50                                                        ; CLOCK_50                                                        ; 3052     ; 0        ; 0        ; 0        ;
; uart_controller:uart_ctrl_inst|baud_rate_gen:brg_inst|ov_tick   ; CLOCK_50                                                        ; 221      ; 0        ; 0        ; 0        ;
; uart_controller:uart_ctrl_inst|baud_rate_gen:brg_inst|uart_tick ; CLOCK_50                                                        ; 40       ; 0        ; 0        ; 0        ;
; CLOCK_50                                                        ; uart_controller:uart_ctrl_inst|baud_rate_gen:brg_inst|ov_tick   ; 29       ; 0        ; 0        ; 0        ;
; uart_controller:uart_ctrl_inst|baud_rate_gen:brg_inst|ov_tick   ; uart_controller:uart_ctrl_inst|baud_rate_gen:brg_inst|ov_tick   ; 301      ; 0        ; 0        ; 0        ;
; CLOCK_50                                                        ; uart_controller:uart_ctrl_inst|baud_rate_gen:brg_inst|uart_tick ; 7        ; 0        ; 0        ; 0        ;
; uart_controller:uart_ctrl_inst|baud_rate_gen:brg_inst|uart_tick ; uart_controller:uart_ctrl_inst|baud_rate_gen:brg_inst|uart_tick ; 69       ; 0        ; 0        ; 0        ;
+-----------------------------------------------------------------+-----------------------------------------------------------------+----------+----------+----------+----------+
Entries labeled "false path" only account for clock-to-clock false paths and not path-based false paths. As a result, actual path counts may be lower than reported.


+-------------------------------------------------------------------------------------------------------------------------------------------------------------------------------+
; Hold Transfers                                                                                                                                                                ;
+-----------------------------------------------------------------+-----------------------------------------------------------------+----------+----------+----------+----------+
; From Clock                                                      ; To Clock                                                        ; RR Paths ; FR Paths ; RF Paths ; FF Paths ;
+-----------------------------------------------------------------+-----------------------------------------------------------------+----------+----------+----------+----------+
; CLOCK_50                                                        ; CLOCK_50                                                        ; 3052     ; 0        ; 0        ; 0        ;
; uart_controller:uart_ctrl_inst|baud_rate_gen:brg_inst|ov_tick   ; CLOCK_50                                                        ; 221      ; 0        ; 0        ; 0        ;
; uart_controller:uart_ctrl_inst|baud_rate_gen:brg_inst|uart_tick ; CLOCK_50                                                        ; 40       ; 0        ; 0        ; 0        ;
; CLOCK_50                                                        ; uart_controller:uart_ctrl_inst|baud_rate_gen:brg_inst|ov_tick   ; 29       ; 0        ; 0        ; 0        ;
; uart_controller:uart_ctrl_inst|baud_rate_gen:brg_inst|ov_tick   ; uart_controller:uart_ctrl_inst|baud_rate_gen:brg_inst|ov_tick   ; 301      ; 0        ; 0        ; 0        ;
; CLOCK_50                                                        ; uart_controller:uart_ctrl_inst|baud_rate_gen:brg_inst|uart_tick ; 7        ; 0        ; 0        ; 0        ;
; uart_controller:uart_ctrl_inst|baud_rate_gen:brg_inst|uart_tick ; uart_controller:uart_ctrl_inst|baud_rate_gen:brg_inst|uart_tick ; 69       ; 0        ; 0        ; 0        ;
+-----------------------------------------------------------------+-----------------------------------------------------------------+----------+----------+----------+----------+
Entries labeled "false path" only account for clock-to-clock false paths and not path-based false paths. As a result, actual path counts may be lower than reported.


+------------------------------------------------------------------------------------------------------------------------+
; Recovery Transfers                                                                                                     ;
+------------+---------------------------------------------------------------+----------+----------+----------+----------+
; From Clock ; To Clock                                                      ; RR Paths ; FR Paths ; RF Paths ; FF Paths ;
+------------+---------------------------------------------------------------+----------+----------+----------+----------+
; CLOCK_50   ; uart_controller:uart_ctrl_inst|baud_rate_gen:brg_inst|ov_tick ; 9        ; 0        ; 0        ; 0        ;
+------------+---------------------------------------------------------------+----------+----------+----------+----------+
Entries labeled "false path" only account for clock-to-clock false paths and not path-based false paths. As a result, actual path counts may be lower than reported.


+------------------------------------------------------------------------------------------------------------------------+
; Removal Transfers                                                                                                      ;
+------------+---------------------------------------------------------------+----------+----------+----------+----------+
; From Clock ; To Clock                                                      ; RR Paths ; FR Paths ; RF Paths ; FF Paths ;
+------------+---------------------------------------------------------------+----------+----------+----------+----------+
; CLOCK_50   ; uart_controller:uart_ctrl_inst|baud_rate_gen:brg_inst|ov_tick ; 9        ; 0        ; 0        ; 0        ;
+------------+---------------------------------------------------------------+----------+----------+----------+----------+
Entries labeled "false path" only account for clock-to-clock false paths and not path-based false paths. As a result, actual path counts may be lower than reported.


---------------
; Report TCCS ;
---------------
No dedicated SERDES Transmitter circuitry present in device or used in design


---------------
; Report RSKM ;
---------------
No dedicated SERDES Receiver circuitry present in device or used in design


+------------------------------------------------+
; Unconstrained Paths                            ;
+---------------------------------+-------+------+
; Property                        ; Setup ; Hold ;
+---------------------------------+-------+------+
; Illegal Clocks                  ; 0     ; 0    ;
; Unconstrained Clocks            ; 0     ; 0    ;
; Unconstrained Input Ports       ; 2     ; 2    ;
; Unconstrained Input Port Paths  ; 159   ; 159  ;
; Unconstrained Output Ports      ; 79    ; 79   ;
; Unconstrained Output Port Paths ; 217   ; 217  ;
+---------------------------------+-------+------+


+------------------------------------+
; TimeQuest Timing Analyzer Messages ;
+------------------------------------+
Info: *******************************************************************
Info: Running Quartus II 64-Bit TimeQuest Timing Analyzer
    Info: Version 13.0.1 Build 232 06/12/2013 Service Pack 1 SJ Web Edition
    Info: Processing started: Fri May 22 09:41:25 2026
Info: Command: quartus_sta UART_SRAM -c UART_SRAM
Info: qsta_default_script.tcl version: #1
Warning (20028): Parallel compilation is not licensed and has been disabled
Info (21077): Low junction temperature is 0 degrees C
Info (21077): High junction temperature is 85 degrees C
Critical Warning (332012): Synopsys Design Constraints File file not found: 'UART_SRAM.sdc'. A Synopsys Design Constraints File is required by the TimeQuest Timing Analyzer to get proper timing constraints. Without it, the Compiler will not properly optimize the design.
Info (332142): No user constrained base clocks found in the design. Calling "derive_clocks -period 1.0"
Info (332105): Deriving Clocks
    Info (332105): create_clock -period 1.000 -name CLOCK_50 CLOCK_50
    Info (332105): create_clock -period 1.000 -name uart_controller:uart_ctrl_inst|baud_rate_gen:brg_inst|uart_tick uart_controller:uart_ctrl_inst|baud_rate_gen:brg_inst|uart_tick
    Info (332105): create_clock -period 1.000 -name uart_controller:uart_ctrl_inst|baud_rate_gen:brg_inst|ov_tick uart_controller:uart_ctrl_inst|baud_rate_gen:brg_inst|ov_tick
Info: Found TIMEQUEST_REPORT_SCRIPT_INCLUDE_DEFAULT_ANALYSIS = ON
Info: Analyzing Slow Model
Critical Warning (332148): Timing requirements not met
Info (332146): Worst-case setup slack is -4.154
    Info (332119):     Slack End Point TNS Clock 
    Info (332119): ========= ============= =====================
    Info (332119):    -4.154      -421.167 CLOCK_50 
    Info (332119):    -2.155       -60.806 uart_controller:uart_ctrl_inst|baud_rate_gen:brg_inst|ov_tick 
    Info (332119):    -1.151       -10.276 uart_controller:uart_ctrl_inst|baud_rate_gen:brg_inst|uart_tick 
Info (332146): Worst-case hold slack is 0.278
    Info (332119):     Slack End Point TNS Clock 
    Info (332119): ========= ============= =====================
    Info (332119):     0.278         0.000 CLOCK_50 
    Info (332119):     0.391         0.000 uart_controller:uart_ctrl_inst|baud_rate_gen:brg_inst|ov_tick 
    Info (332119):     0.391         0.000 uart_controller:uart_ctrl_inst|baud_rate_gen:brg_inst|uart_tick 
Info (332146): Worst-case recovery slack is -1.224
    Info (332119):     Slack End Point TNS Clock 
    Info (332119): ========= ============= =====================
    Info (332119):    -1.224       -11.016 uart_controller:uart_ctrl_inst|baud_rate_gen:brg_inst|ov_tick 
Info (332146): Worst-case removal slack is 1.994
    Info (332119):     Slack End Point TNS Clock 
    Info (332119): ========= ============= =====================
    Info (332119):     1.994         0.000 uart_controller:uart_ctrl_inst|baud_rate_gen:brg_inst|ov_tick 
Info (332146): Worst-case minimum pulse width slack is -1.627
    Info (332119):     Slack End Point TNS Clock 
    Info (332119): ========= ============= =====================
    Info (332119):    -1.627      -305.762 CLOCK_50 
    Info (332119):    -0.500       -38.000 uart_controller:uart_ctrl_inst|baud_rate_gen:brg_inst|ov_tick 
    Info (332119):    -0.500       -14.000 uart_controller:uart_ctrl_inst|baud_rate_gen:brg_inst|uart_tick 
Info (332001): The selected device family is not supported by the report_metastability command.
Info: Analyzing Fast Model
Critical Warning (332148): Timing requirements not met
Info (332146): Worst-case setup slack is -1.918
    Info (332119):     Slack End Point TNS Clock 
    Info (332119): ========= ============= =====================
    Info (332119):    -1.918      -108.048 CLOCK_50 
    Info (332119):    -0.485       -10.904 uart_controller:uart_ctrl_inst|baud_rate_gen:brg_inst|ov_tick 
    Info (332119):    -0.006        -0.019 uart_controller:uart_ctrl_inst|baud_rate_gen:brg_inst|uart_tick 
Info (332146): Worst-case hold slack is 0.058
    Info (332119):     Slack End Point TNS Clock 
    Info (332119): ========= ============= =====================
    Info (332119):     0.058         0.000 CLOCK_50 
    Info (332119):     0.215         0.000 uart_controller:uart_ctrl_inst|baud_rate_gen:brg_inst|ov_tick 
    Info (332119):     0.215         0.000 uart_controller:uart_ctrl_inst|baud_rate_gen:brg_inst|uart_tick 
Info (332146): Worst-case recovery slack is -0.226
    Info (332119):     Slack End Point TNS Clock 
    Info (332119): ========= ============= =====================
    Info (332119):    -0.226        -2.034 uart_controller:uart_ctrl_inst|baud_rate_gen:brg_inst|ov_tick 
Info (332146): Worst-case removal slack is 1.106
    Info (332119):     Slack End Point TNS Clock 
    Info (332119): ========= ============= =====================
    Info (332119):     1.106         0.000 uart_controller:uart_ctrl_inst|baud_rate_gen:brg_inst|ov_tick 
Info (332146): Worst-case minimum pulse width slack is -1.627
    Info (332119):     Slack End Point TNS Clock 
    Info (332119): ========= ============= =====================
    Info (332119):    -1.627      -305.762 CLOCK_50 
    Info (332119):    -0.500       -38.000 uart_controller:uart_ctrl_inst|baud_rate_gen:brg_inst|ov_tick 
    Info (332119):    -0.500       -14.000 uart_controller:uart_ctrl_inst|baud_rate_gen:brg_inst|uart_tick 
Info (332001): The selected device family is not supported by the report_metastability command.
Info (332102): Design is not fully constrained for setup requirements
Info (332102): Design is not fully constrained for hold requirements
Info: Quartus II 64-Bit TimeQuest Timing Analyzer was successful. 0 errors, 4 warnings
    Info: Peak virtual memory: 4558 megabytes
    Info: Processing ended: Fri May 22 09:41:27 2026
    Info: Elapsed time: 00:00:02
    Info: Total CPU time (on all processors): 00:00:01


